split,block,map,eye,contrast_rgb,speed_cycles_per_s,group,n_seeds,mean_right_minus_left_spikes_per_50_ticks,positive_seeds
discovery,main,direct_only,L,40,1,L1_L,4,1.25,3
discovery,main,direct_only,L,40,1,Mi1_L,4,4.0,2
discovery,main,direct_only,L,40,1,Tm3_L,4,1.25,1
discovery,main,direct_only,L,40,1,T4a_L,4,-4.25,1
discovery,main,direct_only,L,40,1,T4b_L,4,6.0,1
discovery,main,direct_only,L,40,1,T4c_L,4,-3.25,1
discovery,main,direct_only,L,40,1,T4d_L,4,-2.5,1
discovery,main,direct_only,L,40,1,T5a_L,4,-4.0,3
discovery,main,direct_only,L,40,1,T5b_L,4,3.25,3
discovery,main,direct_only,L,40,1,T5c_L,4,0.25,3
discovery,main,direct_only,L,40,1,T5d_L,4,-0.25,3
discovery,main,direct_only,L,40,1,DNa02_L,4,0.0,0
discovery,main,direct_only,L,40,1,L1_R,4,-2.75,1
discovery,main,direct_only,L,40,1,Mi1_R,4,-1.25,1
discovery,main,direct_only,L,40,1,Tm3_R,4,-8.25,2
discovery,main,direct_only,L,40,1,T4a_R,4,-27.75,1
discovery,main,direct_only,L,40,1,T4b_R,4,-17.75,2
discovery,main,direct_only,L,40,1,T4c_R,4,-15.0,1
discovery,main,direct_only,L,40,1,T4d_R,4,-13.0,1
discovery,main,direct_only,L,40,1,T5a_R,4,-23.0,2
discovery,main,direct_only,L,40,1,T5b_R,4,-39.75,2
discovery,main,direct_only,L,40,1,T5c_R,4,-24.0,3
discovery,main,direct_only,L,40,1,T5d_R,4,-34.5,2
discovery,main,direct_only,L,40,1,DNa02_R,4,0.0,0
discovery,main,direct_only,L,40,2,L1_L,4,4.25,2
discovery,main,direct_only,L,40,2,Mi1_L,4,6.5,3
discovery,main,direct_only,L,40,2,Tm3_L,4,16.75,3
discovery,main,direct_only,L,40,2,T4a_L,4,28.0,3
discovery,main,direct_only,L,40,2,T4b_L,4,25.0,3
discovery,main,direct_only,L,40,2,T4c_L,4,28.5,3
discovery,main,direct_only,L,40,2,T4d_L,4,27.25,3
discovery,main,direct_only,L,40,2,T5a_L,4,16.5,3
discovery,main,direct_only,L,40,2,T5b_L,4,48.75,2
discovery,main,direct_only,L,40,2,T5c_L,4,26.5,2
discovery,main,direct_only,L,40,2,T5d_L,4,27.75,2
discovery,main,direct_only,L,40,2,DNa02_L,4,0.0,0
discovery,main,direct_only,L,40,2,L1_R,4,4.5,2
discovery,main,direct_only,L,40,2,Mi1_R,4,1.25,2
discovery,main,direct_only,L,40,2,Tm3_R,4,6.25,3
discovery,main,direct_only,L,40,2,T4a_R,4,-21.0,1
discovery,main,direct_only,L,40,2,T4b_R,4,-31.0,1
discovery,main,direct_only,L,40,2,T4c_R,4,-10.5,2
discovery,main,direct_only,L,40,2,T4d_R,4,-3.25,2
discovery,main,direct_only,L,40,2,T5a_R,4,-20.5,2
discovery,main,direct_only,L,40,2,T5b_R,4,-40.25,2
discovery,main,direct_only,L,40,2,T5c_R,4,-26.75,3
discovery,main,direct_only,L,40,2,T5d_R,4,-32.25,1
discovery,main,direct_only,L,40,2,DNa02_R,4,0.25,1
discovery,main,direct_only,L,40,4,L1_L,4,4.75,1
discovery,main,direct_only,L,40,4,Mi1_L,4,2.5,2
discovery,main,direct_only,L,40,4,Tm3_L,4,10.25,4
discovery,main,direct_only,L,40,4,T4a_L,4,3.25,3
discovery,main,direct_only,L,40,4,T4b_L,4,3.5,2
discovery,main,direct_only,L,40,4,T4c_L,4,-10.5,1
discovery,main,direct_only,L,40,4,T4d_L,4,-4.25,2
discovery,main,direct_only,L,40,4,T5a_L,4,-6.0,2
discovery,main,direct_only,L,40,4,T5b_L,4,0.0,2
discovery,main,direct_only,L,40,4,T5c_L,4,-6.5,1
discovery,main,direct_only,L,40,4,T5d_L,4,-6.0,2
discovery,main,direct_only,L,40,4,DNa02_L,4,0.0,0
discovery,main,direct_only,L,40,4,L1_R,4,3.5,3
discovery,main,direct_only,L,40,4,Mi1_R,4,0.25,3
discovery,main,direct_only,L,40,4,Tm3_R,4,12.25,3
discovery,main,direct_only,L,40,4,T4a_R,4,9.5,3
discovery,main,direct_only,L,40,4,T4b_R,4,4.75,2
discovery,main,direct_only,L,40,4,T4c_R,4,11.0,3
discovery,main,direct_only,L,40,4,T4d_R,4,8.0,3
discovery,main,direct_only,L,40,4,T5a_R,4,8.25,2
discovery,main,direct_only,L,40,4,T5b_R,4,7.75,2
discovery,main,direct_only,L,40,4,T5c_R,4,5.25,2
discovery,main,direct_only,L,40,4,T5d_R,4,15.75,3
discovery,main,direct_only,L,40,4,DNa02_R,4,0.0,0
discovery,main,direct_only,L,95,1,L1_L,4,-1.5,1
discovery,main,direct_only,L,95,1,Mi1_L,4,1.25,1
discovery,main,direct_only,L,95,1,Tm3_L,4,-5.0,1
discovery,main,direct_only,L,95,1,T4a_L,4,-9.75,2
discovery,main,direct_only,L,95,1,T4b_L,4,-17.25,0
discovery,main,direct_only,L,95,1,T4c_L,4,-19.5,0
discovery,main,direct_only,L,95,1,T4d_L,4,-3.5,1
discovery,main,direct_only,L,95,1,T5a_L,4,-11.0,3
discovery,main,direct_only,L,95,1,T5b_L,4,-37.5,1
discovery,main,direct_only,L,95,1,T5c_L,4,-18.75,1
discovery,main,direct_only,L,95,1,T5d_L,4,-13.25,2
discovery,main,direct_only,L,95,1,DNa02_L,4,0.0,0
discovery,main,direct_only,L,95,1,L1_R,4,3.5,3
discovery,main,direct_only,L,95,1,Mi1_R,4,-4.0,2
discovery,main,direct_only,L,95,1,Tm3_R,4,-11.75,1
discovery,main,direct_only,L,95,1,T4a_R,4,-9.5,2
discovery,main,direct_only,L,95,1,T4b_R,4,-2.75,1
discovery,main,direct_only,L,95,1,T4c_R,4,-11.0,1
discovery,main,direct_only,L,95,1,T4d_R,4,-11.5,2
discovery,main,direct_only,L,95,1,T5a_R,4,2.25,2
discovery,main,direct_only,L,95,1,T5b_R,4,3.25,2
discovery,main,direct_only,L,95,1,T5c_R,4,-0.75,1
discovery,main,direct_only,L,95,1,T5d_R,4,6.0,2
discovery,main,direct_only,L,95,1,DNa02_R,4,0.0,0
discovery,main,direct_only,L,95,2,L1_L,4,4.0,2
discovery,main,direct_only,L,95,2,Mi1_L,4,0.0,3
discovery,main,direct_only,L,95,2,Tm3_L,4,11.5,3
discovery,main,direct_only,L,95,2,T4a_L,4,1.5,2
discovery,main,direct_only,L,95,2,T4b_L,4,-5.0,1
discovery,main,direct_only,L,95,2,T4c_L,4,4.5,3
discovery,main,direct_only,L,95,2,T4d_L,4,-17.0,1
discovery,main,direct_only,L,95,2,T5a_L,4,-4.0,1
discovery,main,direct_only,L,95,2,T5b_L,4,-4.75,0
discovery,main,direct_only,L,95,2,T5c_L,4,-8.25,1
discovery,main,direct_only,L,95,2,T5d_L,4,-9.0,1
discovery,main,direct_only,L,95,2,DNa02_L,4,0.25,1
discovery,main,direct_only,L,95,2,L1_R,4,0.5,1
discovery,main,direct_only,L,95,2,Mi1_R,4,2.75,2
discovery,main,direct_only,L,95,2,Tm3_R,4,5.75,2
discovery,main,direct_only,L,95,2,T4a_R,4,8.5,3
discovery,main,direct_only,L,95,2,T4b_R,4,-9.25,2
discovery,main,direct_only,L,95,2,T4c_R,4,13.25,2
discovery,main,direct_only,L,95,2,T4d_R,4,7.25,3
discovery,main,direct_only,L,95,2,T5a_R,4,-4.5,1
discovery,main,direct_only,L,95,2,T5b_R,4,-4.5,2
discovery,main,direct_only,L,95,2,T5c_R,4,-15.0,1
discovery,main,direct_only,L,95,2,T5d_R,4,-9.75,1
discovery,main,direct_only,L,95,2,DNa02_R,4,-0.25,0
discovery,main,direct_only,L,95,4,L1_L,4,8.5,4
discovery,main,direct_only,L,95,4,Mi1_L,4,-0.75,2
discovery,main,direct_only,L,95,4,Tm3_L,4,-1.0,2
discovery,main,direct_only,L,95,4,T4a_L,4,8.25,4
discovery,main,direct_only,L,95,4,T4b_L,4,11.25,4
discovery,main,direct_only,L,95,4,T4c_L,4,-0.75,3
discovery,main,direct_only,L,95,4,T4d_L,4,2.5,2
discovery,main,direct_only,L,95,4,T5a_L,4,9.25,2
discovery,main,direct_only,L,95,4,T5b_L,4,22.0,3
discovery,main,direct_only,L,95,4,T5c_L,4,20.25,2
discovery,main,direct_only,L,95,4,T5d_L,4,11.5,4
discovery,main,direct_only,L,95,4,DNa02_L,4,-0.25,0
discovery,main,direct_only,L,95,4,L1_R,4,-3.0,2
discovery,main,direct_only,L,95,4,Mi1_R,4,-2.0,2
discovery,main,direct_only,L,95,4,Tm3_R,4,-13.75,1
discovery,main,direct_only,L,95,4,T4a_R,4,-10.5,2
discovery,main,direct_only,L,95,4,T4b_R,4,-4.5,2
discovery,main,direct_only,L,95,4,T4c_R,4,-17.0,0
discovery,main,direct_only,L,95,4,T4d_R,4,-2.75,2
discovery,main,direct_only,L,95,4,T5a_R,4,-27.25,1
discovery,main,direct_only,L,95,4,T5b_R,4,1.25,2
discovery,main,direct_only,L,95,4,T5c_R,4,-9.5,2
discovery,main,direct_only,L,95,4,T5d_R,4,-19.0,1
discovery,main,direct_only,L,95,4,DNa02_R,4,0.0,0
discovery,main,direct_only,R,40,1,L1_L,4,8.5,4
discovery,main,direct_only,R,40,1,Mi1_L,4,6.5,4
discovery,main,direct_only,R,40,1,Tm3_L,4,8.5,3
discovery,main,direct_only,R,40,1,T4a_L,4,7.75,2
discovery,main,direct_only,R,40,1,T4b_L,4,9.75,4
discovery,main,direct_only,R,40,1,T4c_L,4,8.75,3
discovery,main,direct_only,R,40,1,T4d_L,4,16.75,4
discovery,main,direct_only,R,40,1,T5a_L,4,-7.0,2
discovery,main,direct_only,R,40,1,T5b_L,4,-7.0,1
discovery,main,direct_only,R,40,1,T5c_L,4,-1.25,1
discovery,main,direct_only,R,40,1,T5d_L,4,-7.5,1
discovery,main,direct_only,R,40,1,DNa02_L,4,-0.25,0
discovery,main,direct_only,R,40,1,L1_R,4,9.0,3
discovery,main,direct_only,R,40,1,Mi1_R,4,10.75,3
discovery,main,direct_only,R,40,1,Tm3_R,4,31.75,3
discovery,main,direct_only,R,40,1,T4a_R,4,5.25,3
discovery,main,direct_only,R,40,1,T4b_R,4,-3.0,3
discovery,main,direct_only,R,40,1,T4c_R,4,-1.5,3
discovery,main,direct_only,R,40,1,T4d_R,4,9.75,3
discovery,main,direct_only,R,40,1,T5a_R,4,-10.75,2
discovery,main,direct_only,R,40,1,T5b_R,4,-29.5,1
discovery,main,direct_only,R,40,1,T5c_R,4,-26.5,1
discovery,main,direct_only,R,40,1,T5d_R,4,-31.0,1
discovery,main,direct_only,R,40,1,DNa02_R,4,0.0,0
discovery,main,direct_only,R,40,2,L1_L,4,-2.25,1
discovery,main,direct_only,R,40,2,Mi1_L,4,1.75,2
discovery,main,direct_only,R,40,2,Tm3_L,4,-3.0,2
discovery,main,direct_only,R,40,2,T4a_L,4,14.25,2
discovery,main,direct_only,R,40,2,T4b_L,4,13.25,2
discovery,main,direct_only,R,40,2,T4c_L,4,19.5,2
discovery,main,direct_only,R,40,2,T4d_L,4,5.0,2
discovery,main,direct_only,R,40,2,T5a_L,4,-7.5,1
discovery,main,direct_only,R,40,2,T5b_L,4,-0.25,3
discovery,main,direct_only,R,40,2,T5c_L,4,-1.5,1
discovery,main,direct_only,R,40,2,T5d_L,4,-2.75,1
discovery,main,direct_only,R,40,2,DNa02_L,4,0.25,1
discovery,main,direct_only,R,40,2,L1_R,4,1.5,1
discovery,main,direct_only,R,40,2,Mi1_R,4,8.0,4
discovery,main,direct_only,R,40,2,Tm3_R,4,18.25,3
discovery,main,direct_only,R,40,2,T4a_R,4,9.25,2
discovery,main,direct_only,R,40,2,T4b_R,4,0.0,1
discovery,main,direct_only,R,40,2,T4c_R,4,3.75,1
discovery,main,direct_only,R,40,2,T4d_R,4,21.0,3
discovery,main,direct_only,R,40,2,T5a_R,4,-0.5,1
discovery,main,direct_only,R,40,2,T5b_R,4,-26.5,2
discovery,main,direct_only,R,40,2,T5c_R,4,-6.0,2
discovery,main,direct_only,R,40,2,T5d_R,4,-34.0,1
discovery,main,direct_only,R,40,2,DNa02_R,4,0.0,0
discovery,main,direct_only,R,40,4,L1_L,4,4.0,2
discovery,main,direct_only,R,40,4,Mi1_L,4,11.0,2
discovery,main,direct_only,R,40,4,Tm3_L,4,26.5,3
discovery,main,direct_only,R,40,4,T4a_L,4,38.75,4
discovery,main,direct_only,R,40,4,T4b_L,4,28.75,3
discovery,main,direct_only,R,40,4,T4c_L,4,21.25,2
discovery,main,direct_only,R,40,4,T4d_L,4,27.5,4
discovery,main,direct_only,R,40,4,T5a_L,4,6.25,4
discovery,main,direct_only,R,40,4,T5b_L,4,3.25,2
discovery,main,direct_only,R,40,4,T5c_L,4,-6.25,1
discovery,main,direct_only,R,40,4,T5d_L,4,8.0,3
discovery,main,direct_only,R,40,4,DNa02_L,4,0.0,0
discovery,main,direct_only,R,40,4,L1_R,4,3.25,2
discovery,main,direct_only,R,40,4,Mi1_R,4,0.75,2
discovery,main,direct_only,R,40,4,Tm3_R,4,14.5,2
discovery,main,direct_only,R,40,4,T4a_R,4,-14.5,0
discovery,main,direct_only,R,40,4,T4b_R,4,-14.75,0
discovery,main,direct_only,R,40,4,T4c_R,4,-17.5,0
discovery,main,direct_only,R,40,4,T4d_R,4,-8.25,1
discovery,main,direct_only,R,40,4,T5a_R,4,-39.25,1
discovery,main,direct_only,R,40,4,T5b_R,4,-51.5,0
discovery,main,direct_only,R,40,4,T5c_R,4,-40.0,1
discovery,main,direct_only,R,40,4,T5d_R,4,-52.5,1
discovery,main,direct_only,R,40,4,DNa02_R,4,0.0,0
discovery,main,direct_only,R,95,1,L1_L,4,3.25,3
discovery,main,direct_only,R,95,1,Mi1_L,4,0.5,1
discovery,main,direct_only,R,95,1,Tm3_L,4,8.5,3
discovery,main,direct_only,R,95,1,T4a_L,4,-14.75,1
discovery,main,direct_only,R,95,1,T4b_L,4,-0.5,3
discovery,main,direct_only,R,95,1,T4c_L,4,-5.0,1
discovery,main,direct_only,R,95,1,T4d_L,4,6.5,3
discovery,main,direct_only,R,95,1,T5a_L,4,-31.75,0
discovery,main,direct_only,R,95,1,T5b_L,4,4.25,2
discovery,main,direct_only,R,95,1,T5c_L,4,-14.0,0
discovery,main,direct_only,R,95,1,T5d_L,4,-25.5,1
discovery,main,direct_only,R,95,1,DNa02_L,4,0.25,1
discovery,main,direct_only,R,95,1,L1_R,4,0.0,1
discovery,main,direct_only,R,95,1,Mi1_R,4,1.25,1
discovery,main,direct_only,R,95,1,Tm3_R,4,6.5,2
discovery,main,direct_only,R,95,1,T4a_R,4,9.75,2
discovery,main,direct_only,R,95,1,T4b_R,4,-12.5,1
discovery,main,direct_only,R,95,1,T4c_R,4,-6.0,2
discovery,main,direct_only,R,95,1,T4d_R,4,-3.75,2
discovery,main,direct_only,R,95,1,T5a_R,4,1.5,3
discovery,main,direct_only,R,95,1,T5b_R,4,12.5,3
discovery,main,direct_only,R,95,1,T5c_R,4,-12.5,2
discovery,main,direct_only,R,95,1,T5d_R,4,7.75,2
discovery,main,direct_only,R,95,1,DNa02_R,4,0.0,0
discovery,main,direct_only,R,95,2,L1_L,4,10.25,3
discovery,main,direct_only,R,95,2,Mi1_L,4,12.25,3
discovery,main,direct_only,R,95,2,Tm3_L,4,17.25,2
discovery,main,direct_only,R,95,2,T4a_L,4,11.75,2
discovery,main,direct_only,R,95,2,T4b_L,4,23.75,3
discovery,main,direct_only,R,95,2,T4c_L,4,16.25,2
discovery,main,direct_only,R,95,2,T4d_L,4,19.25,3
discovery,main,direct_only,R,95,2,T5a_L,4,-6.0,1
discovery,main,direct_only,R,95,2,T5b_L,4,26.5,4
discovery,main,direct_only,R,95,2,T5c_L,4,12.0,3
discovery,main,direct_only,R,95,2,T5d_L,4,11.25,3
discovery,main,direct_only,R,95,2,DNa02_L,4,0.25,1
discovery,main,direct_only,R,95,2,L1_R,4,-9.5,1
discovery,main,direct_only,R,95,2,Mi1_R,4,-7.5,1
discovery,main,direct_only,R,95,2,Tm3_R,4,2.5,2
discovery,main,direct_only,R,95,2,T4a_R,4,-19.25,1
discovery,main,direct_only,R,95,2,T4b_R,4,-14.5,1
discovery,main,direct_only,R,95,2,T4c_R,4,-35.5,0
discovery,main,direct_only,R,95,2,T4d_R,4,-21.0,1
discovery,main,direct_only,R,95,2,T5a_R,4,-52.25,1
discovery,main,direct_only,R,95,2,T5b_R,4,-53.5,1
discovery,main,direct_only,R,95,2,T5c_R,4,-34.0,2
discovery,main,direct_only,R,95,2,T5d_R,4,-58.25,1
discovery,main,direct_only,R,95,2,DNa02_R,4,0.0,0
discovery,main,direct_only,R,95,4,L1_L,4,-7.75,0
discovery,main,direct_only,R,95,4,Mi1_L,4,5.0,4
discovery,main,direct_only,R,95,4,Tm3_L,4,8.75,4
discovery,main,direct_only,R,95,4,T4a_L,4,15.5,3
discovery,main,direct_only,R,95,4,T4b_L,4,12.0,3
discovery,main,direct_only,R,95,4,T4c_L,4,15.5,4
discovery,main,direct_only,R,95,4,T4d_L,4,11.5,3
discovery,main,direct_only,R,95,4,T5a_L,4,5.0,3
discovery,main,direct_only,R,95,4,T5b_L,4,2.25,3
discovery,main,direct_only,R,95,4,T5c_L,4,8.5,3
discovery,main,direct_only,R,95,4,T5d_L,4,6.5,3
discovery,main,direct_only,R,95,4,DNa02_L,4,0.0,0
discovery,main,direct_only,R,95,4,L1_R,4,-7.5,1
discovery,main,direct_only,R,95,4,Mi1_R,4,-2.0,2
discovery,main,direct_only,R,95,4,Tm3_R,4,-8.0,2
discovery,main,direct_only,R,95,4,T4a_R,4,2.0,2
discovery,main,direct_only,R,95,4,T4b_R,4,2.0,2
discovery,main,direct_only,R,95,4,T4c_R,4,-6.5,1
discovery,main,direct_only,R,95,4,T4d_R,4,-2.75,1
discovery,main,direct_only,R,95,4,T5a_R,4,3.75,2
discovery,main,direct_only,R,95,4,T5b_R,4,-5.0,2
discovery,main,direct_only,R,95,4,T5c_R,4,-3.75,2
discovery,main,direct_only,R,95,4,T5d_R,4,-4.5,2
discovery,main,direct_only,R,95,4,DNa02_R,4,0.0,0
discovery,main,original,L,40,1,L1_L,4,-7.0,1
discovery,main,original,L,40,1,Mi1_L,4,-1.0,1
discovery,main,original,L,40,1,Tm3_L,4,-14.0,2
discovery,main,original,L,40,1,T4a_L,4,0.5,2
discovery,main,original,L,40,1,T4b_L,4,-4.75,1
discovery,main,original,L,40,1,T4c_L,4,6.0,2
discovery,main,original,L,40,1,T4d_L,4,-8.5,1
discovery,main,original,L,40,1,T5a_L,4,15.25,3
discovery,main,original,L,40,1,T5b_L,4,30.5,4
discovery,main,original,L,40,1,T5c_L,4,16.25,2
discovery,main,original,L,40,1,T5d_L,4,24.75,3
discovery,main,original,L,40,1,DNa02_L,4,0.0,0
discovery,main,original,L,40,1,L1_R,4,-4.0,2
discovery,main,original,L,40,1,Mi1_R,4,-10.75,1
discovery,main,original,L,40,1,Tm3_R,4,-25.75,1
discovery,main,original,L,40,1,T4a_R,4,-18.5,2
discovery,main,original,L,40,1,T4b_R,4,-6.75,2
discovery,main,original,L,40,1,T4c_R,4,-14.5,1
discovery,main,original,L,40,1,T4d_R,4,-12.5,2
discovery,main,original,L,40,1,T5a_R,4,-7.25,1
discovery,main,original,L,40,1,T5b_R,4,-9.0,1
discovery,main,original,L,40,1,T5c_R,4,-3.75,2
discovery,main,original,L,40,1,T5d_R,4,-18.0,0
discovery,main,original,L,40,1,DNa02_R,4,0.0,0
discovery,main,original,L,40,2,L1_L,4,5.75,4
discovery,main,original,L,40,2,Mi1_L,4,1.5,3
discovery,main,original,L,40,2,Tm3_L,4,-0.25,3
discovery,main,original,L,40,2,T4a_L,4,-2.25,2
discovery,main,original,L,40,2,T4b_L,4,-2.0,1
discovery,main,original,L,40,2,T4c_L,4,7.25,2
discovery,main,original,L,40,2,T4d_L,4,4.75,2
discovery,main,original,L,40,2,T5a_L,4,7.0,3
discovery,main,original,L,40,2,T5b_L,4,8.5,3
discovery,main,original,L,40,2,T5c_L,4,6.0,2
discovery,main,original,L,40,2,T5d_L,4,17.0,4
discovery,main,original,L,40,2,DNa02_L,4,0.25,1
discovery,main,original,L,40,2,L1_R,4,3.5,3
discovery,main,original,L,40,2,Mi1_R,4,1.75,1
discovery,main,original,L,40,2,Tm3_R,4,9.75,2
discovery,main,original,L,40,2,T4a_R,4,-13.75,1
discovery,main,original,L,40,2,T4b_R,4,-17.25,1
discovery,main,original,L,40,2,T4c_R,4,-21.5,1
discovery,main,original,L,40,2,T4d_R,4,-10.0,1
discovery,main,original,L,40,2,T5a_R,4,-19.25,2
discovery,main,original,L,40,2,T5b_R,4,-30.25,3
discovery,main,original,L,40,2,T5c_R,4,-30.0,2
discovery,main,original,L,40,2,T5d_R,4,-23.0,2
discovery,main,original,L,40,2,DNa02_R,4,0.0,0
discovery,main,original,L,40,4,L1_L,4,1.75,2
discovery,main,original,L,40,4,Mi1_L,4,5.25,2
discovery,main,original,L,40,4,Tm3_L,4,9.5,2
discovery,main,original,L,40,4,T4a_L,4,16.0,3
discovery,main,original,L,40,4,T4b_L,4,20.5,3
discovery,main,original,L,40,4,T4c_L,4,4.75,2
discovery,main,original,L,40,4,T4d_L,4,15.0,3
discovery,main,original,L,40,4,T5a_L,4,12.75,2
discovery,main,original,L,40,4,T5b_L,4,31.75,2
discovery,main,original,L,40,4,T5c_L,4,13.25,2
discovery,main,original,L,40,4,T5d_L,4,2.5,2
discovery,main,original,L,40,4,DNa02_L,4,0.0,0
discovery,main,original,L,40,4,L1_R,4,-6.5,0
discovery,main,original,L,40,4,Mi1_R,4,-5.5,0
discovery,main,original,L,40,4,Tm3_R,4,-14.25,1
discovery,main,original,L,40,4,T4a_R,4,-4.5,1
discovery,main,original,L,40,4,T4b_R,4,-11.75,1
discovery,main,original,L,40,4,T4c_R,4,3.25,2
discovery,main,original,L,40,4,T4d_R,4,4.25,2
discovery,main,original,L,40,4,T5a_R,4,-2.75,2
discovery,main,original,L,40,4,T5b_R,4,-0.5,1
discovery,main,original,L,40,4,T5c_R,4,4.25,2
discovery,main,original,L,40,4,T5d_R,4,8.25,2
discovery,main,original,L,40,4,DNa02_R,4,0.25,1
discovery,main,original,L,95,1,L1_L,4,-1.75,3
discovery,main,original,L,95,1,Mi1_L,4,1.25,2
discovery,main,original,L,95,1,Tm3_L,4,4.0,2
discovery,main,original,L,95,1,T4a_L,4,-2.0,2
discovery,main,original,L,95,1,T4b_L,4,-9.5,1
discovery,main,original,L,95,1,T4c_L,4,-17.25,0
discovery,main,original,L,95,1,T4d_L,4,-5.75,0
discovery,main,original,L,95,1,T5a_L,4,-21.5,0
discovery,main,original,L,95,1,T5b_L,4,-34.0,1
discovery,main,original,L,95,1,T5c_L,4,-24.75,1
discovery,main,original,L,95,1,T5d_L,4,-26.25,0
discovery,main,original,L,95,1,DNa02_L,4,0.25,1
discovery,main,original,L,95,1,L1_R,4,-6.75,1
discovery,main,original,L,95,1,Mi1_R,4,-8.5,2
discovery,main,original,L,95,1,Tm3_R,4,-23.25,2
discovery,main,original,L,95,1,T4a_R,4,3.75,2
discovery,main,original,L,95,1,T4b_R,4,1.0,3
discovery,main,original,L,95,1,T4c_R,4,7.75,3
discovery,main,original,L,95,1,T4d_R,4,13.0,3
discovery,main,original,L,95,1,T5a_R,4,15.25,1
discovery,main,original,L,95,1,T5b_R,4,17.5,3
discovery,main,original,L,95,1,T5c_R,4,20.75,2
discovery,main,original,L,95,1,T5d_R,4,23.5,2
discovery,main,original,L,95,1,DNa02_R,4,-0.25,0
discovery,main,original,L,95,2,L1_L,4,0.75,1
discovery,main,original,L,95,2,Mi1_L,4,-1.75,1
discovery,main,original,L,95,2,Tm3_L,4,5.25,3
discovery,main,original,L,95,2,T4a_L,4,-4.25,2
discovery,main,original,L,95,2,T4b_L,4,-14.75,1
discovery,main,original,L,95,2,T4c_L,4,-12.0,2
discovery,main,original,L,95,2,T4d_L,4,-12.75,1
discovery,main,original,L,95,2,T5a_L,4,-1.0,3
discovery,main,original,L,95,2,T5b_L,4,-20.0,3
discovery,main,original,L,95,2,T5c_L,4,-3.75,3
discovery,main,original,L,95,2,T5d_L,4,-8.75,2
discovery,main,original,L,95,2,DNa02_L,4,0.0,0
discovery,main,original,L,95,2,L1_R,4,0.25,2
discovery,main,original,L,95,2,Mi1_R,4,-0.25,2
discovery,main,original,L,95,2,Tm3_R,4,-7.25,2
discovery,main,original,L,95,2,T4a_R,4,14.0,4
discovery,main,original,L,95,2,T4b_R,4,11.25,2
discovery,main,original,L,95,2,T4c_R,4,10.75,4
discovery,main,original,L,95,2,T4d_R,4,8.25,3
discovery,main,original,L,95,2,T5a_R,4,21.0,3
discovery,main,original,L,95,2,T5b_R,4,21.0,2
discovery,main,original,L,95,2,T5c_R,4,28.5,3
discovery,main,original,L,95,2,T5d_R,4,12.5,2
discovery,main,original,L,95,2,DNa02_R,4,-0.25,0
discovery,main,original,L,95,4,L1_L,4,4.5,3
discovery,main,original,L,95,4,Mi1_L,4,2.0,3
discovery,main,original,L,95,4,Tm3_L,4,11.75,3
discovery,main,original,L,95,4,T4a_L,4,-5.25,1
discovery,main,original,L,95,4,T4b_L,4,-0.25,3
discovery,main,original,L,95,4,T4c_L,4,-5.5,1
discovery,main,original,L,95,4,T4d_L,4,6.25,2
discovery,main,original,L,95,4,T5a_L,4,-21.75,1
discovery,main,original,L,95,4,T5b_L,4,-26.25,1
discovery,main,original,L,95,4,T5c_L,4,-26.0,1
discovery,main,original,L,95,4,T5d_L,4,-15.0,1
discovery,main,original,L,95,4,DNa02_L,4,0.0,0
discovery,main,original,L,95,4,L1_R,4,-6.5,0
discovery,main,original,L,95,4,Mi1_R,4,3.5,2
discovery,main,original,L,95,4,Tm3_R,4,2.5,2
discovery,main,original,L,95,4,T4a_R,4,9.5,3
discovery,main,original,L,95,4,T4b_R,4,7.25,2
discovery,main,original,L,95,4,T4c_R,4,6.25,3
discovery,main,original,L,95,4,T4d_R,4,11.5,3
discovery,main,original,L,95,4,T5a_R,4,-5.25,1
discovery,main,original,L,95,4,T5b_R,4,5.25,2
discovery,main,original,L,95,4,T5c_R,4,4.5,3
discovery,main,original,L,95,4,T5d_R,4,4.5,2
discovery,main,original,L,95,4,DNa02_R,4,0.0,0
discovery,main,original,R,40,1,L1_L,4,1.75,3
discovery,main,original,R,40,1,Mi1_L,4,-5.0,1
discovery,main,original,R,40,1,Tm3_L,4,-11.5,1
discovery,main,original,R,40,1,T4a_L,4,-6.0,1
discovery,main,original,R,40,1,T4b_L,4,-2.25,2
discovery,main,original,R,40,1,T4c_L,4,3.0,2
discovery,main,original,R,40,1,T4d_L,4,2.25,2
discovery,main,original,R,40,1,T5a_L,4,-8.75,1
discovery,main,original,R,40,1,T5b_L,4,5.5,2
discovery,main,original,R,40,1,T5c_L,4,2.75,3
discovery,main,original,R,40,1,T5d_L,4,5.0,3
discovery,main,original,R,40,1,DNa02_L,4,-0.25,0
discovery,main,original,R,40,1,L1_R,4,1.0,1
discovery,main,original,R,40,1,Mi1_R,4,4.75,2
discovery,main,original,R,40,1,Tm3_R,4,3.25,2
discovery,main,original,R,40,1,T4a_R,4,11.0,2
discovery,main,original,R,40,1,T4b_R,4,6.25,2
discovery,main,original,R,40,1,T4c_R,4,5.25,2
discovery,main,original,R,40,1,T4d_R,4,-0.75,2
discovery,main,original,R,40,1,T5a_R,4,14.5,3
discovery,main,original,R,40,1,T5b_R,4,12.5,4
discovery,main,original,R,40,1,T5c_R,4,12.75,2
discovery,main,original,R,40,1,T5d_R,4,11.5,3
discovery,main,original,R,40,1,DNa02_R,4,0.0,0
discovery,main,original,R,40,2,L1_L,4,-10.5,1
discovery,main,original,R,40,2,Mi1_L,4,-8.25,1
discovery,main,original,R,40,2,Tm3_L,4,-15.75,0
discovery,main,original,R,40,2,T4a_L,4,-12.25,2
discovery,main,original,R,40,2,T4b_L,4,-12.25,2
discovery,main,original,R,40,2,T4c_L,4,-15.5,1
discovery,main,original,R,40,2,T4d_L,4,-12.5,0
discovery,main,original,R,40,2,T5a_L,4,-22.0,0
discovery,main,original,R,40,2,T5b_L,4,-16.5,0
discovery,main,original,R,40,2,T5c_L,4,-16.25,2
discovery,main,original,R,40,2,T5d_L,4,-11.75,1
discovery,main,original,R,40,2,DNa02_L,4,0.0,0
discovery,main,original,R,40,2,L1_R,4,-3.0,1
discovery,main,original,R,40,2,Mi1_R,4,1.75,3
discovery,main,original,R,40,2,Tm3_R,4,3.5,3
discovery,main,original,R,40,2,T4a_R,4,21.75,3
discovery,main,original,R,40,2,T4b_R,4,6.25,3
discovery,main,original,R,40,2,T4c_R,4,22.25,4
discovery,main,original,R,40,2,T4d_R,4,9.5,2
discovery,main,original,R,40,2,T5a_R,4,21.0,3
discovery,main,original,R,40,2,T5b_R,4,-9.75,1
discovery,main,original,R,40,2,T5c_R,4,17.0,4
discovery,main,original,R,40,2,T5d_R,4,-2.25,2
discovery,main,original,R,40,2,DNa02_R,4,0.0,0
discovery,main,original,R,40,4,L1_L,4,1.0,3
discovery,main,original,R,40,4,Mi1_L,4,-0.75,2
discovery,main,original,R,40,4,Tm3_L,4,-5.75,1
discovery,main,original,R,40,4,T4a_L,4,-3.75,2
discovery,main,original,R,40,4,T4b_L,4,8.0,3
discovery,main,original,R,40,4,T4c_L,4,-9.0,2
discovery,main,original,R,40,4,T4d_L,4,5.5,2
discovery,main,original,R,40,4,T5a_L,4,7.25,3
discovery,main,original,R,40,4,T5b_L,4,24.0,4
discovery,main,original,R,40,4,T5c_L,4,0.5,1
discovery,main,original,R,40,4,T5d_L,4,8.5,3
discovery,main,original,R,40,4,DNa02_L,4,0.0,0
discovery,main,original,R,40,4,L1_R,4,-6.5,1
discovery,main,original,R,40,4,Mi1_R,4,-0.25,2
discovery,main,original,R,40,4,Tm3_R,4,-15.25,2
discovery,main,original,R,40,4,T4a_R,4,-18.0,0
discovery,main,original,R,40,4,T4b_R,4,-10.0,2
discovery,main,original,R,40,4,T4c_R,4,-12.75,0
discovery,main,original,R,40,4,T4d_R,4,-12.5,1
discovery,main,original,R,40,4,T5a_R,4,-2.75,2
discovery,main,original,R,40,4,T5b_R,4,-5.25,1
discovery,main,original,R,40,4,T5c_R,4,-6.25,1
discovery,main,original,R,40,4,T5d_R,4,-7.75,2
discovery,main,original,R,40,4,DNa02_R,4,0.0,0
discovery,main,original,R,95,1,L1_L,4,2.25,2
discovery,main,original,R,95,1,Mi1_L,4,-1.75,2
discovery,main,original,R,95,1,Tm3_L,4,6.0,2
discovery,main,original,R,95,1,T4a_L,4,-17.0,1
discovery,main,original,R,95,1,T4b_L,4,4.25,2
discovery,main,original,R,95,1,T4c_L,4,-4.25,1
discovery,main,original,R,95,1,T4d_L,4,7.5,2
discovery,main,original,R,95,1,T5a_L,4,-19.5,0
discovery,main,original,R,95,1,T5b_L,4,3.0,3
discovery,main,original,R,95,1,T5c_L,4,-13.25,1
discovery,main,original,R,95,1,T5d_L,4,-11.75,1
discovery,main,original,R,95,1,DNa02_L,4,0.25,1
discovery,main,original,R,95,1,L1_R,4,-6.5,0
discovery,main,original,R,95,1,Mi1_R,4,0.5,1
discovery,main,original,R,95,1,Tm3_R,4,6.25,2
discovery,main,original,R,95,1,T4a_R,4,-7.25,1
discovery,main,original,R,95,1,T4b_R,4,-21.75,0
discovery,main,original,R,95,1,T4c_R,4,2.75,2
discovery,main,original,R,95,1,T4d_R,4,4.75,2
discovery,main,original,R,95,1,T5a_R,4,-13.5,1
discovery,main,original,R,95,1,T5b_R,4,16.25,3
discovery,main,original,R,95,1,T5c_R,4,6.75,3
discovery,main,original,R,95,1,T5d_R,4,13.5,3
discovery,main,original,R,95,1,DNa02_R,4,0.0,0
discovery,main,original,R,95,2,L1_L,4,1.75,1
discovery,main,original,R,95,2,Mi1_L,4,-0.75,2
discovery,main,original,R,95,2,Tm3_L,4,5.25,2
discovery,main,original,R,95,2,T4a_L,4,-10.5,1
discovery,main,original,R,95,2,T4b_L,4,6.5,2
discovery,main,original,R,95,2,T4c_L,4,-5.75,1
discovery,main,original,R,95,2,T4d_L,4,5.0,3
discovery,main,original,R,95,2,T5a_L,4,-8.0,1
discovery,main,original,R,95,2,T5b_L,4,12.0,3
discovery,main,original,R,95,2,T5c_L,4,-0.5,2
discovery,main,original,R,95,2,T5d_L,4,11.25,4
discovery,main,original,R,95,2,DNa02_L,4,0.0,0
discovery,main,original,R,95,2,L1_R,4,-5.25,1
discovery,main,original,R,95,2,Mi1_R,4,-5.75,2
discovery,main,original,R,95,2,Tm3_R,4,-12.5,2
discovery,main,original,R,95,2,T4a_R,4,-7.25,2
discovery,main,original,R,95,2,T4b_R,4,-5.0,2
discovery,main,original,R,95,2,T4c_R,4,-19.25,1
discovery,main,original,R,95,2,T4d_R,4,-19.25,2
discovery,main,original,R,95,2,T5a_R,4,4.75,3
discovery,main,original,R,95,2,T5b_R,4,11.5,4
discovery,main,original,R,95,2,T5c_R,4,0.75,2
discovery,main,original,R,95,2,T5d_R,4,6.25,3
discovery,main,original,R,95,2,DNa02_R,4,0.0,0
discovery,main,original,R,95,4,L1_L,4,3.25,2
discovery,main,original,R,95,4,Mi1_L,4,7.75,3
discovery,main,original,R,95,4,Tm3_L,4,12.75,3
discovery,main,original,R,95,4,T4a_L,4,19.75,2
discovery,main,original,R,95,4,T4b_L,4,10.0,2
discovery,main,original,R,95,4,T4c_L,4,7.75,2
discovery,main,original,R,95,4,T4d_L,4,11.5,2
discovery,main,original,R,95,4,T5a_L,4,13.75,4
discovery,main,original,R,95,4,T5b_L,4,11.5,4
discovery,main,original,R,95,4,T5c_L,4,7.25,3
discovery,main,original,R,95,4,T5d_L,4,11.5,3
discovery,main,original,R,95,4,DNa02_L,4,0.25,1
discovery,main,original,R,95,4,L1_R,4,-9.0,1
discovery,main,original,R,95,4,Mi1_R,4,-2.5,1
discovery,main,original,R,95,4,Tm3_R,4,-7.5,1
discovery,main,original,R,95,4,T4a_R,4,-23.0,0
discovery,main,original,R,95,4,T4b_R,4,-17.25,1
discovery,main,original,R,95,4,T4c_R,4,-22.75,0
discovery,main,original,R,95,4,T4d_R,4,-10.75,0
discovery,main,original,R,95,4,T5a_R,4,-35.0,0
discovery,main,original,R,95,4,T5b_R,4,-24.25,1
discovery,main,original,R,95,4,T5c_R,4,-39.75,0
discovery,main,original,R,95,4,T5d_R,4,-40.0,1
discovery,main,original,R,95,4,DNa02_R,4,0.0,0
discovery,main,shuffle_801,L,40,1,L1_L,4,-4.5,1
discovery,main,shuffle_801,L,40,1,Mi1_L,4,-3.25,1
discovery,main,shuffle_801,L,40,1,Tm3_L,4,-22.0,1
discovery,main,shuffle_801,L,40,1,T4a_L,4,-6.0,1
discovery,main,shuffle_801,L,40,1,T4b_L,4,-15.25,1
discovery,main,shuffle_801,L,40,1,T4c_L,4,-0.5,1
discovery,main,shuffle_801,L,40,1,T4d_L,4,-9.25,1
discovery,main,shuffle_801,L,40,1,T5a_L,4,5.25,2
discovery,main,shuffle_801,L,40,1,T5b_L,4,15.25,3
discovery,main,shuffle_801,L,40,1,T5c_L,4,9.75,2
discovery,main,shuffle_801,L,40,1,T5d_L,4,9.0,2
discovery,main,shuffle_801,L,40,1,DNa02_L,4,0.0,0
discovery,main,shuffle_801,L,40,1,L1_R,4,0.25,2
discovery,main,shuffle_801,L,40,1,Mi1_R,4,-7.75,1
discovery,main,shuffle_801,L,40,1,Tm3_R,4,-26.0,1
discovery,main,shuffle_801,L,40,1,T4a_R,4,-6.0,2
discovery,main,shuffle_801,L,40,1,T4b_R,4,6.5,2
discovery,main,shuffle_801,L,40,1,T4c_R,4,-8.25,1
discovery,main,shuffle_801,L,40,1,T4d_R,4,-7.25,2
discovery,main,shuffle_801,L,40,1,T5a_R,4,-5.25,2
discovery,main,shuffle_801,L,40,1,T5b_R,4,-15.0,0
discovery,main,shuffle_801,L,40,1,T5c_R,4,-9.25,1
discovery,main,shuffle_801,L,40,1,T5d_R,4,-14.75,1
discovery,main,shuffle_801,L,40,1,DNa02_R,4,0.0,0
discovery,main,shuffle_801,L,40,2,L1_L,4,10.0,4
discovery,main,shuffle_801,L,40,2,Mi1_L,4,3.75,3
discovery,main,shuffle_801,L,40,2,Tm3_L,4,1.75,3
discovery,main,shuffle_801,L,40,2,T4a_L,4,12.75,2
discovery,main,shuffle_801,L,40,2,T4b_L,4,13.0,3
discovery,main,shuffle_801,L,40,2,T4c_L,4,18.5,3
discovery,main,shuffle_801,L,40,2,T4d_L,4,11.25,3
discovery,main,shuffle_801,L,40,2,T5a_L,4,13.5,3
discovery,main,shuffle_801,L,40,2,T5b_L,4,24.5,2
discovery,main,shuffle_801,L,40,2,T5c_L,4,16.75,2
discovery,main,shuffle_801,L,40,2,T5d_L,4,12.25,2
discovery,main,shuffle_801,L,40,2,DNa02_L,4,0.25,1
discovery,main,shuffle_801,L,40,2,L1_R,4,-2.0,1
discovery,main,shuffle_801,L,40,2,Mi1_R,4,-8.25,0
discovery,main,shuffle_801,L,40,2,Tm3_R,4,-15.0,0
discovery,main,shuffle_801,L,40,2,T4a_R,4,-20.75,0
discovery,main,shuffle_801,L,40,2,T4b_R,4,-24.5,1
discovery,main,shuffle_801,L,40,2,T4c_R,4,-26.75,0
discovery,main,shuffle_801,L,40,2,T4d_R,4,-21.25,0
discovery,main,shuffle_801,L,40,2,T5a_R,4,-14.75,2
discovery,main,shuffle_801,L,40,2,T5b_R,4,-30.0,3
discovery,main,shuffle_801,L,40,2,T5c_R,4,-34.25,2
discovery,main,shuffle_801,L,40,2,T5d_R,4,-21.25,2
discovery,main,shuffle_801,L,40,2,DNa02_R,4,0.0,0
discovery,main,shuffle_801,L,40,4,L1_L,4,2.0,2
discovery,main,shuffle_801,L,40,4,Mi1_L,4,3.75,3
discovery,main,shuffle_801,L,40,4,Tm3_L,4,6.0,1
discovery,main,shuffle_801,L,40,4,T4a_L,4,13.0,2
discovery,main,shuffle_801,L,40,4,T4b_L,4,13.75,2
discovery,main,shuffle_801,L,40,4,T4c_L,4,2.75,2
discovery,main,shuffle_801,L,40,4,T4d_L,4,11.75,3
discovery,main,shuffle_801,L,40,4,T5a_L,4,19.5,3
discovery,main,shuffle_801,L,40,4,T5b_L,4,37.75,3
discovery,main,shuffle_801,L,40,4,T5c_L,4,19.0,2
discovery,main,shuffle_801,L,40,4,T5d_L,4,7.0,2
discovery,main,shuffle_801,L,40,4,DNa02_L,4,0.0,0
discovery,main,shuffle_801,L,40,4,L1_R,4,-0.25,2
discovery,main,shuffle_801,L,40,4,Mi1_R,4,1.0,2
discovery,main,shuffle_801,L,40,4,Tm3_R,4,2.5,3
discovery,main,shuffle_801,L,40,4,T4a_R,4,3.75,2
discovery,main,shuffle_801,L,40,4,T4b_R,4,-7.5,1
discovery,main,shuffle_801,L,40,4,T4c_R,4,8.0,2
discovery,main,shuffle_801,L,40,4,T4d_R,4,6.25,3
discovery,main,shuffle_801,L,40,4,T5a_R,4,7.0,2
discovery,main,shuffle_801,L,40,4,T5b_R,4,-2.0,1
discovery,main,shuffle_801,L,40,4,T5c_R,4,9.75,2
discovery,main,shuffle_801,L,40,4,T5d_R,4,11.5,2
discovery,main,shuffle_801,L,40,4,DNa02_R,4,0.25,1
discovery,main,shuffle_801,L,95,1,L1_L,4,3.0,2
discovery,main,shuffle_801,L,95,1,Mi1_L,4,-2.75,1
discovery,main,shuffle_801,L,95,1,Tm3_L,4,-5.0,3
discovery,main,shuffle_801,L,95,1,T4a_L,4,0.5,2
discovery,main,shuffle_801,L,95,1,T4b_L,4,-35.5,0
discovery,main,shuffle_801,L,95,1,T4c_L,4,-29.75,1
discovery,main,shuffle_801,L,95,1,T4d_L,4,-15.5,2
discovery,main,shuffle_801,L,95,1,T5a_L,4,-20.5,2
discovery,main,shuffle_801,L,95,1,T5b_L,4,-53.0,0
discovery,main,shuffle_801,L,95,1,T5c_L,4,-28.5,0
discovery,main,shuffle_801,L,95,1,T5d_L,4,-42.0,1
discovery,main,shuffle_801,L,95,1,DNa02_L,4,0.25,1
discovery,main,shuffle_801,L,95,1,L1_R,4,-1.0,2
discovery,main,shuffle_801,L,95,1,Mi1_R,4,-1.25,1
discovery,main,shuffle_801,L,95,1,Tm3_R,4,-2.0,2
discovery,main,shuffle_801,L,95,1,T4a_R,4,9.25,3
discovery,main,shuffle_801,L,95,1,T4b_R,4,18.0,3
discovery,main,shuffle_801,L,95,1,T4c_R,4,17.5,3
discovery,main,shuffle_801,L,95,1,T4d_R,4,12.75,4
discovery,main,shuffle_801,L,95,1,T5a_R,4,5.0,2
discovery,main,shuffle_801,L,95,1,T5b_R,4,33.0,2
discovery,main,shuffle_801,L,95,1,T5c_R,4,18.75,2
discovery,main,shuffle_801,L,95,1,T5d_R,4,16.5,2
discovery,main,shuffle_801,L,95,1,DNa02_R,4,0.0,0
discovery,main,shuffle_801,L,95,2,L1_L,4,10.25,4
discovery,main,shuffle_801,L,95,2,Mi1_L,4,5.75,3
discovery,main,shuffle_801,L,95,2,Tm3_L,4,22.0,4
discovery,main,shuffle_801,L,95,2,T4a_L,4,13.0,4
discovery,main,shuffle_801,L,95,2,T4b_L,4,12.75,2
discovery,main,shuffle_801,L,95,2,T4c_L,4,8.25,3
discovery,main,shuffle_801,L,95,2,T4d_L,4,12.5,2
discovery,main,shuffle_801,L,95,2,T5a_L,4,13.5,3
discovery,main,shuffle_801,L,95,2,T5b_L,4,8.25,2
discovery,main,shuffle_801,L,95,2,T5c_L,4,15.0,4
discovery,main,shuffle_801,L,95,2,T5d_L,4,15.75,4
discovery,main,shuffle_801,L,95,2,DNa02_L,4,0.0,0
discovery,main,shuffle_801,L,95,2,L1_R,4,0.25,1
discovery,main,shuffle_801,L,95,2,Mi1_R,4,2.5,2
discovery,main,shuffle_801,L,95,2,Tm3_R,4,-7.75,1
discovery,main,shuffle_801,L,95,2,T4a_R,4,25.0,4
discovery,main,shuffle_801,L,95,2,T4b_R,4,12.25,3
discovery,main,shuffle_801,L,95,2,T4c_R,4,21.75,4
discovery,main,shuffle_801,L,95,2,T4d_R,4,23.5,4
discovery,main,shuffle_801,L,95,2,T5a_R,4,37.25,3
discovery,main,shuffle_801,L,95,2,T5b_R,4,28.25,3
discovery,main,shuffle_801,L,95,2,T5c_R,4,34.0,3
discovery,main,shuffle_801,L,95,2,T5d_R,4,37.5,3
discovery,main,shuffle_801,L,95,2,DNa02_R,4,-0.25,0
discovery,main,shuffle_801,L,95,4,L1_L,4,2.5,3
discovery,main,shuffle_801,L,95,4,Mi1_L,4,6.75,4
discovery,main,shuffle_801,L,95,4,Tm3_L,4,16.0,4
discovery,main,shuffle_801,L,95,4,T4a_L,4,4.5,2
discovery,main,shuffle_801,L,95,4,T4b_L,4,-10.0,3
discovery,main,shuffle_801,L,95,4,T4c_L,4,-1.75,2
discovery,main,shuffle_801,L,95,4,T4d_L,4,15.5,3
discovery,main,shuffle_801,L,95,4,T5a_L,4,-15.25,1
discovery,main,shuffle_801,L,95,4,T5b_L,4,-39.75,0
discovery,main,shuffle_801,L,95,4,T5c_L,4,-26.25,0
discovery,main,shuffle_801,L,95,4,T5d_L,4,-17.75,0
discovery,main,shuffle_801,L,95,4,DNa02_L,4,0.25,1
discovery,main,shuffle_801,L,95,4,L1_R,4,-4.0,0
discovery,main,shuffle_801,L,95,4,Mi1_R,4,-1.0,1
discovery,main,shuffle_801,L,95,4,Tm3_R,4,-1.5,2
discovery,main,shuffle_801,L,95,4,T4a_R,4,0.25,2
discovery,main,shuffle_801,L,95,4,T4b_R,4,-2.5,1
discovery,main,shuffle_801,L,95,4,T4c_R,4,-6.5,1
discovery,main,shuffle_801,L,95,4,T4d_R,4,-11.5,0
discovery,main,shuffle_801,L,95,4,T5a_R,4,-7.5,2
discovery,main,shuffle_801,L,95,4,T5b_R,4,-3.25,2
discovery,main,shuffle_801,L,95,4,T5c_R,4,0.0,2
discovery,main,shuffle_801,L,95,4,T5d_R,4,-5.25,2
discovery,main,shuffle_801,L,95,4,DNa02_R,4,0.0,0
discovery,main,shuffle_801,R,40,1,L1_L,4,0.25,3
discovery,main,shuffle_801,R,40,1,Mi1_L,4,-6.5,1
discovery,main,shuffle_801,R,40,1,Tm3_L,4,-13.0,1
discovery,main,shuffle_801,R,40,1,T4a_L,4,-3.25,2
discovery,main,shuffle_801,R,40,1,T4b_L,4,-2.75,1
discovery,main,shuffle_801,R,40,1,T4c_L,4,-1.25,2
discovery,main,shuffle_801,R,40,1,T4d_L,4,-0.75,2
discovery,main,shuffle_801,R,40,1,T5a_L,4,-2.5,2
discovery,main,shuffle_801,R,40,1,T5b_L,4,-4.5,1
discovery,main,shuffle_801,R,40,1,T5c_L,4,-9.5,0
discovery,main,shuffle_801,R,40,1,T5d_L,4,-10.25,1
discovery,main,shuffle_801,R,40,1,DNa02_L,4,-0.25,0
discovery,main,shuffle_801,R,40,1,L1_R,4,-1.5,2
discovery,main,shuffle_801,R,40,1,Mi1_R,4,3.0,3
discovery,main,shuffle_801,R,40,1,Tm3_R,4,1.0,2
discovery,main,shuffle_801,R,40,1,T4a_R,4,11.5,3
discovery,main,shuffle_801,R,40,1,T4b_R,4,11.5,3
discovery,main,shuffle_801,R,40,1,T4c_R,4,5.5,3
discovery,main,shuffle_801,R,40,1,T4d_R,4,9.0,4
discovery,main,shuffle_801,R,40,1,T5a_R,4,29.5,4
discovery,main,shuffle_801,R,40,1,T5b_R,4,13.75,3
discovery,main,shuffle_801,R,40,1,T5c_R,4,23.75,2
discovery,main,shuffle_801,R,40,1,T5d_R,4,33.0,3
discovery,main,shuffle_801,R,40,1,DNa02_R,4,0.0,0
discovery,main,shuffle_801,R,40,2,L1_L,4,-7.0,1
discovery,main,shuffle_801,R,40,2,Mi1_L,4,-8.75,1
discovery,main,shuffle_801,R,40,2,Tm3_L,4,-22.25,0
discovery,main,shuffle_801,R,40,2,T4a_L,4,-13.5,1
discovery,main,shuffle_801,R,40,2,T4b_L,4,-16.5,2
discovery,main,shuffle_801,R,40,2,T4c_L,4,-17.25,1
discovery,main,shuffle_801,R,40,2,T4d_L,4,-15.75,1
discovery,main,shuffle_801,R,40,2,T5a_L,4,-19.75,1
discovery,main,shuffle_801,R,40,2,T5b_L,4,-10.0,0
discovery,main,shuffle_801,R,40,2,T5c_L,4,-8.25,2
discovery,main,shuffle_801,R,40,2,T5d_L,4,-8.25,1
discovery,main,shuffle_801,R,40,2,DNa02_L,4,0.0,0
discovery,main,shuffle_801,R,40,2,L1_R,4,-0.75,2
discovery,main,shuffle_801,R,40,2,Mi1_R,4,2.75,2
discovery,main,shuffle_801,R,40,2,Tm3_R,4,3.5,2
discovery,main,shuffle_801,R,40,2,T4a_R,4,18.5,2
discovery,main,shuffle_801,R,40,2,T4b_R,4,7.25,3
discovery,main,shuffle_801,R,40,2,T4c_R,4,16.25,3
discovery,main,shuffle_801,R,40,2,T4d_R,4,11.0,1
discovery,main,shuffle_801,R,40,2,T5a_R,4,17.0,2
discovery,main,shuffle_801,R,40,2,T5b_R,4,-5.0,2
discovery,main,shuffle_801,R,40,2,T5c_R,4,16.75,3
discovery,main,shuffle_801,R,40,2,T5d_R,4,-1.75,2
discovery,main,shuffle_801,R,40,2,DNa02_R,4,0.0,0
discovery,main,shuffle_801,R,40,4,L1_L,4,-6.75,1
discovery,main,shuffle_801,R,40,4,Mi1_L,4,-2.5,2
discovery,main,shuffle_801,R,40,4,Tm3_L,4,-10.25,0
discovery,main,shuffle_801,R,40,4,T4a_L,4,-2.25,2
discovery,main,shuffle_801,R,40,4,T4b_L,4,10.0,3
discovery,main,shuffle_801,R,40,4,T4c_L,4,-6.5,1
discovery,main,shuffle_801,R,40,4,T4d_L,4,4.5,3
discovery,main,shuffle_801,R,40,4,T5a_L,4,-1.75,1
discovery,main,shuffle_801,R,40,4,T5b_L,4,13.5,3
discovery,main,shuffle_801,R,40,4,T5c_L,4,-17.5,0
discovery,main,shuffle_801,R,40,4,T5d_L,4,2.0,3
discovery,main,shuffle_801,R,40,4,DNa02_L,4,0.0,0
discovery,main,shuffle_801,R,40,4,L1_R,4,-4.25,1
discovery,main,shuffle_801,R,40,4,Mi1_R,4,4.0,2
discovery,main,shuffle_801,R,40,4,Tm3_R,4,-1.25,2
discovery,main,shuffle_801,R,40,4,T4a_R,4,-8.5,2
discovery,main,shuffle_801,R,40,4,T4b_R,4,-8.75,2
discovery,main,shuffle_801,R,40,4,T4c_R,4,-2.75,2
discovery,main,shuffle_801,R,40,4,T4d_R,4,-4.25,2
discovery,main,shuffle_801,R,40,4,T5a_R,4,-1.0,2
discovery,main,shuffle_801,R,40,4,T5b_R,4,-4.5,2
discovery,main,shuffle_801,R,40,4,T5c_R,4,-1.25,1
discovery,main,shuffle_801,R,40,4,T5d_R,4,-10.75,1
discovery,main,shuffle_801,R,40,4,DNa02_R,4,0.0,0
discovery,main,shuffle_801,R,95,1,L1_L,4,10.75,3
discovery,main,shuffle_801,R,95,1,Mi1_L,4,-1.75,2
discovery,main,shuffle_801,R,95,1,Tm3_L,4,-4.25,1
discovery,main,shuffle_801,R,95,1,T4a_L,4,-13.5,1
discovery,main,shuffle_801,R,95,1,T4b_L,4,0.5,2
discovery,main,shuffle_801,R,95,1,T4c_L,4,-7.5,2
discovery,main,shuffle_801,R,95,1,T4d_L,4,4.25,2
discovery,main,shuffle_801,R,95,1,T5a_L,4,-9.0,1
discovery,main,shuffle_801,R,95,1,T5b_L,4,-1.75,2
discovery,main,shuffle_801,R,95,1,T5c_L,4,-6.0,1
discovery,main,shuffle_801,R,95,1,T5d_L,4,-7.25,1
discovery,main,shuffle_801,R,95,1,DNa02_L,4,0.25,1
discovery,main,shuffle_801,R,95,1,L1_R,4,-1.5,2
discovery,main,shuffle_801,R,95,1,Mi1_R,4,6.5,3
discovery,main,shuffle_801,R,95,1,Tm3_R,4,10.0,2
discovery,main,shuffle_801,R,95,1,T4a_R,4,11.5,3
discovery,main,shuffle_801,R,95,1,T4b_R,4,-8.75,1
discovery,main,shuffle_801,R,95,1,T4c_R,4,8.0,3
discovery,main,shuffle_801,R,95,1,T4d_R,4,12.75,3
discovery,main,shuffle_801,R,95,1,T5a_R,4,-18.5,1
discovery,main,shuffle_801,R,95,1,T5b_R,4,7.0,2
discovery,main,shuffle_801,R,95,1,T5c_R,4,-2.5,2
discovery,main,shuffle_801,R,95,1,T5d_R,4,-0.25,3
discovery,main,shuffle_801,R,95,1,DNa02_R,4,0.0,0
discovery,main,shuffle_801,R,95,2,L1_L,4,-2.0,1
discovery,main,shuffle_801,R,95,2,Mi1_L,4,-2.75,1
discovery,main,shuffle_801,R,95,2,Tm3_L,4,-6.25,2
discovery,main,shuffle_801,R,95,2,T4a_L,4,-13.5,1
discovery,main,shuffle_801,R,95,2,T4b_L,4,9.75,3
discovery,main,shuffle_801,R,95,2,T4c_L,4,-7.0,2
discovery,main,shuffle_801,R,95,2,T4d_L,4,0.5,2
discovery,main,shuffle_801,R,95,2,T5a_L,4,-12.75,0
discovery,main,shuffle_801,R,95,2,T5b_L,4,12.75,3
discovery,main,shuffle_801,R,95,2,T5c_L,4,-2.75,2
discovery,main,shuffle_801,R,95,2,T5d_L,4,4.25,4
discovery,main,shuffle_801,R,95,2,DNa02_L,4,0.25,1
discovery,main,shuffle_801,R,95,2,L1_R,4,-6.5,0
discovery,main,shuffle_801,R,95,2,Mi1_R,4,-6.25,1
discovery,main,shuffle_801,R,95,2,Tm3_R,4,-10.25,1
discovery,main,shuffle_801,R,95,2,T4a_R,4,-16.75,1
discovery,main,shuffle_801,R,95,2,T4b_R,4,-4.75,2
discovery,main,shuffle_801,R,95,2,T4c_R,4,-18.75,0
discovery,main,shuffle_801,R,95,2,T4d_R,4,-18.0,0
discovery,main,shuffle_801,R,95,2,T5a_R,4,1.75,2
discovery,main,shuffle_801,R,95,2,T5b_R,4,8.5,4
discovery,main,shuffle_801,R,95,2,T5c_R,4,2.0,2
discovery,main,shuffle_801,R,95,2,T5d_R,4,18.0,2
discovery,main,shuffle_801,R,95,2,DNa02_R,4,0.0,0
discovery,main,shuffle_801,R,95,4,L1_L,4,-1.0,1
discovery,main,shuffle_801,R,95,4,Mi1_L,4,5.25,3
discovery,main,shuffle_801,R,95,4,Tm3_L,4,4.5,3
discovery,main,shuffle_801,R,95,4,T4a_L,4,6.5,2
discovery,main,shuffle_801,R,95,4,T4b_L,4,-3.25,2
discovery,main,shuffle_801,R,95,4,T4c_L,4,-6.25,1
discovery,main,shuffle_801,R,95,4,T4d_L,4,6.25,3
discovery,main,shuffle_801,R,95,4,T5a_L,4,5.0,2
discovery,main,shuffle_801,R,95,4,T5b_L,4,0.75,3
discovery,main,shuffle_801,R,95,4,T5c_L,4,-5.0,2
discovery,main,shuffle_801,R,95,4,T5d_L,4,6.25,3
discovery,main,shuffle_801,R,95,4,DNa02_L,4,0.25,1
discovery,main,shuffle_801,R,95,4,L1_R,4,-6.25,3
discovery,main,shuffle_801,R,95,4,Mi1_R,4,2.0,2
discovery,main,shuffle_801,R,95,4,Tm3_R,4,3.5,2
discovery,main,shuffle_801,R,95,4,T4a_R,4,-18.5,0
discovery,main,shuffle_801,R,95,4,T4b_R,4,-12.0,2
discovery,main,shuffle_801,R,95,4,T4c_R,4,-8.75,1
discovery,main,shuffle_801,R,95,4,T4d_R,4,-0.75,2
discovery,main,shuffle_801,R,95,4,T5a_R,4,-34.25,1
discovery,main,shuffle_801,R,95,4,T5b_R,4,-8.5,1
discovery,main,shuffle_801,R,95,4,T5c_R,4,-24.0,1
discovery,main,shuffle_801,R,95,4,T5d_R,4,-28.25,2
discovery,main,shuffle_801,R,95,4,DNa02_R,4,0.0,0
discovery,main,shuffle_802,L,40,1,L1_L,4,-7.5,1
discovery,main,shuffle_802,L,40,1,Mi1_L,4,-3.5,1
discovery,main,shuffle_802,L,40,1,Tm3_L,4,-22.5,0
discovery,main,shuffle_802,L,40,1,T4a_L,4,2.25,2
discovery,main,shuffle_802,L,40,1,T4b_L,4,-13.25,1
discovery,main,shuffle_802,L,40,1,T4c_L,4,-4.0,1
discovery,main,shuffle_802,L,40,1,T4d_L,4,-4.75,2
discovery,main,shuffle_802,L,40,1,T5a_L,4,11.5,2
discovery,main,shuffle_802,L,40,1,T5b_L,4,16.25,3
discovery,main,shuffle_802,L,40,1,T5c_L,4,18.75,2
discovery,main,shuffle_802,L,40,1,T5d_L,4,15.75,2
discovery,main,shuffle_802,L,40,1,DNa02_L,4,0.0,0
discovery,main,shuffle_802,L,40,1,L1_R,4,-6.5,2
discovery,main,shuffle_802,L,40,1,Mi1_R,4,-12.25,1
discovery,main,shuffle_802,L,40,1,Tm3_R,4,-28.75,1
discovery,main,shuffle_802,L,40,1,T4a_R,4,-14.5,2
discovery,main,shuffle_802,L,40,1,T4b_R,4,-1.5,3
discovery,main,shuffle_802,L,40,1,T4c_R,4,-16.25,1
discovery,main,shuffle_802,L,40,1,T4d_R,4,-13.25,2
discovery,main,shuffle_802,L,40,1,T5a_R,4,-13.5,1
discovery,main,shuffle_802,L,40,1,T5b_R,4,-22.0,0
discovery,main,shuffle_802,L,40,1,T5c_R,4,-15.0,1
discovery,main,shuffle_802,L,40,1,T5d_R,4,-22.5,0
discovery,main,shuffle_802,L,40,1,DNa02_R,4,0.0,0
discovery,main,shuffle_802,L,40,2,L1_L,4,4.5,3
discovery,main,shuffle_802,L,40,2,Mi1_L,4,3.25,3
discovery,main,shuffle_802,L,40,2,Tm3_L,4,13.75,3
discovery,main,shuffle_802,L,40,2,T4a_L,4,12.25,2
discovery,main,shuffle_802,L,40,2,T4b_L,4,26.25,4
discovery,main,shuffle_802,L,40,2,T4c_L,4,19.75,4
discovery,main,shuffle_802,L,40,2,T4d_L,4,16.75,3
discovery,main,shuffle_802,L,40,2,T5a_L,4,17.75,4
discovery,main,shuffle_802,L,40,2,T5b_L,4,41.5,3
discovery,main,shuffle_802,L,40,2,T5c_L,4,25.25,3
discovery,main,shuffle_802,L,40,2,T5d_L,4,27.5,3
discovery,main,shuffle_802,L,40,2,DNa02_L,4,0.25,1
discovery,main,shuffle_802,L,40,2,L1_R,4,5.0,2
discovery,main,shuffle_802,L,40,2,Mi1_R,4,3.0,1
discovery,main,shuffle_802,L,40,2,Tm3_R,4,12.75,2
discovery,main,shuffle_802,L,40,2,T4a_R,4,2.0,1
discovery,main,shuffle_802,L,40,2,T4b_R,4,-13.0,1
discovery,main,shuffle_802,L,40,2,T4c_R,4,-8.25,1
discovery,main,shuffle_802,L,40,2,T4d_R,4,1.75,2
discovery,main,shuffle_802,L,40,2,T5a_R,4,-19.75,2
discovery,main,shuffle_802,L,40,2,T5b_R,4,-30.5,2
discovery,main,shuffle_802,L,40,2,T5c_R,4,-32.0,2
discovery,main,shuffle_802,L,40,2,T5d_R,4,-22.75,2
discovery,main,shuffle_802,L,40,2,DNa02_R,4,0.0,0
discovery,main,shuffle_802,L,40,4,L1_L,4,2.25,2
discovery,main,shuffle_802,L,40,4,Mi1_L,4,4.0,3
discovery,main,shuffle_802,L,40,4,Tm3_L,4,9.0,1
discovery,main,shuffle_802,L,40,4,T4a_L,4,14.5,3
discovery,main,shuffle_802,L,40,4,T4b_L,4,14.75,3
discovery,main,shuffle_802,L,40,4,T4c_L,4,5.25,2
discovery,main,shuffle_802,L,40,4,T4d_L,4,14.75,3
discovery,main,shuffle_802,L,40,4,T5a_L,4,18.0,2
discovery,main,shuffle_802,L,40,4,T5b_L,4,35.25,3
discovery,main,shuffle_802,L,40,4,T5c_L,4,17.5,2
discovery,main,shuffle_802,L,40,4,T5d_L,4,5.0,2
discovery,main,shuffle_802,L,40,4,DNa02_L,4,0.0,0
discovery,main,shuffle_802,L,40,4,L1_R,4,-0.75,2
discovery,main,shuffle_802,L,40,4,Mi1_R,4,0.5,2
discovery,main,shuffle_802,L,40,4,Tm3_R,4,2.5,2
discovery,main,shuffle_802,L,40,4,T4a_R,4,4.0,2
discovery,main,shuffle_802,L,40,4,T4b_R,4,-7.75,1
discovery,main,shuffle_802,L,40,4,T4c_R,4,8.0,2
discovery,main,shuffle_802,L,40,4,T4d_R,4,5.5,2
discovery,main,shuffle_802,L,40,4,T5a_R,4,6.75,2
discovery,main,shuffle_802,L,40,4,T5b_R,4,-2.0,1
discovery,main,shuffle_802,L,40,4,T5c_R,4,9.5,2
discovery,main,shuffle_802,L,40,4,T5d_R,4,11.5,2
discovery,main,shuffle_802,L,40,4,DNa02_R,4,0.25,1
discovery,main,shuffle_802,L,95,1,L1_L,4,0.0,2
discovery,main,shuffle_802,L,95,1,Mi1_L,4,-1.25,3
discovery,main,shuffle_802,L,95,1,Tm3_L,4,-8.5,2
discovery,main,shuffle_802,L,95,1,T4a_L,4,1.75,1
discovery,main,shuffle_802,L,95,1,T4b_L,4,-35.75,0
discovery,main,shuffle_802,L,95,1,T4c_L,4,-29.25,1
discovery,main,shuffle_802,L,95,1,T4d_L,4,-17.75,2
discovery,main,shuffle_802,L,95,1,T5a_L,4,-29.5,0
discovery,main,shuffle_802,L,95,1,T5b_L,4,-51.75,0
discovery,main,shuffle_802,L,95,1,T5c_L,4,-32.75,1
discovery,main,shuffle_802,L,95,1,T5d_L,4,-46.5,0
discovery,main,shuffle_802,L,95,1,DNa02_L,4,0.25,1
discovery,main,shuffle_802,L,95,1,L1_R,4,-2.5,2
discovery,main,shuffle_802,L,95,1,Mi1_R,4,-2.5,1
discovery,main,shuffle_802,L,95,1,Tm3_R,4,-6.75,2
discovery,main,shuffle_802,L,95,1,T4a_R,4,13.25,3
discovery,main,shuffle_802,L,95,1,T4b_R,4,23.75,3
discovery,main,shuffle_802,L,95,1,T4c_R,4,15.25,3
discovery,main,shuffle_802,L,95,1,T4d_R,4,18.0,4
discovery,main,shuffle_802,L,95,1,T5a_R,4,5.0,2
discovery,main,shuffle_802,L,95,1,T5b_R,4,39.75,3
discovery,main,shuffle_802,L,95,1,T5c_R,4,19.25,2
discovery,main,shuffle_802,L,95,1,T5d_R,4,23.25,2
discovery,main,shuffle_802,L,95,1,DNa02_R,4,0.0,0
discovery,main,shuffle_802,L,95,2,L1_L,4,7.5,3
discovery,main,shuffle_802,L,95,2,Mi1_L,4,-1.25,2
discovery,main,shuffle_802,L,95,2,Tm3_L,4,9.0,3
discovery,main,shuffle_802,L,95,2,T4a_L,4,5.75,2
discovery,main,shuffle_802,L,95,2,T4b_L,4,-4.0,1
discovery,main,shuffle_802,L,95,2,T4c_L,4,0.0,2
discovery,main,shuffle_802,L,95,2,T4d_L,4,4.25,2
discovery,main,shuffle_802,L,95,2,T5a_L,4,5.5,3
discovery,main,shuffle_802,L,95,2,T5b_L,4,-9.75,2
discovery,main,shuffle_802,L,95,2,T5c_L,4,10.75,3
discovery,main,shuffle_802,L,95,2,T5d_L,4,3.5,2
discovery,main,shuffle_802,L,95,2,DNa02_L,4,0.0,0
discovery,main,shuffle_802,L,95,2,L1_R,4,-5.5,0
discovery,main,shuffle_802,L,95,2,Mi1_R,4,-7.0,1
discovery,main,shuffle_802,L,95,2,Tm3_R,4,-36.25,0
discovery,main,shuffle_802,L,95,2,T4a_R,4,3.25,2
discovery,main,shuffle_802,L,95,2,T4b_R,4,-14.5,0
discovery,main,shuffle_802,L,95,2,T4c_R,4,-6.75,2
discovery,main,shuffle_802,L,95,2,T4d_R,4,2.5,2
discovery,main,shuffle_802,L,95,2,T5a_R,4,14.25,2
discovery,main,shuffle_802,L,95,2,T5b_R,4,-2.75,3
discovery,main,shuffle_802,L,95,2,T5c_R,4,6.75,2
discovery,main,shuffle_802,L,95,2,T5d_R,4,5.0,2
discovery,main,shuffle_802,L,95,2,DNa02_R,4,-0.25,0
discovery,main,shuffle_802,L,95,4,L1_L,4,0.75,2
discovery,main,shuffle_802,L,95,4,Mi1_L,4,3.0,4
discovery,main,shuffle_802,L,95,4,Tm3_L,4,16.5,4
discovery,main,shuffle_802,L,95,4,T4a_L,4,0.0,1
discovery,main,shuffle_802,L,95,4,T4b_L,4,-2.5,3
discovery,main,shuffle_802,L,95,4,T4c_L,4,-7.0,1
discovery,main,shuffle_802,L,95,4,T4d_L,4,8.5,3
discovery,main,shuffle_802,L,95,4,T5a_L,4,-17.75,1
discovery,main,shuffle_802,L,95,4,T5b_L,4,-33.0,2
discovery,main,shuffle_802,L,95,4,T5c_L,4,-18.25,1
discovery,main,shuffle_802,L,95,4,T5d_L,4,-10.5,2
discovery,main,shuffle_802,L,95,4,DNa02_L,4,0.25,1
discovery,main,shuffle_802,L,95,4,L1_R,4,-5.5,0
discovery,main,shuffle_802,L,95,4,Mi1_R,4,1.75,2
discovery,main,shuffle_802,L,95,4,Tm3_R,4,0.25,2
discovery,main,shuffle_802,L,95,4,T4a_R,4,10.25,3
discovery,main,shuffle_802,L,95,4,T4b_R,4,6.25,3
discovery,main,shuffle_802,L,95,4,T4c_R,4,2.5,2
discovery,main,shuffle_802,L,95,4,T4d_R,4,3.0,1
discovery,main,shuffle_802,L,95,4,T5a_R,4,-3.25,2
discovery,main,shuffle_802,L,95,4,T5b_R,4,5.75,2
discovery,main,shuffle_802,L,95,4,T5c_R,4,10.5,3
discovery,main,shuffle_802,L,95,4,T5d_R,4,4.75,2
discovery,main,shuffle_802,L,95,4,DNa02_R,4,0.0,0
discovery,main,shuffle_802,R,40,1,L1_L,4,0.25,2
discovery,main,shuffle_802,R,40,1,Mi1_L,4,-3.5,2
discovery,main,shuffle_802,R,40,1,Tm3_L,4,-10.25,1
discovery,main,shuffle_802,R,40,1,T4a_L,4,-5.75,1
discovery,main,shuffle_802,R,40,1,T4b_L,4,-6.0,1
discovery,main,shuffle_802,R,40,1,T4c_L,4,3.0,2
discovery,main,shuffle_802,R,40,1,T4d_L,4,1.75,2
discovery,main,shuffle_802,R,40,1,T5a_L,4,-2.0,2
discovery,main,shuffle_802,R,40,1,T5b_L,4,-2.5,1
discovery,main,shuffle_802,R,40,1,T5c_L,4,-2.25,2
discovery,main,shuffle_802,R,40,1,T5d_L,4,-6.75,2
discovery,main,shuffle_802,R,40,1,DNa02_L,4,-0.25,0
discovery,main,shuffle_802,R,40,1,L1_R,4,1.25,2
discovery,main,shuffle_802,R,40,1,Mi1_R,4,6.0,3
discovery,main,shuffle_802,R,40,1,Tm3_R,4,5.75,2
discovery,main,shuffle_802,R,40,1,T4a_R,4,13.0,2
discovery,main,shuffle_802,R,40,1,T4b_R,4,1.0,2
discovery,main,shuffle_802,R,40,1,T4c_R,4,6.5,2
discovery,main,shuffle_802,R,40,1,T4d_R,4,4.0,3
discovery,main,shuffle_802,R,40,1,T5a_R,4,14.0,3
discovery,main,shuffle_802,R,40,1,T5b_R,4,9.25,3
discovery,main,shuffle_802,R,40,1,T5c_R,4,11.0,3
discovery,main,shuffle_802,R,40,1,T5d_R,4,8.25,3
discovery,main,shuffle_802,R,40,1,DNa02_R,4,0.0,0
discovery,main,shuffle_802,R,40,2,L1_L,4,-6.25,2
discovery,main,shuffle_802,R,40,2,Mi1_L,4,-6.75,1
discovery,main,shuffle_802,R,40,2,Tm3_L,4,-16.0,0
discovery,main,shuffle_802,R,40,2,T4a_L,4,-11.0,1
discovery,main,shuffle_802,R,40,2,T4b_L,4,-17.0,0
discovery,main,shuffle_802,R,40,2,T4c_L,4,-11.0,2
discovery,main,shuffle_802,R,40,2,T4d_L,4,-7.5,1
discovery,main,shuffle_802,R,40,2,T5a_L,4,-14.75,1
discovery,main,shuffle_802,R,40,2,T5b_L,4,-3.5,1
discovery,main,shuffle_802,R,40,2,T5c_L,4,-5.5,2
discovery,main,shuffle_802,R,40,2,T5d_L,4,-3.0,3
discovery,main,shuffle_802,R,40,2,DNa02_L,4,0.0,0
discovery,main,shuffle_802,R,40,2,L1_R,4,-1.0,2
discovery,main,shuffle_802,R,40,2,Mi1_R,4,2.75,1
discovery,main,shuffle_802,R,40,2,Tm3_R,4,1.25,1
discovery,main,shuffle_802,R,40,2,T4a_R,4,25.25,4
discovery,main,shuffle_802,R,40,2,T4b_R,4,8.5,4
discovery,main,shuffle_802,R,40,2,T4c_R,4,21.25,4
discovery,main,shuffle_802,R,40,2,T4d_R,4,15.75,4
discovery,main,shuffle_802,R,40,2,T5a_R,4,22.0,3
discovery,main,shuffle_802,R,40,2,T5b_R,4,-3.25,1
discovery,main,shuffle_802,R,40,2,T5c_R,4,12.0,4
discovery,main,shuffle_802,R,40,2,T5d_R,4,4.25,2
discovery,main,shuffle_802,R,40,2,DNa02_R,4,0.0,0
discovery,main,shuffle_802,R,40,4,L1_L,4,0.0,3
discovery,main,shuffle_802,R,40,4,Mi1_L,4,-0.25,2
discovery,main,shuffle_802,R,40,4,Tm3_L,4,-5.25,1
discovery,main,shuffle_802,R,40,4,T4a_L,4,-8.25,1
discovery,main,shuffle_802,R,40,4,T4b_L,4,7.0,3
discovery,main,shuffle_802,R,40,4,T4c_L,4,-10.25,1
discovery,main,shuffle_802,R,40,4,T4d_L,4,3.75,2
discovery,main,shuffle_802,R,40,4,T5a_L,4,2.25,2
discovery,main,shuffle_802,R,40,4,T5b_L,4,15.25,4
discovery,main,shuffle_802,R,40,4,T5c_L,4,-0.25,2
discovery,main,shuffle_802,R,40,4,T5d_L,4,5.25,2
discovery,main,shuffle_802,R,40,4,DNa02_L,4,0.0,0
discovery,main,shuffle_802,R,40,4,L1_R,4,-6.25,1
discovery,main,shuffle_802,R,40,4,Mi1_R,4,0.75,2
discovery,main,shuffle_802,R,40,4,Tm3_R,4,-11.75,2
discovery,main,shuffle_802,R,40,4,T4a_R,4,-10.25,0
discovery,main,shuffle_802,R,40,4,T4b_R,4,-7.5,2
discovery,main,shuffle_802,R,40,4,T4c_R,4,-8.0,1
discovery,main,shuffle_802,R,40,4,T4d_R,4,-5.75,1
discovery,main,shuffle_802,R,40,4,T5a_R,4,-10.25,0
discovery,main,shuffle_802,R,40,4,T5b_R,4,-6.25,1
discovery,main,shuffle_802,R,40,4,T5c_R,4,-14.75,0
discovery,main,shuffle_802,R,40,4,T5d_R,4,-11.0,1
discovery,main,shuffle_802,R,40,4,DNa02_R,4,0.0,0
discovery,main,shuffle_802,R,95,1,L1_L,4,4.25,2
discovery,main,shuffle_802,R,95,1,Mi1_L,4,-3.0,1
discovery,main,shuffle_802,R,95,1,Tm3_L,4,-6.75,1
discovery,main,shuffle_802,R,95,1,T4a_L,4,-16.25,1
discovery,main,shuffle_802,R,95,1,T4b_L,4,-1.5,2
discovery,main,shuffle_802,R,95,1,T4c_L,4,-2.5,1
discovery,main,shuffle_802,R,95,1,T4d_L,4,8.25,2
discovery,main,shuffle_802,R,95,1,T5a_L,4,-7.5,1
discovery,main,shuffle_802,R,95,1,T5b_L,4,-2.75,3
discovery,main,shuffle_802,R,95,1,T5c_L,4,-4.5,1
discovery,main,shuffle_802,R,95,1,T5d_L,4,-7.75,2
discovery,main,shuffle_802,R,95,1,DNa02_L,4,0.25,1
discovery,main,shuffle_802,R,95,1,L1_R,4,-2.75,1
discovery,main,shuffle_802,R,95,1,Mi1_R,4,-1.25,1
discovery,main,shuffle_802,R,95,1,Tm3_R,4,-3.25,1
discovery,main,shuffle_802,R,95,1,T4a_R,4,4.25,2
discovery,main,shuffle_802,R,95,1,T4b_R,4,-10.25,2
discovery,main,shuffle_802,R,95,1,T4c_R,4,-4.5,1
discovery,main,shuffle_802,R,95,1,T4d_R,4,5.5,3
discovery,main,shuffle_802,R,95,1,T5a_R,4,-14.0,1
discovery,main,shuffle_802,R,95,1,T5b_R,4,14.75,3
discovery,main,shuffle_802,R,95,1,T5c_R,4,8.25,3
discovery,main,shuffle_802,R,95,1,T5d_R,4,5.0,3
discovery,main,shuffle_802,R,95,1,DNa02_R,4,0.0,0
discovery,main,shuffle_802,R,95,2,L1_L,4,-9.5,1
discovery,main,shuffle_802,R,95,2,Mi1_L,4,-11.25,1
discovery,main,shuffle_802,R,95,2,Tm3_L,4,-25.25,1
discovery,main,shuffle_802,R,95,2,T4a_L,4,-26.5,0
discovery,main,shuffle_802,R,95,2,T4b_L,4,-17.5,0
discovery,main,shuffle_802,R,95,2,T4c_L,4,-25.25,1
discovery,main,shuffle_802,R,95,2,T4d_L,4,-13.5,1
discovery,main,shuffle_802,R,95,2,T5a_L,4,8.25,2
discovery,main,shuffle_802,R,95,2,T5b_L,4,20.75,4
discovery,main,shuffle_802,R,95,2,T5c_L,4,-0.5,2
discovery,main,shuffle_802,R,95,2,T5d_L,4,7.5,3
discovery,main,shuffle_802,R,95,2,DNa02_L,4,0.0,0
discovery,main,shuffle_802,R,95,2,L1_R,4,-7.25,0
discovery,main,shuffle_802,R,95,2,Mi1_R,4,-14.75,0
discovery,main,shuffle_802,R,95,2,Tm3_R,4,-36.25,1
discovery,main,shuffle_802,R,95,2,T4a_R,4,-18.25,1
discovery,main,shuffle_802,R,95,2,T4b_R,4,-19.25,1
discovery,main,shuffle_802,R,95,2,T4c_R,4,-29.5,0
discovery,main,shuffle_802,R,95,2,T4d_R,4,-34.25,0
discovery,main,shuffle_802,R,95,2,T5a_R,4,4.5,2
discovery,main,shuffle_802,R,95,2,T5b_R,4,12.0,3
discovery,main,shuffle_802,R,95,2,T5c_R,4,0.75,3
discovery,main,shuffle_802,R,95,2,T5d_R,4,7.75,2
discovery,main,shuffle_802,R,95,2,DNa02_R,4,0.0,0
discovery,main,shuffle_802,R,95,4,L1_L,4,7.5,3
discovery,main,shuffle_802,R,95,4,Mi1_L,4,8.0,3
discovery,main,shuffle_802,R,95,4,Tm3_L,4,10.0,3
discovery,main,shuffle_802,R,95,4,T4a_L,4,15.0,2
discovery,main,shuffle_802,R,95,4,T4b_L,4,10.5,2
discovery,main,shuffle_802,R,95,4,T4c_L,4,0.25,1
discovery,main,shuffle_802,R,95,4,T4d_L,4,5.75,2
discovery,main,shuffle_802,R,95,4,T5a_L,4,0.75,2
discovery,main,shuffle_802,R,95,4,T5b_L,4,1.25,3
discovery,main,shuffle_802,R,95,4,T5c_L,4,-12.5,1
discovery,main,shuffle_802,R,95,4,T5d_L,4,4.25,1
discovery,main,shuffle_802,R,95,4,DNa02_L,4,0.25,1
discovery,main,shuffle_802,R,95,4,L1_R,4,-8.5,1
discovery,main,shuffle_802,R,95,4,Mi1_R,4,-2.75,1
discovery,main,shuffle_802,R,95,4,Tm3_R,4,-5.5,1
discovery,main,shuffle_802,R,95,4,T4a_R,4,-19.25,0
discovery,main,shuffle_802,R,95,4,T4b_R,4,-11.0,1
discovery,main,shuffle_802,R,95,4,T4c_R,4,-14.75,1
discovery,main,shuffle_802,R,95,4,T4d_R,4,-8.25,1
discovery,main,shuffle_802,R,95,4,T5a_R,4,-26.5,1
discovery,main,shuffle_802,R,95,4,T5b_R,4,-13.25,1
discovery,main,shuffle_802,R,95,4,T5c_R,4,-25.75,0
discovery,main,shuffle_802,R,95,4,T5d_R,4,-24.0,2
discovery,main,shuffle_802,R,95,4,DNa02_R,4,0.0,0
held_out,holdout,direct_only,L,40,1,L1_L,8,-4.875,2
held_out,holdout,direct_only,L,40,1,Mi1_L,8,-2.25,3
held_out,holdout,direct_only,L,40,1,Tm3_L,8,3.75,5
held_out,holdout,direct_only,L,40,1,T4a_L,8,-12.375,0
held_out,holdout,direct_only,L,40,1,T4b_L,8,-4.0,4
held_out,holdout,direct_only,L,40,1,T4c_L,8,-13.625,1
held_out,holdout,direct_only,L,40,1,T4d_L,8,-13.625,2
held_out,holdout,direct_only,L,40,1,T5a_L,8,-13.0,1
held_out,holdout,direct_only,L,40,1,T5b_L,8,-11.5,3
held_out,holdout,direct_only,L,40,1,T5c_L,8,-16.125,3
held_out,holdout,direct_only,L,40,1,T5d_L,8,-17.5,0
held_out,holdout,direct_only,L,40,1,DNa02_L,8,-0.125,0
held_out,holdout,direct_only,L,40,1,L1_R,8,-2.5,4
held_out,holdout,direct_only,L,40,1,Mi1_R,8,-2.875,3
held_out,holdout,direct_only,L,40,1,Tm3_R,8,-3.75,3
held_out,holdout,direct_only,L,40,1,T4a_R,8,-17.25,1
held_out,holdout,direct_only,L,40,1,T4b_R,8,-22.75,1
held_out,holdout,direct_only,L,40,1,T4c_R,8,-12.125,2
held_out,holdout,direct_only,L,40,1,T4d_R,8,-15.25,2
held_out,holdout,direct_only,L,40,1,T5a_R,8,-11.625,3
held_out,holdout,direct_only,L,40,1,T5b_R,8,-27.5,1
held_out,holdout,direct_only,L,40,1,T5c_R,8,-26.875,1
held_out,holdout,direct_only,L,40,1,T5d_R,8,-21.875,0
held_out,holdout,direct_only,L,40,1,DNa02_R,8,0.0,0
held_out,holdout,direct_only,L,40,2,L1_L,8,5.875,7
held_out,holdout,direct_only,L,40,2,Mi1_L,8,2.75,6
held_out,holdout,direct_only,L,40,2,Tm3_L,8,17.5,6
held_out,holdout,direct_only,L,40,2,T4a_L,8,17.5,6
held_out,holdout,direct_only,L,40,2,T4b_L,8,12.875,5
held_out,holdout,direct_only,L,40,2,T4c_L,8,9.625,5
held_out,holdout,direct_only,L,40,2,T4d_L,8,15.0,5
held_out,holdout,direct_only,L,40,2,T5a_L,8,16.25,7
held_out,holdout,direct_only,L,40,2,T5b_L,8,13.625,5
held_out,holdout,direct_only,L,40,2,T5c_L,8,14.75,5
held_out,holdout,direct_only,L,40,2,T5d_L,8,15.125,5
held_out,holdout,direct_only,L,40,2,DNa02_L,8,-0.125,0
held_out,holdout,direct_only,L,40,2,L1_R,8,0.875,3
held_out,holdout,direct_only,L,40,2,Mi1_R,8,2.125,6
held_out,holdout,direct_only,L,40,2,Tm3_R,8,3.0,5
held_out,holdout,direct_only,L,40,2,T4a_R,8,12.25,5
held_out,holdout,direct_only,L,40,2,T4b_R,8,4.875,3
held_out,holdout,direct_only,L,40,2,T4c_R,8,5.875,6
held_out,holdout,direct_only,L,40,2,T4d_R,8,6.875,5
held_out,holdout,direct_only,L,40,2,T5a_R,8,27.125,6
held_out,holdout,direct_only,L,40,2,T5b_R,8,21.375,4
held_out,holdout,direct_only,L,40,2,T5c_R,8,25.625,6
held_out,holdout,direct_only,L,40,2,T5d_R,8,34.125,6
held_out,holdout,direct_only,L,40,2,DNa02_R,8,0.0,0
held_out,holdout,direct_only,L,40,4,L1_L,8,-1.625,5
held_out,holdout,direct_only,L,40,4,Mi1_L,8,-5.0,5
held_out,holdout,direct_only,L,40,4,Tm3_L,8,-13.75,3
held_out,holdout,direct_only,L,40,4,T4a_L,8,-4.75,4
held_out,holdout,direct_only,L,40,4,T4b_L,8,-7.375,5
held_out,holdout,direct_only,L,40,4,T4c_L,8,-11.125,3
held_out,holdout,direct_only,L,40,4,T4d_L,8,-11.625,3
held_out,holdout,direct_only,L,40,4,T5a_L,8,0.875,5
held_out,holdout,direct_only,L,40,4,T5b_L,8,-1.875,5
held_out,holdout,direct_only,L,40,4,T5c_L,8,-2.0,3
held_out,holdout,direct_only,L,40,4,T5d_L,8,-9.25,2
held_out,holdout,direct_only,L,40,4,DNa02_L,8,0.0,0
held_out,holdout,direct_only,L,40,4,L1_R,8,-6.625,3
held_out,holdout,direct_only,L,40,4,Mi1_R,8,-5.5,2
held_out,holdout,direct_only,L,40,4,Tm3_R,8,-18.875,2
held_out,holdout,direct_only,L,40,4,T4a_R,8,-10.125,3
held_out,holdout,direct_only,L,40,4,T4b_R,8,-16.625,3
held_out,holdout,direct_only,L,40,4,T4c_R,8,-13.125,4
held_out,holdout,direct_only,L,40,4,T4d_R,8,-11.625,3
held_out,holdout,direct_only,L,40,4,T5a_R,8,0.375,3
held_out,holdout,direct_only,L,40,4,T5b_R,8,-7.625,4
held_out,holdout,direct_only,L,40,4,T5c_R,8,-4.75,4
held_out,holdout,direct_only,L,40,4,T5d_R,8,-5.875,4
held_out,holdout,direct_only,L,40,4,DNa02_R,8,0.0,0
held_out,holdout,direct_only,L,95,1,L1_L,8,1.625,4
held_out,holdout,direct_only,L,95,1,Mi1_L,8,-2.125,4
held_out,holdout,direct_only,L,95,1,Tm3_L,8,-10.25,3
held_out,holdout,direct_only,L,95,1,T4a_L,8,-6.5,2
held_out,holdout,direct_only,L,95,1,T4b_L,8,-12.875,3
held_out,holdout,direct_only,L,95,1,T4c_L,8,-9.625,2
held_out,holdout,direct_only,L,95,1,T4d_L,8,-6.375,2
held_out,holdout,direct_only,L,95,1,T5a_L,8,8.25,5
held_out,holdout,direct_only,L,95,1,T5b_L,8,14.625,6
held_out,holdout,direct_only,L,95,1,T5c_L,8,-0.875,3
held_out,holdout,direct_only,L,95,1,T5d_L,8,10.875,6
held_out,holdout,direct_only,L,95,1,DNa02_L,8,0.0,0
held_out,holdout,direct_only,L,95,1,L1_R,8,2.5,5
held_out,holdout,direct_only,L,95,1,Mi1_R,8,-0.875,4
held_out,holdout,direct_only,L,95,1,Tm3_R,8,-1.375,3
held_out,holdout,direct_only,L,95,1,T4a_R,8,1.0,4
held_out,holdout,direct_only,L,95,1,T4b_R,8,-2.75,4
held_out,holdout,direct_only,L,95,1,T4c_R,8,-2.25,2
held_out,holdout,direct_only,L,95,1,T4d_R,8,2.75,5
held_out,holdout,direct_only,L,95,1,T5a_R,8,7.625,6
held_out,holdout,direct_only,L,95,1,T5b_R,8,6.125,5
held_out,holdout,direct_only,L,95,1,T5c_R,8,5.125,4
held_out,holdout,direct_only,L,95,1,T5d_R,8,8.5,5
held_out,holdout,direct_only,L,95,1,DNa02_R,8,0.125,1
held_out,holdout,direct_only,L,95,2,L1_L,8,-7.75,1
held_out,holdout,direct_only,L,95,2,Mi1_L,8,-4.625,3
held_out,holdout,direct_only,L,95,2,Tm3_L,8,-20.125,0
held_out,holdout,direct_only,L,95,2,T4a_L,8,-17.625,3
held_out,holdout,direct_only,L,95,2,T4b_L,8,-23.625,3
held_out,holdout,direct_only,L,95,2,T4c_L,8,-20.75,0
held_out,holdout,direct_only,L,95,2,T4d_L,8,-25.25,2
held_out,holdout,direct_only,L,95,2,T5a_L,8,-24.0,2
held_out,holdout,direct_only,L,95,2,T5b_L,8,-16.375,3
held_out,holdout,direct_only,L,95,2,T5c_L,8,-21.0,2
held_out,holdout,direct_only,L,95,2,T5d_L,8,-13.375,2
held_out,holdout,direct_only,L,95,2,DNa02_L,8,0.0,0
held_out,holdout,direct_only,L,95,2,L1_R,8,3.875,4
held_out,holdout,direct_only,L,95,2,Mi1_R,8,0.375,2
held_out,holdout,direct_only,L,95,2,Tm3_R,8,-9.0,4
held_out,holdout,direct_only,L,95,2,T4a_R,8,10.75,5
held_out,holdout,direct_only,L,95,2,T4b_R,8,10.375,2
held_out,holdout,direct_only,L,95,2,T4c_R,8,2.0,4
held_out,holdout,direct_only,L,95,2,T4d_R,8,7.875,3
held_out,holdout,direct_only,L,95,2,T5a_R,8,9.125,3
held_out,holdout,direct_only,L,95,2,T5b_R,8,18.625,3
held_out,holdout,direct_only,L,95,2,T5c_R,8,8.75,3
held_out,holdout,direct_only,L,95,2,T5d_R,8,11.875,3
held_out,holdout,direct_only,L,95,2,DNa02_R,8,0.0,0
held_out,holdout,direct_only,L,95,4,L1_L,8,5.625,6
held_out,holdout,direct_only,L,95,4,Mi1_L,8,0.75,4
held_out,holdout,direct_only,L,95,4,Tm3_L,8,0.875,4
held_out,holdout,direct_only,L,95,4,T4a_L,8,2.0,4
held_out,holdout,direct_only,L,95,4,T4b_L,8,7.125,4
held_out,holdout,direct_only,L,95,4,T4c_L,8,-3.375,3
held_out,holdout,direct_only,L,95,4,T4d_L,8,4.0,6
held_out,holdout,direct_only,L,95,4,T5a_L,8,1.875,3
held_out,holdout,direct_only,L,95,4,T5b_L,8,11.5,5
held_out,holdout,direct_only,L,95,4,T5c_L,8,11.0,6
held_out,holdout,direct_only,L,95,4,T5d_L,8,19.875,7
held_out,holdout,direct_only,L,95,4,DNa02_L,8,-0.125,0
held_out,holdout,direct_only,L,95,4,L1_R,8,-1.125,4
held_out,holdout,direct_only,L,95,4,Mi1_R,8,0.5,4
held_out,holdout,direct_only,L,95,4,Tm3_R,8,12.0,7
held_out,holdout,direct_only,L,95,4,T4a_R,8,1.25,5
held_out,holdout,direct_only,L,95,4,T4b_R,8,5.75,4
held_out,holdout,direct_only,L,95,4,T4c_R,8,1.875,5
held_out,holdout,direct_only,L,95,4,T4d_R,8,5.0,4
held_out,holdout,direct_only,L,95,4,T5a_R,8,-1.0,2
held_out,holdout,direct_only,L,95,4,T5b_R,8,-10.875,4
held_out,holdout,direct_only,L,95,4,T5c_R,8,-1.0,3
held_out,holdout,direct_only,L,95,4,T5d_R,8,-1.625,4
held_out,holdout,direct_only,L,95,4,DNa02_R,8,0.0,0
held_out,holdout,direct_only,R,40,1,L1_L,8,-3.625,4
held_out,holdout,direct_only,R,40,1,Mi1_L,8,-2.0,3
held_out,holdout,direct_only,R,40,1,Tm3_L,8,-0.125,4
held_out,holdout,direct_only,R,40,1,T4a_L,8,-2.375,4
held_out,holdout,direct_only,R,40,1,T4b_L,8,-3.5,4
held_out,holdout,direct_only,R,40,1,T4c_L,8,-4.0,3
held_out,holdout,direct_only,R,40,1,T4d_L,8,-1.0,4
held_out,holdout,direct_only,R,40,1,T5a_L,8,-6.25,3
held_out,holdout,direct_only,R,40,1,T5b_L,8,-10.0,1
held_out,holdout,direct_only,R,40,1,T5c_L,8,-7.25,2
held_out,holdout,direct_only,R,40,1,T5d_L,8,-0.75,4
held_out,holdout,direct_only,R,40,1,DNa02_L,8,-0.125,0
held_out,holdout,direct_only,R,40,1,L1_R,8,-2.125,1
held_out,holdout,direct_only,R,40,1,Mi1_R,8,0.25,5
held_out,holdout,direct_only,R,40,1,Tm3_R,8,0.5,5
held_out,holdout,direct_only,R,40,1,T4a_R,8,-0.875,4
held_out,holdout,direct_only,R,40,1,T4b_R,8,-0.625,4
held_out,holdout,direct_only,R,40,1,T4c_R,8,0.875,3
held_out,holdout,direct_only,R,40,1,T4d_R,8,-0.5,2
held_out,holdout,direct_only,R,40,1,T5a_R,8,2.0,5
held_out,holdout,direct_only,R,40,1,T5b_R,8,4.875,3
held_out,holdout,direct_only,R,40,1,T5c_R,8,0.75,3
held_out,holdout,direct_only,R,40,1,T5d_R,8,7.875,4
held_out,holdout,direct_only,R,40,1,DNa02_R,8,0.0,0
held_out,holdout,direct_only,R,40,2,L1_L,8,2.875,6
held_out,holdout,direct_only,R,40,2,Mi1_L,8,1.875,6
held_out,holdout,direct_only,R,40,2,Tm3_L,8,9.0,7
held_out,holdout,direct_only,R,40,2,T4a_L,8,-6.375,3
held_out,holdout,direct_only,R,40,2,T4b_L,8,-6.125,2
held_out,holdout,direct_only,R,40,2,T4c_L,8,2.5,5
held_out,holdout,direct_only,R,40,2,T4d_L,8,0.375,5
held_out,holdout,direct_only,R,40,2,T5a_L,8,-8.625,1
held_out,holdout,direct_only,R,40,2,T5b_L,8,-8.875,5
held_out,holdout,direct_only,R,40,2,T5c_L,8,-15.125,3
held_out,holdout,direct_only,R,40,2,T5d_L,8,-4.125,4
held_out,holdout,direct_only,R,40,2,DNa02_L,8,-0.125,0
held_out,holdout,direct_only,R,40,2,L1_R,8,-2.125,2
held_out,holdout,direct_only,R,40,2,Mi1_R,8,-0.125,4
held_out,holdout,direct_only,R,40,2,Tm3_R,8,6.625,6
held_out,holdout,direct_only,R,40,2,T4a_R,8,-13.0,2
held_out,holdout,direct_only,R,40,2,T4b_R,8,-7.125,3
held_out,holdout,direct_only,R,40,2,T4c_R,8,-5.875,4
held_out,holdout,direct_only,R,40,2,T4d_R,8,-2.75,4
held_out,holdout,direct_only,R,40,2,T5a_R,8,-14.125,2
held_out,holdout,direct_only,R,40,2,T5b_R,8,-14.25,3
held_out,holdout,direct_only,R,40,2,T5c_R,8,-14.625,3
held_out,holdout,direct_only,R,40,2,T5d_R,8,-17.25,4
held_out,holdout,direct_only,R,40,2,DNa02_R,8,0.0,0
held_out,holdout,direct_only,R,40,4,L1_L,8,0.75,4
held_out,holdout,direct_only,R,40,4,Mi1_L,8,0.5,5
held_out,holdout,direct_only,R,40,4,Tm3_L,8,6.5,5
held_out,holdout,direct_only,R,40,4,T4a_L,8,5.75,4
held_out,holdout,direct_only,R,40,4,T4b_L,8,-5.625,3
held_out,holdout,direct_only,R,40,4,T4c_L,8,1.0,4
held_out,holdout,direct_only,R,40,4,T4d_L,8,4.25,5
held_out,holdout,direct_only,R,40,4,T5a_L,8,2.375,4
held_out,holdout,direct_only,R,40,4,T5b_L,8,-8.125,2
held_out,holdout,direct_only,R,40,4,T5c_L,8,-4.625,2
held_out,holdout,direct_only,R,40,4,T5d_L,8,-5.0,3
held_out,holdout,direct_only,R,40,4,DNa02_L,8,0.0,0
held_out,holdout,direct_only,R,40,4,L1_R,8,-1.0,4
held_out,holdout,direct_only,R,40,4,Mi1_R,8,0.875,3
held_out,holdout,direct_only,R,40,4,Tm3_R,8,5.875,5
held_out,holdout,direct_only,R,40,4,T4a_R,8,11.875,6
held_out,holdout,direct_only,R,40,4,T4b_R,8,10.375,5
held_out,holdout,direct_only,R,40,4,T4c_R,8,12.75,6
held_out,holdout,direct_only,R,40,4,T4d_R,8,14.75,7
held_out,holdout,direct_only,R,40,4,T5a_R,8,14.375,6
held_out,holdout,direct_only,R,40,4,T5b_R,8,4.0,5
held_out,holdout,direct_only,R,40,4,T5c_R,8,17.875,5
held_out,holdout,direct_only,R,40,4,T5d_R,8,17.25,6
held_out,holdout,direct_only,R,40,4,DNa02_R,8,0.0,0
held_out,holdout,direct_only,R,95,1,L1_L,8,2.5,5
held_out,holdout,direct_only,R,95,1,Mi1_L,8,-2.0,3
held_out,holdout,direct_only,R,95,1,Tm3_L,8,-3.0,3
held_out,holdout,direct_only,R,95,1,T4a_L,8,3.125,4
held_out,holdout,direct_only,R,95,1,T4b_L,8,6.625,4
held_out,holdout,direct_only,R,95,1,T4c_L,8,4.25,4
held_out,holdout,direct_only,R,95,1,T4d_L,8,5.5,3
held_out,holdout,direct_only,R,95,1,T5a_L,8,8.0,6
held_out,holdout,direct_only,R,95,1,T5b_L,8,3.625,4
held_out,holdout,direct_only,R,95,1,T5c_L,8,2.25,5
held_out,holdout,direct_only,R,95,1,T5d_L,8,0.375,4
held_out,holdout,direct_only,R,95,1,DNa02_L,8,0.0,0
held_out,holdout,direct_only,R,95,1,L1_R,8,-6.75,2
held_out,holdout,direct_only,R,95,1,Mi1_R,8,-4.625,1
held_out,holdout,direct_only,R,95,1,Tm3_R,8,-7.0,4
held_out,holdout,direct_only,R,95,1,T4a_R,8,2.5,4
held_out,holdout,direct_only,R,95,1,T4b_R,8,-2.75,3
held_out,holdout,direct_only,R,95,1,T4c_R,8,-8.625,2
held_out,holdout,direct_only,R,95,1,T4d_R,8,3.875,6
held_out,holdout,direct_only,R,95,1,T5a_R,8,13.0,5
held_out,holdout,direct_only,R,95,1,T5b_R,8,7.375,4
held_out,holdout,direct_only,R,95,1,T5c_R,8,11.875,3
held_out,holdout,direct_only,R,95,1,T5d_R,8,7.75,2
held_out,holdout,direct_only,R,95,1,DNa02_R,8,0.125,1
held_out,holdout,direct_only,R,95,2,L1_L,8,-4.0,3
held_out,holdout,direct_only,R,95,2,Mi1_L,8,-5.0,3
held_out,holdout,direct_only,R,95,2,Tm3_L,8,-4.375,3
held_out,holdout,direct_only,R,95,2,T4a_L,8,-10.25,3
held_out,holdout,direct_only,R,95,2,T4b_L,8,-3.0,4
held_out,holdout,direct_only,R,95,2,T4c_L,8,-14.5,2
held_out,holdout,direct_only,R,95,2,T4d_L,8,-4.5,3
held_out,holdout,direct_only,R,95,2,T5a_L,8,-24.25,1
held_out,holdout,direct_only,R,95,2,T5b_L,8,-12.5,2
held_out,holdout,direct_only,R,95,2,T5c_L,8,-20.75,1
held_out,holdout,direct_only,R,95,2,T5d_L,8,-10.25,2
held_out,holdout,direct_only,R,95,2,DNa02_L,8,0.125,1
held_out,holdout,direct_only,R,95,2,L1_R,8,-0.125,3
held_out,holdout,direct_only,R,95,2,Mi1_R,8,2.625,4
held_out,holdout,direct_only,R,95,2,Tm3_R,8,4.0,5
held_out,holdout,direct_only,R,95,2,T4a_R,8,5.75,3
held_out,holdout,direct_only,R,95,2,T4b_R,8,-0.5,5
held_out,holdout,direct_only,R,95,2,T4c_R,8,-0.375,2
held_out,holdout,direct_only,R,95,2,T4d_R,8,9.375,3
held_out,holdout,direct_only,R,95,2,T5a_R,8,12.0,2
held_out,holdout,direct_only,R,95,2,T5b_R,8,-9.125,3
held_out,holdout,direct_only,R,95,2,T5c_R,8,6.0,3
held_out,holdout,direct_only,R,95,2,T5d_R,8,12.375,3
held_out,holdout,direct_only,R,95,2,DNa02_R,8,0.125,1
held_out,holdout,direct_only,R,95,4,L1_L,8,8.0,7
held_out,holdout,direct_only,R,95,4,Mi1_L,8,7.375,6
held_out,holdout,direct_only,R,95,4,Tm3_L,8,14.625,5
held_out,holdout,direct_only,R,95,4,T4a_L,8,24.375,7
held_out,holdout,direct_only,R,95,4,T4b_L,8,18.75,6
held_out,holdout,direct_only,R,95,4,T4c_L,8,26.375,7
held_out,holdout,direct_only,R,95,4,T4d_L,8,22.25,6
held_out,holdout,direct_only,R,95,4,T5a_L,8,16.75,3
held_out,holdout,direct_only,R,95,4,T5b_L,8,21.125,4
held_out,holdout,direct_only,R,95,4,T5c_L,8,19.375,4
held_out,holdout,direct_only,R,95,4,T5d_L,8,17.0,4
held_out,holdout,direct_only,R,95,4,DNa02_L,8,-0.125,0
held_out,holdout,direct_only,R,95,4,L1_R,8,2.375,4
held_out,holdout,direct_only,R,95,4,Mi1_R,8,-0.375,4
held_out,holdout,direct_only,R,95,4,Tm3_R,8,9.5,5
held_out,holdout,direct_only,R,95,4,T4a_R,8,9.0,5
held_out,holdout,direct_only,R,95,4,T4b_R,8,2.5,6
held_out,holdout,direct_only,R,95,4,T4c_R,8,3.75,5
held_out,holdout,direct_only,R,95,4,T4d_R,8,-4.375,3
held_out,holdout,direct_only,R,95,4,T5a_R,8,4.875,6
held_out,holdout,direct_only,R,95,4,T5b_R,8,-0.5,4
held_out,holdout,direct_only,R,95,4,T5c_R,8,5.0,4
held_out,holdout,direct_only,R,95,4,T5d_R,8,12.0,7
held_out,holdout,direct_only,R,95,4,DNa02_R,8,0.0,0
held_out,holdout,original,L,40,1,L1_L,8,0.875,2
held_out,holdout,original,L,40,1,Mi1_L,8,5.625,4
held_out,holdout,original,L,40,1,Tm3_L,8,20.875,6
held_out,holdout,original,L,40,1,T4a_L,8,0.875,5
held_out,holdout,original,L,40,1,T4b_L,8,5.5,3
held_out,holdout,original,L,40,1,T4c_L,8,5.75,5
held_out,holdout,original,L,40,1,T4d_L,8,7.125,5
held_out,holdout,original,L,40,1,T5a_L,8,-4.875,4
held_out,holdout,original,L,40,1,T5b_L,8,1.125,4
held_out,holdout,original,L,40,1,T5c_L,8,-5.5,3
held_out,holdout,original,L,40,1,T5d_L,8,-12.0,3
held_out,holdout,original,L,40,1,DNa02_L,8,0.0,0
held_out,holdout,original,L,40,1,L1_R,8,3.625,4
held_out,holdout,original,L,40,1,Mi1_R,8,3.875,5
held_out,holdout,original,L,40,1,Tm3_R,8,12.25,4
held_out,holdout,original,L,40,1,T4a_R,8,-5.5,3
held_out,holdout,original,L,40,1,T4b_R,8,-2.5,2
held_out,holdout,original,L,40,1,T4c_R,8,-1.875,1
held_out,holdout,original,L,40,1,T4d_R,8,-1.75,1
held_out,holdout,original,L,40,1,T5a_R,8,-4.5,4
held_out,holdout,original,L,40,1,T5b_R,8,-9.5,3
held_out,holdout,original,L,40,1,T5c_R,8,-9.5,4
held_out,holdout,original,L,40,1,T5d_R,8,-0.625,5
held_out,holdout,original,L,40,1,DNa02_R,8,0.0,0
held_out,holdout,original,L,40,2,L1_L,8,3.375,4
held_out,holdout,original,L,40,2,Mi1_L,8,-0.75,3
held_out,holdout,original,L,40,2,Tm3_L,8,1.875,5
held_out,holdout,original,L,40,2,T4a_L,8,4.375,5
held_out,holdout,original,L,40,2,T4b_L,8,3.75,4
held_out,holdout,original,L,40,2,T4c_L,8,1.375,2
held_out,holdout,original,L,40,2,T4d_L,8,3.0,4
held_out,holdout,original,L,40,2,T5a_L,8,6.625,5
held_out,holdout,original,L,40,2,T5b_L,8,15.5,6
held_out,holdout,original,L,40,2,T5c_L,8,18.25,7
held_out,holdout,original,L,40,2,T5d_L,8,12.125,5
held_out,holdout,original,L,40,2,DNa02_L,8,0.0,0
held_out,holdout,original,L,40,2,L1_R,8,-0.75,4
held_out,holdout,original,L,40,2,Mi1_R,8,-0.75,2
held_out,holdout,original,L,40,2,Tm3_R,8,-0.125,3
held_out,holdout,original,L,40,2,T4a_R,8,6.625,3
held_out,holdout,original,L,40,2,T4b_R,8,1.625,3
held_out,holdout,original,L,40,2,T4c_R,8,-5.75,2
held_out,holdout,original,L,40,2,T4d_R,8,2.5,2
held_out,holdout,original,L,40,2,T5a_R,8,7.0,4
held_out,holdout,original,L,40,2,T5b_R,8,-5.5,3
held_out,holdout,original,L,40,2,T5c_R,8,-0.875,3
held_out,holdout,original,L,40,2,T5d_R,8,3.0,4
held_out,holdout,original,L,40,2,DNa02_R,8,0.0,0
held_out,holdout,original,L,40,4,L1_L,8,2.625,5
held_out,holdout,original,L,40,4,Mi1_L,8,1.25,5
held_out,holdout,original,L,40,4,Tm3_L,8,6.0,5
held_out,holdout,original,L,40,4,T4a_L,8,3.25,4
held_out,holdout,original,L,40,4,T4b_L,8,1.75,4
held_out,holdout,original,L,40,4,T4c_L,8,3.0,6
held_out,holdout,original,L,40,4,T4d_L,8,-0.125,4
held_out,holdout,original,L,40,4,T5a_L,8,-1.875,1
held_out,holdout,original,L,40,4,T5b_L,8,-7.75,4
held_out,holdout,original,L,40,4,T5c_L,8,-2.375,2
held_out,holdout,original,L,40,4,T5d_L,8,-15.125,2
held_out,holdout,original,L,40,4,DNa02_L,8,0.0,0
held_out,holdout,original,L,40,4,L1_R,8,2.5,4
held_out,holdout,original,L,40,4,Mi1_R,8,3.375,5
held_out,holdout,original,L,40,4,Tm3_R,8,8.75,5
held_out,holdout,original,L,40,4,T4a_R,8,4.0,5
held_out,holdout,original,L,40,4,T4b_R,8,4.25,4
held_out,holdout,original,L,40,4,T4c_R,8,2.0,5
held_out,holdout,original,L,40,4,T4d_R,8,5.75,4
held_out,holdout,original,L,40,4,T5a_R,8,15.875,5
held_out,holdout,original,L,40,4,T5b_R,8,4.875,5
held_out,holdout,original,L,40,4,T5c_R,8,14.625,6
held_out,holdout,original,L,40,4,T5d_R,8,10.5,5
held_out,holdout,original,L,40,4,DNa02_R,8,0.0,0
held_out,holdout,original,L,95,1,L1_L,8,7.0,7
held_out,holdout,original,L,95,1,Mi1_L,8,3.375,6
held_out,holdout,original,L,95,1,Tm3_L,8,2.375,4
held_out,holdout,original,L,95,1,T4a_L,8,0.0,5
held_out,holdout,original,L,95,1,T4b_L,8,-12.125,2
held_out,holdout,original,L,95,1,T4c_L,8,-3.375,4
held_out,holdout,original,L,95,1,T4d_L,8,-0.125,5
held_out,holdout,original,L,95,1,T5a_L,8,1.75,5
held_out,holdout,original,L,95,1,T5b_L,8,-6.0,4
held_out,holdout,original,L,95,1,T5c_L,8,0.5,5
held_out,holdout,original,L,95,1,T5d_L,8,2.875,5
held_out,holdout,original,L,95,1,DNa02_L,8,0.125,1
held_out,holdout,original,L,95,1,L1_R,8,-1.75,4
held_out,holdout,original,L,95,1,Mi1_R,8,-2.0,4
held_out,holdout,original,L,95,1,Tm3_R,8,4.625,4
held_out,holdout,original,L,95,1,T4a_R,8,1.0,5
held_out,holdout,original,L,95,1,T4b_R,8,-2.125,2
held_out,holdout,original,L,95,1,T4c_R,8,-1.0,4
held_out,holdout,original,L,95,1,T4d_R,8,2.625,5
held_out,holdout,original,L,95,1,T5a_R,8,12.0,4
held_out,holdout,original,L,95,1,T5b_R,8,3.875,5
held_out,holdout,original,L,95,1,T5c_R,8,15.125,4
held_out,holdout,original,L,95,1,T5d_R,8,16.125,5
held_out,holdout,original,L,95,1,DNa02_R,8,0.125,1
held_out,holdout,original,L,95,2,L1_L,8,-5.125,1
held_out,holdout,original,L,95,2,Mi1_L,8,-1.375,4
held_out,holdout,original,L,95,2,Tm3_L,8,-10.5,2
held_out,holdout,original,L,95,2,T4a_L,8,-9.75,3
held_out,holdout,original,L,95,2,T4b_L,8,-16.5,3
held_out,holdout,original,L,95,2,T4c_L,8,-9.0,3
held_out,holdout,original,L,95,2,T4d_L,8,-18.5,1
held_out,holdout,original,L,95,2,T5a_L,8,-21.25,1
held_out,holdout,original,L,95,2,T5b_L,8,-8.375,4
held_out,holdout,original,L,95,2,T5c_L,8,-24.375,1
held_out,holdout,original,L,95,2,T5d_L,8,-15.75,2
held_out,holdout,original,L,95,2,DNa02_L,8,0.0,0
held_out,holdout,original,L,95,2,L1_R,8,-4.875,1
held_out,holdout,original,L,95,2,Mi1_R,8,-9.125,0
held_out,holdout,original,L,95,2,Tm3_R,8,-17.25,1
held_out,holdout,original,L,95,2,T4a_R,8,-9.5,2
held_out,holdout,original,L,95,2,T4b_R,8,-11.0,2
held_out,holdout,original,L,95,2,T4c_R,8,-15.25,2
held_out,holdout,original,L,95,2,T4d_R,8,-16.125,0
held_out,holdout,original,L,95,2,T5a_R,8,-5.25,3
held_out,holdout,original,L,95,2,T5b_R,8,-10.125,3
held_out,holdout,original,L,95,2,T5c_R,8,-11.375,0
held_out,holdout,original,L,95,2,T5d_R,8,-9.875,2
held_out,holdout,original,L,95,2,DNa02_R,8,0.0,0
held_out,holdout,original,L,95,4,L1_L,8,3.125,4
held_out,holdout,original,L,95,4,Mi1_L,8,1.0,4
held_out,holdout,original,L,95,4,Tm3_L,8,1.5,3
held_out,holdout,original,L,95,4,T4a_L,8,2.5,5
held_out,holdout,original,L,95,4,T4b_L,8,7.125,4
held_out,holdout,original,L,95,4,T4c_L,8,-1.625,5
held_out,holdout,original,L,95,4,T4d_L,8,-1.25,3
held_out,holdout,original,L,95,4,T5a_L,8,-1.75,4
held_out,holdout,original,L,95,4,T5b_L,8,15.125,5
held_out,holdout,original,L,95,4,T5c_L,8,18.75,6
held_out,holdout,original,L,95,4,T5d_L,8,21.125,6
held_out,holdout,original,L,95,4,DNa02_L,8,-0.125,0
held_out,holdout,original,L,95,4,L1_R,8,-2.0,4
held_out,holdout,original,L,95,4,Mi1_R,8,-4.25,3
held_out,holdout,original,L,95,4,Tm3_R,8,-2.375,5
held_out,holdout,original,L,95,4,T4a_R,8,-1.375,3
held_out,holdout,original,L,95,4,T4b_R,8,7.25,4
held_out,holdout,original,L,95,4,T4c_R,8,3.25,4
held_out,holdout,original,L,95,4,T4d_R,8,5.25,5
held_out,holdout,original,L,95,4,T5a_R,8,-2.75,1
held_out,holdout,original,L,95,4,T5b_R,8,10.375,4
held_out,holdout,original,L,95,4,T5c_R,8,2.625,3
held_out,holdout,original,L,95,4,T5d_R,8,4.5,2
held_out,holdout,original,L,95,4,DNa02_R,8,0.0,0
held_out,holdout,original,R,40,1,L1_L,8,3.5,5
held_out,holdout,original,R,40,1,Mi1_L,8,0.5,4
held_out,holdout,original,R,40,1,Tm3_L,8,-0.5,4
held_out,holdout,original,R,40,1,T4a_L,8,8.625,6
held_out,holdout,original,R,40,1,T4b_L,8,5.125,4
held_out,holdout,original,R,40,1,T4c_L,8,3.875,6
held_out,holdout,original,R,40,1,T4d_L,8,7.25,5
held_out,holdout,original,R,40,1,T5a_L,8,14.75,4
held_out,holdout,original,R,40,1,T5b_L,8,20.25,5
held_out,holdout,original,R,40,1,T5c_L,8,13.0,4
held_out,holdout,original,R,40,1,T5d_L,8,14.25,4
held_out,holdout,original,R,40,1,DNa02_L,8,0.125,1
held_out,holdout,original,R,40,1,L1_R,8,-2.75,2
held_out,holdout,original,R,40,1,Mi1_R,8,-4.75,2
held_out,holdout,original,R,40,1,Tm3_R,8,-16.375,4
held_out,holdout,original,R,40,1,T4a_R,8,-7.875,2
held_out,holdout,original,R,40,1,T4b_R,8,12.0,4
held_out,holdout,original,R,40,1,T4c_R,8,1.875,4
held_out,holdout,original,R,40,1,T4d_R,8,3.875,6
held_out,holdout,original,R,40,1,T5a_R,8,14.0,4
held_out,holdout,original,R,40,1,T5b_R,8,32.125,5
held_out,holdout,original,R,40,1,T5c_R,8,19.0,4
held_out,holdout,original,R,40,1,T5d_R,8,14.5,3
held_out,holdout,original,R,40,1,DNa02_R,8,0.0,0
held_out,holdout,original,R,40,2,L1_L,8,0.5,5
held_out,holdout,original,R,40,2,Mi1_L,8,1.875,4
held_out,holdout,original,R,40,2,Tm3_L,8,9.75,5
held_out,holdout,original,R,40,2,T4a_L,8,-9.375,3
held_out,holdout,original,R,40,2,T4b_L,8,-15.625,3
held_out,holdout,original,R,40,2,T4c_L,8,-13.125,4
held_out,holdout,original,R,40,2,T4d_L,8,-11.375,4
held_out,holdout,original,R,40,2,T5a_L,8,-35.125,3
held_out,holdout,original,R,40,2,T5b_L,8,-25.375,3
held_out,holdout,original,R,40,2,T5c_L,8,-28.375,2
held_out,holdout,original,R,40,2,T5d_L,8,-32.25,2
held_out,holdout,original,R,40,2,DNa02_L,8,0.0,0
held_out,holdout,original,R,40,2,L1_R,8,0.625,5
held_out,holdout,original,R,40,2,Mi1_R,8,8.625,8
held_out,holdout,original,R,40,2,Tm3_R,8,27.25,6
held_out,holdout,original,R,40,2,T4a_R,8,0.125,3
held_out,holdout,original,R,40,2,T4b_R,8,11.5,6
held_out,holdout,original,R,40,2,T4c_R,8,7.875,4
held_out,holdout,original,R,40,2,T4d_R,8,3.375,4
held_out,holdout,original,R,40,2,T5a_R,8,-25.25,2
held_out,holdout,original,R,40,2,T5b_R,8,-21.125,4
held_out,holdout,original,R,40,2,T5c_R,8,-27.625,2
held_out,holdout,original,R,40,2,T5d_R,8,-23.75,3
held_out,holdout,original,R,40,2,DNa02_R,8,0.0,0
held_out,holdout,original,R,40,4,L1_L,8,1.25,5
held_out,holdout,original,R,40,4,Mi1_L,8,4.25,6
held_out,holdout,original,R,40,4,Tm3_L,8,3.875,3
held_out,holdout,original,R,40,4,T4a_L,8,4.375,5
held_out,holdout,original,R,40,4,T4b_L,8,-1.875,4
held_out,holdout,original,R,40,4,T4c_L,8,0.875,5
held_out,holdout,original,R,40,4,T4d_L,8,1.25,3
held_out,holdout,original,R,40,4,T5a_L,8,-8.25,4
held_out,holdout,original,R,40,4,T5b_L,8,-15.25,3
held_out,holdout,original,R,40,4,T5c_L,8,-16.375,3
held_out,holdout,original,R,40,4,T5d_L,8,-14.0,3
held_out,holdout,original,R,40,4,DNa02_L,8,-0.125,0
held_out,holdout,original,R,40,4,L1_R,8,-3.75,2
held_out,holdout,original,R,40,4,Mi1_R,8,1.75,4
held_out,holdout,original,R,40,4,Tm3_R,8,4.75,4
held_out,holdout,original,R,40,4,T4a_R,8,9.125,5
held_out,holdout,original,R,40,4,T4b_R,8,2.125,5
held_out,holdout,original,R,40,4,T4c_R,8,5.125,4
held_out,holdout,original,R,40,4,T4d_R,8,6.625,5
held_out,holdout,original,R,40,4,T5a_R,8,4.625,5
held_out,holdout,original,R,40,4,T5b_R,8,-7.625,4
held_out,holdout,original,R,40,4,T5c_R,8,-4.0,5
held_out,holdout,original,R,40,4,T5d_R,8,8.5,5
held_out,holdout,original,R,40,4,DNa02_R,8,0.0,0
held_out,holdout,original,R,95,1,L1_L,8,6.5,5
held_out,holdout,original,R,95,1,Mi1_L,8,-1.25,3
held_out,holdout,original,R,95,1,Tm3_L,8,3.375,4
held_out,holdout,original,R,95,1,T4a_L,8,-4.875,2
held_out,holdout,original,R,95,1,T4b_L,8,-9.0,3
held_out,holdout,original,R,95,1,T4c_L,8,-2.5,4
held_out,holdout,original,R,95,1,T4d_L,8,-9.0,2
held_out,holdout,original,R,95,1,T5a_L,8,-11.875,4
held_out,holdout,original,R,95,1,T5b_L,8,-22.125,2
held_out,holdout,original,R,95,1,T5c_L,8,-17.875,3
held_out,holdout,original,R,95,1,T5d_L,8,-19.125,2
held_out,holdout,original,R,95,1,DNa02_L,8,0.125,1
held_out,holdout,original,R,95,1,L1_R,8,-3.625,3
held_out,holdout,original,R,95,1,Mi1_R,8,-1.5,4
held_out,holdout,original,R,95,1,Tm3_R,8,2.5,4
held_out,holdout,original,R,95,1,T4a_R,8,-2.125,3
held_out,holdout,original,R,95,1,T4b_R,8,7.25,5
held_out,holdout,original,R,95,1,T4c_R,8,-2.375,5
held_out,holdout,original,R,95,1,T4d_R,8,1.625,6
held_out,holdout,original,R,95,1,T5a_R,8,-1.5,4
held_out,holdout,original,R,95,1,T5b_R,8,-5.875,2
held_out,holdout,original,R,95,1,T5c_R,8,-9.875,3
held_out,holdout,original,R,95,1,T5d_R,8,-8.75,1
held_out,holdout,original,R,95,1,DNa02_R,8,0.125,1
held_out,holdout,original,R,95,2,L1_L,8,1.25,4
held_out,holdout,original,R,95,2,Mi1_L,8,1.875,3
held_out,holdout,original,R,95,2,Tm3_L,8,-1.375,4
held_out,holdout,original,R,95,2,T4a_L,8,5.875,5
held_out,holdout,original,R,95,2,T4b_L,8,1.375,5
held_out,holdout,original,R,95,2,T4c_L,8,6.375,5
held_out,holdout,original,R,95,2,T4d_L,8,5.125,5
held_out,holdout,original,R,95,2,T5a_L,8,-6.375,3
held_out,holdout,original,R,95,2,T5b_L,8,-2.125,6
held_out,holdout,original,R,95,2,T5c_L,8,-8.875,5
held_out,holdout,original,R,95,2,T5d_L,8,-1.5,4
held_out,holdout,original,R,95,2,DNa02_L,8,0.125,1
held_out,holdout,original,R,95,2,L1_R,8,-1.125,4
held_out,holdout,original,R,95,2,Mi1_R,8,-2.25,3
held_out,holdout,original,R,95,2,Tm3_R,8,1.0,4
held_out,holdout,original,R,95,2,T4a_R,8,3.625,3
held_out,holdout,original,R,95,2,T4b_R,8,6.5,5
held_out,holdout,original,R,95,2,T4c_R,8,1.875,4
held_out,holdout,original,R,95,2,T4d_R,8,10.5,7
held_out,holdout,original,R,95,2,T5a_R,8,0.0,2
held_out,holdout,original,R,95,2,T5b_R,8,-7.0,2
held_out,holdout,original,R,95,2,T5c_R,8,-0.375,3
held_out,holdout,original,R,95,2,T5d_R,8,4.875,4
held_out,holdout,original,R,95,2,DNa02_R,8,0.125,1
held_out,holdout,original,R,95,4,L1_L,8,12.0,6
held_out,holdout,original,R,95,4,Mi1_L,8,6.75,5
held_out,holdout,original,R,95,4,Tm3_L,8,17.5,6
held_out,holdout,original,R,95,4,T4a_L,8,28.75,6
held_out,holdout,original,R,95,4,T4b_L,8,30.75,6
held_out,holdout,original,R,95,4,T4c_L,8,18.125,5
held_out,holdout,original,R,95,4,T4d_L,8,29.125,6
held_out,holdout,original,R,95,4,T5a_L,8,22.375,6
held_out,holdout,original,R,95,4,T5b_L,8,18.0,6
held_out,holdout,original,R,95,4,T5c_L,8,15.75,4
held_out,holdout,original,R,95,4,T5d_L,8,18.5,4
held_out,holdout,original,R,95,4,DNa02_L,8,-0.25,0
held_out,holdout,original,R,95,4,L1_R,8,3.375,5
held_out,holdout,original,R,95,4,Mi1_R,8,1.75,4
held_out,holdout,original,R,95,4,Tm3_R,8,12.375,5
held_out,holdout,original,R,95,4,T4a_R,8,-0.375,3
held_out,holdout,original,R,95,4,T4b_R,8,-8.875,3
held_out,holdout,original,R,95,4,T4c_R,8,-6.0,3
held_out,holdout,original,R,95,4,T4d_R,8,-2.375,5
held_out,holdout,original,R,95,4,T5a_R,8,-11.125,3
held_out,holdout,original,R,95,4,T5b_R,8,-22.375,2
held_out,holdout,original,R,95,4,T5c_R,8,-9.625,3
held_out,holdout,original,R,95,4,T5d_R,8,-16.5,5
held_out,holdout,original,R,95,4,DNa02_R,8,0.125,1
held_out,holdout,shuffle_801,L,40,1,L1_L,8,-1.5,3
held_out,holdout,shuffle_801,L,40,1,Mi1_L,8,3.5,5
held_out,holdout,shuffle_801,L,40,1,Tm3_L,8,11.625,5
held_out,holdout,shuffle_801,L,40,1,T4a_L,8,0.875,4
held_out,holdout,shuffle_801,L,40,1,T4b_L,8,7.375,4
held_out,holdout,shuffle_801,L,40,1,T4c_L,8,8.0,5
held_out,holdout,shuffle_801,L,40,1,T4d_L,8,9.875,6
held_out,holdout,shuffle_801,L,40,1,T5a_L,8,-1.75,5
held_out,holdout,shuffle_801,L,40,1,T5b_L,8,4.875,5
held_out,holdout,shuffle_801,L,40,1,T5c_L,8,-0.375,4
held_out,holdout,shuffle_801,L,40,1,T5d_L,8,-4.125,3
held_out,holdout,shuffle_801,L,40,1,DNa02_L,8,0.0,0
held_out,holdout,shuffle_801,L,40,1,L1_R,8,-2.75,3
held_out,holdout,shuffle_801,L,40,1,Mi1_R,8,-1.75,2
held_out,holdout,shuffle_801,L,40,1,Tm3_R,8,0.625,3
held_out,holdout,shuffle_801,L,40,1,T4a_R,8,-7.75,1
held_out,holdout,shuffle_801,L,40,1,T4b_R,8,-6.75,1
held_out,holdout,shuffle_801,L,40,1,T4c_R,8,-9.125,2
held_out,holdout,shuffle_801,L,40,1,T4d_R,8,-8.125,1
held_out,holdout,shuffle_801,L,40,1,T5a_R,8,1.25,6
held_out,holdout,shuffle_801,L,40,1,T5b_R,8,-4.375,3
held_out,holdout,shuffle_801,L,40,1,T5c_R,8,-7.0,4
held_out,holdout,shuffle_801,L,40,1,T5d_R,8,-1.125,6
held_out,holdout,shuffle_801,L,40,1,DNa02_R,8,0.0,0
held_out,holdout,shuffle_801,L,40,2,L1_L,8,7.875,6
held_out,holdout,shuffle_801,L,40,2,Mi1_L,8,4.25,4
held_out,holdout,shuffle_801,L,40,2,Tm3_L,8,13.625,5
held_out,holdout,shuffle_801,L,40,2,T4a_L,8,13.5,6
held_out,holdout,shuffle_801,L,40,2,T4b_L,8,19.375,7
held_out,holdout,shuffle_801,L,40,2,T4c_L,8,17.5,6
held_out,holdout,shuffle_801,L,40,2,T4d_L,8,10.875,5
held_out,holdout,shuffle_801,L,40,2,T5a_L,8,-0.375,4
held_out,holdout,shuffle_801,L,40,2,T5b_L,8,4.625,5
held_out,holdout,shuffle_801,L,40,2,T5c_L,8,10.125,5
held_out,holdout,shuffle_801,L,40,2,T5d_L,8,6.5,6
held_out,holdout,shuffle_801,L,40,2,DNa02_L,8,0.0,0
held_out,holdout,shuffle_801,L,40,2,L1_R,8,-1.125,4
held_out,holdout,shuffle_801,L,40,2,Mi1_R,8,1.125,5
held_out,holdout,shuffle_801,L,40,2,Tm3_R,8,3.0,4
held_out,holdout,shuffle_801,L,40,2,T4a_R,8,9.0,6
held_out,holdout,shuffle_801,L,40,2,T4b_R,8,7.625,5
held_out,holdout,shuffle_801,L,40,2,T4c_R,8,-3.875,2
held_out,holdout,shuffle_801,L,40,2,T4d_R,8,2.0,5
held_out,holdout,shuffle_801,L,40,2,T5a_R,8,14.25,5
held_out,holdout,shuffle_801,L,40,2,T5b_R,8,-2.625,3
held_out,holdout,shuffle_801,L,40,2,T5c_R,8,0.875,4
held_out,holdout,shuffle_801,L,40,2,T5d_R,8,6.5,5
held_out,holdout,shuffle_801,L,40,2,DNa02_R,8,-0.125,0
held_out,holdout,shuffle_801,L,40,4,L1_L,8,3.5,4
held_out,holdout,shuffle_801,L,40,4,Mi1_L,8,0.375,4
held_out,holdout,shuffle_801,L,40,4,Tm3_L,8,2.375,3
held_out,holdout,shuffle_801,L,40,4,T4a_L,8,7.0,5
held_out,holdout,shuffle_801,L,40,4,T4b_L,8,4.375,4
held_out,holdout,shuffle_801,L,40,4,T4c_L,8,2.875,3
held_out,holdout,shuffle_801,L,40,4,T4d_L,8,0.5,4
held_out,holdout,shuffle_801,L,40,4,T5a_L,8,-3.625,2
held_out,holdout,shuffle_801,L,40,4,T5b_L,8,-9.125,3
held_out,holdout,shuffle_801,L,40,4,T5c_L,8,1.5,3
held_out,holdout,shuffle_801,L,40,4,T5d_L,8,-7.0,2
held_out,holdout,shuffle_801,L,40,4,DNa02_L,8,0.0,1
held_out,holdout,shuffle_801,L,40,4,L1_R,8,5.875,6
held_out,holdout,shuffle_801,L,40,4,Mi1_R,8,4.875,7
held_out,holdout,shuffle_801,L,40,4,Tm3_R,8,2.75,5
held_out,holdout,shuffle_801,L,40,4,T4a_R,8,12.25,6
held_out,holdout,shuffle_801,L,40,4,T4b_R,8,17.75,7
held_out,holdout,shuffle_801,L,40,4,T4c_R,8,3.25,6
held_out,holdout,shuffle_801,L,40,4,T4d_R,8,4.625,5
held_out,holdout,shuffle_801,L,40,4,T5a_R,8,14.125,5
held_out,holdout,shuffle_801,L,40,4,T5b_R,8,18.75,5
held_out,holdout,shuffle_801,L,40,4,T5c_R,8,12.875,6
held_out,holdout,shuffle_801,L,40,4,T5d_R,8,10.375,6
held_out,holdout,shuffle_801,L,40,4,DNa02_R,8,-0.125,0
held_out,holdout,shuffle_801,L,95,1,L1_L,8,2.25,3
held_out,holdout,shuffle_801,L,95,1,Mi1_L,8,0.0,4
held_out,holdout,shuffle_801,L,95,1,Tm3_L,8,-16.5,1
held_out,holdout,shuffle_801,L,95,1,T4a_L,8,-9.125,4
held_out,holdout,shuffle_801,L,95,1,T4b_L,8,-14.375,3
held_out,holdout,shuffle_801,L,95,1,T4c_L,8,-7.25,3
held_out,holdout,shuffle_801,L,95,1,T4d_L,8,-8.375,2
held_out,holdout,shuffle_801,L,95,1,T5a_L,8,2.125,4
held_out,holdout,shuffle_801,L,95,1,T5b_L,8,5.5,3
held_out,holdout,shuffle_801,L,95,1,T5c_L,8,1.125,4
held_out,holdout,shuffle_801,L,95,1,T5d_L,8,5.0,4
held_out,holdout,shuffle_801,L,95,1,DNa02_L,8,0.25,2
held_out,holdout,shuffle_801,L,95,1,L1_R,8,-6.25,2
held_out,holdout,shuffle_801,L,95,1,Mi1_R,8,-4.5,3
held_out,holdout,shuffle_801,L,95,1,Tm3_R,8,-10.75,1
held_out,holdout,shuffle_801,L,95,1,T4a_R,8,7.875,6
held_out,holdout,shuffle_801,L,95,1,T4b_R,8,0.0,4
held_out,holdout,shuffle_801,L,95,1,T4c_R,8,1.0,5
held_out,holdout,shuffle_801,L,95,1,T4d_R,8,-0.75,3
held_out,holdout,shuffle_801,L,95,1,T5a_R,8,23.5,4
held_out,holdout,shuffle_801,L,95,1,T5b_R,8,12.875,4
held_out,holdout,shuffle_801,L,95,1,T5c_R,8,20.5,5
held_out,holdout,shuffle_801,L,95,1,T5d_R,8,20.375,4
held_out,holdout,shuffle_801,L,95,1,DNa02_R,8,0.0,0
held_out,holdout,shuffle_801,L,95,2,L1_L,8,-11.25,0
held_out,holdout,shuffle_801,L,95,2,Mi1_L,8,-6.125,3
held_out,holdout,shuffle_801,L,95,2,Tm3_L,8,-23.5,2
held_out,holdout,shuffle_801,L,95,2,T4a_L,8,-13.0,1
held_out,holdout,shuffle_801,L,95,2,T4b_L,8,-11.5,3
held_out,holdout,shuffle_801,L,95,2,T4c_L,8,-13.625,3
held_out,holdout,shuffle_801,L,95,2,T4d_L,8,-16.5,2
held_out,holdout,shuffle_801,L,95,2,T5a_L,8,-19.75,3
held_out,holdout,shuffle_801,L,95,2,T5b_L,8,-5.75,3
held_out,holdout,shuffle_801,L,95,2,T5c_L,8,-17.625,2
held_out,holdout,shuffle_801,L,95,2,T5d_L,8,-9.125,2
held_out,holdout,shuffle_801,L,95,2,DNa02_L,8,0.0,0
held_out,holdout,shuffle_801,L,95,2,L1_R,8,-3.625,3
held_out,holdout,shuffle_801,L,95,2,Mi1_R,8,-4.5,2
held_out,holdout,shuffle_801,L,95,2,Tm3_R,8,-19.5,1
held_out,holdout,shuffle_801,L,95,2,T4a_R,8,-13.25,4
held_out,holdout,shuffle_801,L,95,2,T4b_R,8,-18.875,1
held_out,holdout,shuffle_801,L,95,2,T4c_R,8,-9.625,3
held_out,holdout,shuffle_801,L,95,2,T4d_R,8,-15.75,1
held_out,holdout,shuffle_801,L,95,2,T5a_R,8,-8.25,2
held_out,holdout,shuffle_801,L,95,2,T5b_R,8,-16.875,4
held_out,holdout,shuffle_801,L,95,2,T5c_R,8,-11.0,2
held_out,holdout,shuffle_801,L,95,2,T5d_R,8,-13.25,3
held_out,holdout,shuffle_801,L,95,2,DNa02_R,8,0.0,0
held_out,holdout,shuffle_801,L,95,4,L1_L,8,5.5,5
held_out,holdout,shuffle_801,L,95,4,Mi1_L,8,5.25,6
held_out,holdout,shuffle_801,L,95,4,Tm3_L,8,7.5,4
held_out,holdout,shuffle_801,L,95,4,T4a_L,8,-17.75,3
held_out,holdout,shuffle_801,L,95,4,T4b_L,8,-17.5,2
held_out,holdout,shuffle_801,L,95,4,T4c_L,8,-13.5,2
held_out,holdout,shuffle_801,L,95,4,T4d_L,8,-18.625,0
held_out,holdout,shuffle_801,L,95,4,T5a_L,8,-31.75,3
held_out,holdout,shuffle_801,L,95,4,T5b_L,8,-16.625,1
held_out,holdout,shuffle_801,L,95,4,T5c_L,8,-13.375,2
held_out,holdout,shuffle_801,L,95,4,T5d_L,8,-16.875,3
held_out,holdout,shuffle_801,L,95,4,DNa02_L,8,-0.125,0
held_out,holdout,shuffle_801,L,95,4,L1_R,8,-0.5,4
held_out,holdout,shuffle_801,L,95,4,Mi1_R,8,1.375,5
held_out,holdout,shuffle_801,L,95,4,Tm3_R,8,2.875,5
held_out,holdout,shuffle_801,L,95,4,T4a_R,8,11.875,5
held_out,holdout,shuffle_801,L,95,4,T4b_R,8,22.5,7
held_out,holdout,shuffle_801,L,95,4,T4c_R,8,8.625,4
held_out,holdout,shuffle_801,L,95,4,T4d_R,8,18.875,6
held_out,holdout,shuffle_801,L,95,4,T5a_R,8,11.375,2
held_out,holdout,shuffle_801,L,95,4,T5b_R,8,23.875,5
held_out,holdout,shuffle_801,L,95,4,T5c_R,8,12.625,4
held_out,holdout,shuffle_801,L,95,4,T5d_R,8,19.5,4
held_out,holdout,shuffle_801,L,95,4,DNa02_R,8,0.0,0
held_out,holdout,shuffle_801,R,40,1,L1_L,8,4.875,5
held_out,holdout,shuffle_801,R,40,1,Mi1_L,8,2.75,4
held_out,holdout,shuffle_801,R,40,1,Tm3_L,8,2.75,5
held_out,holdout,shuffle_801,R,40,1,T4a_L,8,6.875,5
held_out,holdout,shuffle_801,R,40,1,T4b_L,8,6.375,6
held_out,holdout,shuffle_801,R,40,1,T4c_L,8,5.125,6
held_out,holdout,shuffle_801,R,40,1,T4d_L,8,5.25,6
held_out,holdout,shuffle_801,R,40,1,T5a_L,8,7.125,4
held_out,holdout,shuffle_801,R,40,1,T5b_L,8,17.625,7
held_out,holdout,shuffle_801,R,40,1,T5c_L,8,4.625,5
held_out,holdout,shuffle_801,R,40,1,T5d_L,8,8.875,5
held_out,holdout,shuffle_801,R,40,1,DNa02_L,8,0.0,0
held_out,holdout,shuffle_801,R,40,1,L1_R,8,-5.0,1
held_out,holdout,shuffle_801,R,40,1,Mi1_R,8,-0.875,4
held_out,holdout,shuffle_801,R,40,1,Tm3_R,8,1.75,5
held_out,holdout,shuffle_801,R,40,1,T4a_R,8,0.5,4
held_out,holdout,shuffle_801,R,40,1,T4b_R,8,22.25,7
held_out,holdout,shuffle_801,R,40,1,T4c_R,8,9.25,6
held_out,holdout,shuffle_801,R,40,1,T4d_R,8,7.75,6
held_out,holdout,shuffle_801,R,40,1,T5a_R,8,11.25,4
held_out,holdout,shuffle_801,R,40,1,T5b_R,8,24.75,6
held_out,holdout,shuffle_801,R,40,1,T5c_R,8,16.0,5
held_out,holdout,shuffle_801,R,40,1,T5d_R,8,17.0,4
held_out,holdout,shuffle_801,R,40,1,DNa02_R,8,0.0,0
held_out,holdout,shuffle_801,R,40,2,L1_L,8,-0.125,5
held_out,holdout,shuffle_801,R,40,2,Mi1_L,8,-0.5,4
held_out,holdout,shuffle_801,R,40,2,Tm3_L,8,4.625,5
held_out,holdout,shuffle_801,R,40,2,T4a_L,8,-5.25,5
held_out,holdout,shuffle_801,R,40,2,T4b_L,8,-8.625,4
held_out,holdout,shuffle_801,R,40,2,T4c_L,8,-4.625,4
held_out,holdout,shuffle_801,R,40,2,T4d_L,8,-5.375,3
held_out,holdout,shuffle_801,R,40,2,T5a_L,8,-24.5,2
held_out,holdout,shuffle_801,R,40,2,T5b_L,8,-19.0,5
held_out,holdout,shuffle_801,R,40,2,T5c_L,8,-17.25,4
held_out,holdout,shuffle_801,R,40,2,T5d_L,8,-16.0,3
held_out,holdout,shuffle_801,R,40,2,DNa02_L,8,0.0,0
held_out,holdout,shuffle_801,R,40,2,L1_R,8,-1.125,4
held_out,holdout,shuffle_801,R,40,2,Mi1_R,8,6.125,5
held_out,holdout,shuffle_801,R,40,2,Tm3_R,8,22.25,6
held_out,holdout,shuffle_801,R,40,2,T4a_R,8,-5.375,3
held_out,holdout,shuffle_801,R,40,2,T4b_R,8,4.875,4
held_out,holdout,shuffle_801,R,40,2,T4c_R,8,1.75,4
held_out,holdout,shuffle_801,R,40,2,T4d_R,8,-3.5,3
held_out,holdout,shuffle_801,R,40,2,T5a_R,8,-19.875,4
held_out,holdout,shuffle_801,R,40,2,T5b_R,8,-21.25,3
held_out,holdout,shuffle_801,R,40,2,T5c_R,8,-32.0,2
held_out,holdout,shuffle_801,R,40,2,T5d_R,8,-26.375,4
held_out,holdout,shuffle_801,R,40,2,DNa02_R,8,0.0,0
held_out,holdout,shuffle_801,R,40,4,L1_L,8,-2.875,2
held_out,holdout,shuffle_801,R,40,4,Mi1_L,8,0.375,5
held_out,holdout,shuffle_801,R,40,4,Tm3_L,8,0.125,3
held_out,holdout,shuffle_801,R,40,4,T4a_L,8,4.0,5
held_out,holdout,shuffle_801,R,40,4,T4b_L,8,9.75,5
held_out,holdout,shuffle_801,R,40,4,T4c_L,8,4.25,6
held_out,holdout,shuffle_801,R,40,4,T4d_L,8,4.75,5
held_out,holdout,shuffle_801,R,40,4,T5a_L,8,-2.75,4
held_out,holdout,shuffle_801,R,40,4,T5b_L,8,3.25,5
held_out,holdout,shuffle_801,R,40,4,T5c_L,8,1.25,4
held_out,holdout,shuffle_801,R,40,4,T5d_L,8,3.0,4
held_out,holdout,shuffle_801,R,40,4,DNa02_L,8,-0.125,0
held_out,holdout,shuffle_801,R,40,4,L1_R,8,-2.875,4
held_out,holdout,shuffle_801,R,40,4,Mi1_R,8,1.0,6
held_out,holdout,shuffle_801,R,40,4,Tm3_R,8,1.625,4
held_out,holdout,shuffle_801,R,40,4,T4a_R,8,0.875,5
held_out,holdout,shuffle_801,R,40,4,T4b_R,8,-8.5,3
held_out,holdout,shuffle_801,R,40,4,T4c_R,8,2.0,5
held_out,holdout,shuffle_801,R,40,4,T4d_R,8,3.75,6
held_out,holdout,shuffle_801,R,40,4,T5a_R,8,3.375,4
held_out,holdout,shuffle_801,R,40,4,T5b_R,8,-11.125,3
held_out,holdout,shuffle_801,R,40,4,T5c_R,8,-10.25,2
held_out,holdout,shuffle_801,R,40,4,T5d_R,8,10.75,6
held_out,holdout,shuffle_801,R,40,4,DNa02_R,8,0.0,0
held_out,holdout,shuffle_801,R,95,1,L1_L,8,-5.75,3
held_out,holdout,shuffle_801,R,95,1,Mi1_L,8,-4.5,3
held_out,holdout,shuffle_801,R,95,1,Tm3_L,8,-6.75,4
held_out,holdout,shuffle_801,R,95,1,T4a_L,8,-15.125,3
held_out,holdout,shuffle_801,R,95,1,T4b_L,8,-16.5,3
held_out,holdout,shuffle_801,R,95,1,T4c_L,8,-17.25,3
held_out,holdout,shuffle_801,R,95,1,T4d_L,8,-15.375,3
held_out,holdout,shuffle_801,R,95,1,T5a_L,8,-15.0,3
held_out,holdout,shuffle_801,R,95,1,T5b_L,8,-21.0,3
held_out,holdout,shuffle_801,R,95,1,T5c_L,8,-16.875,4
held_out,holdout,shuffle_801,R,95,1,T5d_L,8,-14.25,3
held_out,holdout,shuffle_801,R,95,1,DNa02_L,8,0.0,0
held_out,holdout,shuffle_801,R,95,1,L1_R,8,-6.375,3
held_out,holdout,shuffle_801,R,95,1,Mi1_R,8,-3.125,1
held_out,holdout,shuffle_801,R,95,1,Tm3_R,8,-15.875,2
held_out,holdout,shuffle_801,R,95,1,T4a_R,8,-0.75,5
held_out,holdout,shuffle_801,R,95,1,T4b_R,8,-0.5,5
held_out,holdout,shuffle_801,R,95,1,T4c_R,8,-13.5,1
held_out,holdout,shuffle_801,R,95,1,T4d_R,8,-2.875,3
held_out,holdout,shuffle_801,R,95,1,T5a_R,8,8.75,2
held_out,holdout,shuffle_801,R,95,1,T5b_R,8,8.25,4
held_out,holdout,shuffle_801,R,95,1,T5c_R,8,6.5,4
held_out,holdout,shuffle_801,R,95,1,T5d_R,8,10.375,4
held_out,holdout,shuffle_801,R,95,1,DNa02_R,8,0.125,1
held_out,holdout,shuffle_801,R,95,2,L1_L,8,3.125,6
held_out,holdout,shuffle_801,R,95,2,Mi1_L,8,-0.875,4
held_out,holdout,shuffle_801,R,95,2,Tm3_L,8,-0.25,4
held_out,holdout,shuffle_801,R,95,2,T4a_L,8,7.125,5
held_out,holdout,shuffle_801,R,95,2,T4b_L,8,1.625,2
held_out,holdout,shuffle_801,R,95,2,T4c_L,8,5.25,6
held_out,holdout,shuffle_801,R,95,2,T4d_L,8,0.625,3
held_out,holdout,shuffle_801,R,95,2,T5a_L,8,9.25,5
held_out,holdout,shuffle_801,R,95,2,T5b_L,8,11.75,5
held_out,holdout,shuffle_801,R,95,2,T5c_L,8,-0.125,5
held_out,holdout,shuffle_801,R,95,2,T5d_L,8,5.375,4
held_out,holdout,shuffle_801,R,95,2,DNa02_L,8,0.125,1
held_out,holdout,shuffle_801,R,95,2,L1_R,8,-2.0,3
held_out,holdout,shuffle_801,R,95,2,Mi1_R,8,-2.0,2
held_out,holdout,shuffle_801,R,95,2,Tm3_R,8,4.25,5
held_out,holdout,shuffle_801,R,95,2,T4a_R,8,8.125,5
held_out,holdout,shuffle_801,R,95,2,T4b_R,8,22.375,6
held_out,holdout,shuffle_801,R,95,2,T4c_R,8,9.75,5
held_out,holdout,shuffle_801,R,95,2,T4d_R,8,21.375,6
held_out,holdout,shuffle_801,R,95,2,T5a_R,8,9.5,3
held_out,holdout,shuffle_801,R,95,2,T5b_R,8,16.125,3
held_out,holdout,shuffle_801,R,95,2,T5c_R,8,10.25,4
held_out,holdout,shuffle_801,R,95,2,T5d_R,8,15.875,4
held_out,holdout,shuffle_801,R,95,2,DNa02_R,8,0.125,1
held_out,holdout,shuffle_801,R,95,4,L1_L,8,2.25,5
held_out,holdout,shuffle_801,R,95,4,Mi1_L,8,-1.0,4
held_out,holdout,shuffle_801,R,95,4,Tm3_L,8,-1.875,4
held_out,holdout,shuffle_801,R,95,4,T4a_L,8,2.25,4
held_out,holdout,shuffle_801,R,95,4,T4b_L,8,8.75,5
held_out,holdout,shuffle_801,R,95,4,T4c_L,8,6.0,5
held_out,holdout,shuffle_801,R,95,4,T4d_L,8,13.0,5
held_out,holdout,shuffle_801,R,95,4,T5a_L,8,22.5,6
held_out,holdout,shuffle_801,R,95,4,T5b_L,8,26.625,6
held_out,holdout,shuffle_801,R,95,4,T5c_L,8,26.125,5
held_out,holdout,shuffle_801,R,95,4,T5d_L,8,21.625,4
held_out,holdout,shuffle_801,R,95,4,DNa02_L,8,-0.25,0
held_out,holdout,shuffle_801,R,95,4,L1_R,8,2.5,5
held_out,holdout,shuffle_801,R,95,4,Mi1_R,8,-2.625,3
held_out,holdout,shuffle_801,R,95,4,Tm3_R,8,-11.0,4
held_out,holdout,shuffle_801,R,95,4,T4a_R,8,-1.375,4
held_out,holdout,shuffle_801,R,95,4,T4b_R,8,-2.0,4
held_out,holdout,shuffle_801,R,95,4,T4c_R,8,-7.25,4
held_out,holdout,shuffle_801,R,95,4,T4d_R,8,-6.125,4
held_out,holdout,shuffle_801,R,95,4,T5a_R,8,4.625,6
held_out,holdout,shuffle_801,R,95,4,T5b_R,8,19.25,5
held_out,holdout,shuffle_801,R,95,4,T5c_R,8,10.0,5
held_out,holdout,shuffle_801,R,95,4,T5d_R,8,5.375,5
held_out,holdout,shuffle_801,R,95,4,DNa02_R,8,0.125,1
held_out,holdout,shuffle_802,L,40,1,L1_L,8,-0.875,3
held_out,holdout,shuffle_802,L,40,1,Mi1_L,8,2.375,3
held_out,holdout,shuffle_802,L,40,1,Tm3_L,8,7.375,5
held_out,holdout,shuffle_802,L,40,1,T4a_L,8,1.0,3
held_out,holdout,shuffle_802,L,40,1,T4b_L,8,3.5,3
held_out,holdout,shuffle_802,L,40,1,T4c_L,8,3.625,4
held_out,holdout,shuffle_802,L,40,1,T4d_L,8,5.0,4
held_out,holdout,shuffle_802,L,40,1,T5a_L,8,2.375,5
held_out,holdout,shuffle_802,L,40,1,T5b_L,8,3.5,4
held_out,holdout,shuffle_802,L,40,1,T5c_L,8,2.75,4
held_out,holdout,shuffle_802,L,40,1,T5d_L,8,-4.0,2
held_out,holdout,shuffle_802,L,40,1,DNa02_L,8,0.0,0
held_out,holdout,shuffle_802,L,40,1,L1_R,8,-5.25,1
held_out,holdout,shuffle_802,L,40,1,Mi1_R,8,-2.25,2
held_out,holdout,shuffle_802,L,40,1,Tm3_R,8,-2.5,4
held_out,holdout,shuffle_802,L,40,1,T4a_R,8,-4.5,2
held_out,holdout,shuffle_802,L,40,1,T4b_R,8,0.0,3
held_out,holdout,shuffle_802,L,40,1,T4c_R,8,-5.75,2
held_out,holdout,shuffle_802,L,40,1,T4d_R,8,-0.5,3
held_out,holdout,shuffle_802,L,40,1,T5a_R,8,5.25,4
held_out,holdout,shuffle_802,L,40,1,T5b_R,8,4.25,3
held_out,holdout,shuffle_802,L,40,1,T5c_R,8,1.375,5
held_out,holdout,shuffle_802,L,40,1,T5d_R,8,8.75,5
held_out,holdout,shuffle_802,L,40,1,DNa02_R,8,0.0,0
held_out,holdout,shuffle_802,L,40,2,L1_L,8,8.25,6
held_out,holdout,shuffle_802,L,40,2,Mi1_L,8,3.75,4
held_out,holdout,shuffle_802,L,40,2,Tm3_L,8,15.125,5
held_out,holdout,shuffle_802,L,40,2,T4a_L,8,19.875,5
held_out,holdout,shuffle_802,L,40,2,T4b_L,8,26.25,5
held_out,holdout,shuffle_802,L,40,2,T4c_L,8,19.25,4
held_out,holdout,shuffle_802,L,40,2,T4d_L,8,15.625,4
held_out,holdout,shuffle_802,L,40,2,T5a_L,8,7.625,5
held_out,holdout,shuffle_802,L,40,2,T5b_L,8,8.5,5
held_out,holdout,shuffle_802,L,40,2,T5c_L,8,19.5,6
held_out,holdout,shuffle_802,L,40,2,T5d_L,8,11.625,4
held_out,holdout,shuffle_802,L,40,2,DNa02_L,8,0.0,0
held_out,holdout,shuffle_802,L,40,2,L1_R,8,-2.25,3
held_out,holdout,shuffle_802,L,40,2,Mi1_R,8,-0.625,4
held_out,holdout,shuffle_802,L,40,2,Tm3_R,8,3.0,4
held_out,holdout,shuffle_802,L,40,2,T4a_R,8,8.75,5
held_out,holdout,shuffle_802,L,40,2,T4b_R,8,8.875,4
held_out,holdout,shuffle_802,L,40,2,T4c_R,8,-4.875,1
held_out,holdout,shuffle_802,L,40,2,T4d_R,8,7.25,5
held_out,holdout,shuffle_802,L,40,2,T5a_R,8,18.25,6
held_out,holdout,shuffle_802,L,40,2,T5b_R,8,-0.375,2
held_out,holdout,shuffle_802,L,40,2,T5c_R,8,8.875,5
held_out,holdout,shuffle_802,L,40,2,T5d_R,8,14.875,7
held_out,holdout,shuffle_802,L,40,2,DNa02_R,8,0.0,0
held_out,holdout,shuffle_802,L,40,4,L1_L,8,3.0,5
held_out,holdout,shuffle_802,L,40,4,Mi1_L,8,-0.625,3
held_out,holdout,shuffle_802,L,40,4,Tm3_L,8,2.375,3
held_out,holdout,shuffle_802,L,40,4,T4a_L,8,-6.5,3
held_out,holdout,shuffle_802,L,40,4,T4b_L,8,-10.25,3
held_out,holdout,shuffle_802,L,40,4,T4c_L,8,-4.25,3
held_out,holdout,shuffle_802,L,40,4,T4d_L,8,-6.75,4
held_out,holdout,shuffle_802,L,40,4,T5a_L,8,-9.375,3
held_out,holdout,shuffle_802,L,40,4,T5b_L,8,-19.125,4
held_out,holdout,shuffle_802,L,40,4,T5c_L,8,-7.375,3
held_out,holdout,shuffle_802,L,40,4,T5d_L,8,-17.125,3
held_out,holdout,shuffle_802,L,40,4,DNa02_L,8,0.0,0
held_out,holdout,shuffle_802,L,40,4,L1_R,8,0.25,3
held_out,holdout,shuffle_802,L,40,4,Mi1_R,8,0.0,4
held_out,holdout,shuffle_802,L,40,4,Tm3_R,8,-5.875,4
held_out,holdout,shuffle_802,L,40,4,T4a_R,8,1.25,3
held_out,holdout,shuffle_802,L,40,4,T4b_R,8,4.5,5
held_out,holdout,shuffle_802,L,40,4,T4c_R,8,1.0,4
held_out,holdout,shuffle_802,L,40,4,T4d_R,8,-0.125,4
held_out,holdout,shuffle_802,L,40,4,T5a_R,8,15.75,7
held_out,holdout,shuffle_802,L,40,4,T5b_R,8,10.875,5
held_out,holdout,shuffle_802,L,40,4,T5c_R,8,13.0,5
held_out,holdout,shuffle_802,L,40,4,T5d_R,8,8.125,4
held_out,holdout,shuffle_802,L,40,4,DNa02_R,8,0.0,0
held_out,holdout,shuffle_802,L,95,1,L1_L,8,0.625,4
held_out,holdout,shuffle_802,L,95,1,Mi1_L,8,-1.625,3
held_out,holdout,shuffle_802,L,95,1,Tm3_L,8,-15.75,2
held_out,holdout,shuffle_802,L,95,1,T4a_L,8,-1.375,4
held_out,holdout,shuffle_802,L,95,1,T4b_L,8,-11.375,3
held_out,holdout,shuffle_802,L,95,1,T4c_L,8,-5.875,4
held_out,holdout,shuffle_802,L,95,1,T4d_L,8,-5.375,3
held_out,holdout,shuffle_802,L,95,1,T5a_L,8,1.875,5
held_out,holdout,shuffle_802,L,95,1,T5b_L,8,-8.0,3
held_out,holdout,shuffle_802,L,95,1,T5c_L,8,-7.0,3
held_out,holdout,shuffle_802,L,95,1,T5d_L,8,4.625,4
held_out,holdout,shuffle_802,L,95,1,DNa02_L,8,0.125,1
held_out,holdout,shuffle_802,L,95,1,L1_R,8,-3.625,4
held_out,holdout,shuffle_802,L,95,1,Mi1_R,8,-6.25,2
held_out,holdout,shuffle_802,L,95,1,Tm3_R,8,-7.125,3
held_out,holdout,shuffle_802,L,95,1,T4a_R,8,-0.5,4
held_out,holdout,shuffle_802,L,95,1,T4b_R,8,-2.375,3
held_out,holdout,shuffle_802,L,95,1,T4c_R,8,-6.0,3
held_out,holdout,shuffle_802,L,95,1,T4d_R,8,-5.0,4
held_out,holdout,shuffle_802,L,95,1,T5a_R,8,-6.375,2
held_out,holdout,shuffle_802,L,95,1,T5b_R,8,-8.25,2
held_out,holdout,shuffle_802,L,95,1,T5c_R,8,-9.5,2
held_out,holdout,shuffle_802,L,95,1,T5d_R,8,-5.25,2
held_out,holdout,shuffle_802,L,95,1,DNa02_R,8,0.125,1
held_out,holdout,shuffle_802,L,95,2,L1_L,8,-5.625,2
held_out,holdout,shuffle_802,L,95,2,Mi1_L,8,-2.25,4
held_out,holdout,shuffle_802,L,95,2,Tm3_L,8,-15.5,3
held_out,holdout,shuffle_802,L,95,2,T4a_L,8,-2.625,3
held_out,holdout,shuffle_802,L,95,2,T4b_L,8,10.0,5
held_out,holdout,shuffle_802,L,95,2,T4c_L,8,-5.25,3
held_out,holdout,shuffle_802,L,95,2,T4d_L,8,-5.625,4
held_out,holdout,shuffle_802,L,95,2,T5a_L,8,11.375,4
held_out,holdout,shuffle_802,L,95,2,T5b_L,8,24.375,5
held_out,holdout,shuffle_802,L,95,2,T5c_L,8,6.875,4
held_out,holdout,shuffle_802,L,95,2,T5d_L,8,20.0,4
held_out,holdout,shuffle_802,L,95,2,DNa02_L,8,0.125,1
held_out,holdout,shuffle_802,L,95,2,L1_R,8,-1.25,3
held_out,holdout,shuffle_802,L,95,2,Mi1_R,8,1.0,6
held_out,holdout,shuffle_802,L,95,2,Tm3_R,8,-9.75,2
held_out,holdout,shuffle_802,L,95,2,T4a_R,8,0.625,3
held_out,holdout,shuffle_802,L,95,2,T4b_R,8,-9.75,3
held_out,holdout,shuffle_802,L,95,2,T4c_R,8,-4.25,2
held_out,holdout,shuffle_802,L,95,2,T4d_R,8,-9.75,3
held_out,holdout,shuffle_802,L,95,2,T5a_R,8,1.375,5
held_out,holdout,shuffle_802,L,95,2,T5b_R,8,-2.875,5
held_out,holdout,shuffle_802,L,95,2,T5c_R,8,-1.375,4
held_out,holdout,shuffle_802,L,95,2,T5d_R,8,-5.0,4
held_out,holdout,shuffle_802,L,95,2,DNa02_R,8,0.0,0
held_out,holdout,shuffle_802,L,95,4,L1_L,8,-2.25,3
held_out,holdout,shuffle_802,L,95,4,Mi1_L,8,-1.0,3
held_out,holdout,shuffle_802,L,95,4,Tm3_L,8,3.125,4
held_out,holdout,shuffle_802,L,95,4,T4a_L,8,-9.25,3
held_out,holdout,shuffle_802,L,95,4,T4b_L,8,0.875,5
held_out,holdout,shuffle_802,L,95,4,T4c_L,8,-9.0,2
held_out,holdout,shuffle_802,L,95,4,T4d_L,8,-9.75,2
held_out,holdout,shuffle_802,L,95,4,T5a_L,8,-17.875,4
held_out,holdout,shuffle_802,L,95,4,T5b_L,8,-5.0,2
held_out,holdout,shuffle_802,L,95,4,T5c_L,8,0.25,6
held_out,holdout,shuffle_802,L,95,4,T5d_L,8,1.0,5
held_out,holdout,shuffle_802,L,95,4,DNa02_L,8,-0.125,0
held_out,holdout,shuffle_802,L,95,4,L1_R,8,-5.375,2
held_out,holdout,shuffle_802,L,95,4,Mi1_R,8,-3.75,3
held_out,holdout,shuffle_802,L,95,4,Tm3_R,8,-3.625,3
held_out,holdout,shuffle_802,L,95,4,T4a_R,8,-9.75,2
held_out,holdout,shuffle_802,L,95,4,T4b_R,8,-1.125,4
held_out,holdout,shuffle_802,L,95,4,T4c_R,8,-4.0,2
held_out,holdout,shuffle_802,L,95,4,T4d_R,8,-5.125,2
held_out,holdout,shuffle_802,L,95,4,T5a_R,8,-3.125,2
held_out,holdout,shuffle_802,L,95,4,T5b_R,8,6.0,5
held_out,holdout,shuffle_802,L,95,4,T5c_R,8,1.25,3
held_out,holdout,shuffle_802,L,95,4,T5d_R,8,4.0,4
held_out,holdout,shuffle_802,L,95,4,DNa02_R,8,0.0,0
held_out,holdout,shuffle_802,R,40,1,L1_L,8,6.375,4
held_out,holdout,shuffle_802,R,40,1,Mi1_L,8,3.25,6
held_out,holdout,shuffle_802,R,40,1,Tm3_L,8,13.125,6
held_out,holdout,shuffle_802,R,40,1,T4a_L,8,3.0,6
held_out,holdout,shuffle_802,R,40,1,T4b_L,8,3.25,5
held_out,holdout,shuffle_802,R,40,1,T4c_L,8,4.875,6
held_out,holdout,shuffle_802,R,40,1,T4d_L,8,5.375,6
held_out,holdout,shuffle_802,R,40,1,T5a_L,8,-2.375,2
held_out,holdout,shuffle_802,R,40,1,T5b_L,8,10.875,4
held_out,holdout,shuffle_802,R,40,1,T5c_L,8,0.375,3
held_out,holdout,shuffle_802,R,40,1,T5d_L,8,-2.125,3
held_out,holdout,shuffle_802,R,40,1,DNa02_L,8,-0.125,0
held_out,holdout,shuffle_802,R,40,1,L1_R,8,-5.125,2
held_out,holdout,shuffle_802,R,40,1,Mi1_R,8,-1.25,4
held_out,holdout,shuffle_802,R,40,1,Tm3_R,8,-4.375,4
held_out,holdout,shuffle_802,R,40,1,T4a_R,8,-6.875,2
held_out,holdout,shuffle_802,R,40,1,T4b_R,8,11.625,4
held_out,holdout,shuffle_802,R,40,1,T4c_R,8,1.125,4
held_out,holdout,shuffle_802,R,40,1,T4d_R,8,4.25,4
held_out,holdout,shuffle_802,R,40,1,T5a_R,8,13.25,5
held_out,holdout,shuffle_802,R,40,1,T5b_R,8,33.875,7
held_out,holdout,shuffle_802,R,40,1,T5c_R,8,17.25,7
held_out,holdout,shuffle_802,R,40,1,T5d_R,8,18.75,4
held_out,holdout,shuffle_802,R,40,1,DNa02_R,8,0.0,0
held_out,holdout,shuffle_802,R,40,2,L1_L,8,-2.375,4
held_out,holdout,shuffle_802,R,40,2,Mi1_L,8,1.0,4
held_out,holdout,shuffle_802,R,40,2,Tm3_L,8,6.0,5
held_out,holdout,shuffle_802,R,40,2,T4a_L,8,-6.125,4
held_out,holdout,shuffle_802,R,40,2,T4b_L,8,1.375,4
held_out,holdout,shuffle_802,R,40,2,T4c_L,8,-3.875,3
held_out,holdout,shuffle_802,R,40,2,T4d_L,8,-3.25,3
held_out,holdout,shuffle_802,R,40,2,T5a_L,8,-17.5,1
held_out,holdout,shuffle_802,R,40,2,T5b_L,8,2.5,4
held_out,holdout,shuffle_802,R,40,2,T5c_L,8,-3.375,5
held_out,holdout,shuffle_802,R,40,2,T5d_L,8,-3.125,4
held_out,holdout,shuffle_802,R,40,2,DNa02_L,8,0.0,0
held_out,holdout,shuffle_802,R,40,2,L1_R,8,-0.5,4
held_out,holdout,shuffle_802,R,40,2,Mi1_R,8,5.125,6
held_out,holdout,shuffle_802,R,40,2,Tm3_R,8,20.75,6
held_out,holdout,shuffle_802,R,40,2,T4a_R,8,1.875,4
held_out,holdout,shuffle_802,R,40,2,T4b_R,8,4.875,3
held_out,holdout,shuffle_802,R,40,2,T4c_R,8,2.25,5
held_out,holdout,shuffle_802,R,40,2,T4d_R,8,1.75,5
held_out,holdout,shuffle_802,R,40,2,T5a_R,8,-13.0,4
held_out,holdout,shuffle_802,R,40,2,T5b_R,8,-14.125,4
held_out,holdout,shuffle_802,R,40,2,T5c_R,8,-20.75,4
held_out,holdout,shuffle_802,R,40,2,T5d_R,8,-15.375,3
held_out,holdout,shuffle_802,R,40,2,DNa02_R,8,0.0,0
held_out,holdout,shuffle_802,R,40,4,L1_L,8,-1.125,3
held_out,holdout,shuffle_802,R,40,4,Mi1_L,8,1.125,4
held_out,holdout,shuffle_802,R,40,4,Tm3_L,8,-6.125,0
held_out,holdout,shuffle_802,R,40,4,T4a_L,8,2.5,4
held_out,holdout,shuffle_802,R,40,4,T4b_L,8,-3.5,2
held_out,holdout,shuffle_802,R,40,4,T4c_L,8,0.75,4
held_out,holdout,shuffle_802,R,40,4,T4d_L,8,0.25,3
held_out,holdout,shuffle_802,R,40,4,T5a_L,8,-2.25,3
held_out,holdout,shuffle_802,R,40,4,T5b_L,8,-3.875,4
held_out,holdout,shuffle_802,R,40,4,T5c_L,8,-7.375,3
held_out,holdout,shuffle_802,R,40,4,T5d_L,8,-12.0,2
held_out,holdout,shuffle_802,R,40,4,DNa02_L,8,0.0,0
held_out,holdout,shuffle_802,R,40,4,L1_R,8,-3.5,2
held_out,holdout,shuffle_802,R,40,4,Mi1_R,8,-2.25,3
held_out,holdout,shuffle_802,R,40,4,Tm3_R,8,-15.375,3
held_out,holdout,shuffle_802,R,40,4,T4a_R,8,-6.625,3
held_out,holdout,shuffle_802,R,40,4,T4b_R,8,-5.5,3
held_out,holdout,shuffle_802,R,40,4,T4c_R,8,-5.625,3
held_out,holdout,shuffle_802,R,40,4,T4d_R,8,-2.5,3
held_out,holdout,shuffle_802,R,40,4,T5a_R,8,3.875,4
held_out,holdout,shuffle_802,R,40,4,T5b_R,8,-11.375,2
held_out,holdout,shuffle_802,R,40,4,T5c_R,8,-3.375,3
held_out,holdout,shuffle_802,R,40,4,T5d_R,8,7.5,4
held_out,holdout,shuffle_802,R,40,4,DNa02_R,8,0.0,0
held_out,holdout,shuffle_802,R,95,1,L1_L,8,-0.375,3
held_out,holdout,shuffle_802,R,95,1,Mi1_L,8,-0.625,3
held_out,holdout,shuffle_802,R,95,1,Tm3_L,8,-1.625,3
held_out,holdout,shuffle_802,R,95,1,T4a_L,8,-4.875,5
held_out,holdout,shuffle_802,R,95,1,T4b_L,8,-16.5,1
held_out,holdout,shuffle_802,R,95,1,T4c_L,8,-3.375,4
held_out,holdout,shuffle_802,R,95,1,T4d_L,8,-6.875,4
held_out,holdout,shuffle_802,R,95,1,T5a_L,8,-15.25,5
held_out,holdout,shuffle_802,R,95,1,T5b_L,8,-27.375,2
held_out,holdout,shuffle_802,R,95,1,T5c_L,8,-17.75,3
held_out,holdout,shuffle_802,R,95,1,T5d_L,8,-24.25,3
held_out,holdout,shuffle_802,R,95,1,DNa02_L,8,0.0,0
held_out,holdout,shuffle_802,R,95,1,L1_R,8,-5.625,3
held_out,holdout,shuffle_802,R,95,1,Mi1_R,8,-2.75,3
held_out,holdout,shuffle_802,R,95,1,Tm3_R,8,-10.0,3
held_out,holdout,shuffle_802,R,95,1,T4a_R,8,11.625,5
held_out,holdout,shuffle_802,R,95,1,T4b_R,8,8.5,6
held_out,holdout,shuffle_802,R,95,1,T4c_R,8,2.25,3
held_out,holdout,shuffle_802,R,95,1,T4d_R,8,6.75,3
held_out,holdout,shuffle_802,R,95,1,T5a_R,8,28.0,5
held_out,holdout,shuffle_802,R,95,1,T5b_R,8,30.5,5
held_out,holdout,shuffle_802,R,95,1,T5c_R,8,23.875,5
held_out,holdout,shuffle_802,R,95,1,T5d_R,8,33.0,6
held_out,holdout,shuffle_802,R,95,1,DNa02_R,8,0.0,0
held_out,holdout,shuffle_802,R,95,2,L1_L,8,1.75,5
held_out,holdout,shuffle_802,R,95,2,Mi1_L,8,-1.5,4
held_out,holdout,shuffle_802,R,95,2,Tm3_L,8,-8.75,2
held_out,holdout,shuffle_802,R,95,2,T4a_L,8,-5.625,4
held_out,holdout,shuffle_802,R,95,2,T4b_L,8,-10.625,4
held_out,holdout,shuffle_802,R,95,2,T4c_L,8,-3.5,3
held_out,holdout,shuffle_802,R,95,2,T4d_L,8,-4.5,4
held_out,holdout,shuffle_802,R,95,2,T5a_L,8,-6.0,5
held_out,holdout,shuffle_802,R,95,2,T5b_L,8,-18.625,4
held_out,holdout,shuffle_802,R,95,2,T5c_L,8,-13.375,5
held_out,holdout,shuffle_802,R,95,2,T5d_L,8,-12.0,5
held_out,holdout,shuffle_802,R,95,2,DNa02_L,8,0.0,0
held_out,holdout,shuffle_802,R,95,2,L1_R,8,2.125,4
held_out,holdout,shuffle_802,R,95,2,Mi1_R,8,-2.375,2
held_out,holdout,shuffle_802,R,95,2,Tm3_R,8,3.75,5
held_out,holdout,shuffle_802,R,95,2,T4a_R,8,11.375,5
held_out,holdout,shuffle_802,R,95,2,T4b_R,8,17.875,4
held_out,holdout,shuffle_802,R,95,2,T4c_R,8,15.375,5
held_out,holdout,shuffle_802,R,95,2,T4d_R,8,19.25,5
held_out,holdout,shuffle_802,R,95,2,T5a_R,8,17.375,5
held_out,holdout,shuffle_802,R,95,2,T5b_R,8,23.375,5
held_out,holdout,shuffle_802,R,95,2,T5c_R,8,20.875,6
held_out,holdout,shuffle_802,R,95,2,T5d_R,8,20.75,5
held_out,holdout,shuffle_802,R,95,2,DNa02_R,8,0.125,1
held_out,holdout,shuffle_802,R,95,4,L1_L,8,7.375,5
held_out,holdout,shuffle_802,R,95,4,Mi1_L,8,1.625,3
held_out,holdout,shuffle_802,R,95,4,Tm3_L,8,8.5,5
held_out,holdout,shuffle_802,R,95,4,T4a_L,8,7.0,4
held_out,holdout,shuffle_802,R,95,4,T4b_L,8,7.0,4
held_out,holdout,shuffle_802,R,95,4,T4c_L,8,9.75,5
held_out,holdout,shuffle_802,R,95,4,T4d_L,8,16.125,5
held_out,holdout,shuffle_802,R,95,4,T5a_L,8,14.625,5
held_out,holdout,shuffle_802,R,95,4,T5b_L,8,7.625,2
held_out,holdout,shuffle_802,R,95,4,T5c_L,8,4.125,3
held_out,holdout,shuffle_802,R,95,4,T5d_L,8,19.125,5
held_out,holdout,shuffle_802,R,95,4,DNa02_L,8,-0.25,0
held_out,holdout,shuffle_802,R,95,4,L1_R,8,2.625,5
held_out,holdout,shuffle_802,R,95,4,Mi1_R,8,0.25,4
held_out,holdout,shuffle_802,R,95,4,Tm3_R,8,1.625,4
held_out,holdout,shuffle_802,R,95,4,T4a_R,8,7.625,6
held_out,holdout,shuffle_802,R,95,4,T4b_R,8,-1.375,5
held_out,holdout,shuffle_802,R,95,4,T4c_R,8,3.125,5
held_out,holdout,shuffle_802,R,95,4,T4d_R,8,4.5,5
held_out,holdout,shuffle_802,R,95,4,T5a_R,8,-1.125,4
held_out,holdout,shuffle_802,R,95,4,T5b_R,8,-6.75,2
held_out,holdout,shuffle_802,R,95,4,T5c_R,8,0.625,5
held_out,holdout,shuffle_802,R,95,4,T5d_R,8,-4.375,3
held_out,holdout,shuffle_802,R,95,4,DNa02_R,8,0.0,1
held_out,main,1d,L,95,1,L1_L,8,3.0,4
held_out,main,1d,L,95,1,Mi1_L,8,-1.125,3
held_out,main,1d,L,95,1,Tm3_L,8,-3.875,3
held_out,main,1d,L,95,1,T4a_L,8,-2.25,2
held_out,main,1d,L,95,1,T4b_L,8,-1.375,3
held_out,main,1d,L,95,1,T4c_L,8,1.75,3
held_out,main,1d,L,95,1,T4d_L,8,-3.75,2
held_out,main,1d,L,95,1,T5a_L,8,6.875,5
held_out,main,1d,L,95,1,T5b_L,8,-5.5,4
held_out,main,1d,L,95,1,T5c_L,8,-0.375,4
held_out,main,1d,L,95,1,T5d_L,8,-4.125,3
held_out,main,1d,L,95,1,DNa02_L,8,0.125,1
held_out,main,1d,L,95,1,L1_R,8,4.5,3
held_out,main,1d,L,95,1,Mi1_R,8,4.75,5
held_out,main,1d,L,95,1,Tm3_R,8,10.875,5
held_out,main,1d,L,95,1,T4a_R,8,3.875,4
held_out,main,1d,L,95,1,T4b_R,8,12.0,5
held_out,main,1d,L,95,1,T4c_R,8,14.625,5
held_out,main,1d,L,95,1,T4d_R,8,18.25,6
held_out,main,1d,L,95,1,T5a_R,8,8.125,2
held_out,main,1d,L,95,1,T5b_R,8,2.25,2
held_out,main,1d,L,95,1,T5c_R,8,5.5,3
held_out,main,1d,L,95,1,T5d_R,8,2.5,3
held_out,main,1d,L,95,1,DNa02_R,8,0.0,0
held_out,main,1d,L,95,2,L1_L,8,-3.75,2
held_out,main,1d,L,95,2,Mi1_L,8,2.625,5
held_out,main,1d,L,95,2,Tm3_L,8,13.375,6
held_out,main,1d,L,95,2,T4a_L,8,10.0,6
held_out,main,1d,L,95,2,T4b_L,8,7.5,6
held_out,main,1d,L,95,2,T4c_L,8,14.875,7
held_out,main,1d,L,95,2,T4d_L,8,3.25,4
held_out,main,1d,L,95,2,T5a_L,8,-7.0,4
held_out,main,1d,L,95,2,T5b_L,8,5.25,5
held_out,main,1d,L,95,2,T5c_L,8,-3.0,3
held_out,main,1d,L,95,2,T5d_L,8,-3.5,3
held_out,main,1d,L,95,2,DNa02_L,8,0.0,0
held_out,main,1d,L,95,2,L1_R,8,5.0,4
held_out,main,1d,L,95,2,Mi1_R,8,8.375,6
held_out,main,1d,L,95,2,Tm3_R,8,18.75,6
held_out,main,1d,L,95,2,T4a_R,8,-5.125,5
held_out,main,1d,L,95,2,T4b_R,8,-20.625,2
held_out,main,1d,L,95,2,T4c_R,8,-1.625,4
held_out,main,1d,L,95,2,T4d_R,8,-11.125,4
held_out,main,1d,L,95,2,T5a_R,8,-13.5,3
held_out,main,1d,L,95,2,T5b_R,8,-23.75,2
held_out,main,1d,L,95,2,T5c_R,8,-15.25,1
held_out,main,1d,L,95,2,T5d_R,8,-20.0,1
held_out,main,1d,L,95,2,DNa02_R,8,-0.125,0
held_out,main,1d,L,95,4,L1_L,8,-2.125,2
held_out,main,1d,L,95,4,Mi1_L,8,-3.5,3
held_out,main,1d,L,95,4,Tm3_L,8,-5.875,2
held_out,main,1d,L,95,4,T4a_L,8,-13.75,2
held_out,main,1d,L,95,4,T4b_L,8,-6.125,3
held_out,main,1d,L,95,4,T4c_L,8,-11.0,2
held_out,main,1d,L,95,4,T4d_L,8,-10.625,4
held_out,main,1d,L,95,4,T5a_L,8,-10.75,5
held_out,main,1d,L,95,4,T5b_L,8,-10.75,4
held_out,main,1d,L,95,4,T5c_L,8,-6.75,3
held_out,main,1d,L,95,4,T5d_L,8,-13.375,2
held_out,main,1d,L,95,4,DNa02_L,8,0.0,0
held_out,main,1d,L,95,4,L1_R,8,-4.375,3
held_out,main,1d,L,95,4,Mi1_R,8,-3.5,4
held_out,main,1d,L,95,4,Tm3_R,8,-2.375,4
held_out,main,1d,L,95,4,T4a_R,8,-4.5,3
held_out,main,1d,L,95,4,T4b_R,8,-12.25,2
held_out,main,1d,L,95,4,T4c_R,8,-0.875,4
held_out,main,1d,L,95,4,T4d_R,8,1.625,3
held_out,main,1d,L,95,4,T5a_R,8,8.75,5
held_out,main,1d,L,95,4,T5b_R,8,8.625,5
held_out,main,1d,L,95,4,T5c_R,8,12.375,5
held_out,main,1d,L,95,4,T5d_R,8,20.375,5
held_out,main,1d,L,95,4,DNa02_R,8,0.0,0
held_out,main,1d,R,95,1,L1_L,8,-18.375,1
held_out,main,1d,R,95,1,Mi1_L,8,-10.375,1
held_out,main,1d,R,95,1,Tm3_L,8,-15.125,3
held_out,main,1d,R,95,1,T4a_L,8,-16.5,3
held_out,main,1d,R,95,1,T4b_L,8,-5.625,4
held_out,main,1d,R,95,1,T4c_L,8,-15.0,1
held_out,main,1d,R,95,1,T4d_L,8,-7.875,3
held_out,main,1d,R,95,1,T5a_L,8,-6.375,3
held_out,main,1d,R,95,1,T5b_L,8,0.0,4
held_out,main,1d,R,95,1,T5c_L,8,-1.625,3
held_out,main,1d,R,95,1,T5d_L,8,-5.0,4
held_out,main,1d,R,95,1,DNa02_L,8,-0.125,0
held_out,main,1d,R,95,1,L1_R,8,1.5,4
held_out,main,1d,R,95,1,Mi1_R,8,-3.0,2
held_out,main,1d,R,95,1,Tm3_R,8,-4.375,3
held_out,main,1d,R,95,1,T4a_R,8,-5.375,2
held_out,main,1d,R,95,1,T4b_R,8,-3.75,3
held_out,main,1d,R,95,1,T4c_R,8,-3.25,3
held_out,main,1d,R,95,1,T4d_R,8,-15.125,3
held_out,main,1d,R,95,1,T5a_R,8,13.625,6
held_out,main,1d,R,95,1,T5b_R,8,14.125,4
held_out,main,1d,R,95,1,T5c_R,8,4.875,6
held_out,main,1d,R,95,1,T5d_R,8,13.5,5
held_out,main,1d,R,95,1,DNa02_R,8,0.125,1
held_out,main,1d,R,95,2,L1_L,8,10.5,6
held_out,main,1d,R,95,2,Mi1_L,8,7.375,6
held_out,main,1d,R,95,2,Tm3_L,8,5.125,5
held_out,main,1d,R,95,2,T4a_L,8,8.0,6
held_out,main,1d,R,95,2,T4b_L,8,9.75,5
held_out,main,1d,R,95,2,T4c_L,8,9.0,4
held_out,main,1d,R,95,2,T4d_L,8,14.75,7
held_out,main,1d,R,95,2,T5a_L,8,23.25,7
held_out,main,1d,R,95,2,T5b_L,8,23.25,6
held_out,main,1d,R,95,2,T5c_L,8,16.5,6
held_out,main,1d,R,95,2,T5d_L,8,17.875,6
held_out,main,1d,R,95,2,DNa02_L,8,0.0,0
held_out,main,1d,R,95,2,L1_R,8,3.0,5
held_out,main,1d,R,95,2,Mi1_R,8,-1.875,3
held_out,main,1d,R,95,2,Tm3_R,8,-6.75,4
held_out,main,1d,R,95,2,T4a_R,8,-1.0,4
held_out,main,1d,R,95,2,T4b_R,8,-26.625,1
held_out,main,1d,R,95,2,T4c_R,8,-12.875,2
held_out,main,1d,R,95,2,T4d_R,8,-20.125,3
held_out,main,1d,R,95,2,T5a_R,8,2.375,3
held_out,main,1d,R,95,2,T5b_R,8,-15.625,2
held_out,main,1d,R,95,2,T5c_R,8,-6.375,3
held_out,main,1d,R,95,2,T5d_R,8,-5.875,4
held_out,main,1d,R,95,2,DNa02_R,8,0.0,0
held_out,main,1d,R,95,4,L1_L,8,-2.25,3
held_out,main,1d,R,95,4,Mi1_L,8,-1.5,3
held_out,main,1d,R,95,4,Tm3_L,8,-3.0,3
held_out,main,1d,R,95,4,T4a_L,8,0.375,4
held_out,main,1d,R,95,4,T4b_L,8,11.25,3
held_out,main,1d,R,95,4,T4c_L,8,11.625,6
held_out,main,1d,R,95,4,T4d_L,8,-0.375,4
held_out,main,1d,R,95,4,T5a_L,8,20.25,5
held_out,main,1d,R,95,4,T5b_L,8,11.75,4
held_out,main,1d,R,95,4,T5c_L,8,17.0,6
held_out,main,1d,R,95,4,T5d_L,8,21.125,6
held_out,main,1d,R,95,4,DNa02_L,8,0.0,0
held_out,main,1d,R,95,4,L1_R,8,-0.375,3
held_out,main,1d,R,95,4,Mi1_R,8,-1.125,3
held_out,main,1d,R,95,4,Tm3_R,8,-9.0,3
held_out,main,1d,R,95,4,T4a_R,8,-9.0,2
held_out,main,1d,R,95,4,T4b_R,8,0.125,3
held_out,main,1d,R,95,4,T4c_R,8,-6.375,4
held_out,main,1d,R,95,4,T4d_R,8,-13.875,3
held_out,main,1d,R,95,4,T5a_R,8,-8.125,4
held_out,main,1d,R,95,4,T5b_R,8,-2.125,4
held_out,main,1d,R,95,4,T5c_R,8,-8.375,5
held_out,main,1d,R,95,4,T5d_R,8,-12.625,3
held_out,main,1d,R,95,4,DNa02_R,8,0.125,1
held_out,main,direct_only,L,40,1,L1_L,8,9.125,6
held_out,main,direct_only,L,40,1,Mi1_L,8,0.625,2
held_out,main,direct_only,L,40,1,Tm3_L,8,9.625,5
held_out,main,direct_only,L,40,1,T4a_L,8,1.75,3
held_out,main,direct_only,L,40,1,T4b_L,8,10.0,4
held_out,main,direct_only,L,40,1,T4c_L,8,7.0,4
held_out,main,direct_only,L,40,1,T4d_L,8,6.125,3
held_out,main,direct_only,L,40,1,T5a_L,8,6.0,5
held_out,main,direct_only,L,40,1,T5b_L,8,16.125,5
held_out,main,direct_only,L,40,1,T5c_L,8,14.625,6
held_out,main,direct_only,L,40,1,T5d_L,8,16.75,6
held_out,main,direct_only,L,40,1,DNa02_L,8,0.0,0
held_out,main,direct_only,L,40,1,L1_R,8,-0.625,3
held_out,main,direct_only,L,40,1,Mi1_R,8,0.375,3
held_out,main,direct_only,L,40,1,Tm3_R,8,-5.0,4
held_out,main,direct_only,L,40,1,T4a_R,8,-3.625,3
held_out,main,direct_only,L,40,1,T4b_R,8,-2.625,4
held_out,main,direct_only,L,40,1,T4c_R,8,1.75,5
held_out,main,direct_only,L,40,1,T4d_R,8,1.625,5
held_out,main,direct_only,L,40,1,T5a_R,8,5.375,4
held_out,main,direct_only,L,40,1,T5b_R,8,-1.625,5
held_out,main,direct_only,L,40,1,T5c_R,8,5.0,5
held_out,main,direct_only,L,40,1,T5d_R,8,5.875,5
held_out,main,direct_only,L,40,1,DNa02_R,8,0.0,0
held_out,main,direct_only,L,40,2,L1_L,8,3.25,3
held_out,main,direct_only,L,40,2,Mi1_L,8,2.375,5
held_out,main,direct_only,L,40,2,Tm3_L,8,-4.625,3
held_out,main,direct_only,L,40,2,T4a_L,8,3.625,5
held_out,main,direct_only,L,40,2,T4b_L,8,3.25,4
held_out,main,direct_only,L,40,2,T4c_L,8,-1.25,4
held_out,main,direct_only,L,40,2,T4d_L,8,2.5,5
held_out,main,direct_only,L,40,2,T5a_L,8,4.5,4
held_out,main,direct_only,L,40,2,T5b_L,8,3.125,4
held_out,main,direct_only,L,40,2,T5c_L,8,9.75,5
held_out,main,direct_only,L,40,2,T5d_L,8,6.5,4
held_out,main,direct_only,L,40,2,DNa02_L,8,0.0,0
held_out,main,direct_only,L,40,2,L1_R,8,-1.875,4
held_out,main,direct_only,L,40,2,Mi1_R,8,-5.75,3
held_out,main,direct_only,L,40,2,Tm3_R,8,-19.125,1
held_out,main,direct_only,L,40,2,T4a_R,8,-15.25,3
held_out,main,direct_only,L,40,2,T4b_R,8,-9.375,4
held_out,main,direct_only,L,40,2,T4c_R,8,-4.875,3
held_out,main,direct_only,L,40,2,T4d_R,8,-7.625,2
held_out,main,direct_only,L,40,2,T5a_R,8,-10.375,3
held_out,main,direct_only,L,40,2,T5b_R,8,-5.5,3
held_out,main,direct_only,L,40,2,T5c_R,8,-9.625,4
held_out,main,direct_only,L,40,2,T5d_R,8,-4.125,3
held_out,main,direct_only,L,40,2,DNa02_R,8,0.0,0
held_out,main,direct_only,L,40,4,L1_L,8,0.625,4
held_out,main,direct_only,L,40,4,Mi1_L,8,8.25,6
held_out,main,direct_only,L,40,4,Tm3_L,8,16.125,4
held_out,main,direct_only,L,40,4,T4a_L,8,9.0,5
held_out,main,direct_only,L,40,4,T4b_L,8,5.5,4
held_out,main,direct_only,L,40,4,T4c_L,8,9.0,5
held_out,main,direct_only,L,40,4,T4d_L,8,15.5,5
held_out,main,direct_only,L,40,4,T5a_L,8,-7.25,3
held_out,main,direct_only,L,40,4,T5b_L,8,-14.625,3
held_out,main,direct_only,L,40,4,T5c_L,8,-7.625,4
held_out,main,direct_only,L,40,4,T5d_L,8,-6.875,4
held_out,main,direct_only,L,40,4,DNa02_L,8,0.0,0
held_out,main,direct_only,L,40,4,L1_R,8,2.125,5
held_out,main,direct_only,L,40,4,Mi1_R,8,-0.25,2
held_out,main,direct_only,L,40,4,Tm3_R,8,-4.875,2
held_out,main,direct_only,L,40,4,T4a_R,8,-14.125,1
held_out,main,direct_only,L,40,4,T4b_R,8,-14.875,2
held_out,main,direct_only,L,40,4,T4c_R,8,-11.875,1
held_out,main,direct_only,L,40,4,T4d_R,8,-5.875,4
held_out,main,direct_only,L,40,4,T5a_R,8,-15.0,3
held_out,main,direct_only,L,40,4,T5b_R,8,-18.375,4
held_out,main,direct_only,L,40,4,T5c_R,8,-14.75,4
held_out,main,direct_only,L,40,4,T5d_R,8,-18.0,3
held_out,main,direct_only,L,40,4,DNa02_R,8,0.0,0
held_out,main,direct_only,L,95,1,L1_L,8,3.0,6
held_out,main,direct_only,L,95,1,Mi1_L,8,8.25,7
held_out,main,direct_only,L,95,1,Tm3_L,8,18.125,5
held_out,main,direct_only,L,95,1,T4a_L,8,14.625,7
held_out,main,direct_only,L,95,1,T4b_L,8,23.5,8
held_out,main,direct_only,L,95,1,T4c_L,8,15.0,7
held_out,main,direct_only,L,95,1,T4d_L,8,17.75,6
held_out,main,direct_only,L,95,1,T5a_L,8,-4.875,3
held_out,main,direct_only,L,95,1,T5b_L,8,3.5,4
held_out,main,direct_only,L,95,1,T5c_L,8,-1.5,3
held_out,main,direct_only,L,95,1,T5d_L,8,-10.125,2
held_out,main,direct_only,L,95,1,DNa02_L,8,0.0,0
held_out,main,direct_only,L,95,1,L1_R,8,3.125,6
held_out,main,direct_only,L,95,1,Mi1_R,8,4.375,6
held_out,main,direct_only,L,95,1,Tm3_R,8,14.75,7
held_out,main,direct_only,L,95,1,T4a_R,8,10.625,5
held_out,main,direct_only,L,95,1,T4b_R,8,17.75,7
held_out,main,direct_only,L,95,1,T4c_R,8,12.5,5
held_out,main,direct_only,L,95,1,T4d_R,8,11.375,6
held_out,main,direct_only,L,95,1,T5a_R,8,5.125,3
held_out,main,direct_only,L,95,1,T5b_R,8,7.375,4
held_out,main,direct_only,L,95,1,T5c_R,8,3.375,4
held_out,main,direct_only,L,95,1,T5d_R,8,-5.125,4
held_out,main,direct_only,L,95,1,DNa02_R,8,0.125,1
held_out,main,direct_only,L,95,2,L1_L,8,4.375,4
held_out,main,direct_only,L,95,2,Mi1_L,8,4.625,6
held_out,main,direct_only,L,95,2,Tm3_L,8,-2.5,4
held_out,main,direct_only,L,95,2,T4a_L,8,8.125,5
held_out,main,direct_only,L,95,2,T4b_L,8,0.25,4
held_out,main,direct_only,L,95,2,T4c_L,8,3.625,5
held_out,main,direct_only,L,95,2,T4d_L,8,-2.5,5
held_out,main,direct_only,L,95,2,T5a_L,8,-2.625,4
held_out,main,direct_only,L,95,2,T5b_L,8,0.875,3
held_out,main,direct_only,L,95,2,T5c_L,8,10.75,5
held_out,main,direct_only,L,95,2,T5d_L,8,1.625,4
held_out,main,direct_only,L,95,2,DNa02_L,8,0.125,1
held_out,main,direct_only,L,95,2,L1_R,8,-1.875,4
held_out,main,direct_only,L,95,2,Mi1_R,8,0.25,6
held_out,main,direct_only,L,95,2,Tm3_R,8,5.25,5
held_out,main,direct_only,L,95,2,T4a_R,8,-3.625,4
held_out,main,direct_only,L,95,2,T4b_R,8,0.625,6
held_out,main,direct_only,L,95,2,T4c_R,8,1.375,5
held_out,main,direct_only,L,95,2,T4d_R,8,1.125,5
held_out,main,direct_only,L,95,2,T5a_R,8,-15.0,3
held_out,main,direct_only,L,95,2,T5b_R,8,-9.625,3
held_out,main,direct_only,L,95,2,T5c_R,8,-22.125,2
held_out,main,direct_only,L,95,2,T5d_R,8,-23.0,1
held_out,main,direct_only,L,95,2,DNa02_R,8,0.0,0
held_out,main,direct_only,L,95,4,L1_L,8,3.5,4
held_out,main,direct_only,L,95,4,Mi1_L,8,5.375,5
held_out,main,direct_only,L,95,4,Tm3_L,8,27.125,7
held_out,main,direct_only,L,95,4,T4a_L,8,25.875,6
held_out,main,direct_only,L,95,4,T4b_L,8,35.25,5
held_out,main,direct_only,L,95,4,T4c_L,8,20.375,5
held_out,main,direct_only,L,95,4,T4d_L,8,27.875,7
held_out,main,direct_only,L,95,4,T5a_L,8,13.625,3
held_out,main,direct_only,L,95,4,T5b_L,8,19.5,5
held_out,main,direct_only,L,95,4,T5c_L,8,18.25,5
held_out,main,direct_only,L,95,4,T5d_L,8,20.875,4
held_out,main,direct_only,L,95,4,DNa02_L,8,0.125,1
held_out,main,direct_only,L,95,4,L1_R,8,6.0,4
held_out,main,direct_only,L,95,4,Mi1_R,8,11.0,6
held_out,main,direct_only,L,95,4,Tm3_R,8,31.625,7
held_out,main,direct_only,L,95,4,T4a_R,8,15.75,6
held_out,main,direct_only,L,95,4,T4b_R,8,14.75,6
held_out,main,direct_only,L,95,4,T4c_R,8,16.0,6
held_out,main,direct_only,L,95,4,T4d_R,8,13.75,6
held_out,main,direct_only,L,95,4,T5a_R,8,-11.25,4
held_out,main,direct_only,L,95,4,T5b_R,8,-9.875,4
held_out,main,direct_only,L,95,4,T5c_R,8,-17.25,3
held_out,main,direct_only,L,95,4,T5d_R,8,-13.25,3
held_out,main,direct_only,L,95,4,DNa02_R,8,0.0,0
held_out,main,direct_only,R,40,1,L1_L,8,-1.875,4
held_out,main,direct_only,R,40,1,Mi1_L,8,-1.75,4
held_out,main,direct_only,R,40,1,Tm3_L,8,-9.75,4
held_out,main,direct_only,R,40,1,T4a_L,8,-2.375,5
held_out,main,direct_only,R,40,1,T4b_L,8,-0.5,4
held_out,main,direct_only,R,40,1,T4c_L,8,-4.5,5
held_out,main,direct_only,R,40,1,T4d_L,8,-4.875,5
held_out,main,direct_only,R,40,1,T5a_L,8,-0.25,4
held_out,main,direct_only,R,40,1,T5b_L,8,4.875,5
held_out,main,direct_only,R,40,1,T5c_L,8,-1.5,4
held_out,main,direct_only,R,40,1,T5d_L,8,6.875,7
held_out,main,direct_only,R,40,1,DNa02_L,8,0.125,1
held_out,main,direct_only,R,40,1,L1_R,8,0.75,3
held_out,main,direct_only,R,40,1,Mi1_R,8,6.625,8
held_out,main,direct_only,R,40,1,Tm3_R,8,14.0,5
held_out,main,direct_only,R,40,1,T4a_R,8,16.0,5
held_out,main,direct_only,R,40,1,T4b_R,8,13.0,5
held_out,main,direct_only,R,40,1,T4c_R,8,14.875,7
held_out,main,direct_only,R,40,1,T4d_R,8,17.0,7
held_out,main,direct_only,R,40,1,T5a_R,8,5.375,5
held_out,main,direct_only,R,40,1,T5b_R,8,2.0,4
held_out,main,direct_only,R,40,1,T5c_R,8,4.625,5
held_out,main,direct_only,R,40,1,T5d_R,8,10.875,6
held_out,main,direct_only,R,40,1,DNa02_R,8,0.0,0
held_out,main,direct_only,R,40,2,L1_L,8,-0.5,5
held_out,main,direct_only,R,40,2,Mi1_L,8,3.875,4
held_out,main,direct_only,R,40,2,Tm3_L,8,14.0,7
held_out,main,direct_only,R,40,2,T4a_L,8,3.125,5
held_out,main,direct_only,R,40,2,T4b_L,8,1.875,5
held_out,main,direct_only,R,40,2,T4c_L,8,9.25,5
held_out,main,direct_only,R,40,2,T4d_L,8,2.125,4
held_out,main,direct_only,R,40,2,T5a_L,8,-21.0,3
held_out,main,direct_only,R,40,2,T5b_L,8,-7.0,4
held_out,main,direct_only,R,40,2,T5c_L,8,-8.0,4
held_out,main,direct_only,R,40,2,T5d_L,8,-8.625,3
held_out,main,direct_only,R,40,2,DNa02_L,8,0.25,2
held_out,main,direct_only,R,40,2,L1_R,8,2.5,6
held_out,main,direct_only,R,40,2,Mi1_R,8,2.25,5
held_out,main,direct_only,R,40,2,Tm3_R,8,18.5,5
held_out,main,direct_only,R,40,2,T4a_R,8,4.75,5
held_out,main,direct_only,R,40,2,T4b_R,8,5.0,5
held_out,main,direct_only,R,40,2,T4c_R,8,7.125,5
held_out,main,direct_only,R,40,2,T4d_R,8,10.625,6
held_out,main,direct_only,R,40,2,T5a_R,8,5.75,7
held_out,main,direct_only,R,40,2,T5b_R,8,13.125,7
held_out,main,direct_only,R,40,2,T5c_R,8,7.125,6
held_out,main,direct_only,R,40,2,T5d_R,8,9.75,7
held_out,main,direct_only,R,40,2,DNa02_R,8,0.0,0
held_out,main,direct_only,R,40,4,L1_L,8,-3.5,2
held_out,main,direct_only,R,40,4,Mi1_L,8,-1.25,5
held_out,main,direct_only,R,40,4,Tm3_L,8,-10.375,3
held_out,main,direct_only,R,40,4,T4a_L,8,-11.5,2
held_out,main,direct_only,R,40,4,T4b_L,8,-15.875,1
held_out,main,direct_only,R,40,4,T4c_L,8,-8.875,2
held_out,main,direct_only,R,40,4,T4d_L,8,-12.5,3
held_out,main,direct_only,R,40,4,T5a_L,8,-17.875,2
held_out,main,direct_only,R,40,4,T5b_L,8,-11.125,3
held_out,main,direct_only,R,40,4,T5c_L,8,-14.0,2
held_out,main,direct_only,R,40,4,T5d_L,8,-19.75,1
held_out,main,direct_only,R,40,4,DNa02_L,8,0.0,0
held_out,main,direct_only,R,40,4,L1_R,8,2.375,4
held_out,main,direct_only,R,40,4,Mi1_R,8,-0.75,3
held_out,main,direct_only,R,40,4,Tm3_R,8,-11.0,2
held_out,main,direct_only,R,40,4,T4a_R,8,-8.625,2
held_out,main,direct_only,R,40,4,T4b_R,8,3.125,4
held_out,main,direct_only,R,40,4,T4c_R,8,-4.0,3
held_out,main,direct_only,R,40,4,T4d_R,8,1.375,3
held_out,main,direct_only,R,40,4,T5a_R,8,-2.75,4
held_out,main,direct_only,R,40,4,T5b_R,8,1.875,3
held_out,main,direct_only,R,40,4,T5c_R,8,7.125,5
held_out,main,direct_only,R,40,4,T5d_R,8,5.5,5
held_out,main,direct_only,R,40,4,DNa02_R,8,0.0,0
held_out,main,direct_only,R,95,1,L1_L,8,-2.75,3
held_out,main,direct_only,R,95,1,Mi1_L,8,-4.625,1
held_out,main,direct_only,R,95,1,Tm3_L,8,-14.75,2
held_out,main,direct_only,R,95,1,T4a_L,8,-12.5,2
held_out,main,direct_only,R,95,1,T4b_L,8,-9.25,2
held_out,main,direct_only,R,95,1,T4c_L,8,-12.0,2
held_out,main,direct_only,R,95,1,T4d_L,8,-12.25,2
held_out,main,direct_only,R,95,1,T5a_L,8,6.0,6
held_out,main,direct_only,R,95,1,T5b_L,8,4.375,5
held_out,main,direct_only,R,95,1,T5c_L,8,3.875,6
held_out,main,direct_only,R,95,1,T5d_L,8,3.375,5
held_out,main,direct_only,R,95,1,DNa02_L,8,-0.125,0
held_out,main,direct_only,R,95,1,L1_R,8,-1.75,3
held_out,main,direct_only,R,95,1,Mi1_R,8,-2.625,1
held_out,main,direct_only,R,95,1,Tm3_R,8,-10.0,1
held_out,main,direct_only,R,95,1,T4a_R,8,-10.625,4
held_out,main,direct_only,R,95,1,T4b_R,8,2.125,3
held_out,main,direct_only,R,95,1,T4c_R,8,-3.0,6
held_out,main,direct_only,R,95,1,T4d_R,8,-10.75,2
held_out,main,direct_only,R,95,1,T5a_R,8,-26.875,0
held_out,main,direct_only,R,95,1,T5b_R,8,-19.875,2
held_out,main,direct_only,R,95,1,T5c_R,8,-24.0,3
held_out,main,direct_only,R,95,1,T5d_R,8,-27.125,3
held_out,main,direct_only,R,95,1,DNa02_R,8,0.0,0
held_out,main,direct_only,R,95,2,L1_L,8,1.25,4
held_out,main,direct_only,R,95,2,Mi1_L,8,-1.375,1
held_out,main,direct_only,R,95,2,Tm3_L,8,-7.5,3
held_out,main,direct_only,R,95,2,T4a_L,8,1.75,3
held_out,main,direct_only,R,95,2,T4b_L,8,1.5,4
held_out,main,direct_only,R,95,2,T4c_L,8,0.5,3
held_out,main,direct_only,R,95,2,T4d_L,8,-1.875,2
held_out,main,direct_only,R,95,2,T5a_L,8,-8.25,2
held_out,main,direct_only,R,95,2,T5b_L,8,-1.625,3
held_out,main,direct_only,R,95,2,T5c_L,8,3.5,6
held_out,main,direct_only,R,95,2,T5d_L,8,3.5,6
held_out,main,direct_only,R,95,2,DNa02_L,8,0.125,1
held_out,main,direct_only,R,95,2,L1_R,8,2.0,4
held_out,main,direct_only,R,95,2,Mi1_R,8,-1.75,3
held_out,main,direct_only,R,95,2,Tm3_R,8,-9.25,3
held_out,main,direct_only,R,95,2,T4a_R,8,2.875,4
held_out,main,direct_only,R,95,2,T4b_R,8,1.625,5
held_out,main,direct_only,R,95,2,T4c_R,8,10.875,6
held_out,main,direct_only,R,95,2,T4d_R,8,2.625,5
held_out,main,direct_only,R,95,2,T5a_R,8,5.875,4
held_out,main,direct_only,R,95,2,T5b_R,8,14.25,5
held_out,main,direct_only,R,95,2,T5c_R,8,7.375,4
held_out,main,direct_only,R,95,2,T5d_R,8,6.25,5
held_out,main,direct_only,R,95,2,DNa02_R,8,0.0,0
held_out,main,direct_only,R,95,4,L1_L,8,-4.625,3
held_out,main,direct_only,R,95,4,Mi1_L,8,-2.5,4
held_out,main,direct_only,R,95,4,Tm3_L,8,-15.25,2
held_out,main,direct_only,R,95,4,T4a_L,8,-11.75,4
held_out,main,direct_only,R,95,4,T4b_L,8,-17.875,1
held_out,main,direct_only,R,95,4,T4c_L,8,-10.0,2
held_out,main,direct_only,R,95,4,T4d_L,8,-12.375,3
held_out,main,direct_only,R,95,4,T5a_L,8,3.125,3
held_out,main,direct_only,R,95,4,T5b_L,8,-12.625,1
held_out,main,direct_only,R,95,4,T5c_L,8,-7.625,3
held_out,main,direct_only,R,95,4,T5d_L,8,-4.25,3
held_out,main,direct_only,R,95,4,DNa02_L,8,0.0,0
held_out,main,direct_only,R,95,4,L1_R,8,-2.25,2
held_out,main,direct_only,R,95,4,Mi1_R,8,-8.0,0
held_out,main,direct_only,R,95,4,Tm3_R,8,-14.875,3
held_out,main,direct_only,R,95,4,T4a_R,8,-16.25,1
held_out,main,direct_only,R,95,4,T4b_R,8,-6.875,4
held_out,main,direct_only,R,95,4,T4c_R,8,-9.0,2
held_out,main,direct_only,R,95,4,T4d_R,8,-15.5,2
held_out,main,direct_only,R,95,4,T5a_R,8,-17.5,2
held_out,main,direct_only,R,95,4,T5b_R,8,-4.0,3
held_out,main,direct_only,R,95,4,T5c_R,8,-5.5,4
held_out,main,direct_only,R,95,4,T5d_R,8,-13.875,3
held_out,main,direct_only,R,95,4,DNa02_R,8,0.0,0
held_out,main,original,L,40,1,L1_L,8,10.625,6
held_out,main,original,L,40,1,Mi1_L,8,4.125,4
held_out,main,original,L,40,1,Tm3_L,8,10.125,4
held_out,main,original,L,40,1,T4a_L,8,2.375,3
held_out,main,original,L,40,1,T4b_L,8,7.25,5
held_out,main,original,L,40,1,T4c_L,8,10.25,4
held_out,main,original,L,40,1,T4d_L,8,6.875,6
held_out,main,original,L,40,1,T5a_L,8,1.75,4
held_out,main,original,L,40,1,T5b_L,8,5.375,5
held_out,main,original,L,40,1,T5c_L,8,7.5,4
held_out,main,original,L,40,1,T5d_L,8,-0.375,4
held_out,main,original,L,40,1,DNa02_L,8,0.125,1
held_out,main,original,L,40,1,L1_R,8,-0.125,5
held_out,main,original,L,40,1,Mi1_R,8,1.125,5
held_out,main,original,L,40,1,Tm3_R,8,-0.125,5
held_out,main,original,L,40,1,T4a_R,8,0.25,3
held_out,main,original,L,40,1,T4b_R,8,8.875,4
held_out,main,original,L,40,1,T4c_R,8,3.875,5
held_out,main,original,L,40,1,T4d_R,8,5.625,5
held_out,main,original,L,40,1,T5a_R,8,2.0,5
held_out,main,original,L,40,1,T5b_R,8,-1.75,3
held_out,main,original,L,40,1,T5c_R,8,1.0,5
held_out,main,original,L,40,1,T5d_R,8,3.375,5
held_out,main,original,L,40,1,DNa02_R,8,0.0,0
held_out,main,original,L,40,2,L1_L,8,0.0,3
held_out,main,original,L,40,2,Mi1_L,8,0.875,6
held_out,main,original,L,40,2,Tm3_L,8,-4.75,4
held_out,main,original,L,40,2,T4a_L,8,-3.875,2
held_out,main,original,L,40,2,T4b_L,8,-19.625,2
held_out,main,original,L,40,2,T4c_L,8,-2.875,1
held_out,main,original,L,40,2,T4d_L,8,-10.5,1
held_out,main,original,L,40,2,T5a_L,8,-11.25,4
held_out,main,original,L,40,2,T5b_L,8,-18.875,3
held_out,main,original,L,40,2,T5c_L,8,-14.25,3
held_out,main,original,L,40,2,T5d_L,8,-16.625,3
held_out,main,original,L,40,2,DNa02_L,8,0.0,0
held_out,main,original,L,40,2,L1_R,8,-1.25,3
held_out,main,original,L,40,2,Mi1_R,8,-3.375,3
held_out,main,original,L,40,2,Tm3_R,8,-11.125,2
held_out,main,original,L,40,2,T4a_R,8,-14.625,4
held_out,main,original,L,40,2,T4b_R,8,-17.5,1
held_out,main,original,L,40,2,T4c_R,8,-9.375,3
held_out,main,original,L,40,2,T4d_R,8,-10.0,2
held_out,main,original,L,40,2,T5a_R,8,-11.0,2
held_out,main,original,L,40,2,T5b_R,8,-6.875,2
held_out,main,original,L,40,2,T5c_R,8,-9.5,2
held_out,main,original,L,40,2,T5d_R,8,-5.75,3
held_out,main,original,L,40,2,DNa02_R,8,0.0,0
held_out,main,original,L,40,4,L1_L,8,-5.125,2
held_out,main,original,L,40,4,Mi1_L,8,0.125,2
held_out,main,original,L,40,4,Tm3_L,8,4.875,4
held_out,main,original,L,40,4,T4a_L,8,-1.375,4
held_out,main,original,L,40,4,T4b_L,8,-9.5,3
held_out,main,original,L,40,4,T4c_L,8,-0.875,3
held_out,main,original,L,40,4,T4d_L,8,-1.25,3
held_out,main,original,L,40,4,T5a_L,8,-25.625,1
held_out,main,original,L,40,4,T5b_L,8,-31.625,0
held_out,main,original,L,40,4,T5c_L,8,-23.0,1
held_out,main,original,L,40,4,T5d_L,8,-22.875,1
held_out,main,original,L,40,4,DNa02_L,8,0.125,1
held_out,main,original,L,40,4,L1_R,8,-2.125,2
held_out,main,original,L,40,4,Mi1_R,8,2.125,5
held_out,main,original,L,40,4,Tm3_R,8,3.875,5
held_out,main,original,L,40,4,T4a_R,8,-0.625,5
held_out,main,original,L,40,4,T4b_R,8,-3.875,2
held_out,main,original,L,40,4,T4c_R,8,3.625,5
held_out,main,original,L,40,4,T4d_R,8,1.5,5
held_out,main,original,L,40,4,T5a_R,8,-12.125,2
held_out,main,original,L,40,4,T5b_R,8,-6.375,3
held_out,main,original,L,40,4,T5c_R,8,-10.375,2
held_out,main,original,L,40,4,T5d_R,8,-4.75,3
held_out,main,original,L,40,4,DNa02_R,8,0.0,0
held_out,main,original,L,95,1,L1_L,8,0.25,3
held_out,main,original,L,95,1,Mi1_L,8,0.375,4
held_out,main,original,L,95,1,Tm3_L,8,7.0,6
held_out,main,original,L,95,1,T4a_L,8,5.5,5
held_out,main,original,L,95,1,T4b_L,8,0.25,3
held_out,main,original,L,95,1,T4c_L,8,7.0,5
held_out,main,original,L,95,1,T4d_L,8,15.0,5
held_out,main,original,L,95,1,T5a_L,8,10.75,6
held_out,main,original,L,95,1,T5b_L,8,6.25,4
held_out,main,original,L,95,1,T5c_L,8,12.25,5
held_out,main,original,L,95,1,T5d_L,8,2.0,3
held_out,main,original,L,95,1,DNa02_L,8,0.125,1
held_out,main,original,L,95,1,L1_R,8,3.375,4
held_out,main,original,L,95,1,Mi1_R,8,6.75,5
held_out,main,original,L,95,1,Tm3_R,8,16.625,6
held_out,main,original,L,95,1,T4a_R,8,9.0,5
held_out,main,original,L,95,1,T4b_R,8,12.25,6
held_out,main,original,L,95,1,T4c_R,8,6.375,5
held_out,main,original,L,95,1,T4d_R,8,9.875,5
held_out,main,original,L,95,1,T5a_R,8,0.125,4
held_out,main,original,L,95,1,T5b_R,8,1.125,4
held_out,main,original,L,95,1,T5c_R,8,2.0,6
held_out,main,original,L,95,1,T5d_R,8,-5.5,3
held_out,main,original,L,95,1,DNa02_R,8,0.125,1
held_out,main,original,L,95,2,L1_L,8,6.125,6
held_out,main,original,L,95,2,Mi1_L,8,1.125,3
held_out,main,original,L,95,2,Tm3_L,8,0.875,4
held_out,main,original,L,95,2,T4a_L,8,-15.375,3
held_out,main,original,L,95,2,T4b_L,8,-24.75,1
held_out,main,original,L,95,2,T4c_L,8,-10.125,3
held_out,main,original,L,95,2,T4d_L,8,-19.875,2
held_out,main,original,L,95,2,T5a_L,8,-14.75,4
held_out,main,original,L,95,2,T5b_L,8,-31.75,2
held_out,main,original,L,95,2,T5c_L,8,-21.125,3
held_out,main,original,L,95,2,T5d_L,8,-21.125,2
held_out,main,original,L,95,2,DNa02_L,8,0.0,0
held_out,main,original,L,95,2,L1_R,8,0.625,5
held_out,main,original,L,95,2,Mi1_R,8,-3.875,3
held_out,main,original,L,95,2,Tm3_R,8,-3.875,3
held_out,main,original,L,95,2,T4a_R,8,-17.0,0
held_out,main,original,L,95,2,T4b_R,8,-6.375,4
held_out,main,original,L,95,2,T4c_R,8,-5.5,4
held_out,main,original,L,95,2,T4d_R,8,-9.125,3
held_out,main,original,L,95,2,T5a_R,8,-39.75,1
held_out,main,original,L,95,2,T5b_R,8,-23.125,1
held_out,main,original,L,95,2,T5c_R,8,-32.375,1
held_out,main,original,L,95,2,T5d_R,8,-38.625,0
held_out,main,original,L,95,2,DNa02_R,8,0.0,0
held_out,main,original,L,95,4,L1_L,8,-5.75,1
held_out,main,original,L,95,4,Mi1_L,8,-1.0,3
held_out,main,original,L,95,4,Tm3_L,8,-0.125,4
held_out,main,original,L,95,4,T4a_L,8,-1.5,3
held_out,main,original,L,95,4,T4b_L,8,11.875,4
held_out,main,original,L,95,4,T4c_L,8,2.875,4
held_out,main,original,L,95,4,T4d_L,8,6.375,5
held_out,main,original,L,95,4,T5a_L,8,1.75,4
held_out,main,original,L,95,4,T5b_L,8,13.375,5
held_out,main,original,L,95,4,T5c_L,8,-1.0,4
held_out,main,original,L,95,4,T5d_L,8,-1.0,3
held_out,main,original,L,95,4,DNa02_L,8,-0.125,0
held_out,main,original,L,95,4,L1_R,8,1.375,4
held_out,main,original,L,95,4,Mi1_R,8,0.875,4
held_out,main,original,L,95,4,Tm3_R,8,3.75,5
held_out,main,original,L,95,4,T4a_R,8,12.75,6
held_out,main,original,L,95,4,T4b_R,8,15.875,6
held_out,main,original,L,95,4,T4c_R,8,5.375,4
held_out,main,original,L,95,4,T4d_R,8,7.375,4
held_out,main,original,L,95,4,T5a_R,8,14.0,5
held_out,main,original,L,95,4,T5b_R,8,24.625,6
held_out,main,original,L,95,4,T5c_R,8,17.25,5
held_out,main,original,L,95,4,T5d_R,8,20.0,5
held_out,main,original,L,95,4,DNa02_R,8,0.0,0
held_out,main,original,R,40,1,L1_L,8,-2.75,4
held_out,main,original,R,40,1,Mi1_L,8,-4.625,2
held_out,main,original,R,40,1,Tm3_L,8,-9.125,2
held_out,main,original,R,40,1,T4a_L,8,-6.0,3
held_out,main,original,R,40,1,T4b_L,8,-16.0,2
held_out,main,original,R,40,1,T4c_L,8,-7.625,2
held_out,main,original,R,40,1,T4d_L,8,-7.75,3
held_out,main,original,R,40,1,T5a_L,8,-0.375,4
held_out,main,original,R,40,1,T5b_L,8,-12.75,2
held_out,main,original,R,40,1,T5c_L,8,-4.875,1
held_out,main,original,R,40,1,T5d_L,8,-2.25,5
held_out,main,original,R,40,1,DNa02_L,8,-0.125,0
held_out,main,original,R,40,1,L1_R,8,9.375,7
held_out,main,original,R,40,1,Mi1_R,8,4.25,5
held_out,main,original,R,40,1,Tm3_R,8,13.75,6
held_out,main,original,R,40,1,T4a_R,8,7.875,6
held_out,main,original,R,40,1,T4b_R,8,15.625,5
held_out,main,original,R,40,1,T4c_R,8,10.125,6
held_out,main,original,R,40,1,T4d_R,8,14.25,5
held_out,main,original,R,40,1,T5a_R,8,12.5,5
held_out,main,original,R,40,1,T5b_R,8,12.125,5
held_out,main,original,R,40,1,T5c_R,8,12.0,7
held_out,main,original,R,40,1,T5d_R,8,22.75,6
held_out,main,original,R,40,1,DNa02_R,8,0.0,0
held_out,main,original,R,40,2,L1_L,8,-4.875,1
held_out,main,original,R,40,2,Mi1_L,8,-3.5,2
held_out,main,original,R,40,2,Tm3_L,8,-2.125,5
held_out,main,original,R,40,2,T4a_L,8,-3.25,3
held_out,main,original,R,40,2,T4b_L,8,-4.875,3
held_out,main,original,R,40,2,T4c_L,8,-5.5,2
held_out,main,original,R,40,2,T4d_L,8,-7.75,3
held_out,main,original,R,40,2,T5a_L,8,-0.875,4
held_out,main,original,R,40,2,T5b_L,8,-11.125,2
held_out,main,original,R,40,2,T5c_L,8,-9.375,1
held_out,main,original,R,40,2,T5d_L,8,-3.625,3
held_out,main,original,R,40,2,DNa02_L,8,-0.125,0
held_out,main,original,R,40,2,L1_R,8,3.75,4
held_out,main,original,R,40,2,Mi1_R,8,0.5,3
held_out,main,original,R,40,2,Tm3_R,8,3.0,3
held_out,main,original,R,40,2,T4a_R,8,-6.625,3
held_out,main,original,R,40,2,T4b_R,8,0.375,4
held_out,main,original,R,40,2,T4c_R,8,0.0,2
held_out,main,original,R,40,2,T4d_R,8,-0.875,3
held_out,main,original,R,40,2,T5a_R,8,-4.5,3
held_out,main,original,R,40,2,T5b_R,8,13.5,5
held_out,main,original,R,40,2,T5c_R,8,-5.5,2
held_out,main,original,R,40,2,T5d_R,8,-0.75,4
held_out,main,original,R,40,2,DNa02_R,8,0.0,0
held_out,main,original,R,40,4,L1_L,8,-9.5,2
held_out,main,original,R,40,4,Mi1_L,8,-7.875,2
held_out,main,original,R,40,4,Tm3_L,8,-17.5,3
held_out,main,original,R,40,4,T4a_L,8,-25.0,2
held_out,main,original,R,40,4,T4b_L,8,-22.5,1
held_out,main,original,R,40,4,T4c_L,8,-19.875,2
held_out,main,original,R,40,4,T4d_L,8,-20.75,2
held_out,main,original,R,40,4,T5a_L,8,-9.125,5
held_out,main,original,R,40,4,T5b_L,8,-15.0,4
held_out,main,original,R,40,4,T5c_L,8,-7.25,3
held_out,main,original,R,40,4,T5d_L,8,-13.5,4
held_out,main,original,R,40,4,DNa02_L,8,0.0,1
held_out,main,original,R,40,4,L1_R,8,6.5,6
held_out,main,original,R,40,4,Mi1_R,8,-0.5,3
held_out,main,original,R,40,4,Tm3_R,8,4.5,4
held_out,main,original,R,40,4,T4a_R,8,15.0,6
held_out,main,original,R,40,4,T4b_R,8,28.25,5
held_out,main,original,R,40,4,T4c_R,8,12.75,5
held_out,main,original,R,40,4,T4d_R,8,18.125,4
held_out,main,original,R,40,4,T5a_R,8,19.75,7
held_out,main,original,R,40,4,T5b_R,8,34.0,7
held_out,main,original,R,40,4,T5c_R,8,34.25,6
held_out,main,original,R,40,4,T5d_R,8,24.375,5
held_out,main,original,R,40,4,DNa02_R,8,0.0,0
held_out,main,original,R,95,1,L1_L,8,-2.5,5
held_out,main,original,R,95,1,Mi1_L,8,-5.375,3
held_out,main,original,R,95,1,Tm3_L,8,-10.0,3
held_out,main,original,R,95,1,T4a_L,8,-7.625,2
held_out,main,original,R,95,1,T4b_L,8,-14.125,2
held_out,main,original,R,95,1,T4c_L,8,-13.875,1
held_out,main,original,R,95,1,T4d_L,8,-9.5,3
held_out,main,original,R,95,1,T5a_L,8,-6.875,2
held_out,main,original,R,95,1,T5b_L,8,-0.375,2
held_out,main,original,R,95,1,T5c_L,8,-0.125,3
held_out,main,original,R,95,1,T5d_L,8,-3.25,3
held_out,main,original,R,95,1,DNa02_L,8,-0.125,0
held_out,main,original,R,95,1,L1_R,8,-1.375,4
held_out,main,original,R,95,1,Mi1_R,8,-2.875,1
held_out,main,original,R,95,1,Tm3_R,8,-5.5,3
held_out,main,original,R,95,1,T4a_R,8,-1.5,4
held_out,main,original,R,95,1,T4b_R,8,-2.875,4
held_out,main,original,R,95,1,T4c_R,8,-5.75,2
held_out,main,original,R,95,1,T4d_R,8,-7.375,3
held_out,main,original,R,95,1,T5a_R,8,4.875,4
held_out,main,original,R,95,1,T5b_R,8,-2.25,3
held_out,main,original,R,95,1,T5c_R,8,3.25,5
held_out,main,original,R,95,1,T5d_R,8,2.25,3
held_out,main,original,R,95,1,DNa02_R,8,0.0,0
held_out,main,original,R,95,2,L1_L,8,-2.125,4
held_out,main,original,R,95,2,Mi1_L,8,-2.625,3
held_out,main,original,R,95,2,Tm3_L,8,-4.375,4
held_out,main,original,R,95,2,T4a_L,8,4.75,4
held_out,main,original,R,95,2,T4b_L,8,1.125,4
held_out,main,original,R,95,2,T4c_L,8,-2.75,2
held_out,main,original,R,95,2,T4d_L,8,-1.25,3
held_out,main,original,R,95,2,T5a_L,8,-7.25,3
held_out,main,original,R,95,2,T5b_L,8,-1.75,3
held_out,main,original,R,95,2,T5c_L,8,-4.5,3
held_out,main,original,R,95,2,T5d_L,8,-3.75,5
held_out,main,original,R,95,2,DNa02_L,8,0.125,1
held_out,main,original,R,95,2,L1_R,8,5.125,5
held_out,main,original,R,95,2,Mi1_R,8,4.875,4
held_out,main,original,R,95,2,Tm3_R,8,0.75,2
held_out,main,original,R,95,2,T4a_R,8,-3.0,2
held_out,main,original,R,95,2,T4b_R,8,8.5,5
held_out,main,original,R,95,2,T4c_R,8,7.375,5
held_out,main,original,R,95,2,T4d_R,8,2.375,4
held_out,main,original,R,95,2,T5a_R,8,-10.625,2
held_out,main,original,R,95,2,T5b_R,8,-2.125,5
held_out,main,original,R,95,2,T5c_R,8,-13.125,3
held_out,main,original,R,95,2,T5d_R,8,-13.625,2
held_out,main,original,R,95,2,DNa02_R,8,0.125,1
held_out,main,original,R,95,4,L1_L,8,3.625,6
held_out,main,original,R,95,4,Mi1_L,8,4.5,6
held_out,main,original,R,95,4,Tm3_L,8,3.875,4
held_out,main,original,R,95,4,T4a_L,8,4.125,3
held_out,main,original,R,95,4,T4b_L,8,1.0,4
held_out,main,original,R,95,4,T4c_L,8,4.25,6
held_out,main,original,R,95,4,T4d_L,8,6.75,4
held_out,main,original,R,95,4,T5a_L,8,8.5,5
held_out,main,original,R,95,4,T5b_L,8,9.75,6
held_out,main,original,R,95,4,T5c_L,8,7.125,5
held_out,main,original,R,95,4,T5d_L,8,1.75,3
held_out,main,original,R,95,4,DNa02_L,8,-0.125,0
held_out,main,original,R,95,4,L1_R,8,-0.75,4
held_out,main,original,R,95,4,Mi1_R,8,1.875,6
held_out,main,original,R,95,4,Tm3_R,8,2.375,3
held_out,main,original,R,95,4,T4a_R,8,7.5,6
held_out,main,original,R,95,4,T4b_R,8,17.125,7
held_out,main,original,R,95,4,T4c_R,8,12.125,6
held_out,main,original,R,95,4,T4d_R,8,12.75,7
held_out,main,original,R,95,4,T5a_R,8,9.375,5
held_out,main,original,R,95,4,T5b_R,8,21.375,5
held_out,main,original,R,95,4,T5c_R,8,16.25,6
held_out,main,original,R,95,4,T5d_R,8,8.875,4
held_out,main,original,R,95,4,DNa02_R,8,-0.125,0
held_out,main,shuffle_801,L,40,1,L1_L,8,5.0,4
held_out,main,shuffle_801,L,40,1,Mi1_L,8,-1.25,3
held_out,main,shuffle_801,L,40,1,Tm3_L,8,-5.0,1
held_out,main,shuffle_801,L,40,1,T4a_L,8,-7.375,1
held_out,main,shuffle_801,L,40,1,T4b_L,8,-2.75,3
held_out,main,shuffle_801,L,40,1,T4c_L,8,-0.875,3
held_out,main,shuffle_801,L,40,1,T4d_L,8,-5.875,2
held_out,main,shuffle_801,L,40,1,T5a_L,8,2.125,5
held_out,main,shuffle_801,L,40,1,T5b_L,8,6.25,5
held_out,main,shuffle_801,L,40,1,T5c_L,8,9.0,4
held_out,main,shuffle_801,L,40,1,T5d_L,8,5.375,4
held_out,main,shuffle_801,L,40,1,DNa02_L,8,0.0,0
held_out,main,shuffle_801,L,40,1,L1_R,8,1.375,6
held_out,main,shuffle_801,L,40,1,Mi1_R,8,-1.5,3
held_out,main,shuffle_801,L,40,1,Tm3_R,8,-7.125,3
held_out,main,shuffle_801,L,40,1,T4a_R,8,-0.25,4
held_out,main,shuffle_801,L,40,1,T4b_R,8,1.125,3
held_out,main,shuffle_801,L,40,1,T4c_R,8,-0.75,3
held_out,main,shuffle_801,L,40,1,T4d_R,8,0.0,4
held_out,main,shuffle_801,L,40,1,T5a_R,8,5.625,5
held_out,main,shuffle_801,L,40,1,T5b_R,8,1.5,4
held_out,main,shuffle_801,L,40,1,T5c_R,8,1.625,5
held_out,main,shuffle_801,L,40,1,T5d_R,8,4.5,5
held_out,main,shuffle_801,L,40,1,DNa02_R,8,0.0,0
held_out,main,shuffle_801,L,40,2,L1_L,8,-0.375,3
held_out,main,shuffle_801,L,40,2,Mi1_L,8,-0.75,4
held_out,main,shuffle_801,L,40,2,Tm3_L,8,-8.0,2
held_out,main,shuffle_801,L,40,2,T4a_L,8,-8.5,2
held_out,main,shuffle_801,L,40,2,T4b_L,8,-23.125,1
held_out,main,shuffle_801,L,40,2,T4c_L,8,-9.25,2
held_out,main,shuffle_801,L,40,2,T4d_L,8,-13.875,1
held_out,main,shuffle_801,L,40,2,T5a_L,8,-13.375,3
held_out,main,shuffle_801,L,40,2,T5b_L,8,-21.0,2
held_out,main,shuffle_801,L,40,2,T5c_L,8,-16.875,4
held_out,main,shuffle_801,L,40,2,T5d_L,8,-14.375,3
held_out,main,shuffle_801,L,40,2,DNa02_L,8,0.0,0
held_out,main,shuffle_801,L,40,2,L1_R,8,-3.125,4
held_out,main,shuffle_801,L,40,2,Mi1_R,8,-6.625,2
held_out,main,shuffle_801,L,40,2,Tm3_R,8,-18.375,2
held_out,main,shuffle_801,L,40,2,T4a_R,8,-26.5,2
held_out,main,shuffle_801,L,40,2,T4b_R,8,-29.75,0
held_out,main,shuffle_801,L,40,2,T4c_R,8,-22.5,2
held_out,main,shuffle_801,L,40,2,T4d_R,8,-22.25,2
held_out,main,shuffle_801,L,40,2,T5a_R,8,-31.875,1
held_out,main,shuffle_801,L,40,2,T5b_R,8,-23.25,2
held_out,main,shuffle_801,L,40,2,T5c_R,8,-28.25,1
held_out,main,shuffle_801,L,40,2,T5d_R,8,-28.75,2
held_out,main,shuffle_801,L,40,2,DNa02_R,8,0.0,0
held_out,main,shuffle_801,L,40,4,L1_L,8,-7.375,1
held_out,main,shuffle_801,L,40,4,Mi1_L,8,-2.375,2
held_out,main,shuffle_801,L,40,4,Tm3_L,8,-3.875,2
held_out,main,shuffle_801,L,40,4,T4a_L,8,-8.75,2
held_out,main,shuffle_801,L,40,4,T4b_L,8,-20.25,1
held_out,main,shuffle_801,L,40,4,T4c_L,8,-9.25,3
held_out,main,shuffle_801,L,40,4,T4d_L,8,-8.0,4
held_out,main,shuffle_801,L,40,4,T5a_L,8,-22.5,1
held_out,main,shuffle_801,L,40,4,T5b_L,8,-23.25,2
held_out,main,shuffle_801,L,40,4,T5c_L,8,-24.0,1
held_out,main,shuffle_801,L,40,4,T5d_L,8,-18.625,2
held_out,main,shuffle_801,L,40,4,DNa02_L,8,0.125,1
held_out,main,shuffle_801,L,40,4,L1_R,8,0.875,3
held_out,main,shuffle_801,L,40,4,Mi1_R,8,-1.375,5
held_out,main,shuffle_801,L,40,4,Tm3_R,8,-0.125,5
held_out,main,shuffle_801,L,40,4,T4a_R,8,-7.375,4
held_out,main,shuffle_801,L,40,4,T4b_R,8,-7.75,3
held_out,main,shuffle_801,L,40,4,T4c_R,8,-1.75,4
held_out,main,shuffle_801,L,40,4,T4d_R,8,4.0,5
held_out,main,shuffle_801,L,40,4,T5a_R,8,-12.5,2
held_out,main,shuffle_801,L,40,4,T5b_R,8,-5.0,3
held_out,main,shuffle_801,L,40,4,T5c_R,8,-10.125,1
held_out,main,shuffle_801,L,40,4,T5d_R,8,-7.375,1
held_out,main,shuffle_801,L,40,4,DNa02_R,8,0.125,1
held_out,main,shuffle_801,L,95,1,L1_L,8,0.125,4
held_out,main,shuffle_801,L,95,1,Mi1_L,8,-1.375,2
held_out,main,shuffle_801,L,95,1,Tm3_L,8,1.0,4
held_out,main,shuffle_801,L,95,1,T4a_L,8,-1.0,5
held_out,main,shuffle_801,L,95,1,T4b_L,8,-0.25,3
held_out,main,shuffle_801,L,95,1,T4c_L,8,-1.875,4
held_out,main,shuffle_801,L,95,1,T4d_L,8,1.5,5
held_out,main,shuffle_801,L,95,1,T5a_L,8,4.125,5
held_out,main,shuffle_801,L,95,1,T5b_L,8,3.875,5
held_out,main,shuffle_801,L,95,1,T5c_L,8,5.0,6
held_out,main,shuffle_801,L,95,1,T5d_L,8,-2.625,4
held_out,main,shuffle_801,L,95,1,DNa02_L,8,0.0,0
held_out,main,shuffle_801,L,95,1,L1_R,8,10.5,5
held_out,main,shuffle_801,L,95,1,Mi1_R,8,9.625,7
held_out,main,shuffle_801,L,95,1,Tm3_R,8,19.25,6
held_out,main,shuffle_801,L,95,1,T4a_R,8,26.875,8
held_out,main,shuffle_801,L,95,1,T4b_R,8,17.75,6
held_out,main,shuffle_801,L,95,1,T4c_R,8,17.5,6
held_out,main,shuffle_801,L,95,1,T4d_R,8,19.875,6
held_out,main,shuffle_801,L,95,1,T5a_R,8,25.625,6
held_out,main,shuffle_801,L,95,1,T5b_R,8,21.75,6
held_out,main,shuffle_801,L,95,1,T5c_R,8,24.5,6
held_out,main,shuffle_801,L,95,1,T5d_R,8,22.375,5
held_out,main,shuffle_801,L,95,1,DNa02_R,8,0.125,1
held_out,main,shuffle_801,L,95,2,L1_L,8,3.5,5
held_out,main,shuffle_801,L,95,2,Mi1_L,8,0.125,3
held_out,main,shuffle_801,L,95,2,Tm3_L,8,-6.75,2
held_out,main,shuffle_801,L,95,2,T4a_L,8,0.125,5
held_out,main,shuffle_801,L,95,2,T4b_L,8,-7.625,3
held_out,main,shuffle_801,L,95,2,T4c_L,8,1.5,5
held_out,main,shuffle_801,L,95,2,T4d_L,8,-3.875,4
held_out,main,shuffle_801,L,95,2,T5a_L,8,6.0,5
held_out,main,shuffle_801,L,95,2,T5b_L,8,3.125,3
held_out,main,shuffle_801,L,95,2,T5c_L,8,17.375,7
held_out,main,shuffle_801,L,95,2,T5d_L,8,9.75,5
held_out,main,shuffle_801,L,95,2,DNa02_L,8,-0.125,0
held_out,main,shuffle_801,L,95,2,L1_R,8,3.125,4
held_out,main,shuffle_801,L,95,2,Mi1_R,8,2.25,5
held_out,main,shuffle_801,L,95,2,Tm3_R,8,4.375,4
held_out,main,shuffle_801,L,95,2,T4a_R,8,4.125,5
held_out,main,shuffle_801,L,95,2,T4b_R,8,3.125,5
held_out,main,shuffle_801,L,95,2,T4c_R,8,1.0,5
held_out,main,shuffle_801,L,95,2,T4d_R,8,-0.25,4
held_out,main,shuffle_801,L,95,2,T5a_R,8,-11.875,2
held_out,main,shuffle_801,L,95,2,T5b_R,8,4.25,4
held_out,main,shuffle_801,L,95,2,T5c_R,8,-4.5,5
held_out,main,shuffle_801,L,95,2,T5d_R,8,-11.75,4
held_out,main,shuffle_801,L,95,2,DNa02_R,8,0.0,0
held_out,main,shuffle_801,L,95,4,L1_L,8,-1.625,2
held_out,main,shuffle_801,L,95,4,Mi1_L,8,1.0,5
held_out,main,shuffle_801,L,95,4,Tm3_L,8,-0.25,4
held_out,main,shuffle_801,L,95,4,T4a_L,8,-1.375,5
held_out,main,shuffle_801,L,95,4,T4b_L,8,14.125,6
held_out,main,shuffle_801,L,95,4,T4c_L,8,14.75,5
held_out,main,shuffle_801,L,95,4,T4d_L,8,11.75,5
held_out,main,shuffle_801,L,95,4,T5a_L,8,-0.875,3
held_out,main,shuffle_801,L,95,4,T5b_L,8,13.625,5
held_out,main,shuffle_801,L,95,4,T5c_L,8,5.75,5
held_out,main,shuffle_801,L,95,4,T5d_L,8,7.625,5
held_out,main,shuffle_801,L,95,4,DNa02_L,8,0.125,1
held_out,main,shuffle_801,L,95,4,L1_R,8,3.75,6
held_out,main,shuffle_801,L,95,4,Mi1_R,8,2.0,6
held_out,main,shuffle_801,L,95,4,Tm3_R,8,5.25,4
held_out,main,shuffle_801,L,95,4,T4a_R,8,10.25,5
held_out,main,shuffle_801,L,95,4,T4b_R,8,16.375,6
held_out,main,shuffle_801,L,95,4,T4c_R,8,11.5,8
held_out,main,shuffle_801,L,95,4,T4d_R,8,9.375,6
held_out,main,shuffle_801,L,95,4,T5a_R,8,14.125,5
held_out,main,shuffle_801,L,95,4,T5b_R,8,18.125,6
held_out,main,shuffle_801,L,95,4,T5c_R,8,18.25,6
held_out,main,shuffle_801,L,95,4,T5d_R,8,19.625,6
held_out,main,shuffle_801,L,95,4,DNa02_R,8,0.125,1
held_out,main,shuffle_801,R,40,1,L1_L,8,-4.125,2
held_out,main,shuffle_801,R,40,1,Mi1_L,8,-6.5,0
held_out,main,shuffle_801,R,40,1,Tm3_L,8,-8.375,2
held_out,main,shuffle_801,R,40,1,T4a_L,8,-13.5,1
held_out,main,shuffle_801,R,40,1,T4b_L,8,-14.75,2
held_out,main,shuffle_801,R,40,1,T4c_L,8,-11.875,2
held_out,main,shuffle_801,R,40,1,T4d_L,8,-7.625,2
held_out,main,shuffle_801,R,40,1,T5a_L,8,-5.75,3
held_out,main,shuffle_801,R,40,1,T5b_L,8,-12.625,3
held_out,main,shuffle_801,R,40,1,T5c_L,8,-5.25,3
held_out,main,shuffle_801,R,40,1,T5d_L,8,-4.125,4
held_out,main,shuffle_801,R,40,1,DNa02_L,8,0.0,0
held_out,main,shuffle_801,R,40,1,L1_R,8,0.5,4
held_out,main,shuffle_801,R,40,1,Mi1_R,8,-1.0,5
held_out,main,shuffle_801,R,40,1,Tm3_R,8,-9.25,3
held_out,main,shuffle_801,R,40,1,T4a_R,8,-11.5,3
held_out,main,shuffle_801,R,40,1,T4b_R,8,-5.75,2
held_out,main,shuffle_801,R,40,1,T4c_R,8,-3.625,3
held_out,main,shuffle_801,R,40,1,T4d_R,8,-5.75,2
held_out,main,shuffle_801,R,40,1,T5a_R,8,-3.625,2
held_out,main,shuffle_801,R,40,1,T5b_R,8,-1.125,3
held_out,main,shuffle_801,R,40,1,T5c_R,8,-1.125,3
held_out,main,shuffle_801,R,40,1,T5d_R,8,1.75,4
held_out,main,shuffle_801,R,40,1,DNa02_R,8,0.0,0
held_out,main,shuffle_801,R,40,2,L1_L,8,-4.375,2
held_out,main,shuffle_801,R,40,2,Mi1_L,8,-4.125,2
held_out,main,shuffle_801,R,40,2,Tm3_L,8,-4.0,4
held_out,main,shuffle_801,R,40,2,T4a_L,8,-0.125,4
held_out,main,shuffle_801,R,40,2,T4b_L,8,-3.75,3
held_out,main,shuffle_801,R,40,2,T4c_L,8,-6.5,2
held_out,main,shuffle_801,R,40,2,T4d_L,8,-5.625,3
held_out,main,shuffle_801,R,40,2,T5a_L,8,2.75,6
held_out,main,shuffle_801,R,40,2,T5b_L,8,-7.125,3
held_out,main,shuffle_801,R,40,2,T5c_L,8,-1.375,4
held_out,main,shuffle_801,R,40,2,T5d_L,8,0.125,4
held_out,main,shuffle_801,R,40,2,DNa02_L,8,0.0,0
held_out,main,shuffle_801,R,40,2,L1_R,8,6.875,5
held_out,main,shuffle_801,R,40,2,Mi1_R,8,0.75,4
held_out,main,shuffle_801,R,40,2,Tm3_R,8,6.25,5
held_out,main,shuffle_801,R,40,2,T4a_R,8,-0.375,4
held_out,main,shuffle_801,R,40,2,T4b_R,8,-5.875,4
held_out,main,shuffle_801,R,40,2,T4c_R,8,-1.125,4
held_out,main,shuffle_801,R,40,2,T4d_R,8,-1.25,2
held_out,main,shuffle_801,R,40,2,T5a_R,8,-2.75,4
held_out,main,shuffle_801,R,40,2,T5b_R,8,-0.5,6
held_out,main,shuffle_801,R,40,2,T5c_R,8,-9.875,4
held_out,main,shuffle_801,R,40,2,T5d_R,8,-7.5,4
held_out,main,shuffle_801,R,40,2,DNa02_R,8,0.0,0
held_out,main,shuffle_801,R,40,4,L1_L,8,-0.75,4
held_out,main,shuffle_801,R,40,4,Mi1_L,8,0.25,3
held_out,main,shuffle_801,R,40,4,Tm3_L,8,-11.0,4
held_out,main,shuffle_801,R,40,4,T4a_L,8,-6.125,3
held_out,main,shuffle_801,R,40,4,T4b_L,8,-10.5,1
held_out,main,shuffle_801,R,40,4,T4c_L,8,-7.75,3
held_out,main,shuffle_801,R,40,4,T4d_L,8,-6.375,4
held_out,main,shuffle_801,R,40,4,T5a_L,8,0.125,6
held_out,main,shuffle_801,R,40,4,T5b_L,8,-4.75,3
held_out,main,shuffle_801,R,40,4,T5c_L,8,-1.25,5
held_out,main,shuffle_801,R,40,4,T5d_L,8,-1.125,5
held_out,main,shuffle_801,R,40,4,DNa02_L,8,0.0,1
held_out,main,shuffle_801,R,40,4,L1_R,8,7.625,5
held_out,main,shuffle_801,R,40,4,Mi1_R,8,-1.0,2
held_out,main,shuffle_801,R,40,4,Tm3_R,8,-7.625,3
held_out,main,shuffle_801,R,40,4,T4a_R,8,7.375,4
held_out,main,shuffle_801,R,40,4,T4b_R,8,23.25,3
held_out,main,shuffle_801,R,40,4,T4c_R,8,10.125,4
held_out,main,shuffle_801,R,40,4,T4d_R,8,14.5,4
held_out,main,shuffle_801,R,40,4,T5a_R,8,27.5,8
held_out,main,shuffle_801,R,40,4,T5b_R,8,39.125,7
held_out,main,shuffle_801,R,40,4,T5c_R,8,49.375,8
held_out,main,shuffle_801,R,40,4,T5d_R,8,40.0,6
held_out,main,shuffle_801,R,40,4,DNa02_R,8,0.0,0
held_out,main,shuffle_801,R,95,1,L1_L,8,7.5,7
held_out,main,shuffle_801,R,95,1,Mi1_L,8,1.125,4
held_out,main,shuffle_801,R,95,1,Tm3_L,8,3.375,4
held_out,main,shuffle_801,R,95,1,T4a_L,8,2.375,3
held_out,main,shuffle_801,R,95,1,T4b_L,8,6.75,3
held_out,main,shuffle_801,R,95,1,T4c_L,8,-1.0,2
held_out,main,shuffle_801,R,95,1,T4d_L,8,8.875,4
held_out,main,shuffle_801,R,95,1,T5a_L,8,1.5,6
held_out,main,shuffle_801,R,95,1,T5b_L,8,8.875,5
held_out,main,shuffle_801,R,95,1,T5c_L,8,0.5,4
held_out,main,shuffle_801,R,95,1,T5d_L,8,8.0,7
held_out,main,shuffle_801,R,95,1,DNa02_L,8,-0.25,0
held_out,main,shuffle_801,R,95,1,L1_R,8,1.0,4
held_out,main,shuffle_801,R,95,1,Mi1_R,8,-0.875,4
held_out,main,shuffle_801,R,95,1,Tm3_R,8,-4.5,2
held_out,main,shuffle_801,R,95,1,T4a_R,8,10.375,4
held_out,main,shuffle_801,R,95,1,T4b_R,8,-7.0,5
held_out,main,shuffle_801,R,95,1,T4c_R,8,0.5,5
held_out,main,shuffle_801,R,95,1,T4d_R,8,-2.5,4
held_out,main,shuffle_801,R,95,1,T5a_R,8,7.0,4
held_out,main,shuffle_801,R,95,1,T5b_R,8,-7.0,4
held_out,main,shuffle_801,R,95,1,T5c_R,8,2.875,5
held_out,main,shuffle_801,R,95,1,T5d_R,8,0.125,4
held_out,main,shuffle_801,R,95,1,DNa02_R,8,0.0,0
held_out,main,shuffle_801,R,95,2,L1_L,8,3.25,5
held_out,main,shuffle_801,R,95,2,Mi1_L,8,2.875,4
held_out,main,shuffle_801,R,95,2,Tm3_L,8,2.5,4
held_out,main,shuffle_801,R,95,2,T4a_L,8,5.625,5
held_out,main,shuffle_801,R,95,2,T4b_L,8,5.125,4
held_out,main,shuffle_801,R,95,2,T4c_L,8,6.0,5
held_out,main,shuffle_801,R,95,2,T4d_L,8,4.0,4
held_out,main,shuffle_801,R,95,2,T5a_L,8,2.875,4
held_out,main,shuffle_801,R,95,2,T5b_L,8,10.125,4
held_out,main,shuffle_801,R,95,2,T5c_L,8,1.875,4
held_out,main,shuffle_801,R,95,2,T5d_L,8,8.375,7
held_out,main,shuffle_801,R,95,2,DNa02_L,8,0.0,0
held_out,main,shuffle_801,R,95,2,L1_R,8,1.25,4
held_out,main,shuffle_801,R,95,2,Mi1_R,8,-0.625,3
held_out,main,shuffle_801,R,95,2,Tm3_R,8,-12.25,2
held_out,main,shuffle_801,R,95,2,T4a_R,8,1.375,5
held_out,main,shuffle_801,R,95,2,T4b_R,8,10.25,6
held_out,main,shuffle_801,R,95,2,T4c_R,8,1.625,3
held_out,main,shuffle_801,R,95,2,T4d_R,8,6.125,5
held_out,main,shuffle_801,R,95,2,T5a_R,8,7.75,5
held_out,main,shuffle_801,R,95,2,T5b_R,8,12.75,5
held_out,main,shuffle_801,R,95,2,T5c_R,8,2.75,3
held_out,main,shuffle_801,R,95,2,T5d_R,8,10.625,4
held_out,main,shuffle_801,R,95,2,DNa02_R,8,0.0,0
held_out,main,shuffle_801,R,95,4,L1_L,8,1.75,4
held_out,main,shuffle_801,R,95,4,Mi1_L,8,4.25,6
held_out,main,shuffle_801,R,95,4,Tm3_L,8,-2.25,4
held_out,main,shuffle_801,R,95,4,T4a_L,8,-2.5,4
held_out,main,shuffle_801,R,95,4,T4b_L,8,4.75,5
held_out,main,shuffle_801,R,95,4,T4c_L,8,1.75,4
held_out,main,shuffle_801,R,95,4,T4d_L,8,9.625,5
held_out,main,shuffle_801,R,95,4,T5a_L,8,-8.25,4
held_out,main,shuffle_801,R,95,4,T5b_L,8,-2.5,4
held_out,main,shuffle_801,R,95,4,T5c_L,8,-3.5,4
held_out,main,shuffle_801,R,95,4,T5d_L,8,-9.875,2
held_out,main,shuffle_801,R,95,4,DNa02_L,8,0.125,1
held_out,main,shuffle_801,R,95,4,L1_R,8,-0.25,4
held_out,main,shuffle_801,R,95,4,Mi1_R,8,0.5,5
held_out,main,shuffle_801,R,95,4,Tm3_R,8,-3.0,3
held_out,main,shuffle_801,R,95,4,T4a_R,8,3.125,6
held_out,main,shuffle_801,R,95,4,T4b_R,8,12.25,5
held_out,main,shuffle_801,R,95,4,T4c_R,8,6.25,4
held_out,main,shuffle_801,R,95,4,T4d_R,8,9.875,5
held_out,main,shuffle_801,R,95,4,T5a_R,8,13.875,5
held_out,main,shuffle_801,R,95,4,T5b_R,8,16.0,5
held_out,main,shuffle_801,R,95,4,T5c_R,8,19.875,5
held_out,main,shuffle_801,R,95,4,T5d_R,8,6.375,4
held_out,main,shuffle_801,R,95,4,DNa02_R,8,0.0,0
held_out,main,shuffle_802,L,40,1,L1_L,8,6.75,4
held_out,main,shuffle_802,L,40,1,Mi1_L,8,-1.125,3
held_out,main,shuffle_802,L,40,1,Tm3_L,8,3.0,3
held_out,main,shuffle_802,L,40,1,T4a_L,8,-2.875,2
held_out,main,shuffle_802,L,40,1,T4b_L,8,-2.5,3
held_out,main,shuffle_802,L,40,1,T4c_L,8,2.125,4
held_out,main,shuffle_802,L,40,1,T4d_L,8,0.375,3
held_out,main,shuffle_802,L,40,1,T5a_L,8,-3.125,5
held_out,main,shuffle_802,L,40,1,T5b_L,8,-0.625,5
held_out,main,shuffle_802,L,40,1,T5c_L,8,6.75,5
held_out,main,shuffle_802,L,40,1,T5d_L,8,-1.625,4
held_out,main,shuffle_802,L,40,1,DNa02_L,8,0.0,0
held_out,main,shuffle_802,L,40,1,L1_R,8,1.375,6
held_out,main,shuffle_802,L,40,1,Mi1_R,8,0.25,4
held_out,main,shuffle_802,L,40,1,Tm3_R,8,-6.125,3
held_out,main,shuffle_802,L,40,1,T4a_R,8,5.0,3
held_out,main,shuffle_802,L,40,1,T4b_R,8,8.5,3
held_out,main,shuffle_802,L,40,1,T4c_R,8,8.25,3
held_out,main,shuffle_802,L,40,1,T4d_R,8,10.75,5
held_out,main,shuffle_802,L,40,1,T5a_R,8,17.875,5
held_out,main,shuffle_802,L,40,1,T5b_R,8,13.25,3
held_out,main,shuffle_802,L,40,1,T5c_R,8,13.625,5
held_out,main,shuffle_802,L,40,1,T5d_R,8,20.75,6
held_out,main,shuffle_802,L,40,1,DNa02_R,8,0.0,0
held_out,main,shuffle_802,L,40,2,L1_L,8,2.25,4
held_out,main,shuffle_802,L,40,2,Mi1_L,8,-2.0,3
held_out,main,shuffle_802,L,40,2,Tm3_L,8,-15.25,2
held_out,main,shuffle_802,L,40,2,T4a_L,8,-7.875,2
held_out,main,shuffle_802,L,40,2,T4b_L,8,-17.375,3
held_out,main,shuffle_802,L,40,2,T4c_L,8,-8.375,3
held_out,main,shuffle_802,L,40,2,T4d_L,8,-12.75,2
held_out,main,shuffle_802,L,40,2,T5a_L,8,-9.625,2
held_out,main,shuffle_802,L,40,2,T5b_L,8,-15.125,2
held_out,main,shuffle_802,L,40,2,T5c_L,8,-12.75,3
held_out,main,shuffle_802,L,40,2,T5d_L,8,-7.375,2
held_out,main,shuffle_802,L,40,2,DNa02_L,8,0.0,0
held_out,main,shuffle_802,L,40,2,L1_R,8,-2.25,4
held_out,main,shuffle_802,L,40,2,Mi1_R,8,-5.5,3
held_out,main,shuffle_802,L,40,2,Tm3_R,8,-20.625,2
held_out,main,shuffle_802,L,40,2,T4a_R,8,-20.25,2
held_out,main,shuffle_802,L,40,2,T4b_R,8,-21.75,2
held_out,main,shuffle_802,L,40,2,T4c_R,8,-16.625,1
held_out,main,shuffle_802,L,40,2,T4d_R,8,-15.0,2
held_out,main,shuffle_802,L,40,2,T5a_R,8,-9.0,1
held_out,main,shuffle_802,L,40,2,T5b_R,8,-5.5,3
held_out,main,shuffle_802,L,40,2,T5c_R,8,-2.875,2
held_out,main,shuffle_802,L,40,2,T5d_R,8,-2.0,3
held_out,main,shuffle_802,L,40,2,DNa02_R,8,0.0,0
held_out,main,shuffle_802,L,40,4,L1_L,8,-3.25,2
held_out,main,shuffle_802,L,40,4,Mi1_L,8,0.25,3
held_out,main,shuffle_802,L,40,4,Tm3_L,8,3.375,4
held_out,main,shuffle_802,L,40,4,T4a_L,8,-1.5,4
held_out,main,shuffle_802,L,40,4,T4b_L,8,-13.5,2
held_out,main,shuffle_802,L,40,4,T4c_L,8,-4.875,3
held_out,main,shuffle_802,L,40,4,T4d_L,8,-3.5,5
held_out,main,shuffle_802,L,40,4,T5a_L,8,-19.0,2
held_out,main,shuffle_802,L,40,4,T5b_L,8,-22.5,1
held_out,main,shuffle_802,L,40,4,T5c_L,8,-18.125,1
held_out,main,shuffle_802,L,40,4,T5d_L,8,-15.25,3
held_out,main,shuffle_802,L,40,4,DNa02_L,8,0.0,0
held_out,main,shuffle_802,L,40,4,L1_R,8,-0.75,3
held_out,main,shuffle_802,L,40,4,Mi1_R,8,-0.375,4
held_out,main,shuffle_802,L,40,4,Tm3_R,8,-1.0,5
held_out,main,shuffle_802,L,40,4,T4a_R,8,-5.625,3
held_out,main,shuffle_802,L,40,4,T4b_R,8,-5.25,3
held_out,main,shuffle_802,L,40,4,T4c_R,8,-2.25,4
held_out,main,shuffle_802,L,40,4,T4d_R,8,1.25,4
held_out,main,shuffle_802,L,40,4,T5a_R,8,-8.0,3
held_out,main,shuffle_802,L,40,4,T5b_R,8,-5.0,2
held_out,main,shuffle_802,L,40,4,T5c_R,8,-5.625,2
held_out,main,shuffle_802,L,40,4,T5d_R,8,0.125,4
held_out,main,shuffle_802,L,40,4,DNa02_R,8,0.0,0
held_out,main,shuffle_802,L,95,1,L1_L,8,-0.125,3
held_out,main,shuffle_802,L,95,1,Mi1_L,8,2.125,5
held_out,main,shuffle_802,L,95,1,Tm3_L,8,2.625,5
held_out,main,shuffle_802,L,95,1,T4a_L,8,2.0,5
held_out,main,shuffle_802,L,95,1,T4b_L,8,7.0,5
held_out,main,shuffle_802,L,95,1,T4c_L,8,11.0,6
held_out,main,shuffle_802,L,95,1,T4d_L,8,9.875,7
held_out,main,shuffle_802,L,95,1,T5a_L,8,3.125,5
held_out,main,shuffle_802,L,95,1,T5b_L,8,1.25,4
held_out,main,shuffle_802,L,95,1,T5c_L,8,7.375,4
held_out,main,shuffle_802,L,95,1,T5d_L,8,8.375,5
held_out,main,shuffle_802,L,95,1,DNa02_L,8,0.0,0
held_out,main,shuffle_802,L,95,1,L1_R,8,4.875,5
held_out,main,shuffle_802,L,95,1,Mi1_R,8,6.0,6
held_out,main,shuffle_802,L,95,1,Tm3_R,8,17.125,7
held_out,main,shuffle_802,L,95,1,T4a_R,8,13.375,7
held_out,main,shuffle_802,L,95,1,T4b_R,8,4.375,5
held_out,main,shuffle_802,L,95,1,T4c_R,8,9.875,7
held_out,main,shuffle_802,L,95,1,T4d_R,8,10.375,6
held_out,main,shuffle_802,L,95,1,T5a_R,8,3.5,4
held_out,main,shuffle_802,L,95,1,T5b_R,8,3.125,4
held_out,main,shuffle_802,L,95,1,T5c_R,8,3.0,6
held_out,main,shuffle_802,L,95,1,T5d_R,8,-2.375,3
held_out,main,shuffle_802,L,95,1,DNa02_R,8,0.125,1
held_out,main,shuffle_802,L,95,2,L1_L,8,12.5,7
held_out,main,shuffle_802,L,95,2,Mi1_L,8,7.25,5
held_out,main,shuffle_802,L,95,2,Tm3_L,8,9.375,5
held_out,main,shuffle_802,L,95,2,T4a_L,8,1.625,4
held_out,main,shuffle_802,L,95,2,T4b_L,8,-12.75,4
held_out,main,shuffle_802,L,95,2,T4c_L,8,6.375,4
held_out,main,shuffle_802,L,95,2,T4d_L,8,-7.75,5
held_out,main,shuffle_802,L,95,2,T5a_L,8,-7.25,4
held_out,main,shuffle_802,L,95,2,T5b_L,8,-13.875,3
held_out,main,shuffle_802,L,95,2,T5c_L,8,-2.0,4
held_out,main,shuffle_802,L,95,2,T5d_L,8,-11.125,4
held_out,main,shuffle_802,L,95,2,DNa02_L,8,0.0,1
held_out,main,shuffle_802,L,95,2,L1_R,8,0.875,4
held_out,main,shuffle_802,L,95,2,Mi1_R,8,-1.5,3
held_out,main,shuffle_802,L,95,2,Tm3_R,8,-3.5,4
held_out,main,shuffle_802,L,95,2,T4a_R,8,-8.75,2
held_out,main,shuffle_802,L,95,2,T4b_R,8,-3.625,3
held_out,main,shuffle_802,L,95,2,T4c_R,8,-9.0,3
held_out,main,shuffle_802,L,95,2,T4d_R,8,-10.125,3
held_out,main,shuffle_802,L,95,2,T5a_R,8,-17.875,2
held_out,main,shuffle_802,L,95,2,T5b_R,8,-1.875,5
held_out,main,shuffle_802,L,95,2,T5c_R,8,-17.375,2
held_out,main,shuffle_802,L,95,2,T5d_R,8,-21.25,2
held_out,main,shuffle_802,L,95,2,DNa02_R,8,0.0,0
held_out,main,shuffle_802,L,95,4,L1_L,8,-4.0,3
held_out,main,shuffle_802,L,95,4,Mi1_L,8,2.625,5
held_out,main,shuffle_802,L,95,4,Tm3_L,8,4.375,5
held_out,main,shuffle_802,L,95,4,T4a_L,8,2.875,4
held_out,main,shuffle_802,L,95,4,T4b_L,8,17.5,4
held_out,main,shuffle_802,L,95,4,T4c_L,8,14.75,4
held_out,main,shuffle_802,L,95,4,T4d_L,8,12.75,5
held_out,main,shuffle_802,L,95,4,T5a_L,8,6.0,4
held_out,main,shuffle_802,L,95,4,T5b_L,8,22.125,4
held_out,main,shuffle_802,L,95,4,T5c_L,8,11.5,3
held_out,main,shuffle_802,L,95,4,T5d_L,8,7.75,4
held_out,main,shuffle_802,L,95,4,DNa02_L,8,0.0,1
held_out,main,shuffle_802,L,95,4,L1_R,8,2.625,6
held_out,main,shuffle_802,L,95,4,Mi1_R,8,-1.25,2
held_out,main,shuffle_802,L,95,4,Tm3_R,8,1.5,3
held_out,main,shuffle_802,L,95,4,T4a_R,8,7.875,5
held_out,main,shuffle_802,L,95,4,T4b_R,8,8.75,6
held_out,main,shuffle_802,L,95,4,T4c_R,8,4.75,5
held_out,main,shuffle_802,L,95,4,T4d_R,8,7.125,5
held_out,main,shuffle_802,L,95,4,T5a_R,8,16.125,4
held_out,main,shuffle_802,L,95,4,T5b_R,8,19.25,5
held_out,main,shuffle_802,L,95,4,T5c_R,8,19.75,4
held_out,main,shuffle_802,L,95,4,T5d_R,8,16.25,5
held_out,main,shuffle_802,L,95,4,DNa02_R,8,0.0,0
held_out,main,shuffle_802,R,40,1,L1_L,8,-4.75,0
held_out,main,shuffle_802,R,40,1,Mi1_L,8,-7.0,0
held_out,main,shuffle_802,R,40,1,Tm3_L,8,-11.25,3
held_out,main,shuffle_802,R,40,1,T4a_L,8,-14.5,0
held_out,main,shuffle_802,R,40,1,T4b_L,8,-13.75,1
held_out,main,shuffle_802,R,40,1,T4c_L,8,-15.625,0
held_out,main,shuffle_802,R,40,1,T4d_L,8,-8.75,2
held_out,main,shuffle_802,R,40,1,T5a_L,8,-7.5,3
held_out,main,shuffle_802,R,40,1,T5b_L,8,-7.125,4
held_out,main,shuffle_802,R,40,1,T5c_L,8,0.5,3
held_out,main,shuffle_802,R,40,1,T5d_L,8,-3.75,4
held_out,main,shuffle_802,R,40,1,DNa02_L,8,0.125,1
held_out,main,shuffle_802,R,40,1,L1_R,8,7.125,7
held_out,main,shuffle_802,R,40,1,Mi1_R,8,-2.25,5
held_out,main,shuffle_802,R,40,1,Tm3_R,8,-5.625,3
held_out,main,shuffle_802,R,40,1,T4a_R,8,-7.75,3
held_out,main,shuffle_802,R,40,1,T4b_R,8,0.625,5
held_out,main,shuffle_802,R,40,1,T4c_R,8,-2.875,4
held_out,main,shuffle_802,R,40,1,T4d_R,8,-2.125,3
held_out,main,shuffle_802,R,40,1,T5a_R,8,2.25,4
held_out,main,shuffle_802,R,40,1,T5b_R,8,4.5,5
held_out,main,shuffle_802,R,40,1,T5c_R,8,3.5,5
held_out,main,shuffle_802,R,40,1,T5d_R,8,14.375,5
held_out,main,shuffle_802,R,40,1,DNa02_R,8,0.0,0
held_out,main,shuffle_802,R,40,2,L1_L,8,-2.25,3
held_out,main,shuffle_802,R,40,2,Mi1_L,8,-4.375,1
held_out,main,shuffle_802,R,40,2,Tm3_L,8,-13.125,1
held_out,main,shuffle_802,R,40,2,T4a_L,8,-7.125,2
held_out,main,shuffle_802,R,40,2,T4b_L,8,-12.25,1
held_out,main,shuffle_802,R,40,2,T4c_L,8,-11.75,1
held_out,main,shuffle_802,R,40,2,T4d_L,8,-7.5,3
held_out,main,shuffle_802,R,40,2,T5a_L,8,-1.0,3
held_out,main,shuffle_802,R,40,2,T5b_L,8,-8.875,3
held_out,main,shuffle_802,R,40,2,T5c_L,8,-7.875,2
held_out,main,shuffle_802,R,40,2,T5d_L,8,-0.875,4
held_out,main,shuffle_802,R,40,2,DNa02_L,8,0.0,0
held_out,main,shuffle_802,R,40,2,L1_R,8,5.5,6
held_out,main,shuffle_802,R,40,2,Mi1_R,8,1.875,4
held_out,main,shuffle_802,R,40,2,Tm3_R,8,0.5,4
held_out,main,shuffle_802,R,40,2,T4a_R,8,-4.875,4
held_out,main,shuffle_802,R,40,2,T4b_R,8,-5.875,4
held_out,main,shuffle_802,R,40,2,T4c_R,8,-1.125,5
held_out,main,shuffle_802,R,40,2,T4d_R,8,-4.75,4
held_out,main,shuffle_802,R,40,2,T5a_R,8,-18.0,1
held_out,main,shuffle_802,R,40,2,T5b_R,8,-6.5,4
held_out,main,shuffle_802,R,40,2,T5c_R,8,-19.25,2
held_out,main,shuffle_802,R,40,2,T5d_R,8,-15.875,4
held_out,main,shuffle_802,R,40,2,DNa02_R,8,0.0,0
held_out,main,shuffle_802,R,40,4,L1_L,8,-1.5,5
held_out,main,shuffle_802,R,40,4,Mi1_L,8,0.0,4
held_out,main,shuffle_802,R,40,4,Tm3_L,8,-6.5,4
held_out,main,shuffle_802,R,40,4,T4a_L,8,-8.5,3
held_out,main,shuffle_802,R,40,4,T4b_L,8,-10.0,3
held_out,main,shuffle_802,R,40,4,T4c_L,8,-7.25,3
held_out,main,shuffle_802,R,40,4,T4d_L,8,-8.75,3
held_out,main,shuffle_802,R,40,4,T5a_L,8,-3.25,4
held_out,main,shuffle_802,R,40,4,T5b_L,8,-1.75,3
held_out,main,shuffle_802,R,40,4,T5c_L,8,-1.5,5
held_out,main,shuffle_802,R,40,4,T5d_L,8,-3.375,4
held_out,main,shuffle_802,R,40,4,DNa02_L,8,0.125,1
held_out,main,shuffle_802,R,40,4,L1_R,8,8.125,6
held_out,main,shuffle_802,R,40,4,Mi1_R,8,1.125,3
held_out,main,shuffle_802,R,40,4,Tm3_R,8,7.25,5
held_out,main,shuffle_802,R,40,4,T4a_R,8,16.0,6
held_out,main,shuffle_802,R,40,4,T4b_R,8,25.625,5
held_out,main,shuffle_802,R,40,4,T4c_R,8,16.5,6
held_out,main,shuffle_802,R,40,4,T4d_R,8,21.75,5
held_out,main,shuffle_802,R,40,4,T5a_R,8,25.125,8
held_out,main,shuffle_802,R,40,4,T5b_R,8,40.25,8
held_out,main,shuffle_802,R,40,4,T5c_R,8,38.75,7
held_out,main,shuffle_802,R,40,4,T5d_R,8,34.25,8
held_out,main,shuffle_802,R,40,4,DNa02_R,8,0.0,0
held_out,main,shuffle_802,R,95,1,L1_L,8,7.0,6
held_out,main,shuffle_802,R,95,1,Mi1_L,8,-1.125,2
held_out,main,shuffle_802,R,95,1,Tm3_L,8,2.125,3
held_out,main,shuffle_802,R,95,1,T4a_L,8,11.375,5
held_out,main,shuffle_802,R,95,1,T4b_L,8,3.75,4
held_out,main,shuffle_802,R,95,1,T4c_L,8,3.0,4
held_out,main,shuffle_802,R,95,1,T4d_L,8,7.125,5
held_out,main,shuffle_802,R,95,1,T5a_L,8,15.25,6
held_out,main,shuffle_802,R,95,1,T5b_L,8,10.125,6
held_out,main,shuffle_802,R,95,1,T5c_L,8,8.125,4
held_out,main,shuffle_802,R,95,1,T5d_L,8,7.125,5
held_out,main,shuffle_802,R,95,1,DNa02_L,8,-0.125,0
held_out,main,shuffle_802,R,95,1,L1_R,8,2.0,6
held_out,main,shuffle_802,R,95,1,Mi1_R,8,-1.375,5
held_out,main,shuffle_802,R,95,1,Tm3_R,8,-4.5,5
held_out,main,shuffle_802,R,95,1,T4a_R,8,3.375,5
held_out,main,shuffle_802,R,95,1,T4b_R,8,-7.25,3
held_out,main,shuffle_802,R,95,1,T4c_R,8,-4.375,3
held_out,main,shuffle_802,R,95,1,T4d_R,8,-4.75,3
held_out,main,shuffle_802,R,95,1,T5a_R,8,2.625,4
held_out,main,shuffle_802,R,95,1,T5b_R,8,-5.875,1
held_out,main,shuffle_802,R,95,1,T5c_R,8,-1.125,2
held_out,main,shuffle_802,R,95,1,T5d_R,8,-0.75,5
held_out,main,shuffle_802,R,95,1,DNa02_R,8,0.0,0
held_out,main,shuffle_802,R,95,2,L1_L,8,5.75,6
held_out,main,shuffle_802,R,95,2,Mi1_L,8,1.625,4
held_out,main,shuffle_802,R,95,2,Tm3_L,8,3.0,4
held_out,main,shuffle_802,R,95,2,T4a_L,8,4.875,6
held_out,main,shuffle_802,R,95,2,T4b_L,8,9.0,5
held_out,main,shuffle_802,R,95,2,T4c_L,8,7.5,5
held_out,main,shuffle_802,R,95,2,T4d_L,8,9.875,7
held_out,main,shuffle_802,R,95,2,T5a_L,8,9.25,6
held_out,main,shuffle_802,R,95,2,T5b_L,8,15.0,5
held_out,main,shuffle_802,R,95,2,T5c_L,8,2.375,3
held_out,main,shuffle_802,R,95,2,T5d_L,8,8.625,5
held_out,main,shuffle_802,R,95,2,DNa02_L,8,0.125,1
held_out,main,shuffle_802,R,95,2,L1_R,8,-0.625,3
held_out,main,shuffle_802,R,95,2,Mi1_R,8,-2.75,3
held_out,main,shuffle_802,R,95,2,Tm3_R,8,-7.75,4
held_out,main,shuffle_802,R,95,2,T4a_R,8,-12.625,3
held_out,main,shuffle_802,R,95,2,T4b_R,8,-10.375,2
held_out,main,shuffle_802,R,95,2,T4c_R,8,-6.5,3
held_out,main,shuffle_802,R,95,2,T4d_R,8,-8.125,2
held_out,main,shuffle_802,R,95,2,T5a_R,8,-4.0,4
held_out,main,shuffle_802,R,95,2,T5b_R,8,-10.5,3
held_out,main,shuffle_802,R,95,2,T5c_R,8,-16.875,3
held_out,main,shuffle_802,R,95,2,T5d_R,8,-18.5,2
held_out,main,shuffle_802,R,95,2,DNa02_R,8,0.125,1
held_out,main,shuffle_802,R,95,4,L1_L,8,4.875,5
held_out,main,shuffle_802,R,95,4,Mi1_L,8,6.25,7
held_out,main,shuffle_802,R,95,4,Tm3_L,8,9.0,7
held_out,main,shuffle_802,R,95,4,T4a_L,8,7.125,5
held_out,main,shuffle_802,R,95,4,T4b_L,8,6.625,4
held_out,main,shuffle_802,R,95,4,T4c_L,8,9.5,6
held_out,main,shuffle_802,R,95,4,T4d_L,8,7.75,5
held_out,main,shuffle_802,R,95,4,T5a_L,8,0.375,4
held_out,main,shuffle_802,R,95,4,T5b_L,8,-0.5,4
held_out,main,shuffle_802,R,95,4,T5c_L,8,5.375,5
held_out,main,shuffle_802,R,95,4,T5d_L,8,-4.375,5
held_out,main,shuffle_802,R,95,4,DNa02_L,8,0.25,2
held_out,main,shuffle_802,R,95,4,L1_R,8,1.0,4
held_out,main,shuffle_802,R,95,4,Mi1_R,8,-0.625,3
held_out,main,shuffle_802,R,95,4,Tm3_R,8,8.75,5
held_out,main,shuffle_802,R,95,4,T4a_R,8,3.625,4
held_out,main,shuffle_802,R,95,4,T4b_R,8,12.0,7
held_out,main,shuffle_802,R,95,4,T4c_R,8,4.375,5
held_out,main,shuffle_802,R,95,4,T4d_R,8,10.75,7
held_out,main,shuffle_802,R,95,4,T5a_R,8,8.5,5
held_out,main,shuffle_802,R,95,4,T5b_R,8,8.625,5
held_out,main,shuffle_802,R,95,4,T5c_R,8,15.0,5
held_out,main,shuffle_802,R,95,4,T5d_R,8,16.625,7
held_out,main,shuffle_802,R,95,4,DNa02_R,8,0.0,0
held_out,period_only,direct_only,L,40,1,L1_L,8,4.375,6
held_out,period_only,direct_only,L,40,1,Mi1_L,8,3.0,5
held_out,period_only,direct_only,L,40,1,Tm3_L,8,-1.0,4
held_out,period_only,direct_only,L,40,1,T4a_L,8,3.0,5
held_out,period_only,direct_only,L,40,1,T4b_L,8,-1.5,5
held_out,period_only,direct_only,L,40,1,T4c_L,8,5.0,5
held_out,period_only,direct_only,L,40,1,T4d_L,8,-0.625,6
held_out,period_only,direct_only,L,40,1,T5a_L,8,-0.875,3
held_out,period_only,direct_only,L,40,1,T5b_L,8,2.25,6
held_out,period_only,direct_only,L,40,1,T5c_L,8,-1.25,4
held_out,period_only,direct_only,L,40,1,T5d_L,8,-6.625,2
held_out,period_only,direct_only,L,40,1,DNa02_L,8,0.0,0
held_out,period_only,direct_only,L,40,1,L1_R,8,-0.125,4
held_out,period_only,direct_only,L,40,1,Mi1_R,8,2.25,5
held_out,period_only,direct_only,L,40,1,Tm3_R,8,-1.375,3
held_out,period_only,direct_only,L,40,1,T4a_R,8,8.5,4
held_out,period_only,direct_only,L,40,1,T4b_R,8,3.25,5
held_out,period_only,direct_only,L,40,1,T4c_R,8,5.25,4
held_out,period_only,direct_only,L,40,1,T4d_R,8,3.125,4
held_out,period_only,direct_only,L,40,1,T5a_R,8,14.25,8
held_out,period_only,direct_only,L,40,1,T5b_R,8,16.625,6
held_out,period_only,direct_only,L,40,1,T5c_R,8,16.25,8
held_out,period_only,direct_only,L,40,1,T5d_R,8,6.75,7
held_out,period_only,direct_only,L,40,1,DNa02_R,8,0.0,0
held_out,period_only,direct_only,L,40,2,L1_L,8,3.0,5
held_out,period_only,direct_only,L,40,2,Mi1_L,8,3.625,5
held_out,period_only,direct_only,L,40,2,Tm3_L,8,9.875,5
held_out,period_only,direct_only,L,40,2,T4a_L,8,13.375,6
held_out,period_only,direct_only,L,40,2,T4b_L,8,14.875,7
held_out,period_only,direct_only,L,40,2,T4c_L,8,12.125,7
held_out,period_only,direct_only,L,40,2,T4d_L,8,20.125,8
held_out,period_only,direct_only,L,40,2,T5a_L,8,13.75,5
held_out,period_only,direct_only,L,40,2,T5b_L,8,18.25,5
held_out,period_only,direct_only,L,40,2,T5c_L,8,18.0,7
held_out,period_only,direct_only,L,40,2,T5d_L,8,16.625,6
held_out,period_only,direct_only,L,40,2,DNa02_L,8,0.0,0
held_out,period_only,direct_only,L,40,2,L1_R,8,-0.125,2
held_out,period_only,direct_only,L,40,2,Mi1_R,8,-0.375,5
held_out,period_only,direct_only,L,40,2,Tm3_R,8,7.875,6
held_out,period_only,direct_only,L,40,2,T4a_R,8,2.5,3
held_out,period_only,direct_only,L,40,2,T4b_R,8,2.125,4
held_out,period_only,direct_only,L,40,2,T4c_R,8,0.25,5
held_out,period_only,direct_only,L,40,2,T4d_R,8,0.0,4
held_out,period_only,direct_only,L,40,2,T5a_R,8,-3.125,3
held_out,period_only,direct_only,L,40,2,T5b_R,8,-4.125,3
held_out,period_only,direct_only,L,40,2,T5c_R,8,-1.25,4
held_out,period_only,direct_only,L,40,2,T5d_R,8,-4.5,4
held_out,period_only,direct_only,L,40,2,DNa02_R,8,0.0,0
held_out,period_only,direct_only,L,40,4,L1_L,8,2.75,6
held_out,period_only,direct_only,L,40,4,Mi1_L,8,-0.25,2
held_out,period_only,direct_only,L,40,4,Tm3_L,8,-0.875,4
held_out,period_only,direct_only,L,40,4,T4a_L,8,2.25,5
held_out,period_only,direct_only,L,40,4,T4b_L,8,-4.0,4
held_out,period_only,direct_only,L,40,4,T4c_L,8,-4.625,4
held_out,period_only,direct_only,L,40,4,T4d_L,8,-4.125,3
held_out,period_only,direct_only,L,40,4,T5a_L,8,1.0,5
held_out,period_only,direct_only,L,40,4,T5b_L,8,-11.75,4
held_out,period_only,direct_only,L,40,4,T5c_L,8,-3.625,4
held_out,period_only,direct_only,L,40,4,T5d_L,8,-7.0,5
held_out,period_only,direct_only,L,40,4,DNa02_L,8,-0.125,0
held_out,period_only,direct_only,L,40,4,L1_R,8,-1.625,5
held_out,period_only,direct_only,L,40,4,Mi1_R,8,-2.125,5
held_out,period_only,direct_only,L,40,4,Tm3_R,8,-0.875,5
held_out,period_only,direct_only,L,40,4,T4a_R,8,-15.875,3
held_out,period_only,direct_only,L,40,4,T4b_R,8,-15.25,3
held_out,period_only,direct_only,L,40,4,T4c_R,8,-14.125,2
held_out,period_only,direct_only,L,40,4,T4d_R,8,-16.75,1
held_out,period_only,direct_only,L,40,4,T5a_R,8,-16.625,2
held_out,period_only,direct_only,L,40,4,T5b_R,8,-17.875,3
held_out,period_only,direct_only,L,40,4,T5c_R,8,-19.75,2
held_out,period_only,direct_only,L,40,4,T5d_R,8,-25.25,2
held_out,period_only,direct_only,L,40,4,DNa02_R,8,0.0,0
held_out,period_only,direct_only,L,95,1,L1_L,8,1.875,4
held_out,period_only,direct_only,L,95,1,Mi1_L,8,2.0,5
held_out,period_only,direct_only,L,95,1,Tm3_L,8,9.75,6
held_out,period_only,direct_only,L,95,1,T4a_L,8,4.375,3
held_out,period_only,direct_only,L,95,1,T4b_L,8,14.625,6
held_out,period_only,direct_only,L,95,1,T4c_L,8,14.125,7
held_out,period_only,direct_only,L,95,1,T4d_L,8,12.625,7
held_out,period_only,direct_only,L,95,1,T5a_L,8,5.75,5
held_out,period_only,direct_only,L,95,1,T5b_L,8,13.125,4
held_out,period_only,direct_only,L,95,1,T5c_L,8,3.75,4
held_out,period_only,direct_only,L,95,1,T5d_L,8,7.125,4
held_out,period_only,direct_only,L,95,1,DNa02_L,8,0.0,0
held_out,period_only,direct_only,L,95,1,L1_R,8,1.0,4
held_out,period_only,direct_only,L,95,1,Mi1_R,8,-2.75,3
held_out,period_only,direct_only,L,95,1,Tm3_R,8,-4.5,5
held_out,period_only,direct_only,L,95,1,T4a_R,8,-7.25,4
held_out,period_only,direct_only,L,95,1,T4b_R,8,-5.0,2
held_out,period_only,direct_only,L,95,1,T4c_R,8,-4.375,4
held_out,period_only,direct_only,L,95,1,T4d_R,8,-7.25,3
held_out,period_only,direct_only,L,95,1,T5a_R,8,4.875,4
held_out,period_only,direct_only,L,95,1,T5b_R,8,-3.625,2
held_out,period_only,direct_only,L,95,1,T5c_R,8,1.75,4
held_out,period_only,direct_only,L,95,1,T5d_R,8,1.375,4
held_out,period_only,direct_only,L,95,1,DNa02_R,8,0.125,1
held_out,period_only,direct_only,L,95,2,L1_L,8,6.375,6
held_out,period_only,direct_only,L,95,2,Mi1_L,8,6.0,6
held_out,period_only,direct_only,L,95,2,Tm3_L,8,10.75,5
held_out,period_only,direct_only,L,95,2,T4a_L,8,8.125,5
held_out,period_only,direct_only,L,95,2,T4b_L,8,8.125,5
held_out,period_only,direct_only,L,95,2,T4c_L,8,15.75,6
held_out,period_only,direct_only,L,95,2,T4d_L,8,9.875,5
held_out,period_only,direct_only,L,95,2,T5a_L,8,-7.625,3
held_out,period_only,direct_only,L,95,2,T5b_L,8,4.5,5
held_out,period_only,direct_only,L,95,2,T5c_L,8,3.0,4
held_out,period_only,direct_only,L,95,2,T5d_L,8,3.375,4
held_out,period_only,direct_only,L,95,2,DNa02_L,8,0.0,0
held_out,period_only,direct_only,L,95,2,L1_R,8,-3.0,3
held_out,period_only,direct_only,L,95,2,Mi1_R,8,-0.375,4
held_out,period_only,direct_only,L,95,2,Tm3_R,8,-4.5,3
held_out,period_only,direct_only,L,95,2,T4a_R,8,15.0,5
held_out,period_only,direct_only,L,95,2,T4b_R,8,0.375,3
held_out,period_only,direct_only,L,95,2,T4c_R,8,-1.75,3
held_out,period_only,direct_only,L,95,2,T4d_R,8,3.25,3
held_out,period_only,direct_only,L,95,2,T5a_R,8,-1.25,3
held_out,period_only,direct_only,L,95,2,T5b_R,8,2.0,3
held_out,period_only,direct_only,L,95,2,T5c_R,8,-4.0,3
held_out,period_only,direct_only,L,95,2,T5d_R,8,6.375,3
held_out,period_only,direct_only,L,95,2,DNa02_R,8,0.0,0
held_out,period_only,direct_only,L,95,4,L1_L,8,1.625,3
held_out,period_only,direct_only,L,95,4,Mi1_L,8,4.375,4
held_out,period_only,direct_only,L,95,4,Tm3_L,8,6.25,6
held_out,period_only,direct_only,L,95,4,T4a_L,8,2.75,4
held_out,period_only,direct_only,L,95,4,T4b_L,8,6.875,5
held_out,period_only,direct_only,L,95,4,T4c_L,8,8.625,5
held_out,period_only,direct_only,L,95,4,T4d_L,8,10.375,6
held_out,period_only,direct_only,L,95,4,T5a_L,8,2.375,5
held_out,period_only,direct_only,L,95,4,T5b_L,8,6.75,6
held_out,period_only,direct_only,L,95,4,T5c_L,8,15.25,5
held_out,period_only,direct_only,L,95,4,T5d_L,8,16.0,6
held_out,period_only,direct_only,L,95,4,DNa02_L,8,0.0,0
held_out,period_only,direct_only,L,95,4,L1_R,8,-2.125,3
held_out,period_only,direct_only,L,95,4,Mi1_R,8,-2.25,4
held_out,period_only,direct_only,L,95,4,Tm3_R,8,-4.375,4
held_out,period_only,direct_only,L,95,4,T4a_R,8,-10.125,3
held_out,period_only,direct_only,L,95,4,T4b_R,8,-3.125,4
held_out,period_only,direct_only,L,95,4,T4c_R,8,-3.125,5
held_out,period_only,direct_only,L,95,4,T4d_R,8,-3.75,5
held_out,period_only,direct_only,L,95,4,T5a_R,8,-13.25,2
held_out,period_only,direct_only,L,95,4,T5b_R,8,-8.75,2
held_out,period_only,direct_only,L,95,4,T5c_R,8,-15.375,2
held_out,period_only,direct_only,L,95,4,T5d_R,8,-20.5,1
held_out,period_only,direct_only,L,95,4,DNa02_R,8,0.125,1
held_out,period_only,direct_only,R,40,1,L1_L,8,-0.25,5
held_out,period_only,direct_only,R,40,1,Mi1_L,8,0.0,4
held_out,period_only,direct_only,R,40,1,Tm3_L,8,-0.625,4
held_out,period_only,direct_only,R,40,1,T4a_L,8,2.25,4
held_out,period_only,direct_only,R,40,1,T4b_L,8,1.625,5
held_out,period_only,direct_only,R,40,1,T4c_L,8,-2.375,4
held_out,period_only,direct_only,R,40,1,T4d_L,8,0.625,5
held_out,period_only,direct_only,R,40,1,T5a_L,8,-0.875,4
held_out,period_only,direct_only,R,40,1,T5b_L,8,-10.75,2
held_out,period_only,direct_only,R,40,1,T5c_L,8,-5.75,3
held_out,period_only,direct_only,R,40,1,T5d_L,8,-3.625,3
held_out,period_only,direct_only,R,40,1,DNa02_L,8,0.0,0
held_out,period_only,direct_only,R,40,1,L1_R,8,2.375,6
held_out,period_only,direct_only,R,40,1,Mi1_R,8,-3.125,2
held_out,period_only,direct_only,R,40,1,Tm3_R,8,-5.125,4
held_out,period_only,direct_only,R,40,1,T4a_R,8,-7.625,3
held_out,period_only,direct_only,R,40,1,T4b_R,8,-8.375,2
held_out,period_only,direct_only,R,40,1,T4c_R,8,-9.875,1
held_out,period_only,direct_only,R,40,1,T4d_R,8,-10.125,2
held_out,period_only,direct_only,R,40,1,T5a_R,8,-16.625,4
held_out,period_only,direct_only,R,40,1,T5b_R,8,-19.625,2
held_out,period_only,direct_only,R,40,1,T5c_R,8,-12.75,4
held_out,period_only,direct_only,R,40,1,T5d_R,8,-25.5,1
held_out,period_only,direct_only,R,40,1,DNa02_R,8,0.0,0
held_out,period_only,direct_only,R,40,2,L1_L,8,2.25,4
held_out,period_only,direct_only,R,40,2,Mi1_L,8,0.5,5
held_out,period_only,direct_only,R,40,2,Tm3_L,8,5.125,4
held_out,period_only,direct_only,R,40,2,T4a_L,8,-11.75,2
held_out,period_only,direct_only,R,40,2,T4b_L,8,-6.875,4
held_out,period_only,direct_only,R,40,2,T4c_L,8,-4.75,4
held_out,period_only,direct_only,R,40,2,T4d_L,8,-6.625,4
held_out,period_only,direct_only,R,40,2,T5a_L,8,-8.125,2
held_out,period_only,direct_only,R,40,2,T5b_L,8,-7.375,5
held_out,period_only,direct_only,R,40,2,T5c_L,8,-10.5,5
held_out,period_only,direct_only,R,40,2,T5d_L,8,-21.875,3
held_out,period_only,direct_only,R,40,2,DNa02_L,8,0.125,1
held_out,period_only,direct_only,R,40,2,L1_R,8,-3.25,3
held_out,period_only,direct_only,R,40,2,Mi1_R,8,-3.25,1
held_out,period_only,direct_only,R,40,2,Tm3_R,8,-10.5,3
held_out,period_only,direct_only,R,40,2,T4a_R,8,4.875,4
held_out,period_only,direct_only,R,40,2,T4b_R,8,-9.25,2
held_out,period_only,direct_only,R,40,2,T4c_R,8,-3.5,3
held_out,period_only,direct_only,R,40,2,T4d_R,8,-5.5,2
held_out,period_only,direct_only,R,40,2,T5a_R,8,18.625,6
held_out,period_only,direct_only,R,40,2,T5b_R,8,4.0,6
held_out,period_only,direct_only,R,40,2,T5c_R,8,14.25,4
held_out,period_only,direct_only,R,40,2,T5d_R,8,22.25,5
held_out,period_only,direct_only,R,40,2,DNa02_R,8,0.0,0
held_out,period_only,direct_only,R,40,4,L1_L,8,0.75,4
held_out,period_only,direct_only,R,40,4,Mi1_L,8,1.375,5
held_out,period_only,direct_only,R,40,4,Tm3_L,8,8.75,5
held_out,period_only,direct_only,R,40,4,T4a_L,8,-6.5,3
held_out,period_only,direct_only,R,40,4,T4b_L,8,-11.125,4
held_out,period_only,direct_only,R,40,4,T4c_L,8,-2.375,5
held_out,period_only,direct_only,R,40,4,T4d_L,8,-6.375,4
held_out,period_only,direct_only,R,40,4,T5a_L,8,-17.75,4
held_out,period_only,direct_only,R,40,4,T5b_L,8,-27.5,3
held_out,period_only,direct_only,R,40,4,T5c_L,8,-25.875,3
held_out,period_only,direct_only,R,40,4,T5d_L,8,-27.125,3
held_out,period_only,direct_only,R,40,4,DNa02_L,8,0.125,1
held_out,period_only,direct_only,R,40,4,L1_R,8,2.25,5
held_out,period_only,direct_only,R,40,4,Mi1_R,8,4.5,5
held_out,period_only,direct_only,R,40,4,Tm3_R,8,18.375,6
held_out,period_only,direct_only,R,40,4,T4a_R,8,22.5,6
held_out,period_only,direct_only,R,40,4,T4b_R,8,-6.0,4
held_out,period_only,direct_only,R,40,4,T4c_R,8,16.375,6
held_out,period_only,direct_only,R,40,4,T4d_R,8,19.5,6
held_out,period_only,direct_only,R,40,4,T5a_R,8,10.25,3
held_out,period_only,direct_only,R,40,4,T5b_R,8,-0.375,4
held_out,period_only,direct_only,R,40,4,T5c_R,8,16.75,5
held_out,period_only,direct_only,R,40,4,T5d_R,8,14.0,4
held_out,period_only,direct_only,R,40,4,DNa02_R,8,0.0,0
held_out,period_only,direct_only,R,95,1,L1_L,8,-10.125,3
held_out,period_only,direct_only,R,95,1,Mi1_L,8,-6.75,3
held_out,period_only,direct_only,R,95,1,Tm3_L,8,-6.0,4
held_out,period_only,direct_only,R,95,1,T4a_L,8,-3.375,4
held_out,period_only,direct_only,R,95,1,T4b_L,8,-13.125,1
held_out,period_only,direct_only,R,95,1,T4c_L,8,-6.625,2
held_out,period_only,direct_only,R,95,1,T4d_L,8,-5.0,3
held_out,period_only,direct_only,R,95,1,T5a_L,8,5.375,4
held_out,period_only,direct_only,R,95,1,T5b_L,8,-4.5,3
held_out,period_only,direct_only,R,95,1,T5c_L,8,1.625,4
held_out,period_only,direct_only,R,95,1,T5d_L,8,1.25,4
held_out,period_only,direct_only,R,95,1,DNa02_L,8,0.125,1
held_out,period_only,direct_only,R,95,1,L1_R,8,-2.375,3
held_out,period_only,direct_only,R,95,1,Mi1_R,8,-2.875,3
held_out,period_only,direct_only,R,95,1,Tm3_R,8,1.25,5
held_out,period_only,direct_only,R,95,1,T4a_R,8,-7.625,1
held_out,period_only,direct_only,R,95,1,T4b_R,8,-14.25,2
held_out,period_only,direct_only,R,95,1,T4c_R,8,-11.75,3
held_out,period_only,direct_only,R,95,1,T4d_R,8,-18.125,1
held_out,period_only,direct_only,R,95,1,T5a_R,8,-24.875,3
held_out,period_only,direct_only,R,95,1,T5b_R,8,-21.25,3
held_out,period_only,direct_only,R,95,1,T5c_R,8,-25.125,2
held_out,period_only,direct_only,R,95,1,T5d_R,8,-29.5,2
held_out,period_only,direct_only,R,95,1,DNa02_R,8,0.0,0
held_out,period_only,direct_only,R,95,2,L1_L,8,2.25,4
held_out,period_only,direct_only,R,95,2,Mi1_L,8,2.625,4
held_out,period_only,direct_only,R,95,2,Tm3_L,8,9.5,5
held_out,period_only,direct_only,R,95,2,T4a_L,8,9.875,5
held_out,period_only,direct_only,R,95,2,T4b_L,8,14.625,4
held_out,period_only,direct_only,R,95,2,T4c_L,8,10.375,6
held_out,period_only,direct_only,R,95,2,T4d_L,8,10.625,4
held_out,period_only,direct_only,R,95,2,T5a_L,8,7.625,5
held_out,period_only,direct_only,R,95,2,T5b_L,8,10.625,4
held_out,period_only,direct_only,R,95,2,T5c_L,8,9.125,4
held_out,period_only,direct_only,R,95,2,T5d_L,8,5.375,4
held_out,period_only,direct_only,R,95,2,DNa02_L,8,0.125,1
held_out,period_only,direct_only,R,95,2,L1_R,8,-2.0,5
held_out,period_only,direct_only,R,95,2,Mi1_R,8,-3.625,2
held_out,period_only,direct_only,R,95,2,Tm3_R,8,-3.75,3
held_out,period_only,direct_only,R,95,2,T4a_R,8,1.5,7
held_out,period_only,direct_only,R,95,2,T4b_R,8,-5.5,3
held_out,period_only,direct_only,R,95,2,T4c_R,8,-7.25,2
held_out,period_only,direct_only,R,95,2,T4d_R,8,-9.5,2
held_out,period_only,direct_only,R,95,2,T5a_R,8,10.75,6
held_out,period_only,direct_only,R,95,2,T5b_R,8,20.875,7
held_out,period_only,direct_only,R,95,2,T5c_R,8,12.125,6
held_out,period_only,direct_only,R,95,2,T5d_R,8,11.5,5
held_out,period_only,direct_only,R,95,2,DNa02_R,8,0.125,1
held_out,period_only,direct_only,R,95,4,L1_L,8,-4.5,4
held_out,period_only,direct_only,R,95,4,Mi1_L,8,-5.625,2
held_out,period_only,direct_only,R,95,4,Tm3_L,8,-10.625,4
held_out,period_only,direct_only,R,95,4,T4a_L,8,2.375,4
held_out,period_only,direct_only,R,95,4,T4b_L,8,5.75,3
held_out,period_only,direct_only,R,95,4,T4c_L,8,-2.25,4
held_out,period_only,direct_only,R,95,4,T4d_L,8,11.125,6
held_out,period_only,direct_only,R,95,4,T5a_L,8,16.0,3
held_out,period_only,direct_only,R,95,4,T5b_L,8,14.0,4
held_out,period_only,direct_only,R,95,4,T5c_L,8,10.5,4
held_out,period_only,direct_only,R,95,4,T5d_L,8,9.625,6
held_out,period_only,direct_only,R,95,4,DNa02_L,8,0.125,1
held_out,period_only,direct_only,R,95,4,L1_R,8,-0.875,2
held_out,period_only,direct_only,R,95,4,Mi1_R,8,0.125,3
held_out,period_only,direct_only,R,95,4,Tm3_R,8,2.25,3
held_out,period_only,direct_only,R,95,4,T4a_R,8,0.625,4
held_out,period_only,direct_only,R,95,4,T4b_R,8,-2.875,2
held_out,period_only,direct_only,R,95,4,T4c_R,8,2.25,4
held_out,period_only,direct_only,R,95,4,T4d_R,8,-3.5,3
held_out,period_only,direct_only,R,95,4,T5a_R,8,-18.25,5
held_out,period_only,direct_only,R,95,4,T5b_R,8,-14.875,3
held_out,period_only,direct_only,R,95,4,T5c_R,8,-19.75,3
held_out,period_only,direct_only,R,95,4,T5d_R,8,-20.0,3
held_out,period_only,direct_only,R,95,4,DNa02_R,8,0.125,1
held_out,period_only,original,L,40,1,L1_L,8,0.875,5
held_out,period_only,original,L,40,1,Mi1_L,8,0.125,4
held_out,period_only,original,L,40,1,Tm3_L,8,8.125,5
held_out,period_only,original,L,40,1,T4a_L,8,2.375,5
held_out,period_only,original,L,40,1,T4b_L,8,12.0,7
held_out,period_only,original,L,40,1,T4c_L,8,7.375,5
held_out,period_only,original,L,40,1,T4d_L,8,10.0,7
held_out,period_only,original,L,40,1,T5a_L,8,-2.875,3
held_out,period_only,original,L,40,1,T5b_L,8,-2.375,4
held_out,period_only,original,L,40,1,T5c_L,8,-4.75,3
held_out,period_only,original,L,40,1,T5d_L,8,-4.375,2
held_out,period_only,original,L,40,1,DNa02_L,8,-0.125,0
held_out,period_only,original,L,40,1,L1_R,8,1.25,4
held_out,period_only,original,L,40,1,Mi1_R,8,2.125,6
held_out,period_only,original,L,40,1,Tm3_R,8,10.125,6
held_out,period_only,original,L,40,1,T4a_R,8,0.75,4
held_out,period_only,original,L,40,1,T4b_R,8,0.875,6
held_out,period_only,original,L,40,1,T4c_R,8,1.875,4
held_out,period_only,original,L,40,1,T4d_R,8,0.375,4
held_out,period_only,original,L,40,1,T5a_R,8,-7.375,5
held_out,period_only,original,L,40,1,T5b_R,8,-5.625,4
held_out,period_only,original,L,40,1,T5c_R,8,-5.375,5
held_out,period_only,original,L,40,1,T5d_R,8,-3.625,5
held_out,period_only,original,L,40,1,DNa02_R,8,0.0,0
held_out,period_only,original,L,40,2,L1_L,8,0.375,4
held_out,period_only,original,L,40,2,Mi1_L,8,-0.875,5
held_out,period_only,original,L,40,2,Tm3_L,8,-7.5,4
held_out,period_only,original,L,40,2,T4a_L,8,-8.625,4
held_out,period_only,original,L,40,2,T4b_L,8,-3.875,3
held_out,period_only,original,L,40,2,T4c_L,8,-1.5,5
held_out,period_only,original,L,40,2,T4d_L,8,-7.375,3
held_out,period_only,original,L,40,2,T5a_L,8,-8.125,2
held_out,period_only,original,L,40,2,T5b_L,8,-8.5,2
held_out,period_only,original,L,40,2,T5c_L,8,-4.125,4
held_out,period_only,original,L,40,2,T5d_L,8,-10.25,2
held_out,period_only,original,L,40,2,DNa02_L,8,0.0,0
held_out,period_only,original,L,40,2,L1_R,8,-2.125,3
held_out,period_only,original,L,40,2,Mi1_R,8,0.25,5
held_out,period_only,original,L,40,2,Tm3_R,8,-8.0,4
held_out,period_only,original,L,40,2,T4a_R,8,-5.0,3
held_out,period_only,original,L,40,2,T4b_R,8,-1.125,3
held_out,period_only,original,L,40,2,T4c_R,8,-4.5,4
held_out,period_only,original,L,40,2,T4d_R,8,-1.125,4
held_out,period_only,original,L,40,2,T5a_R,8,-6.125,4
held_out,period_only,original,L,40,2,T5b_R,8,-3.75,3
held_out,period_only,original,L,40,2,T5c_R,8,-10.5,3
held_out,period_only,original,L,40,2,T5d_R,8,-5.5,3
held_out,period_only,original,L,40,2,DNa02_R,8,0.0,0
held_out,period_only,original,L,40,4,L1_L,8,-3.25,4
held_out,period_only,original,L,40,4,Mi1_L,8,-4.875,3
held_out,period_only,original,L,40,4,Tm3_L,8,-4.125,4
held_out,period_only,original,L,40,4,T4a_L,8,-4.125,2
held_out,period_only,original,L,40,4,T4b_L,8,-0.5,4
held_out,period_only,original,L,40,4,T4c_L,8,-3.625,3
held_out,period_only,original,L,40,4,T4d_L,8,-4.25,3
held_out,period_only,original,L,40,4,T5a_L,8,-3.75,4
held_out,period_only,original,L,40,4,T5b_L,8,0.375,4
held_out,period_only,original,L,40,4,T5c_L,8,-2.75,4
held_out,period_only,original,L,40,4,T5d_L,8,-10.875,3
held_out,period_only,original,L,40,4,DNa02_L,8,0.0,0
held_out,period_only,original,L,40,4,L1_R,8,-3.75,1
held_out,period_only,original,L,40,4,Mi1_R,8,-2.75,3
held_out,period_only,original,L,40,4,Tm3_R,8,-3.375,2
held_out,period_only,original,L,40,4,T4a_R,8,-12.25,3
held_out,period_only,original,L,40,4,T4b_R,8,-6.875,2
held_out,period_only,original,L,40,4,T4c_R,8,-7.75,3
held_out,period_only,original,L,40,4,T4d_R,8,-9.125,4
held_out,period_only,original,L,40,4,T5a_R,8,-13.375,4
held_out,period_only,original,L,40,4,T5b_R,8,-12.875,4
held_out,period_only,original,L,40,4,T5c_R,8,-17.375,4
held_out,period_only,original,L,40,4,T5d_R,8,-15.875,4
held_out,period_only,original,L,40,4,DNa02_R,8,0.0,0
held_out,period_only,original,L,95,1,L1_L,8,7.0,5
held_out,period_only,original,L,95,1,Mi1_L,8,2.125,5
held_out,period_only,original,L,95,1,Tm3_L,8,11.75,7
held_out,period_only,original,L,95,1,T4a_L,8,-3.625,3
held_out,period_only,original,L,95,1,T4b_L,8,15.25,5
held_out,period_only,original,L,95,1,T4c_L,8,3.875,4
held_out,period_only,original,L,95,1,T4d_L,8,10.125,6
held_out,period_only,original,L,95,1,T5a_L,8,2.25,5
held_out,period_only,original,L,95,1,T5b_L,8,-0.875,3
held_out,period_only,original,L,95,1,T5c_L,8,-2.125,4
held_out,period_only,original,L,95,1,T5d_L,8,-9.5,3
held_out,period_only,original,L,95,1,DNa02_L,8,0.0,0
held_out,period_only,original,L,95,1,L1_R,8,1.375,3
held_out,period_only,original,L,95,1,Mi1_R,8,-2.375,3
held_out,period_only,original,L,95,1,Tm3_R,8,-11.75,2
held_out,period_only,original,L,95,1,T4a_R,8,-4.75,3
held_out,period_only,original,L,95,1,T4b_R,8,-1.75,2
held_out,period_only,original,L,95,1,T4c_R,8,-12.125,4
held_out,period_only,original,L,95,1,T4d_R,8,-9.875,4
held_out,period_only,original,L,95,1,T5a_R,8,2.125,5
held_out,period_only,original,L,95,1,T5b_R,8,-5.125,3
held_out,period_only,original,L,95,1,T5c_R,8,-9.25,3
held_out,period_only,original,L,95,1,T5d_R,8,-14.75,3
held_out,period_only,original,L,95,1,DNa02_R,8,0.125,1
held_out,period_only,original,L,95,2,L1_L,8,2.25,4
held_out,period_only,original,L,95,2,Mi1_L,8,0.375,5
held_out,period_only,original,L,95,2,Tm3_L,8,7.25,4
held_out,period_only,original,L,95,2,T4a_L,8,6.5,4
held_out,period_only,original,L,95,2,T4b_L,8,-3.375,3
held_out,period_only,original,L,95,2,T4c_L,8,8.25,5
held_out,period_only,original,L,95,2,T4d_L,8,2.25,4
held_out,period_only,original,L,95,2,T5a_L,8,-8.375,2
held_out,period_only,original,L,95,2,T5b_L,8,-1.0,3
held_out,period_only,original,L,95,2,T5c_L,8,-4.0,4
held_out,period_only,original,L,95,2,T5d_L,8,-0.5,3
held_out,period_only,original,L,95,2,DNa02_L,8,-0.125,0
held_out,period_only,original,L,95,2,L1_R,8,5.125,5
held_out,period_only,original,L,95,2,Mi1_R,8,3.25,5
held_out,period_only,original,L,95,2,Tm3_R,8,7.5,6
held_out,period_only,original,L,95,2,T4a_R,8,-0.125,4
held_out,period_only,original,L,95,2,T4b_R,8,-6.0,2
held_out,period_only,original,L,95,2,T4c_R,8,-2.25,4
held_out,period_only,original,L,95,2,T4d_R,8,-6.125,4
held_out,period_only,original,L,95,2,T5a_R,8,-10.25,5
held_out,period_only,original,L,95,2,T5b_R,8,-21.625,2
held_out,period_only,original,L,95,2,T5c_R,8,-16.375,4
held_out,period_only,original,L,95,2,T5d_R,8,-23.75,3
held_out,period_only,original,L,95,2,DNa02_R,8,0.0,0
held_out,period_only,original,L,95,4,L1_L,8,4.375,6
held_out,period_only,original,L,95,4,Mi1_L,8,5.5,5
held_out,period_only,original,L,95,4,Tm3_L,8,9.875,6
held_out,period_only,original,L,95,4,T4a_L,8,11.125,5
held_out,period_only,original,L,95,4,T4b_L,8,18.75,6
held_out,period_only,original,L,95,4,T4c_L,8,10.125,5
held_out,period_only,original,L,95,4,T4d_L,8,19.125,7
held_out,period_only,original,L,95,4,T5a_L,8,14.375,5
held_out,period_only,original,L,95,4,T5b_L,8,17.5,7
held_out,period_only,original,L,95,4,T5c_L,8,11.75,4
held_out,period_only,original,L,95,4,T5d_L,8,19.625,6
held_out,period_only,original,L,95,4,DNa02_L,8,0.0,0
held_out,period_only,original,L,95,4,L1_R,8,-6.875,3
held_out,period_only,original,L,95,4,Mi1_R,8,-6.875,2
held_out,period_only,original,L,95,4,Tm3_R,8,-24.625,1
held_out,period_only,original,L,95,4,T4a_R,8,-9.125,3
held_out,period_only,original,L,95,4,T4b_R,8,-2.5,3
held_out,period_only,original,L,95,4,T4c_R,8,-7.75,3
held_out,period_only,original,L,95,4,T4d_R,8,-2.375,3
held_out,period_only,original,L,95,4,T5a_R,8,10.25,4
held_out,period_only,original,L,95,4,T5b_R,8,14.125,4
held_out,period_only,original,L,95,4,T5c_R,8,7.375,4
held_out,period_only,original,L,95,4,T5d_R,8,0.75,3
held_out,period_only,original,L,95,4,DNa02_R,8,0.125,1
held_out,period_only,original,R,40,1,L1_L,8,-2.5,2
held_out,period_only,original,R,40,1,Mi1_L,8,-1.5,4
held_out,period_only,original,R,40,1,Tm3_L,8,4.25,5
held_out,period_only,original,R,40,1,T4a_L,8,-9.625,1
held_out,period_only,original,R,40,1,T4b_L,8,-3.25,4
held_out,period_only,original,R,40,1,T4c_L,8,-3.375,5
held_out,period_only,original,R,40,1,T4d_L,8,0.625,5
held_out,period_only,original,R,40,1,T5a_L,8,-6.625,2
held_out,period_only,original,R,40,1,T5b_L,8,-6.625,3
held_out,period_only,original,R,40,1,T5c_L,8,-10.75,3
held_out,period_only,original,R,40,1,T5d_L,8,-5.75,2
held_out,period_only,original,R,40,1,DNa02_L,8,0.0,0
held_out,period_only,original,R,40,1,L1_R,8,-2.5,2
held_out,period_only,original,R,40,1,Mi1_R,8,-0.125,5
held_out,period_only,original,R,40,1,Tm3_R,8,-3.25,5
held_out,period_only,original,R,40,1,T4a_R,8,-6.5,3
held_out,period_only,original,R,40,1,T4b_R,8,-0.625,5
held_out,period_only,original,R,40,1,T4c_R,8,-2.625,5
held_out,period_only,original,R,40,1,T4d_R,8,-4.5,6
held_out,period_only,original,R,40,1,T5a_R,8,-11.625,3
held_out,period_only,original,R,40,1,T5b_R,8,-6.125,2
held_out,period_only,original,R,40,1,T5c_R,8,-10.375,3
held_out,period_only,original,R,40,1,T5d_R,8,-10.75,2
held_out,period_only,original,R,40,1,DNa02_R,8,0.0,0
held_out,period_only,original,R,40,2,L1_L,8,-2.375,3
held_out,period_only,original,R,40,2,Mi1_L,8,-3.5,3
held_out,period_only,original,R,40,2,Tm3_L,8,-11.0,2
held_out,period_only,original,R,40,2,T4a_L,8,-11.75,1
held_out,period_only,original,R,40,2,T4b_L,8,-15.625,3
held_out,period_only,original,R,40,2,T4c_L,8,-9.75,1
held_out,period_only,original,R,40,2,T4d_L,8,-14.0,3
held_out,period_only,original,R,40,2,T5a_L,8,-22.125,1
held_out,period_only,original,R,40,2,T5b_L,8,-28.25,2
held_out,period_only,original,R,40,2,T5c_L,8,-14.875,2
held_out,period_only,original,R,40,2,T5d_L,8,-21.5,2
held_out,period_only,original,R,40,2,DNa02_L,8,-0.125,0
held_out,period_only,original,R,40,2,L1_R,8,0.625,4
held_out,period_only,original,R,40,2,Mi1_R,8,-0.5,4
held_out,period_only,original,R,40,2,Tm3_R,8,3.625,5
held_out,period_only,original,R,40,2,T4a_R,8,-5.25,4
held_out,period_only,original,R,40,2,T4b_R,8,-11.375,3
held_out,period_only,original,R,40,2,T4c_R,8,-3.625,3
held_out,period_only,original,R,40,2,T4d_R,8,-10.625,4
held_out,period_only,original,R,40,2,T5a_R,8,-11.5,3
held_out,period_only,original,R,40,2,T5b_R,8,-30.625,3
held_out,period_only,original,R,40,2,T5c_R,8,-20.125,3
held_out,period_only,original,R,40,2,T5d_R,8,-16.5,2
held_out,period_only,original,R,40,2,DNa02_R,8,0.0,0
held_out,period_only,original,R,40,4,L1_L,8,-2.625,3
held_out,period_only,original,R,40,4,Mi1_L,8,0.875,4
held_out,period_only,original,R,40,4,Tm3_L,8,12.25,6
held_out,period_only,original,R,40,4,T4a_L,8,4.125,3
held_out,period_only,original,R,40,4,T4b_L,8,-1.625,5
held_out,period_only,original,R,40,4,T4c_L,8,7.875,5
held_out,period_only,original,R,40,4,T4d_L,8,9.875,5
held_out,period_only,original,R,40,4,T5a_L,8,-0.875,3
held_out,period_only,original,R,40,4,T5b_L,8,4.75,4
held_out,period_only,original,R,40,4,T5c_L,8,-0.5,2
held_out,period_only,original,R,40,4,T5d_L,8,0.125,5
held_out,period_only,original,R,40,4,DNa02_L,8,0.125,1
held_out,period_only,original,R,40,4,L1_R,8,2.625,4
held_out,period_only,original,R,40,4,Mi1_R,8,6.5,7
held_out,period_only,original,R,40,4,Tm3_R,8,20.75,7
held_out,period_only,original,R,40,4,T4a_R,8,15.875,7
held_out,period_only,original,R,40,4,T4b_R,8,10.25,6
held_out,period_only,original,R,40,4,T4c_R,8,15.625,6
held_out,period_only,original,R,40,4,T4d_R,8,15.625,7
held_out,period_only,original,R,40,4,T5a_R,8,6.75,6
held_out,period_only,original,R,40,4,T5b_R,8,-1.75,2
held_out,period_only,original,R,40,4,T5c_R,8,4.0,3
held_out,period_only,original,R,40,4,T5d_R,8,2.125,5
held_out,period_only,original,R,40,4,DNa02_R,8,0.0,0
held_out,period_only,original,R,95,1,L1_L,8,-3.0,3
held_out,period_only,original,R,95,1,Mi1_L,8,3.625,6
held_out,period_only,original,R,95,1,Tm3_L,8,2.375,4
held_out,period_only,original,R,95,1,T4a_L,8,9.75,5
held_out,period_only,original,R,95,1,T4b_L,8,14.5,6
held_out,period_only,original,R,95,1,T4c_L,8,9.125,5
held_out,period_only,original,R,95,1,T4d_L,8,8.625,5
held_out,period_only,original,R,95,1,T5a_L,8,12.75,4
held_out,period_only,original,R,95,1,T5b_L,8,23.25,6
held_out,period_only,original,R,95,1,T5c_L,8,11.5,5
held_out,period_only,original,R,95,1,T5d_L,8,13.375,4
held_out,period_only,original,R,95,1,DNa02_L,8,0.0,0
held_out,period_only,original,R,95,1,L1_R,8,1.25,4
held_out,period_only,original,R,95,1,Mi1_R,8,2.375,5
held_out,period_only,original,R,95,1,Tm3_R,8,14.75,6
held_out,period_only,original,R,95,1,T4a_R,8,1.0,4
held_out,period_only,original,R,95,1,T4b_R,8,10.375,6
held_out,period_only,original,R,95,1,T4c_R,8,13.125,6
held_out,period_only,original,R,95,1,T4d_R,8,12.25,5
held_out,period_only,original,R,95,1,T5a_R,8,7.5,5
held_out,period_only,original,R,95,1,T5b_R,8,12.125,6
held_out,period_only,original,R,95,1,T5c_R,8,12.0,6
held_out,period_only,original,R,95,1,T5d_R,8,6.5,4
held_out,period_only,original,R,95,1,DNa02_R,8,0.0,0
held_out,period_only,original,R,95,2,L1_L,8,-3.875,3
held_out,period_only,original,R,95,2,Mi1_L,8,-6.125,3
held_out,period_only,original,R,95,2,Tm3_L,8,-6.25,3
held_out,period_only,original,R,95,2,T4a_L,8,-6.625,2
held_out,period_only,original,R,95,2,T4b_L,8,-5.375,4
held_out,period_only,original,R,95,2,T4c_L,8,-7.5,4
held_out,period_only,original,R,95,2,T4d_L,8,-6.5,3
held_out,period_only,original,R,95,2,T5a_L,8,19.0,7
held_out,period_only,original,R,95,2,T5b_L,8,11.75,6
held_out,period_only,original,R,95,2,T5c_L,8,17.5,6
held_out,period_only,original,R,95,2,T5d_L,8,14.125,5
held_out,period_only,original,R,95,2,DNa02_L,8,0.0,0
held_out,period_only,original,R,95,2,L1_R,8,2.375,4
held_out,period_only,original,R,95,2,Mi1_R,8,-2.625,4
held_out,period_only,original,R,95,2,Tm3_R,8,-12.25,2
held_out,period_only,original,R,95,2,T4a_R,8,22.5,7
held_out,period_only,original,R,95,2,T4b_R,8,15.375,5
held_out,period_only,original,R,95,2,T4c_R,8,8.625,5
held_out,period_only,original,R,95,2,T4d_R,8,15.625,6
held_out,period_only,original,R,95,2,T5a_R,8,25.375,5
held_out,period_only,original,R,95,2,T5b_R,8,29.75,5
held_out,period_only,original,R,95,2,T5c_R,8,27.0,6
held_out,period_only,original,R,95,2,T5d_R,8,27.625,4
held_out,period_only,original,R,95,2,DNa02_R,8,0.0,0
held_out,period_only,original,R,95,4,L1_L,8,-10.375,3
held_out,period_only,original,R,95,4,Mi1_L,8,-5.875,2
held_out,period_only,original,R,95,4,Tm3_L,8,0.125,4
held_out,period_only,original,R,95,4,T4a_L,8,-5.5,2
held_out,period_only,original,R,95,4,T4b_L,8,-0.5,5
held_out,period_only,original,R,95,4,T4c_L,8,-0.375,3
held_out,period_only,original,R,95,4,T4d_L,8,-8.0,2
held_out,period_only,original,R,95,4,T5a_L,8,2.625,4
held_out,period_only,original,R,95,4,T5b_L,8,4.5,3
held_out,period_only,original,R,95,4,T5c_L,8,3.0,5
held_out,period_only,original,R,95,4,T5d_L,8,1.25,3
held_out,period_only,original,R,95,4,DNa02_L,8,0.25,2
held_out,period_only,original,R,95,4,L1_R,8,-5.125,1
held_out,period_only,original,R,95,4,Mi1_R,8,-3.0,3
held_out,period_only,original,R,95,4,Tm3_R,8,-7.625,4
held_out,period_only,original,R,95,4,T4a_R,8,-5.25,2
held_out,period_only,original,R,95,4,T4b_R,8,-0.25,4
held_out,period_only,original,R,95,4,T4c_R,8,-3.125,3
held_out,period_only,original,R,95,4,T4d_R,8,1.375,5
held_out,period_only,original,R,95,4,T5a_R,8,-7.625,2
held_out,period_only,original,R,95,4,T5b_R,8,-14.125,2
held_out,period_only,original,R,95,4,T5c_R,8,-10.625,3
held_out,period_only,original,R,95,4,T5d_R,8,-13.125,3
held_out,period_only,original,R,95,4,DNa02_R,8,-0.125,0
held_out,period_only,shuffle_801,L,40,1,L1_L,8,2.25,4
held_out,period_only,shuffle_801,L,40,1,Mi1_L,8,1.0,5
held_out,period_only,shuffle_801,L,40,1,Tm3_L,8,5.0,5
held_out,period_only,shuffle_801,L,40,1,T4a_L,8,6.375,4
held_out,period_only,shuffle_801,L,40,1,T4b_L,8,11.0,7
held_out,period_only,shuffle_801,L,40,1,T4c_L,8,6.125,5
held_out,period_only,shuffle_801,L,40,1,T4d_L,8,13.0,7
held_out,period_only,shuffle_801,L,40,1,T5a_L,8,2.125,4
held_out,period_only,shuffle_801,L,40,1,T5b_L,8,-6.125,3
held_out,period_only,shuffle_801,L,40,1,T5c_L,8,-4.25,3
held_out,period_only,shuffle_801,L,40,1,T5d_L,8,-6.0,2
held_out,period_only,shuffle_801,L,40,1,DNa02_L,8,0.0,0
held_out,period_only,shuffle_801,L,40,1,L1_R,8,-0.375,4
held_out,period_only,shuffle_801,L,40,1,Mi1_R,8,2.5,6
held_out,period_only,shuffle_801,L,40,1,Tm3_R,8,6.375,2
held_out,period_only,shuffle_801,L,40,1,T4a_R,8,-2.0,1
held_out,period_only,shuffle_801,L,40,1,T4b_R,8,0.25,4
held_out,period_only,shuffle_801,L,40,1,T4c_R,8,3.125,4
held_out,period_only,shuffle_801,L,40,1,T4d_R,8,0.0,4
held_out,period_only,shuffle_801,L,40,1,T5a_R,8,-9.75,3
held_out,period_only,shuffle_801,L,40,1,T5b_R,8,-10.0,3
held_out,period_only,shuffle_801,L,40,1,T5c_R,8,-10.125,3
held_out,period_only,shuffle_801,L,40,1,T5d_R,8,-5.625,4
held_out,period_only,shuffle_801,L,40,1,DNa02_R,8,0.0,0
held_out,period_only,shuffle_801,L,40,2,L1_L,8,-3.125,3
held_out,period_only,shuffle_801,L,40,2,Mi1_L,8,-2.5,4
held_out,period_only,shuffle_801,L,40,2,Tm3_L,8,-11.375,2
held_out,period_only,shuffle_801,L,40,2,T4a_L,8,-6.125,4
held_out,period_only,shuffle_801,L,40,2,T4b_L,8,0.875,5
held_out,period_only,shuffle_801,L,40,2,T4c_L,8,-4.0,4
held_out,period_only,shuffle_801,L,40,2,T4d_L,8,-3.375,4
held_out,period_only,shuffle_801,L,40,2,T5a_L,8,-4.875,3
held_out,period_only,shuffle_801,L,40,2,T5b_L,8,6.125,5
held_out,period_only,shuffle_801,L,40,2,T5c_L,8,-5.875,4
held_out,period_only,shuffle_801,L,40,2,T5d_L,8,-8.75,4
held_out,period_only,shuffle_801,L,40,2,DNa02_L,8,0.0,0
held_out,period_only,shuffle_801,L,40,2,L1_R,8,-1.875,2
held_out,period_only,shuffle_801,L,40,2,Mi1_R,8,1.375,5
held_out,period_only,shuffle_801,L,40,2,Tm3_R,8,-2.75,4
held_out,period_only,shuffle_801,L,40,2,T4a_R,8,-4.625,3
held_out,period_only,shuffle_801,L,40,2,T4b_R,8,-5.75,3
held_out,period_only,shuffle_801,L,40,2,T4c_R,8,-1.125,5
held_out,period_only,shuffle_801,L,40,2,T4d_R,8,-6.375,4
held_out,period_only,shuffle_801,L,40,2,T5a_R,8,-16.375,4
held_out,period_only,shuffle_801,L,40,2,T5b_R,8,-8.5,3
held_out,period_only,shuffle_801,L,40,2,T5c_R,8,-14.0,2
held_out,period_only,shuffle_801,L,40,2,T5d_R,8,-14.875,4
held_out,period_only,shuffle_801,L,40,2,DNa02_R,8,0.0,0
held_out,period_only,shuffle_801,L,40,4,L1_L,8,2.5,4
held_out,period_only,shuffle_801,L,40,4,Mi1_L,8,1.0,3
held_out,period_only,shuffle_801,L,40,4,Tm3_L,8,12.25,5
held_out,period_only,shuffle_801,L,40,4,T4a_L,8,-0.375,4
held_out,period_only,shuffle_801,L,40,4,T4b_L,8,12.0,5
held_out,period_only,shuffle_801,L,40,4,T4c_L,8,7.125,4
held_out,period_only,shuffle_801,L,40,4,T4d_L,8,1.375,5
held_out,period_only,shuffle_801,L,40,4,T5a_L,8,-6.375,3
held_out,period_only,shuffle_801,L,40,4,T5b_L,8,5.0,4
held_out,period_only,shuffle_801,L,40,4,T5c_L,8,4.625,5
held_out,period_only,shuffle_801,L,40,4,T5d_L,8,-3.375,5
held_out,period_only,shuffle_801,L,40,4,DNa02_L,8,0.125,1
held_out,period_only,shuffle_801,L,40,4,L1_R,8,0.625,3
held_out,period_only,shuffle_801,L,40,4,Mi1_R,8,3.625,5
held_out,period_only,shuffle_801,L,40,4,Tm3_R,8,6.875,2
held_out,period_only,shuffle_801,L,40,4,T4a_R,8,6.5,5
held_out,period_only,shuffle_801,L,40,4,T4b_R,8,8.25,4
held_out,period_only,shuffle_801,L,40,4,T4c_R,8,4.125,4
held_out,period_only,shuffle_801,L,40,4,T4d_R,8,7.625,4
held_out,period_only,shuffle_801,L,40,4,T5a_R,8,7.375,5
held_out,period_only,shuffle_801,L,40,4,T5b_R,8,6.0,4
held_out,period_only,shuffle_801,L,40,4,T5c_R,8,7.625,6
held_out,period_only,shuffle_801,L,40,4,T5d_R,8,7.0,5
held_out,period_only,shuffle_801,L,40,4,DNa02_R,8,0.125,1
held_out,period_only,shuffle_801,L,95,1,L1_L,8,-1.0,4
held_out,period_only,shuffle_801,L,95,1,Mi1_L,8,-2.25,4
held_out,period_only,shuffle_801,L,95,1,Tm3_L,8,4.25,4
held_out,period_only,shuffle_801,L,95,1,T4a_L,8,-5.625,3
held_out,period_only,shuffle_801,L,95,1,T4b_L,8,3.5,5
held_out,period_only,shuffle_801,L,95,1,T4c_L,8,-1.875,4
held_out,period_only,shuffle_801,L,95,1,T4d_L,8,5.5,5
held_out,period_only,shuffle_801,L,95,1,T5a_L,8,-2.75,4
held_out,period_only,shuffle_801,L,95,1,T5b_L,8,-4.875,4
held_out,period_only,shuffle_801,L,95,1,T5c_L,8,-17.625,1
held_out,period_only,shuffle_801,L,95,1,T5d_L,8,-12.625,3
held_out,period_only,shuffle_801,L,95,1,DNa02_L,8,-0.125,0
held_out,period_only,shuffle_801,L,95,1,L1_R,8,0.75,5
held_out,period_only,shuffle_801,L,95,1,Mi1_R,8,1.125,5
held_out,period_only,shuffle_801,L,95,1,Tm3_R,8,4.0,4
held_out,period_only,shuffle_801,L,95,1,T4a_R,8,5.125,6
held_out,period_only,shuffle_801,L,95,1,T4b_R,8,10.375,5
held_out,period_only,shuffle_801,L,95,1,T4c_R,8,1.25,4
held_out,period_only,shuffle_801,L,95,1,T4d_R,8,0.25,5
held_out,period_only,shuffle_801,L,95,1,T5a_R,8,-3.0,3
held_out,period_only,shuffle_801,L,95,1,T5b_R,8,5.375,3
held_out,period_only,shuffle_801,L,95,1,T5c_R,8,-6.5,5
held_out,period_only,shuffle_801,L,95,1,T5d_R,8,-10.5,3
held_out,period_only,shuffle_801,L,95,1,DNa02_R,8,0.125,1
held_out,period_only,shuffle_801,L,95,2,L1_L,8,-6.375,3
held_out,period_only,shuffle_801,L,95,2,Mi1_L,8,-0.875,4
held_out,period_only,shuffle_801,L,95,2,Tm3_L,8,4.5,6
held_out,period_only,shuffle_801,L,95,2,T4a_L,8,6.0,6
held_out,period_only,shuffle_801,L,95,2,T4b_L,8,-10.875,3
held_out,period_only,shuffle_801,L,95,2,T4c_L,8,0.5,5
held_out,period_only,shuffle_801,L,95,2,T4d_L,8,-5.5,4
held_out,period_only,shuffle_801,L,95,2,T5a_L,8,-4.25,3
held_out,period_only,shuffle_801,L,95,2,T5b_L,8,-18.875,1
held_out,period_only,shuffle_801,L,95,2,T5c_L,8,-14.0,1
held_out,period_only,shuffle_801,L,95,2,T5d_L,8,-12.125,4
held_out,period_only,shuffle_801,L,95,2,DNa02_L,8,0.0,1
held_out,period_only,shuffle_801,L,95,2,L1_R,8,-1.125,4
held_out,period_only,shuffle_801,L,95,2,Mi1_R,8,-3.5,3
held_out,period_only,shuffle_801,L,95,2,Tm3_R,8,-6.375,2
held_out,period_only,shuffle_801,L,95,2,T4a_R,8,-13.125,3
held_out,period_only,shuffle_801,L,95,2,T4b_R,8,-9.375,3
held_out,period_only,shuffle_801,L,95,2,T4c_R,8,-15.125,3
held_out,period_only,shuffle_801,L,95,2,T4d_R,8,-7.5,2
held_out,period_only,shuffle_801,L,95,2,T5a_R,8,-8.75,3
held_out,period_only,shuffle_801,L,95,2,T5b_R,8,-11.0,2
held_out,period_only,shuffle_801,L,95,2,T5c_R,8,-9.0,2
held_out,period_only,shuffle_801,L,95,2,T5d_R,8,-4.875,3
held_out,period_only,shuffle_801,L,95,2,DNa02_R,8,0.0,0
held_out,period_only,shuffle_801,L,95,4,L1_L,8,2.625,5
held_out,period_only,shuffle_801,L,95,4,Mi1_L,8,3.125,5
held_out,period_only,shuffle_801,L,95,4,Tm3_L,8,13.0,6
held_out,period_only,shuffle_801,L,95,4,T4a_L,8,4.125,5
held_out,period_only,shuffle_801,L,95,4,T4b_L,8,3.125,5
held_out,period_only,shuffle_801,L,95,4,T4c_L,8,7.75,5
held_out,period_only,shuffle_801,L,95,4,T4d_L,8,13.125,6
held_out,period_only,shuffle_801,L,95,4,T5a_L,8,3.25,4
held_out,period_only,shuffle_801,L,95,4,T5b_L,8,2.5,4
held_out,period_only,shuffle_801,L,95,4,T5c_L,8,1.75,4
held_out,period_only,shuffle_801,L,95,4,T5d_L,8,3.75,4
held_out,period_only,shuffle_801,L,95,4,DNa02_L,8,-0.125,0
held_out,period_only,shuffle_801,L,95,4,L1_R,8,0.0,6
held_out,period_only,shuffle_801,L,95,4,Mi1_R,8,-1.125,4
held_out,period_only,shuffle_801,L,95,4,Tm3_R,8,-11.875,2
held_out,period_only,shuffle_801,L,95,4,T4a_R,8,-10.25,3
held_out,period_only,shuffle_801,L,95,4,T4b_R,8,-9.75,3
held_out,period_only,shuffle_801,L,95,4,T4c_R,8,-6.5,3
held_out,period_only,shuffle_801,L,95,4,T4d_R,8,-4.75,3
held_out,period_only,shuffle_801,L,95,4,T5a_R,8,-2.25,5
held_out,period_only,shuffle_801,L,95,4,T5b_R,8,5.5,4
held_out,period_only,shuffle_801,L,95,4,T5c_R,8,-3.0,5
held_out,period_only,shuffle_801,L,95,4,T5d_R,8,-3.5,4
held_out,period_only,shuffle_801,L,95,4,DNa02_R,8,0.125,1
held_out,period_only,shuffle_801,R,40,1,L1_L,8,-3.0,1
held_out,period_only,shuffle_801,R,40,1,Mi1_L,8,-0.25,3
held_out,period_only,shuffle_801,R,40,1,Tm3_L,8,1.75,7
held_out,period_only,shuffle_801,R,40,1,T4a_L,8,-7.5,1
held_out,period_only,shuffle_801,R,40,1,T4b_L,8,-3.5,4
held_out,period_only,shuffle_801,R,40,1,T4c_L,8,-5.875,2
held_out,period_only,shuffle_801,R,40,1,T4d_L,8,-1.0,5
held_out,period_only,shuffle_801,R,40,1,T5a_L,8,-10.5,5
held_out,period_only,shuffle_801,R,40,1,T5b_L,8,-1.75,5
held_out,period_only,shuffle_801,R,40,1,T5c_L,8,-11.25,2
held_out,period_only,shuffle_801,R,40,1,T5d_L,8,-12.0,3
held_out,period_only,shuffle_801,R,40,1,DNa02_L,8,0.0,0
held_out,period_only,shuffle_801,R,40,1,L1_R,8,-0.375,4
held_out,period_only,shuffle_801,R,40,1,Mi1_R,8,-0.5,5
held_out,period_only,shuffle_801,R,40,1,Tm3_R,8,-0.5,4
held_out,period_only,shuffle_801,R,40,1,T4a_R,8,-10.625,1
held_out,period_only,shuffle_801,R,40,1,T4b_R,8,-1.375,5
held_out,period_only,shuffle_801,R,40,1,T4c_R,8,-5.0,3
held_out,period_only,shuffle_801,R,40,1,T4d_R,8,-6.25,3
held_out,period_only,shuffle_801,R,40,1,T5a_R,8,-9.5,4
held_out,period_only,shuffle_801,R,40,1,T5b_R,8,-5.25,3
held_out,period_only,shuffle_801,R,40,1,T5c_R,8,-7.25,3
held_out,period_only,shuffle_801,R,40,1,T5d_R,8,-9.25,3
held_out,period_only,shuffle_801,R,40,1,DNa02_R,8,0.0,0
held_out,period_only,shuffle_801,R,40,2,L1_L,8,-0.375,4
held_out,period_only,shuffle_801,R,40,2,Mi1_L,8,-1.25,4
held_out,period_only,shuffle_801,R,40,2,Tm3_L,8,4.625,4
held_out,period_only,shuffle_801,R,40,2,T4a_L,8,-1.125,3
held_out,period_only,shuffle_801,R,40,2,T4b_L,8,-0.25,5
held_out,period_only,shuffle_801,R,40,2,T4c_L,8,0.5,4
held_out,period_only,shuffle_801,R,40,2,T4d_L,8,-1.5,2
held_out,period_only,shuffle_801,R,40,2,T5a_L,8,-8.25,2
held_out,period_only,shuffle_801,R,40,2,T5b_L,8,-13.75,1
held_out,period_only,shuffle_801,R,40,2,T5c_L,8,-4.5,3
held_out,period_only,shuffle_801,R,40,2,T5d_L,8,-9.75,3
held_out,period_only,shuffle_801,R,40,2,DNa02_L,8,0.0,0
held_out,period_only,shuffle_801,R,40,2,L1_R,8,0.375,5
held_out,period_only,shuffle_801,R,40,2,Mi1_R,8,-4.0,2
held_out,period_only,shuffle_801,R,40,2,Tm3_R,8,-11.0,4
held_out,period_only,shuffle_801,R,40,2,T4a_R,8,-11.875,2
held_out,period_only,shuffle_801,R,40,2,T4b_R,8,-14.0,3
held_out,period_only,shuffle_801,R,40,2,T4c_R,8,-12.125,4
held_out,period_only,shuffle_801,R,40,2,T4d_R,8,-12.0,4
held_out,period_only,shuffle_801,R,40,2,T5a_R,8,-10.875,3
held_out,period_only,shuffle_801,R,40,2,T5b_R,8,-21.625,3
held_out,period_only,shuffle_801,R,40,2,T5c_R,8,-13.75,4
held_out,period_only,shuffle_801,R,40,2,T5d_R,8,-14.125,3
held_out,period_only,shuffle_801,R,40,2,DNa02_R,8,0.0,0
held_out,period_only,shuffle_801,R,40,4,L1_L,8,-1.0,5
held_out,period_only,shuffle_801,R,40,4,Mi1_L,8,1.5,6
held_out,period_only,shuffle_801,R,40,4,Tm3_L,8,8.875,6
held_out,period_only,shuffle_801,R,40,4,T4a_L,8,8.5,5
held_out,period_only,shuffle_801,R,40,4,T4b_L,8,9.375,6
held_out,period_only,shuffle_801,R,40,4,T4c_L,8,13.375,6
held_out,period_only,shuffle_801,R,40,4,T4d_L,8,10.0,5
held_out,period_only,shuffle_801,R,40,4,T5a_L,8,8.25,6
held_out,period_only,shuffle_801,R,40,4,T5b_L,8,3.625,3
held_out,period_only,shuffle_801,R,40,4,T5c_L,8,6.25,5
held_out,period_only,shuffle_801,R,40,4,T5d_L,8,9.875,6
held_out,period_only,shuffle_801,R,40,4,DNa02_L,8,0.0,1
held_out,period_only,shuffle_801,R,40,4,L1_R,8,0.125,5
held_out,period_only,shuffle_801,R,40,4,Mi1_R,8,4.75,6
held_out,period_only,shuffle_801,R,40,4,Tm3_R,8,14.5,7
held_out,period_only,shuffle_801,R,40,4,T4a_R,8,8.75,5
held_out,period_only,shuffle_801,R,40,4,T4b_R,8,7.625,5
held_out,period_only,shuffle_801,R,40,4,T4c_R,8,8.25,5
held_out,period_only,shuffle_801,R,40,4,T4d_R,8,5.25,4
held_out,period_only,shuffle_801,R,40,4,T5a_R,8,1.125,3
held_out,period_only,shuffle_801,R,40,4,T5b_R,8,1.375,4
held_out,period_only,shuffle_801,R,40,4,T5c_R,8,-1.375,2
held_out,period_only,shuffle_801,R,40,4,T5d_R,8,4.875,5
held_out,period_only,shuffle_801,R,40,4,DNa02_R,8,0.0,0
held_out,period_only,shuffle_801,R,95,1,L1_L,8,-3.5,2
held_out,period_only,shuffle_801,R,95,1,Mi1_L,8,-0.125,4
held_out,period_only,shuffle_801,R,95,1,Tm3_L,8,-5.5,3
held_out,period_only,shuffle_801,R,95,1,T4a_L,8,4.25,5
held_out,period_only,shuffle_801,R,95,1,T4b_L,8,-3.75,3
held_out,period_only,shuffle_801,R,95,1,T4c_L,8,-2.375,5
held_out,period_only,shuffle_801,R,95,1,T4d_L,8,-9.625,2
held_out,period_only,shuffle_801,R,95,1,T5a_L,8,-9.375,2
held_out,period_only,shuffle_801,R,95,1,T5b_L,8,-16.875,1
held_out,period_only,shuffle_801,R,95,1,T5c_L,8,-18.25,1
held_out,period_only,shuffle_801,R,95,1,T5d_L,8,-16.375,1
held_out,period_only,shuffle_801,R,95,1,DNa02_L,8,0.0,0
held_out,period_only,shuffle_801,R,95,1,L1_R,8,-0.875,3
held_out,period_only,shuffle_801,R,95,1,Mi1_R,8,3.25,6
held_out,period_only,shuffle_801,R,95,1,Tm3_R,8,2.75,6
held_out,period_only,shuffle_801,R,95,1,T4a_R,8,18.875,6
held_out,period_only,shuffle_801,R,95,1,T4b_R,8,19.0,4
held_out,period_only,shuffle_801,R,95,1,T4c_R,8,13.5,5
held_out,period_only,shuffle_801,R,95,1,T4d_R,8,19.625,5
held_out,period_only,shuffle_801,R,95,1,T5a_R,8,22.125,4
held_out,period_only,shuffle_801,R,95,1,T5b_R,8,22.125,5
held_out,period_only,shuffle_801,R,95,1,T5c_R,8,25.25,5
held_out,period_only,shuffle_801,R,95,1,T5d_R,8,27.25,4
held_out,period_only,shuffle_801,R,95,1,DNa02_R,8,0.0,0
held_out,period_only,shuffle_801,R,95,2,L1_L,8,-8.5,3
held_out,period_only,shuffle_801,R,95,2,Mi1_L,8,-10.375,1
held_out,period_only,shuffle_801,R,95,2,Tm3_L,8,-11.625,3
held_out,period_only,shuffle_801,R,95,2,T4a_L,8,-10.25,2
held_out,period_only,shuffle_801,R,95,2,T4b_L,8,-10.75,3
held_out,period_only,shuffle_801,R,95,2,T4c_L,8,-15.875,2
held_out,period_only,shuffle_801,R,95,2,T4d_L,8,-9.875,2
held_out,period_only,shuffle_801,R,95,2,T5a_L,8,7.625,5
held_out,period_only,shuffle_801,R,95,2,T5b_L,8,5.75,5
held_out,period_only,shuffle_801,R,95,2,T5c_L,8,10.25,6
held_out,period_only,shuffle_801,R,95,2,T5d_L,8,3.125,5
held_out,period_only,shuffle_801,R,95,2,DNa02_L,8,0.0,0
held_out,period_only,shuffle_801,R,95,2,L1_R,8,1.0,5
held_out,period_only,shuffle_801,R,95,2,Mi1_R,8,-3.25,2
held_out,period_only,shuffle_801,R,95,2,Tm3_R,8,-12.0,1
held_out,period_only,shuffle_801,R,95,2,T4a_R,8,5.875,6
held_out,period_only,shuffle_801,R,95,2,T4b_R,8,9.75,5
held_out,period_only,shuffle_801,R,95,2,T4c_R,8,2.75,4
held_out,period_only,shuffle_801,R,95,2,T4d_R,8,0.25,4
held_out,period_only,shuffle_801,R,95,2,T5a_R,8,9.25,5
held_out,period_only,shuffle_801,R,95,2,T5b_R,8,15.875,6
held_out,period_only,shuffle_801,R,95,2,T5c_R,8,9.375,5
held_out,period_only,shuffle_801,R,95,2,T5d_R,8,9.75,6
held_out,period_only,shuffle_801,R,95,2,DNa02_R,8,0.0,0
held_out,period_only,shuffle_801,R,95,4,L1_L,8,-12.25,4
held_out,period_only,shuffle_801,R,95,4,Mi1_L,8,-6.5,3
held_out,period_only,shuffle_801,R,95,4,Tm3_L,8,-3.0,3
held_out,period_only,shuffle_801,R,95,4,T4a_L,8,-1.25,5
held_out,period_only,shuffle_801,R,95,4,T4b_L,8,-3.0,4
held_out,period_only,shuffle_801,R,95,4,T4c_L,8,-1.125,3
held_out,period_only,shuffle_801,R,95,4,T4d_L,8,-9.125,2
held_out,period_only,shuffle_801,R,95,4,T5a_L,8,-0.25,3
held_out,period_only,shuffle_801,R,95,4,T5b_L,8,-16.0,2
held_out,period_only,shuffle_801,R,95,4,T5c_L,8,-2.5,2
held_out,period_only,shuffle_801,R,95,4,T5d_L,8,-16.375,1
held_out,period_only,shuffle_801,R,95,4,DNa02_L,8,0.125,1
held_out,period_only,shuffle_801,R,95,4,L1_R,8,-7.375,1
held_out,period_only,shuffle_801,R,95,4,Mi1_R,8,-2.625,2
held_out,period_only,shuffle_801,R,95,4,Tm3_R,8,5.5,5
held_out,period_only,shuffle_801,R,95,4,T4a_R,8,1.0,5
held_out,period_only,shuffle_801,R,95,4,T4b_R,8,4.25,4
held_out,period_only,shuffle_801,R,95,4,T4c_R,8,2.75,5
held_out,period_only,shuffle_801,R,95,4,T4d_R,8,4.375,4
held_out,period_only,shuffle_801,R,95,4,T5a_R,8,-8.875,3
held_out,period_only,shuffle_801,R,95,4,T5b_R,8,1.0,3
held_out,period_only,shuffle_801,R,95,4,T5c_R,8,1.0,3
held_out,period_only,shuffle_801,R,95,4,T5d_R,8,3.25,4
held_out,period_only,shuffle_801,R,95,4,DNa02_R,8,-0.125,0
held_out,period_only,shuffle_802,L,40,1,L1_L,8,-2.75,4
held_out,period_only,shuffle_802,L,40,1,Mi1_L,8,-1.125,4
held_out,period_only,shuffle_802,L,40,1,Tm3_L,8,0.375,4
held_out,period_only,shuffle_802,L,40,1,T4a_L,8,1.0,5
held_out,period_only,shuffle_802,L,40,1,T4b_L,8,8.75,5
held_out,period_only,shuffle_802,L,40,1,T4c_L,8,2.5,4
held_out,period_only,shuffle_802,L,40,1,T4d_L,8,4.625,5
held_out,period_only,shuffle_802,L,40,1,T5a_L,8,5.75,5
held_out,period_only,shuffle_802,L,40,1,T5b_L,8,-3.25,3
held_out,period_only,shuffle_802,L,40,1,T5c_L,8,-3.0,4
held_out,period_only,shuffle_802,L,40,1,T5d_L,8,1.25,4
held_out,period_only,shuffle_802,L,40,1,DNa02_L,8,0.0,0
held_out,period_only,shuffle_802,L,40,1,L1_R,8,-1.625,3
held_out,period_only,shuffle_802,L,40,1,Mi1_R,8,-0.125,6
held_out,period_only,shuffle_802,L,40,1,Tm3_R,8,2.125,6
held_out,period_only,shuffle_802,L,40,1,T4a_R,8,-5.25,5
held_out,period_only,shuffle_802,L,40,1,T4b_R,8,-4.25,5
held_out,period_only,shuffle_802,L,40,1,T4c_R,8,-0.875,6
held_out,period_only,shuffle_802,L,40,1,T4d_R,8,-5.625,5
held_out,period_only,shuffle_802,L,40,1,T5a_R,8,-15.875,3
held_out,period_only,shuffle_802,L,40,1,T5b_R,8,-12.25,4
held_out,period_only,shuffle_802,L,40,1,T5c_R,8,-16.625,4
held_out,period_only,shuffle_802,L,40,1,T5d_R,8,-15.125,3
held_out,period_only,shuffle_802,L,40,1,DNa02_R,8,0.0,0
held_out,period_only,shuffle_802,L,40,2,L1_L,8,-2.0,4
held_out,period_only,shuffle_802,L,40,2,Mi1_L,8,1.5,5
held_out,period_only,shuffle_802,L,40,2,Tm3_L,8,2.625,5
held_out,period_only,shuffle_802,L,40,2,T4a_L,8,-3.0,4
held_out,period_only,shuffle_802,L,40,2,T4b_L,8,10.875,6
held_out,period_only,shuffle_802,L,40,2,T4c_L,8,2.125,4
held_out,period_only,shuffle_802,L,40,2,T4d_L,8,5.75,4
held_out,period_only,shuffle_802,L,40,2,T5a_L,8,2.75,4
held_out,period_only,shuffle_802,L,40,2,T5b_L,8,13.0,4
held_out,period_only,shuffle_802,L,40,2,T5c_L,8,1.0,4
held_out,period_only,shuffle_802,L,40,2,T5d_L,8,-8.375,3
held_out,period_only,shuffle_802,L,40,2,DNa02_L,8,0.125,1
held_out,period_only,shuffle_802,L,40,2,L1_R,8,-1.375,2
held_out,period_only,shuffle_802,L,40,2,Mi1_R,8,2.0,5
held_out,period_only,shuffle_802,L,40,2,Tm3_R,8,4.875,6
held_out,period_only,shuffle_802,L,40,2,T4a_R,8,-3.0,4
held_out,period_only,shuffle_802,L,40,2,T4b_R,8,-1.375,3
held_out,period_only,shuffle_802,L,40,2,T4c_R,8,0.375,4
held_out,period_only,shuffle_802,L,40,2,T4d_R,8,-4.875,3
held_out,period_only,shuffle_802,L,40,2,T5a_R,8,-17.125,3
held_out,period_only,shuffle_802,L,40,2,T5b_R,8,-9.75,3
held_out,period_only,shuffle_802,L,40,2,T5c_R,8,-11.5,2
held_out,period_only,shuffle_802,L,40,2,T5d_R,8,-13.75,4
held_out,period_only,shuffle_802,L,40,2,DNa02_R,8,0.0,0
held_out,period_only,shuffle_802,L,40,4,L1_L,8,-4.5,4
held_out,period_only,shuffle_802,L,40,4,Mi1_L,8,-5.125,2
held_out,period_only,shuffle_802,L,40,4,Tm3_L,8,-10.875,3
held_out,period_only,shuffle_802,L,40,4,T4a_L,8,-7.875,3
held_out,period_only,shuffle_802,L,40,4,T4b_L,8,-5.375,3
held_out,period_only,shuffle_802,L,40,4,T4c_L,8,-12.625,1
held_out,period_only,shuffle_802,L,40,4,T4d_L,8,-10.625,3
held_out,period_only,shuffle_802,L,40,4,T5a_L,8,-13.125,3
held_out,period_only,shuffle_802,L,40,4,T5b_L,8,-9.5,3
held_out,period_only,shuffle_802,L,40,4,T5c_L,8,-15.5,4
held_out,period_only,shuffle_802,L,40,4,T5d_L,8,-20.25,2
held_out,period_only,shuffle_802,L,40,4,DNa02_L,8,0.0,0
held_out,period_only,shuffle_802,L,40,4,L1_R,8,-5.5,2
held_out,period_only,shuffle_802,L,40,4,Mi1_R,8,-4.25,3
held_out,period_only,shuffle_802,L,40,4,Tm3_R,8,-7.5,4
held_out,period_only,shuffle_802,L,40,4,T4a_R,8,-10.5,5
held_out,period_only,shuffle_802,L,40,4,T4b_R,8,-6.25,5
held_out,period_only,shuffle_802,L,40,4,T4c_R,8,-10.625,4
held_out,period_only,shuffle_802,L,40,4,T4d_R,8,-9.875,5
held_out,period_only,shuffle_802,L,40,4,T5a_R,8,-1.375,5
held_out,period_only,shuffle_802,L,40,4,T5b_R,8,-3.0,5
held_out,period_only,shuffle_802,L,40,4,T5c_R,8,-5.375,6
held_out,period_only,shuffle_802,L,40,4,T5d_R,8,-7.75,5
held_out,period_only,shuffle_802,L,40,4,DNa02_R,8,0.0,0
held_out,period_only,shuffle_802,L,95,1,L1_L,8,4.5,5
held_out,period_only,shuffle_802,L,95,1,Mi1_L,8,2.5,4
held_out,period_only,shuffle_802,L,95,1,Tm3_L,8,10.125,6
held_out,period_only,shuffle_802,L,95,1,T4a_L,8,-0.25,4
held_out,period_only,shuffle_802,L,95,1,T4b_L,8,11.625,4
held_out,period_only,shuffle_802,L,95,1,T4c_L,8,0.125,3
held_out,period_only,shuffle_802,L,95,1,T4d_L,8,8.875,3
held_out,period_only,shuffle_802,L,95,1,T5a_L,8,-1.875,5
held_out,period_only,shuffle_802,L,95,1,T5b_L,8,4.125,4
held_out,period_only,shuffle_802,L,95,1,T5c_L,8,-8.125,3
held_out,period_only,shuffle_802,L,95,1,T5d_L,8,-7.25,4
held_out,period_only,shuffle_802,L,95,1,DNa02_L,8,0.125,1
held_out,period_only,shuffle_802,L,95,1,L1_R,8,2.875,5
held_out,period_only,shuffle_802,L,95,1,Mi1_R,8,0.375,6
held_out,period_only,shuffle_802,L,95,1,Tm3_R,8,-7.25,4
held_out,period_only,shuffle_802,L,95,1,T4a_R,8,10.5,7
held_out,period_only,shuffle_802,L,95,1,T4b_R,8,11.375,4
held_out,period_only,shuffle_802,L,95,1,T4c_R,8,3.125,5
held_out,period_only,shuffle_802,L,95,1,T4d_R,8,7.25,5
held_out,period_only,shuffle_802,L,95,1,T5a_R,8,17.125,7
held_out,period_only,shuffle_802,L,95,1,T5b_R,8,18.125,5
held_out,period_only,shuffle_802,L,95,1,T5c_R,8,13.375,6
held_out,period_only,shuffle_802,L,95,1,T5d_R,8,13.25,5
held_out,period_only,shuffle_802,L,95,1,DNa02_R,8,0.125,1
held_out,period_only,shuffle_802,L,95,2,L1_L,8,1.375,6
held_out,period_only,shuffle_802,L,95,2,Mi1_L,8,2.0,6
held_out,period_only,shuffle_802,L,95,2,Tm3_L,8,-2.125,5
held_out,period_only,shuffle_802,L,95,2,T4a_L,8,3.25,5
held_out,period_only,shuffle_802,L,95,2,T4b_L,8,-13.0,4
held_out,period_only,shuffle_802,L,95,2,T4c_L,8,4.375,3
held_out,period_only,shuffle_802,L,95,2,T4d_L,8,-10.125,4
held_out,period_only,shuffle_802,L,95,2,T5a_L,8,-14.375,3
held_out,period_only,shuffle_802,L,95,2,T5b_L,8,-16.0,3
held_out,period_only,shuffle_802,L,95,2,T5c_L,8,-17.75,1
held_out,period_only,shuffle_802,L,95,2,T5d_L,8,-9.625,3
held_out,period_only,shuffle_802,L,95,2,DNa02_L,8,-0.125,0
held_out,period_only,shuffle_802,L,95,2,L1_R,8,-1.375,4
held_out,period_only,shuffle_802,L,95,2,Mi1_R,8,-3.75,5
held_out,period_only,shuffle_802,L,95,2,Tm3_R,8,-7.125,4
held_out,period_only,shuffle_802,L,95,2,T4a_R,8,-8.75,4
held_out,period_only,shuffle_802,L,95,2,T4b_R,8,-15.375,4
held_out,period_only,shuffle_802,L,95,2,T4c_R,8,-12.125,5
held_out,period_only,shuffle_802,L,95,2,T4d_R,8,-12.75,4
held_out,period_only,shuffle_802,L,95,2,T5a_R,8,-20.0,3
held_out,period_only,shuffle_802,L,95,2,T5b_R,8,-20.375,2
held_out,period_only,shuffle_802,L,95,2,T5c_R,8,-17.0,3
held_out,period_only,shuffle_802,L,95,2,T5d_R,8,-23.875,1
held_out,period_only,shuffle_802,L,95,2,DNa02_R,8,0.0,0
held_out,period_only,shuffle_802,L,95,4,L1_L,8,1.125,4
held_out,period_only,shuffle_802,L,95,4,Mi1_L,8,2.25,6
held_out,period_only,shuffle_802,L,95,4,Tm3_L,8,7.625,5
held_out,period_only,shuffle_802,L,95,4,T4a_L,8,10.25,5
held_out,period_only,shuffle_802,L,95,4,T4b_L,8,17.125,7
held_out,period_only,shuffle_802,L,95,4,T4c_L,8,7.125,6
held_out,period_only,shuffle_802,L,95,4,T4d_L,8,12.375,6
held_out,period_only,shuffle_802,L,95,4,T5a_L,8,13.75,6
held_out,period_only,shuffle_802,L,95,4,T5b_L,8,12.875,7
held_out,period_only,shuffle_802,L,95,4,T5c_L,8,8.25,7
held_out,period_only,shuffle_802,L,95,4,T5d_L,8,11.5,6
held_out,period_only,shuffle_802,L,95,4,DNa02_L,8,0.0,0
held_out,period_only,shuffle_802,L,95,4,L1_R,8,-3.5,2
held_out,period_only,shuffle_802,L,95,4,Mi1_R,8,-3.25,2
held_out,period_only,shuffle_802,L,95,4,Tm3_R,8,-15.875,2
held_out,period_only,shuffle_802,L,95,4,T4a_R,8,-12.0,2
held_out,period_only,shuffle_802,L,95,4,T4b_R,8,-11.25,2
held_out,period_only,shuffle_802,L,95,4,T4c_R,8,-12.625,3
held_out,period_only,shuffle_802,L,95,4,T4d_R,8,-9.25,2
held_out,period_only,shuffle_802,L,95,4,T5a_R,8,-4.0,3
held_out,period_only,shuffle_802,L,95,4,T5b_R,8,1.25,3
held_out,period_only,shuffle_802,L,95,4,T5c_R,8,-7.125,2
held_out,period_only,shuffle_802,L,95,4,T5d_R,8,-14.25,3
held_out,period_only,shuffle_802,L,95,4,DNa02_R,8,0.125,1
held_out,period_only,shuffle_802,R,40,1,L1_L,8,-5.0,2
held_out,period_only,shuffle_802,R,40,1,Mi1_L,8,-5.625,1
held_out,period_only,shuffle_802,R,40,1,Tm3_L,8,-6.75,2
held_out,period_only,shuffle_802,R,40,1,T4a_L,8,-11.625,2
held_out,period_only,shuffle_802,R,40,1,T4b_L,8,-8.375,3
held_out,period_only,shuffle_802,R,40,1,T4c_L,8,-7.375,3
held_out,period_only,shuffle_802,R,40,1,T4d_L,8,-3.5,4
held_out,period_only,shuffle_802,R,40,1,T5a_L,8,-3.125,5
held_out,period_only,shuffle_802,R,40,1,T5b_L,8,-8.875,2
held_out,period_only,shuffle_802,R,40,1,T5c_L,8,-7.5,2
held_out,period_only,shuffle_802,R,40,1,T5d_L,8,-6.375,3
held_out,period_only,shuffle_802,R,40,1,DNa02_L,8,0.0,0
held_out,period_only,shuffle_802,R,40,1,L1_R,8,-2.375,3
held_out,period_only,shuffle_802,R,40,1,Mi1_R,8,-5.5,3
held_out,period_only,shuffle_802,R,40,1,Tm3_R,8,-17.75,1
held_out,period_only,shuffle_802,R,40,1,T4a_R,8,-15.25,1
held_out,period_only,shuffle_802,R,40,1,T4b_R,8,-21.0,3
held_out,period_only,shuffle_802,R,40,1,T4c_R,8,-14.375,1
held_out,period_only,shuffle_802,R,40,1,T4d_R,8,-20.125,0
held_out,period_only,shuffle_802,R,40,1,T5a_R,8,-20.5,1
held_out,period_only,shuffle_802,R,40,1,T5b_R,8,-21.875,2
held_out,period_only,shuffle_802,R,40,1,T5c_R,8,-21.5,2
held_out,period_only,shuffle_802,R,40,1,T5d_R,8,-19.0,1
held_out,period_only,shuffle_802,R,40,1,DNa02_R,8,-0.125,0
held_out,period_only,shuffle_802,R,40,2,L1_L,8,-4.375,3
held_out,period_only,shuffle_802,R,40,2,Mi1_L,8,-4.125,3
held_out,period_only,shuffle_802,R,40,2,Tm3_L,8,-4.125,3
held_out,period_only,shuffle_802,R,40,2,T4a_L,8,-2.5,3
held_out,period_only,shuffle_802,R,40,2,T4b_L,8,0.875,6
held_out,period_only,shuffle_802,R,40,2,T4c_L,8,-3.75,3
held_out,period_only,shuffle_802,R,40,2,T4d_L,8,-3.375,4
held_out,period_only,shuffle_802,R,40,2,T5a_L,8,-6.375,3
held_out,period_only,shuffle_802,R,40,2,T5b_L,8,-5.75,3
held_out,period_only,shuffle_802,R,40,2,T5c_L,8,-1.5,4
held_out,period_only,shuffle_802,R,40,2,T5d_L,8,-5.25,4
held_out,period_only,shuffle_802,R,40,2,DNa02_L,8,-0.125,0
held_out,period_only,shuffle_802,R,40,2,L1_R,8,2.875,4
held_out,period_only,shuffle_802,R,40,2,Mi1_R,8,0.75,4
held_out,period_only,shuffle_802,R,40,2,Tm3_R,8,9.375,6
held_out,period_only,shuffle_802,R,40,2,T4a_R,8,6.125,4
held_out,period_only,shuffle_802,R,40,2,T4b_R,8,8.375,7
held_out,period_only,shuffle_802,R,40,2,T4c_R,8,8.375,6
held_out,period_only,shuffle_802,R,40,2,T4d_R,8,9.0,6
held_out,period_only,shuffle_802,R,40,2,T5a_R,8,12.875,5
held_out,period_only,shuffle_802,R,40,2,T5b_R,8,5.75,4
held_out,period_only,shuffle_802,R,40,2,T5c_R,8,5.875,4
held_out,period_only,shuffle_802,R,40,2,T5d_R,8,12.75,5
held_out,period_only,shuffle_802,R,40,2,DNa02_R,8,0.0,0
held_out,period_only,shuffle_802,R,40,4,L1_L,8,1.75,5
held_out,period_only,shuffle_802,R,40,4,Mi1_L,8,2.375,5
held_out,period_only,shuffle_802,R,40,4,Tm3_L,8,11.25,7
held_out,period_only,shuffle_802,R,40,4,T4a_L,8,0.5,3
held_out,period_only,shuffle_802,R,40,4,T4b_L,8,0.625,4
held_out,period_only,shuffle_802,R,40,4,T4c_L,8,3.5,5
held_out,period_only,shuffle_802,R,40,4,T4d_L,8,3.625,5
held_out,period_only,shuffle_802,R,40,4,T5a_L,8,2.75,5
held_out,period_only,shuffle_802,R,40,4,T5b_L,8,-0.375,4
held_out,period_only,shuffle_802,R,40,4,T5c_L,8,3.25,5
held_out,period_only,shuffle_802,R,40,4,T5d_L,8,3.875,4
held_out,period_only,shuffle_802,R,40,4,DNa02_L,8,0.125,1
held_out,period_only,shuffle_802,R,40,4,L1_R,8,-0.75,4
held_out,period_only,shuffle_802,R,40,4,Mi1_R,8,0.25,4
held_out,period_only,shuffle_802,R,40,4,Tm3_R,8,8.0,5
held_out,period_only,shuffle_802,R,40,4,T4a_R,8,3.25,4
held_out,period_only,shuffle_802,R,40,4,T4b_R,8,-0.25,5
held_out,period_only,shuffle_802,R,40,4,T4c_R,8,5.25,5
held_out,period_only,shuffle_802,R,40,4,T4d_R,8,4.625,4
held_out,period_only,shuffle_802,R,40,4,T5a_R,8,-5.875,3
held_out,period_only,shuffle_802,R,40,4,T5b_R,8,-4.875,2
held_out,period_only,shuffle_802,R,40,4,T5c_R,8,-5.5,1
held_out,period_only,shuffle_802,R,40,4,T5d_R,8,4.375,4
held_out,period_only,shuffle_802,R,40,4,DNa02_R,8,0.0,0
held_out,period_only,shuffle_802,R,95,1,L1_L,8,-11.5,2
held_out,period_only,shuffle_802,R,95,1,Mi1_L,8,-7.375,4
held_out,period_only,shuffle_802,R,95,1,Tm3_L,8,-15.125,1
held_out,period_only,shuffle_802,R,95,1,T4a_L,8,-12.375,3
held_out,period_only,shuffle_802,R,95,1,T4b_L,8,-16.25,4
held_out,period_only,shuffle_802,R,95,1,T4c_L,8,-9.875,4
held_out,period_only,shuffle_802,R,95,1,T4d_L,8,-11.75,2
held_out,period_only,shuffle_802,R,95,1,T5a_L,8,-5.0,3
held_out,period_only,shuffle_802,R,95,1,T5b_L,8,-8.625,5
held_out,period_only,shuffle_802,R,95,1,T5c_L,8,-5.75,4
held_out,period_only,shuffle_802,R,95,1,T5d_L,8,-4.625,4
held_out,period_only,shuffle_802,R,95,1,DNa02_L,8,0.0,0
held_out,period_only,shuffle_802,R,95,1,L1_R,8,0.5,4
held_out,period_only,shuffle_802,R,95,1,Mi1_R,8,-1.875,4
held_out,period_only,shuffle_802,R,95,1,Tm3_R,8,-0.375,4
held_out,period_only,shuffle_802,R,95,1,T4a_R,8,-7.875,3
held_out,period_only,shuffle_802,R,95,1,T4b_R,8,-14.125,4
held_out,period_only,shuffle_802,R,95,1,T4c_R,8,-7.125,3
held_out,period_only,shuffle_802,R,95,1,T4d_R,8,-13.0,3
held_out,period_only,shuffle_802,R,95,1,T5a_R,8,-12.125,3
held_out,period_only,shuffle_802,R,95,1,T5b_R,8,-20.875,3
held_out,period_only,shuffle_802,R,95,1,T5c_R,8,-8.0,2
held_out,period_only,shuffle_802,R,95,1,T5d_R,8,-11.0,3
held_out,period_only,shuffle_802,R,95,1,DNa02_R,8,0.125,1
held_out,period_only,shuffle_802,R,95,2,L1_L,8,-8.625,3
held_out,period_only,shuffle_802,R,95,2,Mi1_L,8,-7.5,2
held_out,period_only,shuffle_802,R,95,2,Tm3_L,8,-24.875,1
held_out,period_only,shuffle_802,R,95,2,T4a_L,8,-8.375,2
held_out,period_only,shuffle_802,R,95,2,T4b_L,8,-11.625,3
held_out,period_only,shuffle_802,R,95,2,T4c_L,8,-11.25,2
held_out,period_only,shuffle_802,R,95,2,T4d_L,8,-18.75,1
held_out,period_only,shuffle_802,R,95,2,T5a_L,8,7.25,4
held_out,period_only,shuffle_802,R,95,2,T5b_L,8,5.0,4
held_out,period_only,shuffle_802,R,95,2,T5c_L,8,5.75,3
held_out,period_only,shuffle_802,R,95,2,T5d_L,8,6.0,3
held_out,period_only,shuffle_802,R,95,2,DNa02_L,8,0.0,0
held_out,period_only,shuffle_802,R,95,2,L1_R,8,-2.125,3
held_out,period_only,shuffle_802,R,95,2,Mi1_R,8,-3.5,4
held_out,period_only,shuffle_802,R,95,2,Tm3_R,8,-20.875,2
held_out,period_only,shuffle_802,R,95,2,T4a_R,8,7.75,5
held_out,period_only,shuffle_802,R,95,2,T4b_R,8,0.25,5
held_out,period_only,shuffle_802,R,95,2,T4c_R,8,-3.875,5
held_out,period_only,shuffle_802,R,95,2,T4d_R,8,1.5,5
held_out,period_only,shuffle_802,R,95,2,T5a_R,8,5.75,4
held_out,period_only,shuffle_802,R,95,2,T5b_R,8,10.0,3
held_out,period_only,shuffle_802,R,95,2,T5c_R,8,10.375,5
held_out,period_only,shuffle_802,R,95,2,T5d_R,8,1.375,4
held_out,period_only,shuffle_802,R,95,2,DNa02_R,8,0.0,0
held_out,period_only,shuffle_802,R,95,4,L1_L,8,-12.375,2
held_out,period_only,shuffle_802,R,95,4,Mi1_L,8,-3.125,4
held_out,period_only,shuffle_802,R,95,4,Tm3_L,8,7.75,4
held_out,period_only,shuffle_802,R,95,4,T4a_L,8,3.75,6
held_out,period_only,shuffle_802,R,95,4,T4b_L,8,-0.375,3
held_out,period_only,shuffle_802,R,95,4,T4c_L,8,-0.875,3
held_out,period_only,shuffle_802,R,95,4,T4d_L,8,0.0,3
held_out,period_only,shuffle_802,R,95,4,T5a_L,8,-2.125,3
held_out,period_only,shuffle_802,R,95,4,T5b_L,8,-10.375,1
held_out,period_only,shuffle_802,R,95,4,T5c_L,8,-5.125,1
held_out,period_only,shuffle_802,R,95,4,T5d_L,8,-13.5,1
held_out,period_only,shuffle_802,R,95,4,DNa02_L,8,0.125,1
held_out,period_only,shuffle_802,R,95,4,L1_R,8,-3.875,2
held_out,period_only,shuffle_802,R,95,4,Mi1_R,8,0.0,4
held_out,period_only,shuffle_802,R,95,4,Tm3_R,8,8.125,5
held_out,period_only,shuffle_802,R,95,4,T4a_R,8,7.25,5
held_out,period_only,shuffle_802,R,95,4,T4b_R,8,16.125,6
held_out,period_only,shuffle_802,R,95,4,T4c_R,8,9.5,6
held_out,period_only,shuffle_802,R,95,4,T4d_R,8,7.5,6
held_out,period_only,shuffle_802,R,95,4,T5a_R,8,5.0,5
held_out,period_only,shuffle_802,R,95,4,T5b_R,8,21.25,5
held_out,period_only,shuffle_802,R,95,4,T5c_R,8,15.5,5
held_out,period_only,shuffle_802,R,95,4,T5d_R,8,15.625,5
held_out,period_only,shuffle_802,R,95,4,DNa02_R,8,-0.125,0
held_out,phase_only,direct_only,L,40,1,L1_L,8,1.125,7
held_out,phase_only,direct_only,L,40,1,Mi1_L,8,-3.625,2
held_out,phase_only,direct_only,L,40,1,Tm3_L,8,-6.75,3
held_out,phase_only,direct_only,L,40,1,T4a_L,8,-10.125,3
held_out,phase_only,direct_only,L,40,1,T4b_L,8,-13.5,3
held_out,phase_only,direct_only,L,40,1,T4c_L,8,-8.625,2
held_out,phase_only,direct_only,L,40,1,T4d_L,8,-11.125,2
held_out,phase_only,direct_only,L,40,1,T5a_L,8,-10.125,3
held_out,phase_only,direct_only,L,40,1,T5b_L,8,-4.375,4
held_out,phase_only,direct_only,L,40,1,T5c_L,8,-8.75,3
held_out,phase_only,direct_only,L,40,1,T5d_L,8,-14.875,3
held_out,phase_only,direct_only,L,40,1,DNa02_L,8,0.0,0
held_out,phase_only,direct_only,L,40,1,L1_R,8,-1.0,3
held_out,phase_only,direct_only,L,40,1,Mi1_R,8,-0.25,4
held_out,phase_only,direct_only,L,40,1,Tm3_R,8,-1.875,5
held_out,phase_only,direct_only,L,40,1,T4a_R,8,2.0,6
held_out,phase_only,direct_only,L,40,1,T4b_R,8,-8.625,4
held_out,phase_only,direct_only,L,40,1,T4c_R,8,-1.875,2
held_out,phase_only,direct_only,L,40,1,T4d_R,8,1.875,5
held_out,phase_only,direct_only,L,40,1,T5a_R,8,3.5,5
held_out,phase_only,direct_only,L,40,1,T5b_R,8,-1.75,4
held_out,phase_only,direct_only,L,40,1,T5c_R,8,4.125,5
held_out,phase_only,direct_only,L,40,1,T5d_R,8,6.0,6
held_out,phase_only,direct_only,L,40,1,DNa02_R,8,0.0,0
held_out,phase_only,direct_only,L,40,2,L1_L,8,1.75,6
held_out,phase_only,direct_only,L,40,2,Mi1_L,8,-2.75,2
held_out,phase_only,direct_only,L,40,2,Tm3_L,8,-4.625,3
held_out,phase_only,direct_only,L,40,2,T4a_L,8,4.5,6
held_out,phase_only,direct_only,L,40,2,T4b_L,8,5.125,4
held_out,phase_only,direct_only,L,40,2,T4c_L,8,5.375,4
held_out,phase_only,direct_only,L,40,2,T4d_L,8,0.875,5
held_out,phase_only,direct_only,L,40,2,T5a_L,8,-3.5,2
held_out,phase_only,direct_only,L,40,2,T5b_L,8,-4.75,4
held_out,phase_only,direct_only,L,40,2,T5c_L,8,2.25,6
held_out,phase_only,direct_only,L,40,2,T5d_L,8,0.875,5
held_out,phase_only,direct_only,L,40,2,DNa02_L,8,0.0,0
held_out,phase_only,direct_only,L,40,2,L1_R,8,-6.875,3
held_out,phase_only,direct_only,L,40,2,Mi1_R,8,-4.5,3
held_out,phase_only,direct_only,L,40,2,Tm3_R,8,-1.125,5
held_out,phase_only,direct_only,L,40,2,T4a_R,8,-2.625,3
held_out,phase_only,direct_only,L,40,2,T4b_R,8,0.25,2
held_out,phase_only,direct_only,L,40,2,T4c_R,8,3.25,3
held_out,phase_only,direct_only,L,40,2,T4d_R,8,1.125,3
held_out,phase_only,direct_only,L,40,2,T5a_R,8,4.5,4
held_out,phase_only,direct_only,L,40,2,T5b_R,8,16.75,4
held_out,phase_only,direct_only,L,40,2,T5c_R,8,7.875,4
held_out,phase_only,direct_only,L,40,2,T5d_R,8,13.875,4
held_out,phase_only,direct_only,L,40,2,DNa02_R,8,0.0,0
held_out,phase_only,direct_only,L,40,4,L1_L,8,3.25,6
held_out,phase_only,direct_only,L,40,4,Mi1_L,8,6.0,7
held_out,phase_only,direct_only,L,40,4,Tm3_L,8,17.625,7
held_out,phase_only,direct_only,L,40,4,T4a_L,8,12.125,6
held_out,phase_only,direct_only,L,40,4,T4b_L,8,1.75,5
held_out,phase_only,direct_only,L,40,4,T4c_L,8,7.375,5
held_out,phase_only,direct_only,L,40,4,T4d_L,8,5.125,5
held_out,phase_only,direct_only,L,40,4,T5a_L,8,5.0,4
held_out,phase_only,direct_only,L,40,4,T5b_L,8,9.0,6
held_out,phase_only,direct_only,L,40,4,T5c_L,8,6.625,5
held_out,phase_only,direct_only,L,40,4,T5d_L,8,8.625,5
held_out,phase_only,direct_only,L,40,4,DNa02_L,8,0.125,1
held_out,phase_only,direct_only,L,40,4,L1_R,8,6.625,8
held_out,phase_only,direct_only,L,40,4,Mi1_R,8,7.0,5
held_out,phase_only,direct_only,L,40,4,Tm3_R,8,31.0,7
held_out,phase_only,direct_only,L,40,4,T4a_R,8,17.375,7
held_out,phase_only,direct_only,L,40,4,T4b_R,8,15.75,7
held_out,phase_only,direct_only,L,40,4,T4c_R,8,10.875,7
held_out,phase_only,direct_only,L,40,4,T4d_R,8,10.375,5
held_out,phase_only,direct_only,L,40,4,T5a_R,8,-4.25,5
held_out,phase_only,direct_only,L,40,4,T5b_R,8,9.0,5
held_out,phase_only,direct_only,L,40,4,T5c_R,8,1.75,3
held_out,phase_only,direct_only,L,40,4,T5d_R,8,2.375,4
held_out,phase_only,direct_only,L,40,4,DNa02_R,8,0.0,0
held_out,phase_only,direct_only,L,95,1,L1_L,8,-3.625,3
held_out,phase_only,direct_only,L,95,1,Mi1_L,8,1.375,5
held_out,phase_only,direct_only,L,95,1,Tm3_L,8,8.0,5
held_out,phase_only,direct_only,L,95,1,T4a_L,8,6.5,4
held_out,phase_only,direct_only,L,95,1,T4b_L,8,-5.875,4
held_out,phase_only,direct_only,L,95,1,T4c_L,8,7.375,5
held_out,phase_only,direct_only,L,95,1,T4d_L,8,0.875,5
held_out,phase_only,direct_only,L,95,1,T5a_L,8,-4.0,3
held_out,phase_only,direct_only,L,95,1,T5b_L,8,-5.5,5
held_out,phase_only,direct_only,L,95,1,T5c_L,8,-3.5,4
held_out,phase_only,direct_only,L,95,1,T5d_L,8,-0.5,4
held_out,phase_only,direct_only,L,95,1,DNa02_L,8,-0.125,0
held_out,phase_only,direct_only,L,95,1,L1_R,8,2.5,4
held_out,phase_only,direct_only,L,95,1,Mi1_R,8,2.5,4
held_out,phase_only,direct_only,L,95,1,Tm3_R,8,-1.375,4
held_out,phase_only,direct_only,L,95,1,T4a_R,8,7.625,6
held_out,phase_only,direct_only,L,95,1,T4b_R,8,2.0,4
held_out,phase_only,direct_only,L,95,1,T4c_R,8,1.125,4
held_out,phase_only,direct_only,L,95,1,T4d_R,8,6.75,4
held_out,phase_only,direct_only,L,95,1,T5a_R,8,-3.25,2
held_out,phase_only,direct_only,L,95,1,T5b_R,8,-9.125,3
held_out,phase_only,direct_only,L,95,1,T5c_R,8,-10.625,2
held_out,phase_only,direct_only,L,95,1,T5d_R,8,-12.375,2
held_out,phase_only,direct_only,L,95,1,DNa02_R,8,0.125,1
held_out,phase_only,direct_only,L,95,2,L1_L,8,4.75,4
held_out,phase_only,direct_only,L,95,2,Mi1_L,8,1.375,4
held_out,phase_only,direct_only,L,95,2,Tm3_L,8,15.625,5
held_out,phase_only,direct_only,L,95,2,T4a_L,8,1.25,4
held_out,phase_only,direct_only,L,95,2,T4b_L,8,8.0,6
held_out,phase_only,direct_only,L,95,2,T4c_L,8,2.125,5
held_out,phase_only,direct_only,L,95,2,T4d_L,8,3.5,4
held_out,phase_only,direct_only,L,95,2,T5a_L,8,-7.875,2
held_out,phase_only,direct_only,L,95,2,T5b_L,8,-11.875,3
held_out,phase_only,direct_only,L,95,2,T5c_L,8,-18.125,1
held_out,phase_only,direct_only,L,95,2,T5d_L,8,-11.25,2
held_out,phase_only,direct_only,L,95,2,DNa02_L,8,-0.125,0
held_out,phase_only,direct_only,L,95,2,L1_R,8,1.0,6
held_out,phase_only,direct_only,L,95,2,Mi1_R,8,-0.125,4
held_out,phase_only,direct_only,L,95,2,Tm3_R,8,-0.5,5
held_out,phase_only,direct_only,L,95,2,T4a_R,8,-4.125,4
held_out,phase_only,direct_only,L,95,2,T4b_R,8,4.375,5
held_out,phase_only,direct_only,L,95,2,T4c_R,8,-8.75,3
held_out,phase_only,direct_only,L,95,2,T4d_R,8,-0.625,5
held_out,phase_only,direct_only,L,95,2,T5a_R,8,-7.125,3
held_out,phase_only,direct_only,L,95,2,T5b_R,8,-9.375,3
held_out,phase_only,direct_only,L,95,2,T5c_R,8,-13.25,3
held_out,phase_only,direct_only,L,95,2,T5d_R,8,-12.875,3
held_out,phase_only,direct_only,L,95,2,DNa02_R,8,0.125,1
held_out,phase_only,direct_only,L,95,4,L1_L,8,2.125,4
held_out,phase_only,direct_only,L,95,4,Mi1_L,8,-1.25,2
held_out,phase_only,direct_only,L,95,4,Tm3_L,8,1.625,4
held_out,phase_only,direct_only,L,95,4,T4a_L,8,2.0,4
held_out,phase_only,direct_only,L,95,4,T4b_L,8,2.0,4
held_out,phase_only,direct_only,L,95,4,T4c_L,8,-2.625,2
held_out,phase_only,direct_only,L,95,4,T4d_L,8,0.875,4
held_out,phase_only,direct_only,L,95,4,T5a_L,8,6.75,3
held_out,phase_only,direct_only,L,95,4,T5b_L,8,16.875,6
held_out,phase_only,direct_only,L,95,4,T5c_L,8,12.0,3
held_out,phase_only,direct_only,L,95,4,T5d_L,8,15.125,5
held_out,phase_only,direct_only,L,95,4,DNa02_L,8,-0.125,0
held_out,phase_only,direct_only,L,95,4,L1_R,8,0.875,5
held_out,phase_only,direct_only,L,95,4,Mi1_R,8,2.125,7
held_out,phase_only,direct_only,L,95,4,Tm3_R,8,-1.375,4
held_out,phase_only,direct_only,L,95,4,T4a_R,8,5.0,5
held_out,phase_only,direct_only,L,95,4,T4b_R,8,-3.5,4
held_out,phase_only,direct_only,L,95,4,T4c_R,8,-1.875,4
held_out,phase_only,direct_only,L,95,4,T4d_R,8,6.875,6
held_out,phase_only,direct_only,L,95,4,T5a_R,8,6.25,6
held_out,phase_only,direct_only,L,95,4,T5b_R,8,1.375,6
held_out,phase_only,direct_only,L,95,4,T5c_R,8,0.375,4
held_out,phase_only,direct_only,L,95,4,T5d_R,8,15.25,7
held_out,phase_only,direct_only,L,95,4,DNa02_R,8,0.0,0
held_out,phase_only,direct_only,R,40,1,L1_L,8,4.625,5
held_out,phase_only,direct_only,R,40,1,Mi1_L,8,5.875,4
held_out,phase_only,direct_only,R,40,1,Tm3_L,8,17.125,5
held_out,phase_only,direct_only,R,40,1,T4a_L,8,-4.625,2
held_out,phase_only,direct_only,R,40,1,T4b_L,8,-6.375,2
held_out,phase_only,direct_only,R,40,1,T4c_L,8,1.625,3
held_out,phase_only,direct_only,R,40,1,T4d_L,8,-0.875,4
held_out,phase_only,direct_only,R,40,1,T5a_L,8,-19.25,3
held_out,phase_only,direct_only,R,40,1,T5b_L,8,-23.0,2
held_out,phase_only,direct_only,R,40,1,T5c_L,8,-20.0,2
held_out,phase_only,direct_only,R,40,1,T5d_L,8,-11.625,2
held_out,phase_only,direct_only,R,40,1,DNa02_L,8,0.0,0
held_out,phase_only,direct_only,R,40,1,L1_R,8,-1.375,3
held_out,phase_only,direct_only,R,40,1,Mi1_R,8,0.375,3
held_out,phase_only,direct_only,R,40,1,Tm3_R,8,9.375,4
held_out,phase_only,direct_only,R,40,1,T4a_R,8,-3.5,3
held_out,phase_only,direct_only,R,40,1,T4b_R,8,9.125,5
held_out,phase_only,direct_only,R,40,1,T4c_R,8,-1.125,3
held_out,phase_only,direct_only,R,40,1,T4d_R,8,6.125,5
held_out,phase_only,direct_only,R,40,1,T5a_R,8,2.75,4
held_out,phase_only,direct_only,R,40,1,T5b_R,8,11.375,6
held_out,phase_only,direct_only,R,40,1,T5c_R,8,-3.875,2
held_out,phase_only,direct_only,R,40,1,T5d_R,8,3.875,3
held_out,phase_only,direct_only,R,40,1,DNa02_R,8,0.0,0
held_out,phase_only,direct_only,R,40,2,L1_L,8,-5.125,2
held_out,phase_only,direct_only,R,40,2,Mi1_L,8,-2.875,3
held_out,phase_only,direct_only,R,40,2,Tm3_L,8,-10.5,2
held_out,phase_only,direct_only,R,40,2,T4a_L,8,-8.0,3
held_out,phase_only,direct_only,R,40,2,T4b_L,8,-22.625,0
held_out,phase_only,direct_only,R,40,2,T4c_L,8,-12.5,3
held_out,phase_only,direct_only,R,40,2,T4d_L,8,-12.375,2
held_out,phase_only,direct_only,R,40,2,T5a_L,8,4.625,4
held_out,phase_only,direct_only,R,40,2,T5b_L,8,-17.625,1
held_out,phase_only,direct_only,R,40,2,T5c_L,8,-5.125,3
held_out,phase_only,direct_only,R,40,2,T5d_L,8,-0.875,3
held_out,phase_only,direct_only,R,40,2,DNa02_L,8,0.0,0
held_out,phase_only,direct_only,R,40,2,L1_R,8,-4.125,2
held_out,phase_only,direct_only,R,40,2,Mi1_R,8,-5.375,1
held_out,phase_only,direct_only,R,40,2,Tm3_R,8,-16.375,2
held_out,phase_only,direct_only,R,40,2,T4a_R,8,-19.375,1
held_out,phase_only,direct_only,R,40,2,T4b_R,8,-9.0,3
held_out,phase_only,direct_only,R,40,2,T4c_R,8,-16.875,0
held_out,phase_only,direct_only,R,40,2,T4d_R,8,-20.625,1
held_out,phase_only,direct_only,R,40,2,T5a_R,8,-21.125,2
held_out,phase_only,direct_only,R,40,2,T5b_R,8,-12.375,3
held_out,phase_only,direct_only,R,40,2,T5c_R,8,-7.0,3
held_out,phase_only,direct_only,R,40,2,T5d_R,8,-10.5,5
held_out,phase_only,direct_only,R,40,2,DNa02_R,8,0.0,0
held_out,phase_only,direct_only,R,40,4,L1_L,8,-2.875,5
held_out,phase_only,direct_only,R,40,4,Mi1_L,8,-2.875,6
held_out,phase_only,direct_only,R,40,4,Tm3_L,8,-7.875,2
held_out,phase_only,direct_only,R,40,4,T4a_L,8,-17.875,3
held_out,phase_only,direct_only,R,40,4,T4b_L,8,-22.875,1
held_out,phase_only,direct_only,R,40,4,T4c_L,8,-13.75,2
held_out,phase_only,direct_only,R,40,4,T4d_L,8,-22.625,3
held_out,phase_only,direct_only,R,40,4,T5a_L,8,-22.625,4
held_out,phase_only,direct_only,R,40,4,T5b_L,8,-26.0,3
held_out,phase_only,direct_only,R,40,4,T5c_L,8,-17.25,4
held_out,phase_only,direct_only,R,40,4,T5d_L,8,-26.5,4
held_out,phase_only,direct_only,R,40,4,DNa02_L,8,-0.125,0
held_out,phase_only,direct_only,R,40,4,L1_R,8,1.375,5
held_out,phase_only,direct_only,R,40,4,Mi1_R,8,-4.5,2
held_out,phase_only,direct_only,R,40,4,Tm3_R,8,-8.75,2
held_out,phase_only,direct_only,R,40,4,T4a_R,8,-8.0,2
held_out,phase_only,direct_only,R,40,4,T4b_R,8,-3.875,2
held_out,phase_only,direct_only,R,40,4,T4c_R,8,-8.75,2
held_out,phase_only,direct_only,R,40,4,T4d_R,8,-7.625,3
held_out,phase_only,direct_only,R,40,4,T5a_R,8,-1.625,3
held_out,phase_only,direct_only,R,40,4,T5b_R,8,4.0,5
held_out,phase_only,direct_only,R,40,4,T5c_R,8,4.875,4
held_out,phase_only,direct_only,R,40,4,T5d_R,8,3.75,3
held_out,phase_only,direct_only,R,40,4,DNa02_R,8,0.0,0
held_out,phase_only,direct_only,R,95,1,L1_L,8,1.375,4
held_out,phase_only,direct_only,R,95,1,Mi1_L,8,1.375,4
held_out,phase_only,direct_only,R,95,1,Tm3_L,8,5.875,3
held_out,phase_only,direct_only,R,95,1,T4a_L,8,0.375,3
held_out,phase_only,direct_only,R,95,1,T4b_L,8,8.375,6
held_out,phase_only,direct_only,R,95,1,T4c_L,8,5.125,4
held_out,phase_only,direct_only,R,95,1,T4d_L,8,2.625,3
held_out,phase_only,direct_only,R,95,1,T5a_L,8,6.875,5
held_out,phase_only,direct_only,R,95,1,T5b_L,8,13.375,6
held_out,phase_only,direct_only,R,95,1,T5c_L,8,7.75,5
held_out,phase_only,direct_only,R,95,1,T5d_L,8,18.625,7
held_out,phase_only,direct_only,R,95,1,DNa02_L,8,-0.125,0
held_out,phase_only,direct_only,R,95,1,L1_R,8,-1.25,2
held_out,phase_only,direct_only,R,95,1,Mi1_R,8,3.125,7
held_out,phase_only,direct_only,R,95,1,Tm3_R,8,8.0,5
held_out,phase_only,direct_only,R,95,1,T4a_R,8,-1.25,4
held_out,phase_only,direct_only,R,95,1,T4b_R,8,6.0,5
held_out,phase_only,direct_only,R,95,1,T4c_R,8,7.375,7
held_out,phase_only,direct_only,R,95,1,T4d_R,8,6.875,4
held_out,phase_only,direct_only,R,95,1,T5a_R,8,1.5,4
held_out,phase_only,direct_only,R,95,1,T5b_R,8,5.125,5
held_out,phase_only,direct_only,R,95,1,T5c_R,8,3.25,5
held_out,phase_only,direct_only,R,95,1,T5d_R,8,1.25,4
held_out,phase_only,direct_only,R,95,1,DNa02_R,8,0.0,0
held_out,phase_only,direct_only,R,95,2,L1_L,8,6.375,5
held_out,phase_only,direct_only,R,95,2,Mi1_L,8,0.375,4
held_out,phase_only,direct_only,R,95,2,Tm3_L,8,10.5,5
held_out,phase_only,direct_only,R,95,2,T4a_L,8,2.75,4
held_out,phase_only,direct_only,R,95,2,T4b_L,8,2.125,4
held_out,phase_only,direct_only,R,95,2,T4c_L,8,7.625,4
held_out,phase_only,direct_only,R,95,2,T4d_L,8,2.125,5
held_out,phase_only,direct_only,R,95,2,T5a_L,8,-7.375,3
held_out,phase_only,direct_only,R,95,2,T5b_L,8,-10.375,3
held_out,phase_only,direct_only,R,95,2,T5c_L,8,-3.875,4
held_out,phase_only,direct_only,R,95,2,T5d_L,8,-12.875,3
held_out,phase_only,direct_only,R,95,2,DNa02_L,8,0.125,1
held_out,phase_only,direct_only,R,95,2,L1_R,8,-0.75,3
held_out,phase_only,direct_only,R,95,2,Mi1_R,8,5.375,5
held_out,phase_only,direct_only,R,95,2,Tm3_R,8,7.0,4
held_out,phase_only,direct_only,R,95,2,T4a_R,8,9.5,5
held_out,phase_only,direct_only,R,95,2,T4b_R,8,-0.75,5
held_out,phase_only,direct_only,R,95,2,T4c_R,8,8.375,5
held_out,phase_only,direct_only,R,95,2,T4d_R,8,5.25,5
held_out,phase_only,direct_only,R,95,2,T5a_R,8,12.5,4
held_out,phase_only,direct_only,R,95,2,T5b_R,8,8.625,5
held_out,phase_only,direct_only,R,95,2,T5c_R,8,13.5,6
held_out,phase_only,direct_only,R,95,2,T5d_R,8,5.125,5
held_out,phase_only,direct_only,R,95,2,DNa02_R,8,-0.125,0
held_out,phase_only,direct_only,R,95,4,L1_L,8,0.625,5
held_out,phase_only,direct_only,R,95,4,Mi1_L,8,1.5,4
held_out,phase_only,direct_only,R,95,4,Tm3_L,8,6.875,5
held_out,phase_only,direct_only,R,95,4,T4a_L,8,0.125,5
held_out,phase_only,direct_only,R,95,4,T4b_L,8,-1.0,6
held_out,phase_only,direct_only,R,95,4,T4c_L,8,-3.0,4
held_out,phase_only,direct_only,R,95,4,T4d_L,8,-10.0,4
held_out,phase_only,direct_only,R,95,4,T5a_L,8,-24.625,1
held_out,phase_only,direct_only,R,95,4,T5b_L,8,-14.0,4
held_out,phase_only,direct_only,R,95,4,T5c_L,8,-22.375,1
held_out,phase_only,direct_only,R,95,4,T5d_L,8,-16.375,2
held_out,phase_only,direct_only,R,95,4,DNa02_L,8,0.125,1
held_out,phase_only,direct_only,R,95,4,L1_R,8,0.125,6
held_out,phase_only,direct_only,R,95,4,Mi1_R,8,1.125,4
held_out,phase_only,direct_only,R,95,4,Tm3_R,8,4.5,6
held_out,phase_only,direct_only,R,95,4,T4a_R,8,5.75,4
held_out,phase_only,direct_only,R,95,4,T4b_R,8,9.0,5
held_out,phase_only,direct_only,R,95,4,T4c_R,8,2.75,5
held_out,phase_only,direct_only,R,95,4,T4d_R,8,7.625,3
held_out,phase_only,direct_only,R,95,4,T5a_R,8,32.0,6
held_out,phase_only,direct_only,R,95,4,T5b_R,8,24.0,7
held_out,phase_only,direct_only,R,95,4,T5c_R,8,26.375,6
held_out,phase_only,direct_only,R,95,4,T5d_R,8,34.625,6
held_out,phase_only,direct_only,R,95,4,DNa02_R,8,0.0,0
held_out,phase_only,original,L,40,1,L1_L,8,3.625,7
held_out,phase_only,original,L,40,1,Mi1_L,8,-1.25,3
held_out,phase_only,original,L,40,1,Tm3_L,8,-3.625,3
held_out,phase_only,original,L,40,1,T4a_L,8,-16.125,2
held_out,phase_only,original,L,40,1,T4b_L,8,-21.25,1
held_out,phase_only,original,L,40,1,T4c_L,8,-8.125,5
held_out,phase_only,original,L,40,1,T4d_L,8,-10.5,3
held_out,phase_only,original,L,40,1,T5a_L,8,-18.625,2
held_out,phase_only,original,L,40,1,T5b_L,8,-24.375,3
held_out,phase_only,original,L,40,1,T5c_L,8,-19.5,2
held_out,phase_only,original,L,40,1,T5d_L,8,-20.625,2
held_out,phase_only,original,L,40,1,DNa02_L,8,0.0,0
held_out,phase_only,original,L,40,1,L1_R,8,0.75,3
held_out,phase_only,original,L,40,1,Mi1_R,8,-2.5,2
held_out,phase_only,original,L,40,1,Tm3_R,8,-0.625,5
held_out,phase_only,original,L,40,1,T4a_R,8,14.5,5
held_out,phase_only,original,L,40,1,T4b_R,8,12.125,5
held_out,phase_only,original,L,40,1,T4c_R,8,5.375,5
held_out,phase_only,original,L,40,1,T4d_R,8,14.75,4
held_out,phase_only,original,L,40,1,T5a_R,8,18.125,4
held_out,phase_only,original,L,40,1,T5b_R,8,5.625,3
held_out,phase_only,original,L,40,1,T5c_R,8,17.375,3
held_out,phase_only,original,L,40,1,T5d_R,8,16.875,4
held_out,phase_only,original,L,40,1,DNa02_R,8,0.0,0
held_out,phase_only,original,L,40,2,L1_L,8,0.5,4
held_out,phase_only,original,L,40,2,Mi1_L,8,-0.25,5
held_out,phase_only,original,L,40,2,Tm3_L,8,4.25,6
held_out,phase_only,original,L,40,2,T4a_L,8,1.125,5
held_out,phase_only,original,L,40,2,T4b_L,8,7.5,7
held_out,phase_only,original,L,40,2,T4c_L,8,-0.875,5
held_out,phase_only,original,L,40,2,T4d_L,8,4.875,5
held_out,phase_only,original,L,40,2,T5a_L,8,-3.75,1
held_out,phase_only,original,L,40,2,T5b_L,8,-13.875,2
held_out,phase_only,original,L,40,2,T5c_L,8,-4.25,4
held_out,phase_only,original,L,40,2,T5d_L,8,-3.0,2
held_out,phase_only,original,L,40,2,DNa02_L,8,-0.125,0
held_out,phase_only,original,L,40,2,L1_R,8,-7.0,0
held_out,phase_only,original,L,40,2,Mi1_R,8,-3.625,3
held_out,phase_only,original,L,40,2,Tm3_R,8,-8.125,4
held_out,phase_only,original,L,40,2,T4a_R,8,-14.5,3
held_out,phase_only,original,L,40,2,T4b_R,8,-3.375,3
held_out,phase_only,original,L,40,2,T4c_R,8,-9.75,3
held_out,phase_only,original,L,40,2,T4d_R,8,-13.25,2
held_out,phase_only,original,L,40,2,T5a_R,8,-21.625,2
held_out,phase_only,original,L,40,2,T5b_R,8,-6.875,3
held_out,phase_only,original,L,40,2,T5c_R,8,-16.75,3
held_out,phase_only,original,L,40,2,T5d_R,8,-23.25,2
held_out,phase_only,original,L,40,2,DNa02_R,8,0.0,0
held_out,phase_only,original,L,40,4,L1_L,8,-3.125,4
held_out,phase_only,original,L,40,4,Mi1_L,8,0.5,4
held_out,phase_only,original,L,40,4,Tm3_L,8,0.5,4
held_out,phase_only,original,L,40,4,T4a_L,8,3.75,4
held_out,phase_only,original,L,40,4,T4b_L,8,-1.5,3
held_out,phase_only,original,L,40,4,T4c_L,8,4.125,6
held_out,phase_only,original,L,40,4,T4d_L,8,-3.25,4
held_out,phase_only,original,L,40,4,T5a_L,8,7.375,4
held_out,phase_only,original,L,40,4,T5b_L,8,18.25,5
held_out,phase_only,original,L,40,4,T5c_L,8,8.0,5
held_out,phase_only,original,L,40,4,T5d_L,8,11.5,6
held_out,phase_only,original,L,40,4,DNa02_L,8,0.0,0
held_out,phase_only,original,L,40,4,L1_R,8,-0.625,4
held_out,phase_only,original,L,40,4,Mi1_R,8,-0.125,3
held_out,phase_only,original,L,40,4,Tm3_R,8,4.625,4
held_out,phase_only,original,L,40,4,T4a_R,8,0.125,3
held_out,phase_only,original,L,40,4,T4b_R,8,3.625,3
held_out,phase_only,original,L,40,4,T4c_R,8,3.25,4
held_out,phase_only,original,L,40,4,T4d_R,8,-4.75,3
held_out,phase_only,original,L,40,4,T5a_R,8,-5.375,4
held_out,phase_only,original,L,40,4,T5b_R,8,-3.875,4
held_out,phase_only,original,L,40,4,T5c_R,8,-8.875,1
held_out,phase_only,original,L,40,4,T5d_R,8,-12.625,2
held_out,phase_only,original,L,40,4,DNa02_R,8,0.0,0
held_out,phase_only,original,L,95,1,L1_L,8,2.0,4
held_out,phase_only,original,L,95,1,Mi1_L,8,2.125,6
held_out,phase_only,original,L,95,1,Tm3_L,8,8.75,5
held_out,phase_only,original,L,95,1,T4a_L,8,9.5,7
held_out,phase_only,original,L,95,1,T4b_L,8,0.5,5
held_out,phase_only,original,L,95,1,T4c_L,8,4.0,5
held_out,phase_only,original,L,95,1,T4d_L,8,-1.0,4
held_out,phase_only,original,L,95,1,T5a_L,8,-1.0,5
held_out,phase_only,original,L,95,1,T5b_L,8,6.125,7
held_out,phase_only,original,L,95,1,T5c_L,8,5.625,6
held_out,phase_only,original,L,95,1,T5d_L,8,3.625,6
held_out,phase_only,original,L,95,1,DNa02_L,8,0.0,0
held_out,phase_only,original,L,95,1,L1_R,8,4.875,6
held_out,phase_only,original,L,95,1,Mi1_R,8,6.875,5
held_out,phase_only,original,L,95,1,Tm3_R,8,-3.125,2
held_out,phase_only,original,L,95,1,T4a_R,8,19.5,6
held_out,phase_only,original,L,95,1,T4b_R,8,14.875,6
held_out,phase_only,original,L,95,1,T4c_R,8,16.125,6
held_out,phase_only,original,L,95,1,T4d_R,8,20.625,6
held_out,phase_only,original,L,95,1,T5a_R,8,18.625,5
held_out,phase_only,original,L,95,1,T5b_R,8,7.625,4
held_out,phase_only,original,L,95,1,T5c_R,8,7.75,3
held_out,phase_only,original,L,95,1,T5d_R,8,11.625,3
held_out,phase_only,original,L,95,1,DNa02_R,8,0.125,1
held_out,phase_only,original,L,95,2,L1_L,8,5.25,6
held_out,phase_only,original,L,95,2,Mi1_L,8,0.75,4
held_out,phase_only,original,L,95,2,Tm3_L,8,14.125,4
held_out,phase_only,original,L,95,2,T4a_L,8,-5.625,2
held_out,phase_only,original,L,95,2,T4b_L,8,1.5,5
held_out,phase_only,original,L,95,2,T4c_L,8,-1.125,4
held_out,phase_only,original,L,95,2,T4d_L,8,-8.25,2
held_out,phase_only,original,L,95,2,T5a_L,8,-10.5,4
held_out,phase_only,original,L,95,2,T5b_L,8,-6.75,3
held_out,phase_only,original,L,95,2,T5c_L,8,-7.75,3
held_out,phase_only,original,L,95,2,T5d_L,8,-4.875,3
held_out,phase_only,original,L,95,2,DNa02_L,8,0.0,0
held_out,phase_only,original,L,95,2,L1_R,8,-3.375,3
held_out,phase_only,original,L,95,2,Mi1_R,8,-4.125,3
held_out,phase_only,original,L,95,2,Tm3_R,8,7.0,4
held_out,phase_only,original,L,95,2,T4a_R,8,4.125,5
held_out,phase_only,original,L,95,2,T4b_R,8,4.625,5
held_out,phase_only,original,L,95,2,T4c_R,8,6.5,5
held_out,phase_only,original,L,95,2,T4d_R,8,10.25,5
held_out,phase_only,original,L,95,2,T5a_R,8,14.125,5
held_out,phase_only,original,L,95,2,T5b_R,8,2.5,4
held_out,phase_only,original,L,95,2,T5c_R,8,-0.5,2
held_out,phase_only,original,L,95,2,T5d_R,8,11.625,2
held_out,phase_only,original,L,95,2,DNa02_R,8,0.125,1
held_out,phase_only,original,L,95,4,L1_L,8,-2.25,2
held_out,phase_only,original,L,95,4,Mi1_L,8,2.375,5
held_out,phase_only,original,L,95,4,Tm3_L,8,5.75,5
held_out,phase_only,original,L,95,4,T4a_L,8,4.5,5
held_out,phase_only,original,L,95,4,T4b_L,8,1.125,5
held_out,phase_only,original,L,95,4,T4c_L,8,-3.5,4
held_out,phase_only,original,L,95,4,T4d_L,8,3.125,4
held_out,phase_only,original,L,95,4,T5a_L,8,5.125,4
held_out,phase_only,original,L,95,4,T5b_L,8,0.0,4
held_out,phase_only,original,L,95,4,T5c_L,8,0.625,4
held_out,phase_only,original,L,95,4,T5d_L,8,1.125,3
held_out,phase_only,original,L,95,4,DNa02_L,8,-0.125,0
held_out,phase_only,original,L,95,4,L1_R,8,0.625,3
held_out,phase_only,original,L,95,4,Mi1_R,8,-0.625,4
held_out,phase_only,original,L,95,4,Tm3_R,8,-7.125,3
held_out,phase_only,original,L,95,4,T4a_R,8,4.625,5
held_out,phase_only,original,L,95,4,T4b_R,8,-5.25,5
held_out,phase_only,original,L,95,4,T4c_R,8,2.375,5
held_out,phase_only,original,L,95,4,T4d_R,8,6.125,5
held_out,phase_only,original,L,95,4,T5a_R,8,12.5,5
held_out,phase_only,original,L,95,4,T5b_R,8,18.75,7
held_out,phase_only,original,L,95,4,T5c_R,8,6.625,3
held_out,phase_only,original,L,95,4,T5d_R,8,26.375,5
held_out,phase_only,original,L,95,4,DNa02_R,8,0.0,0
held_out,phase_only,original,R,40,1,L1_L,8,-4.5,1
held_out,phase_only,original,R,40,1,Mi1_L,8,1.5,5
held_out,phase_only,original,R,40,1,Tm3_L,8,5.0,4
held_out,phase_only,original,R,40,1,T4a_L,8,-7.0,3
held_out,phase_only,original,R,40,1,T4b_L,8,-8.125,5
held_out,phase_only,original,R,40,1,T4c_L,8,-6.0,5
held_out,phase_only,original,R,40,1,T4d_L,8,-10.25,2
held_out,phase_only,original,R,40,1,T5a_L,8,-23.0,1
held_out,phase_only,original,R,40,1,T5b_L,8,-9.125,4
held_out,phase_only,original,R,40,1,T5c_L,8,-18.375,1
held_out,phase_only,original,R,40,1,T5d_L,8,-15.625,4
held_out,phase_only,original,R,40,1,DNa02_L,8,-0.125,0
held_out,phase_only,original,R,40,1,L1_R,8,1.125,4
held_out,phase_only,original,R,40,1,Mi1_R,8,2.125,6
held_out,phase_only,original,R,40,1,Tm3_R,8,3.875,5
held_out,phase_only,original,R,40,1,T4a_R,8,5.75,6
held_out,phase_only,original,R,40,1,T4b_R,8,0.875,4
held_out,phase_only,original,R,40,1,T4c_R,8,4.125,5
held_out,phase_only,original,R,40,1,T4d_R,8,6.0,5
held_out,phase_only,original,R,40,1,T5a_R,8,-5.875,3
held_out,phase_only,original,R,40,1,T5b_R,8,9.125,5
held_out,phase_only,original,R,40,1,T5c_R,8,-0.875,3
held_out,phase_only,original,R,40,1,T5d_R,8,1.5,6
held_out,phase_only,original,R,40,1,DNa02_R,8,0.0,0
held_out,phase_only,original,R,40,2,L1_L,8,-7.0,2
held_out,phase_only,original,R,40,2,Mi1_L,8,-2.5,3
held_out,phase_only,original,R,40,2,Tm3_L,8,-12.125,2
held_out,phase_only,original,R,40,2,T4a_L,8,2.25,4
held_out,phase_only,original,R,40,2,T4b_L,8,-10.625,2
held_out,phase_only,original,R,40,2,T4c_L,8,-6.125,3
held_out,phase_only,original,R,40,2,T4d_L,8,-4.625,3
held_out,phase_only,original,R,40,2,T5a_L,8,-6.625,4
held_out,phase_only,original,R,40,2,T5b_L,8,-12.375,1
held_out,phase_only,original,R,40,2,T5c_L,8,-6.5,3
held_out,phase_only,original,R,40,2,T5d_L,8,-6.625,2
held_out,phase_only,original,R,40,2,DNa02_L,8,-0.125,0
held_out,phase_only,original,R,40,2,L1_R,8,-4.875,2
held_out,phase_only,original,R,40,2,Mi1_R,8,-3.75,2
held_out,phase_only,original,R,40,2,Tm3_R,8,-7.75,4
held_out,phase_only,original,R,40,2,T4a_R,8,-16.625,1
held_out,phase_only,original,R,40,2,T4b_R,8,-4.375,4
held_out,phase_only,original,R,40,2,T4c_R,8,-7.125,2
held_out,phase_only,original,R,40,2,T4d_R,8,-8.5,4
held_out,phase_only,original,R,40,2,T5a_R,8,-12.75,2
held_out,phase_only,original,R,40,2,T5b_R,8,7.0,3
held_out,phase_only,original,R,40,2,T5c_R,8,-7.5,3
held_out,phase_only,original,R,40,2,T5d_R,8,-4.125,4
held_out,phase_only,original,R,40,2,DNa02_R,8,0.125,1
held_out,phase_only,original,R,40,4,L1_L,8,-5.25,2
held_out,phase_only,original,R,40,4,Mi1_L,8,-2.75,5
held_out,phase_only,original,R,40,4,Tm3_L,8,-12.0,2
held_out,phase_only,original,R,40,4,T4a_L,8,-13.375,3
held_out,phase_only,original,R,40,4,T4b_L,8,-16.0,2
held_out,phase_only,original,R,40,4,T4c_L,8,-2.75,5
held_out,phase_only,original,R,40,4,T4d_L,8,-12.25,3
held_out,phase_only,original,R,40,4,T5a_L,8,-8.0,4
held_out,phase_only,original,R,40,4,T5b_L,8,6.625,4
held_out,phase_only,original,R,40,4,T5c_L,8,-0.25,5
held_out,phase_only,original,R,40,4,T5d_L,8,-13.375,2
held_out,phase_only,original,R,40,4,DNa02_L,8,0.0,0
held_out,phase_only,original,R,40,4,L1_R,8,0.875,3
held_out,phase_only,original,R,40,4,Mi1_R,8,-1.625,3
held_out,phase_only,original,R,40,4,Tm3_R,8,-8.75,4
held_out,phase_only,original,R,40,4,T4a_R,8,-12.125,3
held_out,phase_only,original,R,40,4,T4b_R,8,-17.25,3
held_out,phase_only,original,R,40,4,T4c_R,8,-11.625,3
held_out,phase_only,original,R,40,4,T4d_R,8,-4.875,4
held_out,phase_only,original,R,40,4,T5a_R,8,-2.5,5
held_out,phase_only,original,R,40,4,T5b_R,8,-3.375,6
held_out,phase_only,original,R,40,4,T5c_R,8,4.125,5
held_out,phase_only,original,R,40,4,T5d_R,8,7.25,6
held_out,phase_only,original,R,40,4,DNa02_R,8,0.0,0
held_out,phase_only,original,R,95,1,L1_L,8,-2.75,4
held_out,phase_only,original,R,95,1,Mi1_L,8,-0.25,3
held_out,phase_only,original,R,95,1,Tm3_L,8,-6.0,2
held_out,phase_only,original,R,95,1,T4a_L,8,-1.625,4
held_out,phase_only,original,R,95,1,T4b_L,8,-11.0,3
held_out,phase_only,original,R,95,1,T4c_L,8,-6.125,2
held_out,phase_only,original,R,95,1,T4d_L,8,-2.875,3
held_out,phase_only,original,R,95,1,T5a_L,8,9.375,5
held_out,phase_only,original,R,95,1,T5b_L,8,3.25,6
held_out,phase_only,original,R,95,1,T5c_L,8,2.875,4
held_out,phase_only,original,R,95,1,T5d_L,8,3.875,5
held_out,phase_only,original,R,95,1,DNa02_L,8,-0.25,0
held_out,phase_only,original,R,95,1,L1_R,8,-6.875,1
held_out,phase_only,original,R,95,1,Mi1_R,8,-0.75,3
held_out,phase_only,original,R,95,1,Tm3_R,8,-2.75,4
held_out,phase_only,original,R,95,1,T4a_R,8,-7.0,3
held_out,phase_only,original,R,95,1,T4b_R,8,3.875,4
held_out,phase_only,original,R,95,1,T4c_R,8,-2.125,4
held_out,phase_only,original,R,95,1,T4d_R,8,-1.625,5
held_out,phase_only,original,R,95,1,T5a_R,8,-13.75,2
held_out,phase_only,original,R,95,1,T5b_R,8,-12.875,4
held_out,phase_only,original,R,95,1,T5c_R,8,-14.375,3
held_out,phase_only,original,R,95,1,T5d_R,8,-13.875,4
held_out,phase_only,original,R,95,1,DNa02_R,8,-0.125,0
held_out,phase_only,original,R,95,2,L1_L,8,-0.875,4
held_out,phase_only,original,R,95,2,Mi1_L,8,-1.5,4
held_out,phase_only,original,R,95,2,Tm3_L,8,0.375,4
held_out,phase_only,original,R,95,2,T4a_L,8,-18.0,3
held_out,phase_only,original,R,95,2,T4b_L,8,-17.125,3
held_out,phase_only,original,R,95,2,T4c_L,8,-16.125,2
held_out,phase_only,original,R,95,2,T4d_L,8,-15.0,4
held_out,phase_only,original,R,95,2,T5a_L,8,-18.625,1
held_out,phase_only,original,R,95,2,T5b_L,8,-21.125,3
held_out,phase_only,original,R,95,2,T5c_L,8,-13.5,2
held_out,phase_only,original,R,95,2,T5d_L,8,-13.875,3
held_out,phase_only,original,R,95,2,DNa02_L,8,0.125,1
held_out,phase_only,original,R,95,2,L1_R,8,-0.125,3
held_out,phase_only,original,R,95,2,Mi1_R,8,1.0,5
held_out,phase_only,original,R,95,2,Tm3_R,8,1.875,5
held_out,phase_only,original,R,95,2,T4a_R,8,6.875,5
held_out,phase_only,original,R,95,2,T4b_R,8,14.25,5
held_out,phase_only,original,R,95,2,T4c_R,8,13.625,6
held_out,phase_only,original,R,95,2,T4d_R,8,13.125,6
held_out,phase_only,original,R,95,2,T5a_R,8,10.125,6
held_out,phase_only,original,R,95,2,T5b_R,8,16.625,5
held_out,phase_only,original,R,95,2,T5c_R,8,10.75,6
held_out,phase_only,original,R,95,2,T5d_R,8,3.25,3
held_out,phase_only,original,R,95,2,DNa02_R,8,0.0,0
held_out,phase_only,original,R,95,4,L1_L,8,0.625,4
held_out,phase_only,original,R,95,4,Mi1_L,8,1.5,4
held_out,phase_only,original,R,95,4,Tm3_L,8,-0.375,5
held_out,phase_only,original,R,95,4,T4a_L,8,4.25,5
held_out,phase_only,original,R,95,4,T4b_L,8,11.5,5
held_out,phase_only,original,R,95,4,T4c_L,8,2.125,4
held_out,phase_only,original,R,95,4,T4d_L,8,6.875,4
held_out,phase_only,original,R,95,4,T5a_L,8,14.75,5
held_out,phase_only,original,R,95,4,T5b_L,8,17.5,4
held_out,phase_only,original,R,95,4,T5c_L,8,12.125,4
held_out,phase_only,original,R,95,4,T5d_L,8,18.0,5
held_out,phase_only,original,R,95,4,DNa02_L,8,-0.125,0
held_out,phase_only,original,R,95,4,L1_R,8,4.375,6
held_out,phase_only,original,R,95,4,Mi1_R,8,2.625,4
held_out,phase_only,original,R,95,4,Tm3_R,8,1.5,4
held_out,phase_only,original,R,95,4,T4a_R,8,-6.125,3
held_out,phase_only,original,R,95,4,T4b_R,8,-4.375,5
held_out,phase_only,original,R,95,4,T4c_R,8,-3.5,4
held_out,phase_only,original,R,95,4,T4d_R,8,-4.375,3
held_out,phase_only,original,R,95,4,T5a_R,8,-19.5,4
held_out,phase_only,original,R,95,4,T5b_R,8,-7.75,4
held_out,phase_only,original,R,95,4,T5c_R,8,-18.25,4
held_out,phase_only,original,R,95,4,T5d_R,8,-17.375,3
held_out,phase_only,original,R,95,4,DNa02_R,8,0.125,1
held_out,phase_only,shuffle_801,L,40,1,L1_L,8,4.375,6
held_out,phase_only,shuffle_801,L,40,1,Mi1_L,8,-0.375,4
held_out,phase_only,shuffle_801,L,40,1,Tm3_L,8,-2.625,3
held_out,phase_only,shuffle_801,L,40,1,T4a_L,8,-15.5,2
held_out,phase_only,shuffle_801,L,40,1,T4b_L,8,-19.0,2
held_out,phase_only,shuffle_801,L,40,1,T4c_L,8,-6.5,5
held_out,phase_only,shuffle_801,L,40,1,T4d_L,8,-7.625,3
held_out,phase_only,shuffle_801,L,40,1,T5a_L,8,-19.75,2
held_out,phase_only,shuffle_801,L,40,1,T5b_L,8,-21.25,3
held_out,phase_only,shuffle_801,L,40,1,T5c_L,8,-19.0,2
held_out,phase_only,shuffle_801,L,40,1,T5d_L,8,-21.5,1
held_out,phase_only,shuffle_801,L,40,1,DNa02_L,8,0.0,0
held_out,phase_only,shuffle_801,L,40,1,L1_R,8,0.875,3
held_out,phase_only,shuffle_801,L,40,1,Mi1_R,8,-1.75,3
held_out,phase_only,shuffle_801,L,40,1,Tm3_R,8,2.0,6
held_out,phase_only,shuffle_801,L,40,1,T4a_R,8,15.875,5
held_out,phase_only,shuffle_801,L,40,1,T4b_R,8,15.125,5
held_out,phase_only,shuffle_801,L,40,1,T4c_R,8,7.625,5
held_out,phase_only,shuffle_801,L,40,1,T4d_R,8,17.125,5
held_out,phase_only,shuffle_801,L,40,1,T5a_R,8,21.625,5
held_out,phase_only,shuffle_801,L,40,1,T5b_R,8,9.375,4
held_out,phase_only,shuffle_801,L,40,1,T5c_R,8,18.625,3
held_out,phase_only,shuffle_801,L,40,1,T5d_R,8,20.875,5
held_out,phase_only,shuffle_801,L,40,1,DNa02_R,8,0.0,0
held_out,phase_only,shuffle_801,L,40,2,L1_L,8,0.0,4
held_out,phase_only,shuffle_801,L,40,2,Mi1_L,8,-0.625,5
held_out,phase_only,shuffle_801,L,40,2,Tm3_L,8,0.125,5
held_out,phase_only,shuffle_801,L,40,2,T4a_L,8,-2.5,3
held_out,phase_only,shuffle_801,L,40,2,T4b_L,8,1.875,5
held_out,phase_only,shuffle_801,L,40,2,T4c_L,8,-1.125,4
held_out,phase_only,shuffle_801,L,40,2,T4d_L,8,3.125,5
held_out,phase_only,shuffle_801,L,40,2,T5a_L,8,-9.5,1
held_out,phase_only,shuffle_801,L,40,2,T5b_L,8,-17.625,2
held_out,phase_only,shuffle_801,L,40,2,T5c_L,8,-6.25,4
held_out,phase_only,shuffle_801,L,40,2,T5d_L,8,-6.125,3
held_out,phase_only,shuffle_801,L,40,2,DNa02_L,8,-0.125,0
held_out,phase_only,shuffle_801,L,40,2,L1_R,8,-7.125,0
held_out,phase_only,shuffle_801,L,40,2,Mi1_R,8,-6.25,1
held_out,phase_only,shuffle_801,L,40,2,Tm3_R,8,-13.5,2
held_out,phase_only,shuffle_801,L,40,2,T4a_R,8,-10.0,2
held_out,phase_only,shuffle_801,L,40,2,T4b_R,8,-4.125,3
held_out,phase_only,shuffle_801,L,40,2,T4c_R,8,-8.625,3
held_out,phase_only,shuffle_801,L,40,2,T4d_R,8,-8.125,1
held_out,phase_only,shuffle_801,L,40,2,T5a_R,8,-8.375,2
held_out,phase_only,shuffle_801,L,40,2,T5b_R,8,2.375,4
held_out,phase_only,shuffle_801,L,40,2,T5c_R,8,-2.375,4
held_out,phase_only,shuffle_801,L,40,2,T5d_R,8,-7.0,3
held_out,phase_only,shuffle_801,L,40,2,DNa02_R,8,0.0,0
held_out,phase_only,shuffle_801,L,40,4,L1_L,8,1.125,4
held_out,phase_only,shuffle_801,L,40,4,Mi1_L,8,3.625,5
held_out,phase_only,shuffle_801,L,40,4,Tm3_L,8,7.125,4
held_out,phase_only,shuffle_801,L,40,4,T4a_L,8,11.5,6
held_out,phase_only,shuffle_801,L,40,4,T4b_L,8,6.0,3
held_out,phase_only,shuffle_801,L,40,4,T4c_L,8,12.875,6
held_out,phase_only,shuffle_801,L,40,4,T4d_L,8,2.125,6
held_out,phase_only,shuffle_801,L,40,4,T5a_L,8,4.75,4
held_out,phase_only,shuffle_801,L,40,4,T5b_L,8,14.375,4
held_out,phase_only,shuffle_801,L,40,4,T5c_L,8,2.5,5
held_out,phase_only,shuffle_801,L,40,4,T5d_L,8,12.125,6
held_out,phase_only,shuffle_801,L,40,4,DNa02_L,8,0.0,0
held_out,phase_only,shuffle_801,L,40,4,L1_R,8,1.75,3
held_out,phase_only,shuffle_801,L,40,4,Mi1_R,8,4.25,5
held_out,phase_only,shuffle_801,L,40,4,Tm3_R,8,21.25,5
held_out,phase_only,shuffle_801,L,40,4,T4a_R,8,9.625,4
held_out,phase_only,shuffle_801,L,40,4,T4b_R,8,8.5,5
held_out,phase_only,shuffle_801,L,40,4,T4c_R,8,9.5,4
held_out,phase_only,shuffle_801,L,40,4,T4d_R,8,2.75,5
held_out,phase_only,shuffle_801,L,40,4,T5a_R,8,-3.0,5
held_out,phase_only,shuffle_801,L,40,4,T5b_R,8,-5.25,4
held_out,phase_only,shuffle_801,L,40,4,T5c_R,8,-8.5,3
held_out,phase_only,shuffle_801,L,40,4,T5d_R,8,-6.5,3
held_out,phase_only,shuffle_801,L,40,4,DNa02_R,8,-0.125,0
held_out,phase_only,shuffle_801,L,95,1,L1_L,8,-0.25,3
held_out,phase_only,shuffle_801,L,95,1,Mi1_L,8,-1.25,3
held_out,phase_only,shuffle_801,L,95,1,Tm3_L,8,3.375,5
held_out,phase_only,shuffle_801,L,95,1,T4a_L,8,1.375,5
held_out,phase_only,shuffle_801,L,95,1,T4b_L,8,5.875,4
held_out,phase_only,shuffle_801,L,95,1,T4c_L,8,0.5,4
held_out,phase_only,shuffle_801,L,95,1,T4d_L,8,-1.625,3
held_out,phase_only,shuffle_801,L,95,1,T5a_L,8,4.0,3
held_out,phase_only,shuffle_801,L,95,1,T5b_L,8,11.0,5
held_out,phase_only,shuffle_801,L,95,1,T5c_L,8,8.375,5
held_out,phase_only,shuffle_801,L,95,1,T5d_L,8,12.0,6
held_out,phase_only,shuffle_801,L,95,1,DNa02_L,8,-0.125,0
held_out,phase_only,shuffle_801,L,95,1,L1_R,8,2.5,6
held_out,phase_only,shuffle_801,L,95,1,Mi1_R,8,0.5,4
held_out,phase_only,shuffle_801,L,95,1,Tm3_R,8,3.5,4
held_out,phase_only,shuffle_801,L,95,1,T4a_R,8,19.75,6
held_out,phase_only,shuffle_801,L,95,1,T4b_R,8,13.25,5
held_out,phase_only,shuffle_801,L,95,1,T4c_R,8,19.375,6
held_out,phase_only,shuffle_801,L,95,1,T4d_R,8,20.25,7
held_out,phase_only,shuffle_801,L,95,1,T5a_R,8,12.875,4
held_out,phase_only,shuffle_801,L,95,1,T5b_R,8,6.75,4
held_out,phase_only,shuffle_801,L,95,1,T5c_R,8,9.5,5
held_out,phase_only,shuffle_801,L,95,1,T5d_R,8,11.625,4
held_out,phase_only,shuffle_801,L,95,1,DNa02_R,8,0.125,1
held_out,phase_only,shuffle_801,L,95,2,L1_L,8,1.875,5
held_out,phase_only,shuffle_801,L,95,2,Mi1_L,8,-3.25,4
held_out,phase_only,shuffle_801,L,95,2,Tm3_L,8,-6.5,4
held_out,phase_only,shuffle_801,L,95,2,T4a_L,8,-7.75,3
held_out,phase_only,shuffle_801,L,95,2,T4b_L,8,-7.875,3
held_out,phase_only,shuffle_801,L,95,2,T4c_L,8,-7.75,4
held_out,phase_only,shuffle_801,L,95,2,T4d_L,8,-7.5,2
held_out,phase_only,shuffle_801,L,95,2,T5a_L,8,-7.125,3
held_out,phase_only,shuffle_801,L,95,2,T5b_L,8,1.25,4
held_out,phase_only,shuffle_801,L,95,2,T5c_L,8,3.625,4
held_out,phase_only,shuffle_801,L,95,2,T5d_L,8,1.625,3
held_out,phase_only,shuffle_801,L,95,2,DNa02_L,8,-0.25,0
held_out,phase_only,shuffle_801,L,95,2,L1_R,8,-3.375,4
held_out,phase_only,shuffle_801,L,95,2,Mi1_R,8,-2.0,4
held_out,phase_only,shuffle_801,L,95,2,Tm3_R,8,-5.5,3
held_out,phase_only,shuffle_801,L,95,2,T4a_R,8,-2.75,4
held_out,phase_only,shuffle_801,L,95,2,T4b_R,8,-7.875,3
held_out,phase_only,shuffle_801,L,95,2,T4c_R,8,1.25,4
held_out,phase_only,shuffle_801,L,95,2,T4d_R,8,2.5,4
held_out,phase_only,shuffle_801,L,95,2,T5a_R,8,1.625,3
held_out,phase_only,shuffle_801,L,95,2,T5b_R,8,-4.0,2
held_out,phase_only,shuffle_801,L,95,2,T5c_R,8,1.875,1
held_out,phase_only,shuffle_801,L,95,2,T5d_R,8,10.375,3
held_out,phase_only,shuffle_801,L,95,2,DNa02_R,8,0.125,1
held_out,phase_only,shuffle_801,L,95,4,L1_L,8,4.875,6
held_out,phase_only,shuffle_801,L,95,4,Mi1_L,8,3.125,4
held_out,phase_only,shuffle_801,L,95,4,Tm3_L,8,8.0,4
held_out,phase_only,shuffle_801,L,95,4,T4a_L,8,0.125,5
held_out,phase_only,shuffle_801,L,95,4,T4b_L,8,-4.375,4
held_out,phase_only,shuffle_801,L,95,4,T4c_L,8,-0.5,3
held_out,phase_only,shuffle_801,L,95,4,T4d_L,8,5.0,4
held_out,phase_only,shuffle_801,L,95,4,T5a_L,8,-7.0,3
held_out,phase_only,shuffle_801,L,95,4,T5b_L,8,-3.25,5
held_out,phase_only,shuffle_801,L,95,4,T5c_L,8,-7.375,4
held_out,phase_only,shuffle_801,L,95,4,T5d_L,8,-2.5,4
held_out,phase_only,shuffle_801,L,95,4,DNa02_L,8,0.0,0
held_out,phase_only,shuffle_801,L,95,4,L1_R,8,3.875,5
held_out,phase_only,shuffle_801,L,95,4,Mi1_R,8,2.875,5
held_out,phase_only,shuffle_801,L,95,4,Tm3_R,8,-3.125,4
held_out,phase_only,shuffle_801,L,95,4,T4a_R,8,2.0,4
held_out,phase_only,shuffle_801,L,95,4,T4b_R,8,-5.375,5
held_out,phase_only,shuffle_801,L,95,4,T4c_R,8,-1.625,5
held_out,phase_only,shuffle_801,L,95,4,T4d_R,8,3.75,5
held_out,phase_only,shuffle_801,L,95,4,T5a_R,8,4.5,5
held_out,phase_only,shuffle_801,L,95,4,T5b_R,8,11.875,5
held_out,phase_only,shuffle_801,L,95,4,T5c_R,8,4.5,5
held_out,phase_only,shuffle_801,L,95,4,T5d_R,8,14.125,5
held_out,phase_only,shuffle_801,L,95,4,DNa02_R,8,0.0,0
held_out,phase_only,shuffle_801,R,40,1,L1_L,8,-0.125,4
held_out,phase_only,shuffle_801,R,40,1,Mi1_L,8,3.875,6
held_out,phase_only,shuffle_801,R,40,1,Tm3_L,8,5.375,5
held_out,phase_only,shuffle_801,R,40,1,T4a_L,8,-3.5,4
held_out,phase_only,shuffle_801,R,40,1,T4b_L,8,7.875,6
held_out,phase_only,shuffle_801,R,40,1,T4c_L,8,5.0,5
held_out,phase_only,shuffle_801,R,40,1,T4d_L,8,4.25,4
held_out,phase_only,shuffle_801,R,40,1,T5a_L,8,-8.375,4
held_out,phase_only,shuffle_801,R,40,1,T5b_L,8,10.5,5
held_out,phase_only,shuffle_801,R,40,1,T5c_L,8,3.125,5
held_out,phase_only,shuffle_801,R,40,1,T5d_L,8,6.5,6
held_out,phase_only,shuffle_801,R,40,1,DNa02_L,8,0.0,0
held_out,phase_only,shuffle_801,R,40,1,L1_R,8,2.0,6
held_out,phase_only,shuffle_801,R,40,1,Mi1_R,8,2.75,5
held_out,phase_only,shuffle_801,R,40,1,Tm3_R,8,12.375,5
held_out,phase_only,shuffle_801,R,40,1,T4a_R,8,0.75,3
held_out,phase_only,shuffle_801,R,40,1,T4b_R,8,-7.0,3
held_out,phase_only,shuffle_801,R,40,1,T4c_R,8,2.0,3
held_out,phase_only,shuffle_801,R,40,1,T4d_R,8,8.625,5
held_out,phase_only,shuffle_801,R,40,1,T5a_R,8,-6.75,4
held_out,phase_only,shuffle_801,R,40,1,T5b_R,8,-1.625,5
held_out,phase_only,shuffle_801,R,40,1,T5c_R,8,-3.5,5
held_out,phase_only,shuffle_801,R,40,1,T5d_R,8,2.875,5
held_out,phase_only,shuffle_801,R,40,1,DNa02_R,8,0.0,0
held_out,phase_only,shuffle_801,R,40,2,L1_L,8,-8.0,2
held_out,phase_only,shuffle_801,R,40,2,Mi1_L,8,2.125,4
held_out,phase_only,shuffle_801,R,40,2,Tm3_L,8,-0.25,2
held_out,phase_only,shuffle_801,R,40,2,T4a_L,8,-2.625,4
held_out,phase_only,shuffle_801,R,40,2,T4b_L,8,-4.125,3
held_out,phase_only,shuffle_801,R,40,2,T4c_L,8,0.625,5
held_out,phase_only,shuffle_801,R,40,2,T4d_L,8,-4.625,3
held_out,phase_only,shuffle_801,R,40,2,T5a_L,8,-17.625,1
held_out,phase_only,shuffle_801,R,40,2,T5b_L,8,-15.75,1
held_out,phase_only,shuffle_801,R,40,2,T5c_L,8,-13.125,2
held_out,phase_only,shuffle_801,R,40,2,T5d_L,8,-15.25,0
held_out,phase_only,shuffle_801,R,40,2,DNa02_L,8,0.0,0
held_out,phase_only,shuffle_801,R,40,2,L1_R,8,-2.75,3
held_out,phase_only,shuffle_801,R,40,2,Mi1_R,8,0.375,4
held_out,phase_only,shuffle_801,R,40,2,Tm3_R,8,8.0,4
held_out,phase_only,shuffle_801,R,40,2,T4a_R,8,-1.25,3
held_out,phase_only,shuffle_801,R,40,2,T4b_R,8,5.25,3
held_out,phase_only,shuffle_801,R,40,2,T4c_R,8,4.125,3
held_out,phase_only,shuffle_801,R,40,2,T4d_R,8,5.0,5
held_out,phase_only,shuffle_801,R,40,2,T5a_R,8,-8.25,2
held_out,phase_only,shuffle_801,R,40,2,T5b_R,8,10.375,3
held_out,phase_only,shuffle_801,R,40,2,T5c_R,8,-4.0,3
held_out,phase_only,shuffle_801,R,40,2,T5d_R,8,2.5,4
held_out,phase_only,shuffle_801,R,40,2,DNa02_R,8,0.125,1
held_out,phase_only,shuffle_801,R,40,4,L1_L,8,-2.75,4
held_out,phase_only,shuffle_801,R,40,4,Mi1_L,8,-0.125,4
held_out,phase_only,shuffle_801,R,40,4,Tm3_L,8,-2.625,3
held_out,phase_only,shuffle_801,R,40,4,T4a_L,8,-3.625,3
held_out,phase_only,shuffle_801,R,40,4,T4b_L,8,-2.125,4
held_out,phase_only,shuffle_801,R,40,4,T4c_L,8,5.125,5
held_out,phase_only,shuffle_801,R,40,4,T4d_L,8,-0.875,5
held_out,phase_only,shuffle_801,R,40,4,T5a_L,8,7.625,4
held_out,phase_only,shuffle_801,R,40,4,T5b_L,8,20.125,5
held_out,phase_only,shuffle_801,R,40,4,T5c_L,8,16.5,6
held_out,phase_only,shuffle_801,R,40,4,T5d_L,8,1.875,4
held_out,phase_only,shuffle_801,R,40,4,DNa02_L,8,0.0,0
held_out,phase_only,shuffle_801,R,40,4,L1_R,8,-1.0,3
held_out,phase_only,shuffle_801,R,40,4,Mi1_R,8,0.75,5
held_out,phase_only,shuffle_801,R,40,4,Tm3_R,8,-2.25,5
held_out,phase_only,shuffle_801,R,40,4,T4a_R,8,-11.125,2
held_out,phase_only,shuffle_801,R,40,4,T4b_R,8,-21.125,2
held_out,phase_only,shuffle_801,R,40,4,T4c_R,8,-9.625,4
held_out,phase_only,shuffle_801,R,40,4,T4d_R,8,-7.25,4
held_out,phase_only,shuffle_801,R,40,4,T5a_R,8,-5.0,4
held_out,phase_only,shuffle_801,R,40,4,T5b_R,8,1.125,5
held_out,phase_only,shuffle_801,R,40,4,T5c_R,8,4.5,4
held_out,phase_only,shuffle_801,R,40,4,T5d_R,8,9.25,6
held_out,phase_only,shuffle_801,R,40,4,DNa02_R,8,0.0,0
held_out,phase_only,shuffle_801,R,95,1,L1_L,8,-4.125,5
held_out,phase_only,shuffle_801,R,95,1,Mi1_L,8,-2.375,3
held_out,phase_only,shuffle_801,R,95,1,Tm3_L,8,-6.75,5
held_out,phase_only,shuffle_801,R,95,1,T4a_L,8,-2.875,3
held_out,phase_only,shuffle_801,R,95,1,T4b_L,8,-4.75,3
held_out,phase_only,shuffle_801,R,95,1,T4c_L,8,-3.875,3
held_out,phase_only,shuffle_801,R,95,1,T4d_L,8,0.25,3
held_out,phase_only,shuffle_801,R,95,1,T5a_L,8,-7.5,2
held_out,phase_only,shuffle_801,R,95,1,T5b_L,8,-6.0,3
held_out,phase_only,shuffle_801,R,95,1,T5c_L,8,-4.5,2
held_out,phase_only,shuffle_801,R,95,1,T5d_L,8,-4.625,4
held_out,phase_only,shuffle_801,R,95,1,DNa02_L,8,-0.125,0
held_out,phase_only,shuffle_801,R,95,1,L1_R,8,-3.25,3
held_out,phase_only,shuffle_801,R,95,1,Mi1_R,8,0.625,5
held_out,phase_only,shuffle_801,R,95,1,Tm3_R,8,-1.625,3
held_out,phase_only,shuffle_801,R,95,1,T4a_R,8,-7.75,5
held_out,phase_only,shuffle_801,R,95,1,T4b_R,8,-3.875,4
held_out,phase_only,shuffle_801,R,95,1,T4c_R,8,-5.875,4
held_out,phase_only,shuffle_801,R,95,1,T4d_R,8,-7.625,3
held_out,phase_only,shuffle_801,R,95,1,T5a_R,8,-18.75,4
held_out,phase_only,shuffle_801,R,95,1,T5b_R,8,-20.625,2
held_out,phase_only,shuffle_801,R,95,1,T5c_R,8,-18.25,3
held_out,phase_only,shuffle_801,R,95,1,T5d_R,8,-24.875,2
held_out,phase_only,shuffle_801,R,95,1,DNa02_R,8,-0.125,0
held_out,phase_only,shuffle_801,R,95,2,L1_L,8,5.625,6
held_out,phase_only,shuffle_801,R,95,2,Mi1_L,8,2.25,5
held_out,phase_only,shuffle_801,R,95,2,Tm3_L,8,7.0,6
held_out,phase_only,shuffle_801,R,95,2,T4a_L,8,-4.625,4
held_out,phase_only,shuffle_801,R,95,2,T4b_L,8,-10.25,4
held_out,phase_only,shuffle_801,R,95,2,T4c_L,8,-4.375,4
held_out,phase_only,shuffle_801,R,95,2,T4d_L,8,-2.75,3
held_out,phase_only,shuffle_801,R,95,2,T5a_L,8,-9.5,4
held_out,phase_only,shuffle_801,R,95,2,T5b_L,8,-12.375,3
held_out,phase_only,shuffle_801,R,95,2,T5c_L,8,-1.125,5
held_out,phase_only,shuffle_801,R,95,2,T5d_L,8,-7.75,3
held_out,phase_only,shuffle_801,R,95,2,DNa02_L,8,0.125,1
held_out,phase_only,shuffle_801,R,95,2,L1_R,8,1.5,3
held_out,phase_only,shuffle_801,R,95,2,Mi1_R,8,3.75,4
held_out,phase_only,shuffle_801,R,95,2,Tm3_R,8,3.375,5
held_out,phase_only,shuffle_801,R,95,2,T4a_R,8,-6.0,3
held_out,phase_only,shuffle_801,R,95,2,T4b_R,8,-9.875,4
held_out,phase_only,shuffle_801,R,95,2,T4c_R,8,-1.625,4
held_out,phase_only,shuffle_801,R,95,2,T4d_R,8,-10.125,3
held_out,phase_only,shuffle_801,R,95,2,T5a_R,8,-13.125,4
held_out,phase_only,shuffle_801,R,95,2,T5b_R,8,-15.75,3
held_out,phase_only,shuffle_801,R,95,2,T5c_R,8,-20.0,3
held_out,phase_only,shuffle_801,R,95,2,T5d_R,8,-33.125,1
held_out,phase_only,shuffle_801,R,95,2,DNa02_R,8,0.0,0
held_out,phase_only,shuffle_801,R,95,4,L1_L,8,8.125,6
held_out,phase_only,shuffle_801,R,95,4,Mi1_L,8,5.375,5
held_out,phase_only,shuffle_801,R,95,4,Tm3_L,8,5.5,5
held_out,phase_only,shuffle_801,R,95,4,T4a_L,8,1.0,5
held_out,phase_only,shuffle_801,R,95,4,T4b_L,8,-3.5,4
held_out,phase_only,shuffle_801,R,95,4,T4c_L,8,0.75,5
held_out,phase_only,shuffle_801,R,95,4,T4d_L,8,-9.625,3
held_out,phase_only,shuffle_801,R,95,4,T5a_L,8,-14.875,3
held_out,phase_only,shuffle_801,R,95,4,T5b_L,8,-12.5,4
held_out,phase_only,shuffle_801,R,95,4,T5c_L,8,-11.875,1
held_out,phase_only,shuffle_801,R,95,4,T5d_L,8,-7.75,3
held_out,phase_only,shuffle_801,R,95,4,DNa02_L,8,0.125,1
held_out,phase_only,shuffle_801,R,95,4,L1_R,8,-0.625,4
held_out,phase_only,shuffle_801,R,95,4,Mi1_R,8,-0.125,5
held_out,phase_only,shuffle_801,R,95,4,Tm3_R,8,-1.0,3
held_out,phase_only,shuffle_801,R,95,4,T4a_R,8,-6.375,5
held_out,phase_only,shuffle_801,R,95,4,T4b_R,8,-6.0,4
held_out,phase_only,shuffle_801,R,95,4,T4c_R,8,1.25,4
held_out,phase_only,shuffle_801,R,95,4,T4d_R,8,-1.25,5
held_out,phase_only,shuffle_801,R,95,4,T5a_R,8,-12.5,3
held_out,phase_only,shuffle_801,R,95,4,T5b_R,8,-12.75,2
held_out,phase_only,shuffle_801,R,95,4,T5c_R,8,-13.125,3
held_out,phase_only,shuffle_801,R,95,4,T5d_R,8,-3.625,5
held_out,phase_only,shuffle_801,R,95,4,DNa02_R,8,0.0,0
held_out,phase_only,shuffle_802,L,40,1,L1_L,8,3.0,6
held_out,phase_only,shuffle_802,L,40,1,Mi1_L,8,-0.25,3
held_out,phase_only,shuffle_802,L,40,1,Tm3_L,8,2.25,5
held_out,phase_only,shuffle_802,L,40,1,T4a_L,8,-8.5,3
held_out,phase_only,shuffle_802,L,40,1,T4b_L,8,-23.25,2
held_out,phase_only,shuffle_802,L,40,1,T4c_L,8,-6.875,4
held_out,phase_only,shuffle_802,L,40,1,T4d_L,8,-10.625,3
held_out,phase_only,shuffle_802,L,40,1,T5a_L,8,-19.625,2
held_out,phase_only,shuffle_802,L,40,1,T5b_L,8,-27.375,3
held_out,phase_only,shuffle_802,L,40,1,T5c_L,8,-23.75,2
held_out,phase_only,shuffle_802,L,40,1,T5d_L,8,-22.5,2
held_out,phase_only,shuffle_802,L,40,1,DNa02_L,8,0.125,1
held_out,phase_only,shuffle_802,L,40,1,L1_R,8,-0.375,3
held_out,phase_only,shuffle_802,L,40,1,Mi1_R,8,1.25,3
held_out,phase_only,shuffle_802,L,40,1,Tm3_R,8,7.0,5
held_out,phase_only,shuffle_802,L,40,1,T4a_R,8,20.25,5
held_out,phase_only,shuffle_802,L,40,1,T4b_R,8,17.125,5
held_out,phase_only,shuffle_802,L,40,1,T4c_R,8,11.5,5
held_out,phase_only,shuffle_802,L,40,1,T4d_R,8,20.0,4
held_out,phase_only,shuffle_802,L,40,1,T5a_R,8,23.25,5
held_out,phase_only,shuffle_802,L,40,1,T5b_R,8,15.0,5
held_out,phase_only,shuffle_802,L,40,1,T5c_R,8,22.75,5
held_out,phase_only,shuffle_802,L,40,1,T5d_R,8,22.375,5
held_out,phase_only,shuffle_802,L,40,1,DNa02_R,8,0.0,0
held_out,phase_only,shuffle_802,L,40,2,L1_L,8,-2.75,3
held_out,phase_only,shuffle_802,L,40,2,Mi1_L,8,-2.375,4
held_out,phase_only,shuffle_802,L,40,2,Tm3_L,8,2.25,5
held_out,phase_only,shuffle_802,L,40,2,T4a_L,8,-0.25,5
held_out,phase_only,shuffle_802,L,40,2,T4b_L,8,-1.625,4
held_out,phase_only,shuffle_802,L,40,2,T4c_L,8,0.5,5
held_out,phase_only,shuffle_802,L,40,2,T4d_L,8,-0.375,4
held_out,phase_only,shuffle_802,L,40,2,T5a_L,8,-5.375,2
held_out,phase_only,shuffle_802,L,40,2,T5b_L,8,-14.125,2
held_out,phase_only,shuffle_802,L,40,2,T5c_L,8,-6.75,4
held_out,phase_only,shuffle_802,L,40,2,T5d_L,8,-4.125,3
held_out,phase_only,shuffle_802,L,40,2,DNa02_L,8,0.125,1
held_out,phase_only,shuffle_802,L,40,2,L1_R,8,-2.25,2
held_out,phase_only,shuffle_802,L,40,2,Mi1_R,8,-3.375,3
held_out,phase_only,shuffle_802,L,40,2,Tm3_R,8,-6.625,4
held_out,phase_only,shuffle_802,L,40,2,T4a_R,8,-5.875,4
held_out,phase_only,shuffle_802,L,40,2,T4b_R,8,3.75,4
held_out,phase_only,shuffle_802,L,40,2,T4c_R,8,1.125,5
held_out,phase_only,shuffle_802,L,40,2,T4d_R,8,2.375,3
held_out,phase_only,shuffle_802,L,40,2,T5a_R,8,-2.125,3
held_out,phase_only,shuffle_802,L,40,2,T5b_R,8,5.0,4
held_out,phase_only,shuffle_802,L,40,2,T5c_R,8,-0.875,4
held_out,phase_only,shuffle_802,L,40,2,T5d_R,8,-0.5,4
held_out,phase_only,shuffle_802,L,40,2,DNa02_R,8,0.0,0
held_out,phase_only,shuffle_802,L,40,4,L1_L,8,1.125,4
held_out,phase_only,shuffle_802,L,40,4,Mi1_L,8,3.375,4
held_out,phase_only,shuffle_802,L,40,4,Tm3_L,8,5.875,3
held_out,phase_only,shuffle_802,L,40,4,T4a_L,8,10.625,6
held_out,phase_only,shuffle_802,L,40,4,T4b_L,8,4.0,4
held_out,phase_only,shuffle_802,L,40,4,T4c_L,8,6.25,5
held_out,phase_only,shuffle_802,L,40,4,T4d_L,8,3.125,4
held_out,phase_only,shuffle_802,L,40,4,T5a_L,8,7.0,4
held_out,phase_only,shuffle_802,L,40,4,T5b_L,8,20.125,5
held_out,phase_only,shuffle_802,L,40,4,T5c_L,8,13.875,6
held_out,phase_only,shuffle_802,L,40,4,T5d_L,8,14.875,5
held_out,phase_only,shuffle_802,L,40,4,DNa02_L,8,-0.125,0
held_out,phase_only,shuffle_802,L,40,4,L1_R,8,3.125,4
held_out,phase_only,shuffle_802,L,40,4,Mi1_R,8,5.5,5
held_out,phase_only,shuffle_802,L,40,4,Tm3_R,8,10.25,4
held_out,phase_only,shuffle_802,L,40,4,T4a_R,8,7.625,6
held_out,phase_only,shuffle_802,L,40,4,T4b_R,8,10.375,5
held_out,phase_only,shuffle_802,L,40,4,T4c_R,8,11.75,3
held_out,phase_only,shuffle_802,L,40,4,T4d_R,8,8.25,6
held_out,phase_only,shuffle_802,L,40,4,T5a_R,8,-1.875,5
held_out,phase_only,shuffle_802,L,40,4,T5b_R,8,-2.125,4
held_out,phase_only,shuffle_802,L,40,4,T5c_R,8,-3.125,2
held_out,phase_only,shuffle_802,L,40,4,T5d_R,8,-5.25,4
held_out,phase_only,shuffle_802,L,40,4,DNa02_R,8,0.0,0
held_out,phase_only,shuffle_802,L,95,1,L1_L,8,2.875,5
held_out,phase_only,shuffle_802,L,95,1,Mi1_L,8,2.75,5
held_out,phase_only,shuffle_802,L,95,1,Tm3_L,8,17.5,6
held_out,phase_only,shuffle_802,L,95,1,T4a_L,8,4.625,5
held_out,phase_only,shuffle_802,L,95,1,T4b_L,8,-0.375,4
held_out,phase_only,shuffle_802,L,95,1,T4c_L,8,5.25,4
held_out,phase_only,shuffle_802,L,95,1,T4d_L,8,3.75,4
held_out,phase_only,shuffle_802,L,95,1,T5a_L,8,6.75,7
held_out,phase_only,shuffle_802,L,95,1,T5b_L,8,8.375,6
held_out,phase_only,shuffle_802,L,95,1,T5c_L,8,3.75,5
held_out,phase_only,shuffle_802,L,95,1,T5d_L,8,3.375,5
held_out,phase_only,shuffle_802,L,95,1,DNa02_L,8,-0.125,0
held_out,phase_only,shuffle_802,L,95,1,L1_R,8,-1.75,4
held_out,phase_only,shuffle_802,L,95,1,Mi1_R,8,2.25,5
held_out,phase_only,shuffle_802,L,95,1,Tm3_R,8,-2.0,4
held_out,phase_only,shuffle_802,L,95,1,T4a_R,8,19.625,7
held_out,phase_only,shuffle_802,L,95,1,T4b_R,8,19.875,8
held_out,phase_only,shuffle_802,L,95,1,T4c_R,8,20.0,8
held_out,phase_only,shuffle_802,L,95,1,T4d_R,8,21.125,8
held_out,phase_only,shuffle_802,L,95,1,T5a_R,8,17.625,3
held_out,phase_only,shuffle_802,L,95,1,T5b_R,8,19.0,4
held_out,phase_only,shuffle_802,L,95,1,T5c_R,8,13.875,4
held_out,phase_only,shuffle_802,L,95,1,T5d_R,8,19.875,5
held_out,phase_only,shuffle_802,L,95,1,DNa02_R,8,0.125,1
held_out,phase_only,shuffle_802,L,95,2,L1_L,8,4.5,4
held_out,phase_only,shuffle_802,L,95,2,Mi1_L,8,2.625,3
held_out,phase_only,shuffle_802,L,95,2,Tm3_L,8,10.125,4
held_out,phase_only,shuffle_802,L,95,2,T4a_L,8,7.5,6
held_out,phase_only,shuffle_802,L,95,2,T4b_L,8,12.875,7
held_out,phase_only,shuffle_802,L,95,2,T4c_L,8,11.75,6
held_out,phase_only,shuffle_802,L,95,2,T4d_L,8,3.375,4
held_out,phase_only,shuffle_802,L,95,2,T5a_L,8,9.375,6
held_out,phase_only,shuffle_802,L,95,2,T5b_L,8,9.875,6
held_out,phase_only,shuffle_802,L,95,2,T5c_L,8,8.625,6
held_out,phase_only,shuffle_802,L,95,2,T5d_L,8,9.75,5
held_out,phase_only,shuffle_802,L,95,2,DNa02_L,8,0.0,1
held_out,phase_only,shuffle_802,L,95,2,L1_R,8,-0.25,6
held_out,phase_only,shuffle_802,L,95,2,Mi1_R,8,-1.25,3
held_out,phase_only,shuffle_802,L,95,2,Tm3_R,8,1.625,5
held_out,phase_only,shuffle_802,L,95,2,T4a_R,8,19.625,7
held_out,phase_only,shuffle_802,L,95,2,T4b_R,8,14.375,6
held_out,phase_only,shuffle_802,L,95,2,T4c_R,8,14.25,5
held_out,phase_only,shuffle_802,L,95,2,T4d_R,8,19.875,7
held_out,phase_only,shuffle_802,L,95,2,T5a_R,8,26.625,6
held_out,phase_only,shuffle_802,L,95,2,T5b_R,8,16.5,5
held_out,phase_only,shuffle_802,L,95,2,T5c_R,8,12.125,5
held_out,phase_only,shuffle_802,L,95,2,T5d_R,8,24.375,4
held_out,phase_only,shuffle_802,L,95,2,DNa02_R,8,0.125,1
held_out,phase_only,shuffle_802,L,95,4,L1_L,8,-3.625,4
held_out,phase_only,shuffle_802,L,95,4,Mi1_L,8,-1.875,3
held_out,phase_only,shuffle_802,L,95,4,Tm3_L,8,-1.375,2
held_out,phase_only,shuffle_802,L,95,4,T4a_L,8,11.625,6
held_out,phase_only,shuffle_802,L,95,4,T4b_L,8,4.625,5
held_out,phase_only,shuffle_802,L,95,4,T4c_L,8,-1.75,3
held_out,phase_only,shuffle_802,L,95,4,T4d_L,8,8.625,6
held_out,phase_only,shuffle_802,L,95,4,T5a_L,8,7.5,4
held_out,phase_only,shuffle_802,L,95,4,T5b_L,8,9.625,4
held_out,phase_only,shuffle_802,L,95,4,T5c_L,8,5.875,4
held_out,phase_only,shuffle_802,L,95,4,T5d_L,8,9.5,3
held_out,phase_only,shuffle_802,L,95,4,DNa02_L,8,-0.125,0
held_out,phase_only,shuffle_802,L,95,4,L1_R,8,0.5,3
held_out,phase_only,shuffle_802,L,95,4,Mi1_R,8,0.25,5
held_out,phase_only,shuffle_802,L,95,4,Tm3_R,8,-5.25,5
held_out,phase_only,shuffle_802,L,95,4,T4a_R,8,8.625,6
held_out,phase_only,shuffle_802,L,95,4,T4b_R,8,-8.375,5
held_out,phase_only,shuffle_802,L,95,4,T4c_R,8,1.125,5
held_out,phase_only,shuffle_802,L,95,4,T4d_R,8,9.375,5
held_out,phase_only,shuffle_802,L,95,4,T5a_R,8,16.5,6
held_out,phase_only,shuffle_802,L,95,4,T5b_R,8,22.125,7
held_out,phase_only,shuffle_802,L,95,4,T5c_R,8,15.625,6
held_out,phase_only,shuffle_802,L,95,4,T5d_R,8,31.375,7
held_out,phase_only,shuffle_802,L,95,4,DNa02_R,8,0.0,0
held_out,phase_only,shuffle_802,R,40,1,L1_L,8,-0.125,6
held_out,phase_only,shuffle_802,R,40,1,Mi1_L,8,1.25,5
held_out,phase_only,shuffle_802,R,40,1,Tm3_L,8,-2.125,3
held_out,phase_only,shuffle_802,R,40,1,T4a_L,8,-3.125,3
held_out,phase_only,shuffle_802,R,40,1,T4b_L,8,-7.25,4
held_out,phase_only,shuffle_802,R,40,1,T4c_L,8,-6.25,3
held_out,phase_only,shuffle_802,R,40,1,T4d_L,8,-5.125,3
held_out,phase_only,shuffle_802,R,40,1,T5a_L,8,-18.25,3
held_out,phase_only,shuffle_802,R,40,1,T5b_L,8,-14.5,2
held_out,phase_only,shuffle_802,R,40,1,T5c_L,8,-9.0,5
held_out,phase_only,shuffle_802,R,40,1,T5d_L,8,-13.0,4
held_out,phase_only,shuffle_802,R,40,1,DNa02_L,8,0.0,0
held_out,phase_only,shuffle_802,R,40,1,L1_R,8,-1.375,5
held_out,phase_only,shuffle_802,R,40,1,Mi1_R,8,-2.75,3
held_out,phase_only,shuffle_802,R,40,1,Tm3_R,8,-1.375,4
held_out,phase_only,shuffle_802,R,40,1,T4a_R,8,8.0,4
held_out,phase_only,shuffle_802,R,40,1,T4b_R,8,8.375,5
held_out,phase_only,shuffle_802,R,40,1,T4c_R,8,7.5,4
held_out,phase_only,shuffle_802,R,40,1,T4d_R,8,14.25,5
held_out,phase_only,shuffle_802,R,40,1,T5a_R,8,5.375,4
held_out,phase_only,shuffle_802,R,40,1,T5b_R,8,24.125,6
held_out,phase_only,shuffle_802,R,40,1,T5c_R,8,4.875,4
held_out,phase_only,shuffle_802,R,40,1,T5d_R,8,14.5,6
held_out,phase_only,shuffle_802,R,40,1,DNa02_R,8,0.0,0
held_out,phase_only,shuffle_802,R,40,2,L1_L,8,-4.375,2
held_out,phase_only,shuffle_802,R,40,2,Mi1_L,8,1.0,2
held_out,phase_only,shuffle_802,R,40,2,Tm3_L,8,-5.625,2
held_out,phase_only,shuffle_802,R,40,2,T4a_L,8,3.75,4
held_out,phase_only,shuffle_802,R,40,2,T4b_L,8,-4.25,3
held_out,phase_only,shuffle_802,R,40,2,T4c_L,8,-0.75,5
held_out,phase_only,shuffle_802,R,40,2,T4d_L,8,-9.75,1
held_out,phase_only,shuffle_802,R,40,2,T5a_L,8,-12.125,1
held_out,phase_only,shuffle_802,R,40,2,T5b_L,8,-20.5,1
held_out,phase_only,shuffle_802,R,40,2,T5c_L,8,-8.375,2
held_out,phase_only,shuffle_802,R,40,2,T5d_L,8,-17.25,1
held_out,phase_only,shuffle_802,R,40,2,DNa02_L,8,0.0,0
held_out,phase_only,shuffle_802,R,40,2,L1_R,8,-4.5,1
held_out,phase_only,shuffle_802,R,40,2,Mi1_R,8,-4.25,2
held_out,phase_only,shuffle_802,R,40,2,Tm3_R,8,-3.75,2
held_out,phase_only,shuffle_802,R,40,2,T4a_R,8,-7.375,2
held_out,phase_only,shuffle_802,R,40,2,T4b_R,8,-1.75,4
held_out,phase_only,shuffle_802,R,40,2,T4c_R,8,-1.875,3
held_out,phase_only,shuffle_802,R,40,2,T4d_R,8,-4.625,2
held_out,phase_only,shuffle_802,R,40,2,T5a_R,8,-8.25,2
held_out,phase_only,shuffle_802,R,40,2,T5b_R,8,11.5,3
held_out,phase_only,shuffle_802,R,40,2,T5c_R,8,-2.125,3
held_out,phase_only,shuffle_802,R,40,2,T5d_R,8,2.25,4
held_out,phase_only,shuffle_802,R,40,2,DNa02_R,8,0.125,1
held_out,phase_only,shuffle_802,R,40,4,L1_L,8,-3.875,4
held_out,phase_only,shuffle_802,R,40,4,Mi1_L,8,-0.375,4
held_out,phase_only,shuffle_802,R,40,4,Tm3_L,8,-1.0,4
held_out,phase_only,shuffle_802,R,40,4,T4a_L,8,-11.0,3
held_out,phase_only,shuffle_802,R,40,4,T4b_L,8,-8.125,3
held_out,phase_only,shuffle_802,R,40,4,T4c_L,8,-3.375,3
held_out,phase_only,shuffle_802,R,40,4,T4d_L,8,-5.5,4
held_out,phase_only,shuffle_802,R,40,4,T5a_L,8,-11.5,3
held_out,phase_only,shuffle_802,R,40,4,T5b_L,8,3.125,4
held_out,phase_only,shuffle_802,R,40,4,T5c_L,8,-3.625,4
held_out,phase_only,shuffle_802,R,40,4,T5d_L,8,-17.0,2
held_out,phase_only,shuffle_802,R,40,4,DNa02_L,8,0.125,1
held_out,phase_only,shuffle_802,R,40,4,L1_R,8,-1.875,3
held_out,phase_only,shuffle_802,R,40,4,Mi1_R,8,-3.0,2
held_out,phase_only,shuffle_802,R,40,4,Tm3_R,8,-6.875,4
held_out,phase_only,shuffle_802,R,40,4,T4a_R,8,-19.875,2
held_out,phase_only,shuffle_802,R,40,4,T4b_R,8,-23.625,1
held_out,phase_only,shuffle_802,R,40,4,T4c_R,8,-19.25,2
held_out,phase_only,shuffle_802,R,40,4,T4d_R,8,-9.375,3
held_out,phase_only,shuffle_802,R,40,4,T5a_R,8,-2.25,5
held_out,phase_only,shuffle_802,R,40,4,T5b_R,8,-7.75,6
held_out,phase_only,shuffle_802,R,40,4,T5c_R,8,-2.125,4
held_out,phase_only,shuffle_802,R,40,4,T5d_R,8,-3.5,4
held_out,phase_only,shuffle_802,R,40,4,DNa02_R,8,0.0,0
held_out,phase_only,shuffle_802,R,95,1,L1_L,8,-3.5,4
held_out,phase_only,shuffle_802,R,95,1,Mi1_L,8,-0.875,4
held_out,phase_only,shuffle_802,R,95,1,Tm3_L,8,-6.375,5
held_out,phase_only,shuffle_802,R,95,1,T4a_L,8,-10.75,2
held_out,phase_only,shuffle_802,R,95,1,T4b_L,8,-4.125,4
held_out,phase_only,shuffle_802,R,95,1,T4c_L,8,-5.0,3
held_out,phase_only,shuffle_802,R,95,1,T4d_L,8,-2.25,4
held_out,phase_only,shuffle_802,R,95,1,T5a_L,8,-6.0,3
held_out,phase_only,shuffle_802,R,95,1,T5b_L,8,6.5,6
held_out,phase_only,shuffle_802,R,95,1,T5c_L,8,1.625,3
held_out,phase_only,shuffle_802,R,95,1,T5d_L,8,-2.5,4
held_out,phase_only,shuffle_802,R,95,1,DNa02_L,8,-0.125,0
held_out,phase_only,shuffle_802,R,95,1,L1_R,8,-2.25,4
held_out,phase_only,shuffle_802,R,95,1,Mi1_R,8,-0.5,4
held_out,phase_only,shuffle_802,R,95,1,Tm3_R,8,-2.375,5
held_out,phase_only,shuffle_802,R,95,1,T4a_R,8,-11.125,2
held_out,phase_only,shuffle_802,R,95,1,T4b_R,8,-2.375,4
held_out,phase_only,shuffle_802,R,95,1,T4c_R,8,-3.0,3
held_out,phase_only,shuffle_802,R,95,1,T4d_R,8,-7.625,3
held_out,phase_only,shuffle_802,R,95,1,T5a_R,8,-25.25,2
held_out,phase_only,shuffle_802,R,95,1,T5b_R,8,-10.125,3
held_out,phase_only,shuffle_802,R,95,1,T5c_R,8,-21.375,3
held_out,phase_only,shuffle_802,R,95,1,T5d_R,8,-23.0,2
held_out,phase_only,shuffle_802,R,95,1,DNa02_R,8,0.0,0
held_out,phase_only,shuffle_802,R,95,2,L1_L,8,2.125,4
held_out,phase_only,shuffle_802,R,95,2,Mi1_L,8,4.375,5
held_out,phase_only,shuffle_802,R,95,2,Tm3_L,8,14.5,6
held_out,phase_only,shuffle_802,R,95,2,T4a_L,8,3.25,4
held_out,phase_only,shuffle_802,R,95,2,T4b_L,8,1.625,5
held_out,phase_only,shuffle_802,R,95,2,T4c_L,8,4.75,4
held_out,phase_only,shuffle_802,R,95,2,T4d_L,8,8.625,4
held_out,phase_only,shuffle_802,R,95,2,T5a_L,8,0.875,3
held_out,phase_only,shuffle_802,R,95,2,T5b_L,8,1.25,4
held_out,phase_only,shuffle_802,R,95,2,T5c_L,8,2.625,5
held_out,phase_only,shuffle_802,R,95,2,T5d_L,8,0.625,3
held_out,phase_only,shuffle_802,R,95,2,DNa02_L,8,0.125,1
held_out,phase_only,shuffle_802,R,95,2,L1_R,8,2.625,4
held_out,phase_only,shuffle_802,R,95,2,Mi1_R,8,6.625,5
held_out,phase_only,shuffle_802,R,95,2,Tm3_R,8,19.375,6
held_out,phase_only,shuffle_802,R,95,2,T4a_R,8,-7.75,4
held_out,phase_only,shuffle_802,R,95,2,T4b_R,8,-3.375,4
held_out,phase_only,shuffle_802,R,95,2,T4c_R,8,-0.125,5
held_out,phase_only,shuffle_802,R,95,2,T4d_R,8,-1.625,4
held_out,phase_only,shuffle_802,R,95,2,T5a_R,8,1.0,5
held_out,phase_only,shuffle_802,R,95,2,T5b_R,8,-11.75,4
held_out,phase_only,shuffle_802,R,95,2,T5c_R,8,-10.5,5
held_out,phase_only,shuffle_802,R,95,2,T5d_R,8,-14.25,4
held_out,phase_only,shuffle_802,R,95,2,DNa02_R,8,0.0,0
held_out,phase_only,shuffle_802,R,95,4,L1_L,8,1.125,5
held_out,phase_only,shuffle_802,R,95,4,Mi1_L,8,0.25,5
held_out,phase_only,shuffle_802,R,95,4,Tm3_L,8,-8.75,4
held_out,phase_only,shuffle_802,R,95,4,T4a_L,8,-7.625,4
held_out,phase_only,shuffle_802,R,95,4,T4b_L,8,-17.0,3
held_out,phase_only,shuffle_802,R,95,4,T4c_L,8,-8.375,3
held_out,phase_only,shuffle_802,R,95,4,T4d_L,8,-13.25,4
held_out,phase_only,shuffle_802,R,95,4,T5a_L,8,-15.125,2
held_out,phase_only,shuffle_802,R,95,4,T5b_L,8,-22.375,1
held_out,phase_only,shuffle_802,R,95,4,T5c_L,8,-20.5,2
held_out,phase_only,shuffle_802,R,95,4,T5d_L,8,-18.625,2
held_out,phase_only,shuffle_802,R,95,4,DNa02_L,8,-0.125,0
held_out,phase_only,shuffle_802,R,95,4,L1_R,8,2.5,5
held_out,phase_only,shuffle_802,R,95,4,Mi1_R,8,-1.25,4
held_out,phase_only,shuffle_802,R,95,4,Tm3_R,8,-11.25,3
held_out,phase_only,shuffle_802,R,95,4,T4a_R,8,-8.5,4
held_out,phase_only,shuffle_802,R,95,4,T4b_R,8,-20.25,3
held_out,phase_only,shuffle_802,R,95,4,T4c_R,8,-9.5,3
held_out,phase_only,shuffle_802,R,95,4,T4d_R,8,-18.0,3
held_out,phase_only,shuffle_802,R,95,4,T5a_R,8,-10.25,4
held_out,phase_only,shuffle_802,R,95,4,T5b_R,8,-18.375,4
held_out,phase_only,shuffle_802,R,95,4,T5c_R,8,-14.5,4
held_out,phase_only,shuffle_802,R,95,4,T5d_R,8,-13.5,4
held_out,phase_only,shuffle_802,R,95,4,DNa02_R,8,0.0,0
