eye,symmetry_id,a11,a12,a21,a22,shift_q,shift_p,overlap_columns,source_facets,male_columns,dra_present,dra_positive_z,dra_total,accepted_exploratory
L,0,-1,0,-1,1,11,13,595,857,880,0,0,40,False
L,0,-1,0,-1,1,11,14,603,857,880,0,0,40,False
L,0,-1,0,-1,1,11,15,606,857,880,0,0,40,False
L,0,-1,0,-1,1,11,16,607,857,880,0,0,40,False
L,0,-1,0,-1,1,11,17,604,857,880,1,1,40,False
L,0,-1,0,-1,1,11,18,596,857,880,2,2,40,False
L,0,-1,0,-1,1,11,19,584,857,880,3,3,40,False
L,0,-1,0,-1,1,11,20,569,857,880,4,3,40,False
L,0,-1,0,-1,1,11,21,552,857,880,6,3,40,False
L,0,-1,0,-1,1,11,22,533,857,880,8,3,40,False
L,0,-1,0,-1,1,11,23,512,857,880,9,3,40,False
L,0,-1,0,-1,1,11,24,489,857,880,12,3,40,False
L,0,-1,0,-1,1,11,25,464,857,880,14,2,40,False
L,0,-1,0,-1,1,11,26,437,857,880,15,2,40,False
L,0,-1,0,-1,1,11,27,409,857,880,15,2,40,False
L,0,-1,0,-1,1,11,28,381,857,880,15,1,40,False
L,0,-1,0,-1,1,11,29,352,857,880,15,1,40,False
L,0,-1,0,-1,1,12,13,608,857,880,0,0,40,False
L,0,-1,0,-1,1,12,14,627,857,880,0,0,40,False
L,0,-1,0,-1,1,12,15,633,857,880,0,0,40,False
L,0,-1,0,-1,1,12,16,635,857,880,0,0,40,False
L,0,-1,0,-1,1,12,17,634,857,880,0,0,40,False
L,0,-1,0,-1,1,12,18,629,857,880,2,2,40,False
L,0,-1,0,-1,1,12,19,617,857,880,3,3,40,False
L,0,-1,0,-1,1,12,20,602,857,880,4,4,40,False
L,0,-1,0,-1,1,12,21,586,857,880,6,4,40,False
L,0,-1,0,-1,1,12,22,567,857,880,9,4,40,False
L,0,-1,0,-1,1,12,23,546,857,880,11,4,40,False
L,0,-1,0,-1,1,12,24,522,857,880,14,3,40,False
L,0,-1,0,-1,1,12,25,497,857,880,16,3,40,False
L,0,-1,0,-1,1,12,26,469,857,880,17,3,40,False
L,0,-1,0,-1,1,12,27,440,857,880,17,2,40,False
L,0,-1,0,-1,1,12,28,411,857,880,17,2,40,False
L,0,-1,0,-1,1,12,29,381,857,880,17,2,40,False
L,0,-1,0,-1,1,13,13,618,857,880,0,0,40,False
L,0,-1,0,-1,1,13,14,641,857,880,0,0,40,False
L,0,-1,0,-1,1,13,15,658,857,880,0,0,40,False
L,0,-1,0,-1,1,13,16,662,857,880,0,0,40,False
L,0,-1,0,-1,1,13,17,663,857,880,0,0,40,False
L,0,-1,0,-1,1,13,18,660,857,880,2,2,40,False
L,0,-1,0,-1,1,13,19,650,857,880,3,3,40,False
L,0,-1,0,-1,1,13,20,636,857,880,4,4,40,False
L,0,-1,0,-1,1,13,21,620,857,880,6,4,40,False
L,0,-1,0,-1,1,13,22,601,857,880,9,4,40,False
L,0,-1,0,-1,1,13,23,580,857,880,13,4,40,False
L,0,-1,0,-1,1,13,24,556,857,880,17,4,40,False
L,0,-1,0,-1,1,13,25,530,857,880,19,4,40,False
L,0,-1,0,-1,1,13,26,501,857,880,19,3,40,False
L,0,-1,0,-1,1,13,27,470,857,880,19,3,40,False
L,0,-1,0,-1,1,13,28,440,857,880,19,3,40,False
L,0,-1,0,-1,1,13,29,409,857,880,19,2,40,False
L,0,-1,0,-1,1,14,13,625,857,880,0,0,40,False
L,0,-1,0,-1,1,14,14,650,857,880,0,0,40,False
L,0,-1,0,-1,1,14,15,674,857,880,0,0,40,False
L,0,-1,0,-1,1,14,16,688,857,880,0,0,40,False
L,0,-1,0,-1,1,14,17,690,857,880,0,0,40,False
L,0,-1,0,-1,1,14,18,690,857,880,0,0,40,False
L,0,-1,0,-1,1,14,19,684,857,880,3,3,40,False
L,0,-1,0,-1,1,14,20,670,857,880,4,4,40,False
L,0,-1,0,-1,1,14,21,654,857,880,6,5,40,False
L,0,-1,0,-1,1,14,22,635,857,880,10,5,40,False
L,0,-1,0,-1,1,14,23,614,857,880,16,5,40,False
L,0,-1,0,-1,1,14,24,590,857,880,20,5,40,False
L,0,-1,0,-1,1,14,25,563,857,880,21,4,40,False
L,0,-1,0,-1,1,14,26,532,857,880,21,4,40,False
L,0,-1,0,-1,1,14,27,500,857,880,21,4,40,False
L,0,-1,0,-1,1,14,28,469,857,880,21,3,40,False
L,0,-1,0,-1,1,14,29,437,857,880,21,3,40,False
L,0,-1,0,-1,1,15,13,628,857,880,0,0,40,False
L,0,-1,0,-1,1,15,14,656,857,880,0,0,40,False
L,0,-1,0,-1,1,15,15,682,857,880,0,0,40,False
L,0,-1,0,-1,1,15,16,706,857,880,0,0,40,False
L,0,-1,0,-1,1,15,17,717,857,880,0,0,40,False
L,0,-1,0,-1,1,15,18,718,857,880,0,0,40,False
L,0,-1,0,-1,1,15,19,716,857,880,3,3,40,False
L,0,-1,0,-1,1,15,20,704,857,880,4,4,40,False
L,0,-1,0,-1,1,15,21,688,857,880,6,6,40,False
L,0,-1,0,-1,1,15,22,669,857,880,12,6,40,False
L,0,-1,0,-1,1,15,23,648,857,880,20,6,40,False
L,0,-1,0,-1,1,15,24,624,857,880,23,6,40,False
L,0,-1,0,-1,1,15,25,594,857,880,24,5,40,False
L,0,-1,0,-1,1,15,26,561,857,880,24,5,40,False
L,0,-1,0,-1,1,15,27,529,857,880,24,4,40,False
L,0,-1,0,-1,1,15,28,496,857,880,24,4,40,False
L,0,-1,0,-1,1,15,29,464,857,880,24,4,40,False
L,0,-1,0,-1,1,16,13,626,857,880,0,0,40,False
L,0,-1,0,-1,1,16,14,656,857,880,0,0,40,False
L,0,-1,0,-1,1,16,15,685,857,880,0,0,40,False
L,0,-1,0,-1,1,16,16,713,857,880,0,0,40,False
L,0,-1,0,-1,1,16,17,735,857,880,0,0,40,False
L,0,-1,0,-1,1,16,18,745,857,880,0,0,40,False
L,0,-1,0,-1,1,16,19,745,857,880,0,0,40,False
L,0,-1,0,-1,1,16,20,738,857,880,4,4,40,False
L,0,-1,0,-1,1,16,21,722,857,880,7,6,40,False
L,0,-1,0,-1,1,16,22,703,857,880,17,7,40,False
L,0,-1,0,-1,1,16,23,682,857,880,26,7,40,False
L,0,-1,0,-1,1,16,24,656,857,880,28,7,40,False
L,0,-1,0,-1,1,16,25,623,857,880,28,7,40,False
L,0,-1,0,-1,1,16,26,590,857,880,28,6,40,False
L,0,-1,0,-1,1,16,27,556,857,880,28,5,40,False
L,0,-1,0,-1,1,16,28,523,857,880,28,5,40,False
L,0,-1,0,-1,1,16,29,490,857,880,27,4,40,False
L,0,-1,0,-1,1,17,13,620,857,880,0,0,40,False
L,0,-1,0,-1,1,17,14,652,857,880,0,0,40,False
L,0,-1,0,-1,1,17,15,683,857,880,1,0,40,False
L,0,-1,0,-1,1,17,16,713,857,880,2,0,40,False
L,0,-1,0,-1,1,17,17,742,857,880,3,0,40,False
L,0,-1,0,-1,1,17,18,760,857,880,4,0,40,False
L,0,-1,0,-1,1,17,19,772,857,880,5,0,40,False
L,0,-1,0,-1,1,17,20,769,857,880,11,4,40,False
L,0,-1,0,-1,1,17,21,756,857,880,17,6,40,False
L,0,-1,0,-1,1,17,22,737,857,880,28,8,40,False
L,0,-1,0,-1,1,17,23,713,857,880,36,8,40,False
L,0,-1,0,-1,1,17,24,685,857,880,35,8,40,False
L,0,-1,0,-1,1,17,25,651,857,880,34,8,40,False
L,0,-1,0,-1,1,17,26,616,857,880,33,7,40,False
L,0,-1,0,-1,1,17,27,582,857,880,32,7,40,False
L,0,-1,0,-1,1,17,28,548,857,880,31,6,40,False
L,0,-1,0,-1,1,17,29,514,857,880,30,5,40,False
L,0,-1,0,-1,1,18,13,611,857,880,0,0,40,False
L,0,-1,0,-1,1,18,14,643,857,880,1,0,40,False
L,0,-1,0,-1,1,18,15,676,857,880,2,0,40,False
L,0,-1,0,-1,1,18,16,708,857,880,4,0,40,False
L,0,-1,0,-1,1,18,17,739,857,880,6,0,40,False
L,0,-1,0,-1,1,18,18,765,857,880,8,0,40,False
L,0,-1,0,-1,1,18,19,782,857,880,10,0,40,False
L,0,-1,0,-1,1,18,20,790,857,880,12,0,40,False
L,0,-1,0,-1,1,18,21,785,857,880,23,6,40,False
L,0,-1,0,-1,1,18,22,767,857,880,34,9,40,False
L,0,-1,0,-1,1,18,23,742,857,880,40,10,40,False
L,0,-1,0,-1,1,18,24,711,857,880,39,10,40,False
L,0,-1,0,-1,1,18,25,675,857,880,38,10,40,False
L,0,-1,0,-1,1,18,26,640,857,880,36,9,40,False
L,0,-1,0,-1,1,18,27,605,857,880,35,8,40,False
L,0,-1,0,-1,1,18,28,570,857,880,34,7,40,False
L,0,-1,0,-1,1,18,29,535,857,880,33,7,40,False
L,0,-1,0,-1,1,19,13,597,857,880,1,0,40,False
L,0,-1,0,-1,1,19,14,632,857,880,2,0,40,False
L,0,-1,0,-1,1,19,15,666,857,880,4,0,40,False
L,0,-1,0,-1,1,19,16,699,857,880,6,0,40,False
L,0,-1,0,-1,1,19,17,731,857,880,8,0,40,False
L,0,-1,0,-1,1,19,18,762,857,880,9,0,40,False
L,0,-1,0,-1,1,19,19,783,857,880,11,0,40,False
L,0,-1,0,-1,1,19,20,792,857,880,14,0,40,False
L,0,-1,0,-1,1,19,21,794,857,880,24,5,40,False
L,0,-1,0,-1,1,19,22,781,857,880,35,9,40,False
L,0,-1,0,-1,1,19,23,758,857,880,40,11,40,False
L,0,-1,0,-1,1,19,24,728,857,880,40,11,40,False
L,0,-1,0,-1,1,19,25,694,857,880,40,11,40,False
L,0,-1,0,-1,1,19,26,659,857,880,40,11,40,False
L,0,-1,0,-1,1,19,27,624,857,880,39,10,40,False
L,0,-1,0,-1,1,19,28,589,857,880,37,9,40,False
L,0,-1,0,-1,1,19,29,555,857,880,35,8,40,False
L,0,-1,0,-1,1,20,13,579,857,880,1,0,40,False
L,0,-1,0,-1,1,20,14,615,857,880,3,0,40,False
L,0,-1,0,-1,1,20,15,650,857,880,5,0,40,False
L,0,-1,0,-1,1,20,16,686,857,880,7,0,40,False
L,0,-1,0,-1,1,20,17,719,857,880,8,0,40,False
L,0,-1,0,-1,1,20,18,752,857,880,10,0,40,False
L,0,-1,0,-1,1,20,19,776,857,880,12,0,40,False
L,0,-1,0,-1,1,20,20,785,857,880,15,0,40,False
L,0,-1,0,-1,1,20,21,789,857,880,21,1,40,False
L,0,-1,0,-1,1,20,22,788,857,880,35,10,40,False
L,0,-1,0,-1,1,20,23,767,857,880,40,13,40,False
L,0,-1,0,-1,1,20,24,739,857,880,40,13,40,False
L,0,-1,0,-1,1,20,25,707,857,880,40,13,40,False
L,0,-1,0,-1,1,20,26,673,857,880,40,12,40,False
L,0,-1,0,-1,1,20,27,639,857,880,40,11,40,False
L,0,-1,0,-1,1,20,28,605,857,880,40,11,40,False
L,0,-1,0,-1,1,20,29,571,857,880,38,10,40,False
L,0,-1,0,-1,1,21,13,558,857,880,2,0,40,False
L,0,-1,0,-1,1,21,14,593,857,880,4,0,40,False
L,0,-1,0,-1,1,21,15,628,857,880,6,0,40,False
L,0,-1,0,-1,1,21,16,663,857,880,8,0,40,False
L,0,-1,0,-1,1,21,17,698,857,880,9,0,40,False
L,0,-1,0,-1,1,21,18,730,857,880,11,0,40,False
L,0,-1,0,-1,1,21,19,758,857,880,13,0,40,False
L,0,-1,0,-1,1,21,20,771,857,880,16,0,40,False
L,0,-1,0,-1,1,21,21,779,857,880,20,0,40,False
L,0,-1,0,-1,1,21,22,782,857,880,33,9,40,False
L,0,-1,0,-1,1,21,23,773,857,880,40,15,40,False
L,0,-1,0,-1,1,21,24,747,857,880,40,15,40,False
L,0,-1,0,-1,1,21,25,715,857,880,40,15,40,False
L,0,-1,0,-1,1,21,26,683,857,880,40,14,40,False
L,0,-1,0,-1,1,21,27,651,857,880,40,13,40,False
L,0,-1,0,-1,1,21,28,618,857,880,40,12,40,False
L,0,-1,0,-1,1,21,29,584,857,880,40,11,40,False
L,0,-1,0,-1,1,22,13,536,857,880,3,0,40,False
L,0,-1,0,-1,1,22,14,570,857,880,5,0,40,False
L,0,-1,0,-1,1,22,15,604,857,880,7,0,40,False
L,0,-1,0,-1,1,22,16,638,857,880,8,0,40,False
L,0,-1,0,-1,1,22,17,669,857,880,9,0,40,False
L,0,-1,0,-1,1,22,18,698,857,880,11,0,40,False
L,0,-1,0,-1,1,22,19,726,857,880,13,0,40,False
L,0,-1,0,-1,1,22,20,745,857,880,16,0,40,False
L,0,-1,0,-1,1,22,21,759,857,880,20,0,40,False
L,0,-1,0,-1,1,22,22,767,857,880,29,6,40,False
L,0,-1,0,-1,1,22,23,767,857,880,40,17,40,False
L,0,-1,0,-1,1,22,24,750,857,880,40,17,40,False
L,0,-1,0,-1,1,22,25,721,857,880,40,17,40,False
L,0,-1,0,-1,1,22,26,690,857,880,40,16,40,False
L,0,-1,0,-1,1,22,27,659,857,880,40,15,40,False
L,0,-1,0,-1,1,22,28,627,857,880,40,14,40,False
L,0,-1,0,-1,1,22,29,595,857,880,40,13,40,False
L,0,-1,0,-1,1,23,13,512,857,880,3,0,40,False
L,0,-1,0,-1,1,23,14,545,857,880,5,0,40,False
L,0,-1,0,-1,1,23,15,578,857,880,7,0,40,False
L,0,-1,0,-1,1,23,16,608,857,880,8,0,40,False
L,0,-1,0,-1,1,23,17,637,857,880,9,0,40,False
L,0,-1,0,-1,1,23,18,665,857,880,11,0,40,False
L,0,-1,0,-1,1,23,19,692,857,880,13,0,40,False
L,0,-1,0,-1,1,23,20,714,857,880,16,0,40,False
L,0,-1,0,-1,1,23,21,729,857,880,20,1,40,False
L,0,-1,0,-1,1,23,22,741,857,880,27,6,40,False
L,0,-1,0,-1,1,23,23,749,857,880,37,16,40,False
L,0,-1,0,-1,1,23,24,744,857,880,40,19,40,False
L,0,-1,0,-1,1,23,25,722,857,880,40,18,40,False
L,0,-1,0,-1,1,23,26,694,857,880,40,17,40,False
L,0,-1,0,-1,1,23,27,664,857,880,40,17,40,False
L,0,-1,0,-1,1,23,28,634,857,880,40,16,40,False
L,0,-1,0,-1,1,23,29,603,857,880,40,15,40,False
L,0,-1,0,-1,1,24,13,486,857,880,3,0,40,False
L,0,-1,0,-1,1,24,14,518,857,880,5,0,40,False
L,0,-1,0,-1,1,24,15,548,857,880,7,0,40,False
L,0,-1,0,-1,1,24,16,577,857,880,8,0,40,False
L,0,-1,0,-1,1,24,17,605,857,880,9,0,40,False
L,0,-1,0,-1,1,24,18,632,857,880,11,0,40,False
L,0,-1,0,-1,1,24,19,658,857,880,13,0,40,False
L,0,-1,0,-1,1,24,20,680,857,880,16,0,40,False
L,0,-1,0,-1,1,24,21,698,857,880,20,2,40,False
L,0,-1,0,-1,1,24,22,711,857,880,26,7,40,False
L,0,-1,0,-1,1,24,23,720,857,880,33,14,40,False
L,0,-1,0,-1,1,24,24,725,857,880,39,20,40,False
L,0,-1,0,-1,1,24,25,712,857,880,40,20,40,False
L,0,-1,0,-1,1,24,26,692,857,880,40,19,40,False
L,0,-1,0,-1,1,24,27,665,857,880,40,18,40,False
L,0,-1,0,-1,1,24,28,636,857,880,40,17,40,False
L,0,-1,0,-1,1,24,29,607,857,880,40,17,40,False
L,0,-1,0,-1,1,25,13,459,857,880,3,0,40,False
L,0,-1,0,-1,1,25,14,489,857,880,5,0,40,False
L,0,-1,0,-1,1,25,15,518,857,880,7,0,40,False
L,0,-1,0,-1,1,25,16,546,857,880,8,0,40,False
L,0,-1,0,-1,1,25,17,573,857,880,9,0,40,False
L,0,-1,0,-1,1,25,18,599,857,880,11,0,40,False
L,0,-1,0,-1,1,25,19,624,857,880,13,0,40,False
L,0,-1,0,-1,1,25,20,646,857,880,16,1,40,False
L,0,-1,0,-1,1,25,21,666,857,880,20,4,40,False
L,0,-1,0,-1,1,25,22,680,857,880,26,10,40,False
L,0,-1,0,-1,1,25,23,690,857,880,30,14,40,False
L,0,-1,0,-1,1,25,24,696,857,880,36,19,40,False
L,0,-1,0,-1,1,25,25,692,857,880,39,21,40,False
L,0,-1,0,-1,1,25,26,678,857,880,40,21,40,False
L,0,-1,0,-1,1,25,27,660,857,880,40,20,40,False
L,0,-1,0,-1,1,25,28,635,857,880,40,19,40,False
L,0,-1,0,-1,1,25,29,607,857,880,40,18,40,False
L,0,-1,0,-1,1,26,13,431,857,880,3,0,40,False
L,0,-1,0,-1,1,26,14,460,857,880,5,0,40,False
L,0,-1,0,-1,1,26,15,488,857,880,7,0,40,False
L,0,-1,0,-1,1,26,16,515,857,880,8,0,40,False
L,0,-1,0,-1,1,26,17,541,857,880,9,0,40,False
L,0,-1,0,-1,1,26,18,566,857,880,11,1,40,False
L,0,-1,0,-1,1,26,19,590,857,880,13,2,40,False
L,0,-1,0,-1,1,26,20,612,857,880,16,4,40,False
L,0,-1,0,-1,1,26,21,632,857,880,20,8,40,False
L,0,-1,0,-1,1,26,22,648,857,880,25,12,40,False
L,0,-1,0,-1,1,26,23,659,857,880,28,14,40,False
L,0,-1,0,-1,1,26,24,666,857,880,33,18,40,False
L,0,-1,0,-1,1,26,25,669,857,880,38,22,40,False
L,0,-1,0,-1,1,26,26,659,857,880,39,22,40,False
L,0,-1,0,-1,1,26,27,644,857,880,40,22,40,False
L,0,-1,0,-1,1,26,28,626,857,880,40,21,40,False
L,0,-1,0,-1,1,26,29,603,857,880,40,20,40,False
L,0,-1,0,-1,1,27,13,403,857,880,3,2,40,False
L,0,-1,0,-1,1,27,14,431,857,880,5,3,40,False
L,0,-1,0,-1,1,27,15,458,857,880,7,4,40,False
L,0,-1,0,-1,1,27,16,484,857,880,8,4,40,False
L,0,-1,0,-1,1,27,17,509,857,880,9,4,40,False
L,0,-1,0,-1,1,27,18,533,857,880,11,5,40,False
L,0,-1,0,-1,1,27,19,556,857,880,13,6,40,False
L,0,-1,0,-1,1,27,20,578,857,880,16,8,40,False
L,0,-1,0,-1,1,27,21,598,857,880,20,11,40,False
L,0,-1,0,-1,1,27,22,615,857,880,24,14,40,False
L,0,-1,0,-1,1,27,23,627,857,880,27,16,40,False
L,0,-1,0,-1,1,27,24,635,857,880,30,17,40,False
L,0,-1,0,-1,1,27,25,640,857,880,35,21,40,False
L,0,-1,0,-1,1,27,26,638,857,880,38,23,40,False
L,0,-1,0,-1,1,27,27,626,857,880,39,23,40,False
L,0,-1,0,-1,1,27,28,610,857,880,40,23,40,False
L,0,-1,0,-1,1,27,29,592,857,880,40,22,40,False
L,1,-1,0,0,-1,11,12,590,857,880,0,0,40,False
L,1,-1,0,0,-1,11,13,599,857,880,0,0,40,False
L,1,-1,0,0,-1,11,14,605,857,880,0,0,40,False
L,1,-1,0,0,-1,11,15,607,857,880,0,0,40,False
L,1,-1,0,0,-1,11,16,606,857,880,0,0,40,False
L,1,-1,0,0,-1,11,17,600,857,880,2,0,40,False
L,1,-1,0,0,-1,11,18,588,857,880,4,0,40,False
L,1,-1,0,0,-1,11,19,572,857,880,6,0,40,False
L,1,-1,0,0,-1,11,20,553,857,880,8,0,40,False
L,1,-1,0,0,-1,11,21,532,857,880,9,0,40,False
L,1,-1,0,0,-1,11,22,510,857,880,12,0,40,False
L,1,-1,0,0,-1,11,23,486,857,880,13,0,40,False
L,1,-1,0,0,-1,11,24,460,857,880,14,0,40,False
L,1,-1,0,0,-1,11,25,432,857,880,15,0,40,False
L,1,-1,0,0,-1,11,26,404,857,880,15,0,40,False
L,1,-1,0,0,-1,11,27,376,857,880,15,0,40,False
L,1,-1,0,0,-1,11,28,347,857,880,15,0,40,False
L,1,-1,0,0,-1,12,12,610,857,880,0,0,40,False
L,1,-1,0,0,-1,12,13,622,857,880,0,0,40,False
L,1,-1,0,0,-1,12,14,631,857,880,0,0,40,False
L,1,-1,0,0,-1,12,15,634,857,880,0,0,40,False
L,1,-1,0,0,-1,12,16,635,857,880,0,0,40,False
L,1,-1,0,0,-1,12,17,631,857,880,1,0,40,False
L,1,-1,0,0,-1,12,18,622,857,880,4,0,40,False
L,1,-1,0,0,-1,12,19,606,857,880,6,0,40,False
L,1,-1,0,0,-1,12,20,588,857,880,9,0,40,False
L,1,-1,0,0,-1,12,21,567,857,880,11,0,40,False
L,1,-1,0,0,-1,12,22,544,857,880,14,0,40,False
L,1,-1,0,0,-1,12,23,520,857,880,15,0,40,False
L,1,-1,0,0,-1,12,24,493,857,880,16,0,40,False
L,1,-1,0,0,-1,12,25,464,857,880,17,0,40,False
L,1,-1,0,0,-1,12,26,435,857,880,17,0,40,False
L,1,-1,0,0,-1,12,27,406,857,880,17,0,40,False
L,1,-1,0,0,-1,12,28,376,857,880,17,0,40,False
L,1,-1,0,0,-1,13,12,622,857,880,0,0,40,False
L,1,-1,0,0,-1,13,13,643,857,880,0,0,40,False
L,1,-1,0,0,-1,13,14,654,857,880,0,0,40,False
L,1,-1,0,0,-1,13,15,661,857,880,0,0,40,False
L,1,-1,0,0,-1,13,16,663,857,880,0,0,40,False
L,1,-1,0,0,-1,13,17,661,857,880,0,0,40,False
L,1,-1,0,0,-1,13,18,655,857,880,3,0,40,False
L,1,-1,0,0,-1,13,19,641,857,880,6,0,40,False
L,1,-1,0,0,-1,13,20,623,857,880,9,0,40,False
L,1,-1,0,0,-1,13,21,602,857,880,13,0,40,False
L,1,-1,0,0,-1,13,22,579,857,880,16,0,40,False
L,1,-1,0,0,-1,13,23,554,857,880,18,0,40,False
L,1,-1,0,0,-1,13,24,526,857,880,19,0,40,False
L,1,-1,0,0,-1,13,25,496,857,880,19,0,40,False
L,1,-1,0,0,-1,13,26,465,857,880,19,0,40,False
L,1,-1,0,0,-1,13,27,435,857,880,19,0,40,False
L,1,-1,0,0,-1,13,28,404,857,880,19,0,40,False
L,1,-1,0,0,-1,14,12,630,857,880,0,0,40,False
L,1,-1,0,0,-1,14,13,654,857,880,0,0,40,False
L,1,-1,0,0,-1,14,14,676,857,880,0,0,40,False
L,1,-1,0,0,-1,14,15,687,857,880,0,0,40,False
L,1,-1,0,0,-1,14,16,690,857,880,0,0,40,False
L,1,-1,0,0,-1,14,17,690,857,880,0,0,40,False
L,1,-1,0,0,-1,14,18,686,857,880,2,0,40,False
L,1,-1,0,0,-1,14,19,675,857,880,6,0,40,False
L,1,-1,0,0,-1,14,20,658,857,880,10,0,40,False
L,1,-1,0,0,-1,14,21,637,857,880,16,0,40,False
L,1,-1,0,0,-1,14,22,614,857,880,19,0,40,False
L,1,-1,0,0,-1,14,23,588,857,880,20,0,40,False
L,1,-1,0,0,-1,14,24,558,857,880,21,0,40,False
L,1,-1,0,0,-1,14,25,527,857,880,21,0,40,False
L,1,-1,0,0,-1,14,26,495,857,880,21,0,40,False
L,1,-1,0,0,-1,14,27,464,857,880,21,0,40,False
L,1,-1,0,0,-1,14,28,432,857,880,21,0,40,False
L,1,-1,0,0,-1,15,12,633,857,880,0,0,40,False
L,1,-1,0,0,-1,15,13,661,857,880,0,0,40,False
L,1,-1,0,0,-1,15,14,687,857,880,0,0,40,False
L,1,-1,0,0,-1,15,15,709,857,880,0,0,40,False
L,1,-1,0,0,-1,15,16,717,857,880,0,0,40,False
L,1,-1,0,0,-1,15,17,718,857,880,0,0,40,False
L,1,-1,0,0,-1,15,18,716,857,880,0,0,40,False
L,1,-1,0,0,-1,15,19,709,857,880,5,0,40,False
L,1,-1,0,0,-1,15,20,693,857,880,12,0,40,False
L,1,-1,0,0,-1,15,21,672,857,880,19,0,40,False
L,1,-1,0,0,-1,15,22,649,857,880,22,0,40,False
L,1,-1,0,0,-1,15,23,621,857,880,23,0,40,False
L,1,-1,0,0,-1,15,24,590,857,880,24,0,40,False
L,1,-1,0,0,-1,15,25,557,857,880,24,0,40,False
L,1,-1,0,0,-1,15,26,524,857,880,24,0,40,False
L,1,-1,0,0,-1,15,27,492,857,880,24,0,40,False
L,1,-1,0,0,-1,15,28,459,857,880,24,1,40,False
L,1,-1,0,0,-1,16,12,631,857,880,0,0,40,False
L,1,-1,0,0,-1,16,13,661,857,880,0,0,40,False
L,1,-1,0,0,-1,16,14,690,857,880,0,0,40,False
L,1,-1,0,0,-1,16,15,718,857,880,0,0,40,False
L,1,-1,0,0,-1,16,16,743,857,880,0,0,40,False
L,1,-1,0,0,-1,16,17,745,857,880,0,0,40,False
L,1,-1,0,0,-1,16,18,745,857,880,0,0,40,False
L,1,-1,0,0,-1,16,19,740,857,880,3,0,40,False
L,1,-1,0,0,-1,16,20,727,857,880,16,0,40,False
L,1,-1,0,0,-1,16,21,707,857,880,25,0,40,False
L,1,-1,0,0,-1,16,22,684,857,880,27,0,40,False
L,1,-1,0,0,-1,16,23,653,857,880,28,0,40,False
L,1,-1,0,0,-1,16,24,621,857,880,28,0,40,False
L,1,-1,0,0,-1,16,25,587,857,880,28,0,40,False
L,1,-1,0,0,-1,16,26,553,857,880,28,0,40,False
L,1,-1,0,0,-1,16,27,520,857,880,28,0,40,False
L,1,-1,0,0,-1,16,28,486,857,880,27,1,40,False
L,1,-1,0,0,-1,17,12,625,857,880,0,0,40,False
L,1,-1,0,0,-1,17,13,657,857,880,0,0,40,False
L,1,-1,0,0,-1,17,14,688,857,880,1,0,40,False
L,1,-1,0,0,-1,17,15,718,857,880,2,0,40,False
L,1,-1,0,0,-1,17,16,747,857,880,3,0,40,False
L,1,-1,0,0,-1,17,17,770,857,880,4,0,40,False
L,1,-1,0,0,-1,17,18,773,857,880,6,0,40,False
L,1,-1,0,0,-1,17,19,769,857,880,10,0,40,False
L,1,-1,0,0,-1,17,20,760,857,880,26,0,40,False
L,1,-1,0,0,-1,17,21,742,857,880,36,0,40,False
L,1,-1,0,0,-1,17,22,717,857,880,36,0,40,False
L,1,-1,0,0,-1,17,23,685,857,880,35,0,40,False
L,1,-1,0,0,-1,17,24,650,857,880,34,0,40,False
L,1,-1,0,0,-1,17,25,615,857,880,33,0,40,False
L,1,-1,0,0,-1,17,26,581,857,880,32,0,40,False
L,1,-1,0,0,-1,17,27,546,857,880,31,1,40,False
L,1,-1,0,0,-1,17,28,512,857,880,30,1,40,False
L,1,-1,0,0,-1,18,12,610,857,880,1,0,40,False
L,1,-1,0,0,-1,18,13,645,857,880,2,0,40,False
L,1,-1,0,0,-1,18,14,680,857,880,3,0,40,False
L,1,-1,0,0,-1,18,15,713,857,880,5,0,40,False
L,1,-1,0,0,-1,18,16,744,857,880,7,0,40,False
L,1,-1,0,0,-1,18,17,773,857,880,10,0,40,False
L,1,-1,0,0,-1,18,18,792,857,880,12,0,40,False
L,1,-1,0,0,-1,18,19,793,857,880,17,0,40,False
L,1,-1,0,0,-1,18,20,790,857,880,31,0,40,False
L,1,-1,0,0,-1,18,21,776,857,880,40,0,40,False
L,1,-1,0,0,-1,18,22,748,857,880,40,0,40,False
L,1,-1,0,0,-1,18,23,713,857,880,39,0,40,False
L,1,-1,0,0,-1,18,24,677,857,880,37,0,40,False
L,1,-1,0,0,-1,18,25,641,857,880,35,0,40,False
L,1,-1,0,0,-1,18,26,606,857,880,34,1,40,False
L,1,-1,0,0,-1,18,27,570,857,880,33,1,40,False
L,1,-1,0,0,-1,18,28,535,857,880,32,1,40,False
L,1,-1,0,0,-1,19,12,592,857,880,2,0,40,False
L,1,-1,0,0,-1,19,13,628,857,880,4,0,40,False
L,1,-1,0,0,-1,19,14,663,857,880,6,0,40,False
L,1,-1,0,0,-1,19,15,699,857,880,8,0,40,False
L,1,-1,0,0,-1,19,16,734,857,880,9,0,40,False
L,1,-1,0,0,-1,19,17,767,857,880,11,0,40,False
L,1,-1,0,0,-1,19,18,791,857,880,14,0,40,False
L,1,-1,0,0,-1,19,19,804,857,880,19,0,40,False
L,1,-1,0,0,-1,19,20,804,857,880,26,0,40,False
L,1,-1,0,0,-1,19,21,794,857,880,39,0,40,False
L,1,-1,0,0,-1,19,22,769,857,880,40,0,40,False
L,1,-1,0,0,-1,19,23,734,857,880,40,0,40,False
L,1,-1,0,0,-1,19,24,698,857,880,40,0,40,False
L,1,-1,0,0,-1,19,25,663,857,880,39,0,40,False
L,1,-1,0,0,-1,19,26,627,857,880,37,1,40,False
L,1,-1,0,0,-1,19,27,592,857,880,35,1,40,False
L,1,-1,0,0,-1,19,28,557,857,880,34,2,40,False
L,1,-1,0,0,-1,20,12,571,857,880,3,0,40,False
L,1,-1,0,0,-1,20,13,606,857,880,5,0,40,False
L,1,-1,0,0,-1,20,14,642,857,880,7,0,40,False
L,1,-1,0,0,-1,20,15,678,857,880,8,0,40,False
L,1,-1,0,0,-1,20,16,713,857,880,10,0,40,False
L,1,-1,0,0,-1,20,17,749,857,880,12,0,40,False
L,1,-1,0,0,-1,20,18,782,857,880,15,0,40,False
L,1,-1,0,0,-1,20,19,799,857,880,20,0,40,False
L,1,-1,0,0,-1,20,20,808,857,880,26,0,40,False
L,1,-1,0,0,-1,20,21,803,857,880,37,0,40,False
L,1,-1,0,0,-1,20,22,781,857,880,40,0,40,False
L,1,-1,0,0,-1,20,23,750,857,880,40,0,40,False
L,1,-1,0,0,-1,20,24,715,857,880,40,0,40,False
L,1,-1,0,0,-1,20,25,681,857,880,40,1,40,False
L,1,-1,0,0,-1,20,26,646,857,880,40,1,40,False
L,1,-1,0,0,-1,20,27,611,857,880,38,2,40,False
L,1,-1,0,0,-1,20,28,576,857,880,36,2,40,False
L,1,-1,0,0,-1,21,12,548,857,880,4,0,40,False
L,1,-1,0,0,-1,21,13,583,857,880,6,0,40,False
L,1,-1,0,0,-1,21,14,618,857,880,8,0,40,False
L,1,-1,0,0,-1,21,15,653,857,880,9,0,40,False
L,1,-1,0,0,-1,21,16,688,857,880,11,0,40,False
L,1,-1,0,0,-1,21,17,723,857,880,13,0,40,False
L,1,-1,0,0,-1,21,18,758,857,880,16,0,40,False
L,1,-1,0,0,-1,21,19,778,857,880,20,0,40,False
L,1,-1,0,0,-1,21,20,792,857,880,25,0,40,False
L,1,-1,0,0,-1,21,21,799,857,880,30,0,40,False
L,1,-1,0,0,-1,21,22,789,857,880,40,0,40,False
L,1,-1,0,0,-1,21,23,760,857,880,40,0,40,False
L,1,-1,0,0,-1,21,24,728,857,880,40,0,40,False
L,1,-1,0,0,-1,21,25,695,857,880,40,1,40,False
L,1,-1,0,0,-1,21,26,661,857,880,40,1,40,False
L,1,-1,0,0,-1,21,27,626,857,880,40,2,40,False
L,1,-1,0,0,-1,21,28,592,857,880,39,2,40,False
L,1,-1,0,0,-1,22,12,525,857,880,5,0,40,False
L,1,-1,0,0,-1,22,13,559,857,880,7,0,40,False
L,1,-1,0,0,-1,22,14,593,857,880,8,0,40,False
L,1,-1,0,0,-1,22,15,627,857,880,9,0,40,False
L,1,-1,0,0,-1,22,16,661,857,880,11,0,40,False
L,1,-1,0,0,-1,22,17,695,857,880,13,0,40,False
L,1,-1,0,0,-1,22,18,727,857,880,16,0,40,False
L,1,-1,0,0,-1,22,19,747,857,880,20,0,40,False
L,1,-1,0,0,-1,22,20,761,857,880,24,0,40,False
L,1,-1,0,0,-1,22,21,771,857,880,27,0,40,False
L,1,-1,0,0,-1,22,22,777,857,880,39,0,40,False
L,1,-1,0,0,-1,22,23,766,857,880,40,0,40,False
L,1,-1,0,0,-1,22,24,735,857,880,40,0,40,False
L,1,-1,0,0,-1,22,25,704,857,880,40,1,40,False
L,1,-1,0,0,-1,22,26,672,857,880,40,2,40,False
L,1,-1,0,0,-1,22,27,639,857,880,40,2,40,False
L,1,-1,0,0,-1,22,28,606,857,880,40,3,40,False
L,1,-1,0,0,-1,23,12,500,857,880,5,0,40,False
L,1,-1,0,0,-1,23,13,533,857,880,7,0,40,False
L,1,-1,0,0,-1,23,14,566,857,880,8,0,40,False
L,1,-1,0,0,-1,23,15,599,857,880,9,0,40,False
L,1,-1,0,0,-1,23,16,632,857,880,11,0,40,False
L,1,-1,0,0,-1,23,17,664,857,880,13,0,40,False
L,1,-1,0,0,-1,23,18,692,857,880,16,0,40,False
L,1,-1,0,0,-1,23,19,714,857,880,20,0,40,False
L,1,-1,0,0,-1,23,20,729,857,880,23,0,40,False
L,1,-1,0,0,-1,23,21,740,857,880,26,0,40,False
L,1,-1,0,0,-1,23,22,747,857,880,32,0,40,False
L,1,-1,0,0,-1,23,23,750,857,880,40,0,40,False
L,1,-1,0,0,-1,23,24,733,857,880,40,0,40,False
L,1,-1,0,0,-1,23,25,709,857,880,40,1,40,False
L,1,-1,0,0,-1,23,26,679,857,880,40,2,40,False
L,1,-1,0,0,-1,23,27,648,857,880,40,2,40,False
L,1,-1,0,0,-1,23,28,616,857,880,40,3,40,False
L,1,-1,0,0,-1,24,12,473,857,880,5,0,40,False
L,1,-1,0,0,-1,24,13,505,857,880,7,0,40,False
L,1,-1,0,0,-1,24,14,537,857,880,8,0,40,False
L,1,-1,0,0,-1,24,15,569,857,880,9,0,40,False
L,1,-1,0,0,-1,24,16,600,857,880,11,0,40,False
L,1,-1,0,0,-1,24,17,630,857,880,13,0,40,False
L,1,-1,0,0,-1,24,18,657,857,880,16,0,40,False
L,1,-1,0,0,-1,24,19,679,857,880,19,0,40,False
L,1,-1,0,0,-1,24,20,696,857,880,22,0,40,False
L,1,-1,0,0,-1,24,21,708,857,880,25,0,40,False
L,1,-1,0,0,-1,24,22,717,857,880,29,0,40,False
L,1,-1,0,0,-1,24,23,723,857,880,39,0,40,False
L,1,-1,0,0,-1,24,24,717,857,880,40,0,40,False
L,1,-1,0,0,-1,24,25,699,857,880,40,1,40,False
L,1,-1,0,0,-1,24,26,676,857,880,40,2,40,False
L,1,-1,0,0,-1,24,27,652,857,880,40,3,40,False
L,1,-1,0,0,-1,24,28,622,857,880,40,3,40,False
L,1,-1,0,0,-1,25,12,445,857,880,5,0,40,False
L,1,-1,0,0,-1,25,13,476,857,880,7,0,40,False
L,1,-1,0,0,-1,25,14,507,857,880,8,0,40,False
L,1,-1,0,0,-1,25,15,537,857,880,9,0,40,False
L,1,-1,0,0,-1,25,16,567,857,880,11,0,40,False
L,1,-1,0,0,-1,25,17,596,857,880,13,0,40,False
L,1,-1,0,0,-1,25,18,622,857,880,16,0,40,False
L,1,-1,0,0,-1,25,19,644,857,880,18,0,40,False
L,1,-1,0,0,-1,25,20,663,857,880,21,0,40,False
L,1,-1,0,0,-1,25,21,675,857,880,24,0,40,False
L,1,-1,0,0,-1,25,22,686,857,880,27,0,40,False
L,1,-1,0,0,-1,25,23,693,857,880,33,0,40,False
L,1,-1,0,0,-1,25,24,695,857,880,39,0,40,False
L,1,-1,0,0,-1,25,25,683,857,880,40,1,40,False
L,1,-1,0,0,-1,25,26,665,857,880,40,2,40,False
L,1,-1,0,0,-1,25,27,643,857,880,40,3,40,False
L,1,-1,0,0,-1,25,28,620,857,880,40,3,40,False
L,1,-1,0,0,-1,26,12,416,857,880,5,0,40,False
L,1,-1,0,0,-1,26,13,446,857,880,7,0,40,False
L,1,-1,0,0,-1,26,14,476,857,880,8,0,40,False
L,1,-1,0,0,-1,26,15,505,857,880,9,0,40,False
L,1,-1,0,0,-1,26,16,534,857,880,11,0,40,False
L,1,-1,0,0,-1,26,17,562,857,880,13,0,40,False
L,1,-1,0,0,-1,26,18,587,857,880,15,0,40,False
L,1,-1,0,0,-1,26,19,609,857,880,17,0,40,False
L,1,-1,0,0,-1,26,20,628,857,880,20,0,40,False
L,1,-1,0,0,-1,26,21,643,857,880,23,0,40,False
L,1,-1,0,0,-1,26,22,654,857,880,26,0,40,False
L,1,-1,0,0,-1,26,23,662,857,880,30,0,40,False
L,1,-1,0,0,-1,26,24,668,857,880,38,0,40,False
L,1,-1,0,0,-1,26,25,662,857,880,39,0,40,False
L,1,-1,0,0,-1,26,26,649,857,880,40,2,40,False
L,1,-1,0,0,-1,26,27,631,857,880,40,3,40,False
L,1,-1,0,0,-1,26,28,610,857,880,40,4,40,False
L,1,-1,0,0,-1,27,12,387,857,880,5,0,40,False
L,1,-1,0,0,-1,27,13,416,857,880,7,0,40,False
L,1,-1,0,0,-1,27,14,445,857,880,8,0,40,False
L,1,-1,0,0,-1,27,15,473,857,880,9,0,40,False
L,1,-1,0,0,-1,27,16,501,857,880,10,0,40,False
L,1,-1,0,0,-1,27,17,528,857,880,12,0,40,False
L,1,-1,0,0,-1,27,18,552,857,880,14,0,40,False
L,1,-1,0,0,-1,27,19,574,857,880,16,0,40,False
L,1,-1,0,0,-1,27,20,593,857,880,19,0,40,False
L,1,-1,0,0,-1,27,21,610,857,880,22,0,40,False
L,1,-1,0,0,-1,27,22,622,857,880,25,0,40,False
L,1,-1,0,0,-1,27,23,631,857,880,28,0,40,False
L,1,-1,0,0,-1,27,24,638,857,880,33,0,40,False
L,1,-1,0,0,-1,27,25,640,857,880,38,0,40,False
L,1,-1,0,0,-1,27,26,629,857,880,39,1,40,False
L,1,-1,0,0,-1,27,27,615,857,880,40,3,40,False
L,1,-1,0,0,-1,27,28,597,857,880,40,4,40,False
L,2,-1,1,-1,0,12,12,595,857,880,0,0,40,False
L,2,-1,1,-1,0,12,13,610,857,880,0,0,40,False
L,2,-1,1,-1,0,12,14,623,857,880,0,0,40,False
L,2,-1,1,-1,0,12,15,632,857,880,1,0,40,False
L,2,-1,1,-1,0,12,16,634,857,880,3,0,40,False
L,2,-1,1,-1,0,12,17,628,857,880,4,0,40,False
L,2,-1,1,-1,0,12,18,619,857,880,6,0,40,False
L,2,-1,1,-1,0,12,19,606,857,880,7,0,40,False
L,2,-1,1,-1,0,12,20,588,857,880,8,0,40,False
L,2,-1,1,-1,0,12,21,569,857,880,9,0,40,False
L,2,-1,1,-1,0,12,22,548,857,880,10,0,40,False
L,2,-1,1,-1,0,12,23,525,857,880,10,0,40,False
L,2,-1,1,-1,0,12,24,502,857,880,11,0,40,False
L,2,-1,1,-1,0,12,25,478,857,880,11,0,40,False
L,2,-1,1,-1,0,12,26,452,857,880,11,0,40,False
L,2,-1,1,-1,0,12,27,425,857,880,11,0,40,False
L,2,-1,1,-1,0,12,28,398,857,880,11,0,40,False
L,2,-1,1,-1,0,13,12,609,857,880,0,0,40,False
L,2,-1,1,-1,0,13,13,628,857,880,0,0,40,False
L,2,-1,1,-1,0,13,14,644,857,880,0,0,40,False
L,2,-1,1,-1,0,13,15,658,857,880,0,0,40,False
L,2,-1,1,-1,0,13,16,666,857,880,3,0,40,False
L,2,-1,1,-1,0,13,17,663,857,880,4,0,40,False
L,2,-1,1,-1,0,13,18,655,857,880,6,0,40,False
L,2,-1,1,-1,0,13,19,643,857,880,8,0,40,False
L,2,-1,1,-1,0,13,20,626,857,880,9,0,40,False
L,2,-1,1,-1,0,13,21,606,857,880,10,0,40,False
L,2,-1,1,-1,0,13,22,584,857,880,11,0,40,False
L,2,-1,1,-1,0,13,23,561,857,880,12,0,40,False
L,2,-1,1,-1,0,13,24,537,857,880,13,0,40,False
L,2,-1,1,-1,0,13,25,512,857,880,13,0,40,False
L,2,-1,1,-1,0,13,26,485,857,880,13,0,40,False
L,2,-1,1,-1,0,13,27,457,857,880,13,0,40,False
L,2,-1,1,-1,0,13,28,429,857,880,13,0,40,False
L,2,-1,1,-1,0,14,12,619,857,880,0,0,40,False
L,2,-1,1,-1,0,14,13,641,857,880,0,0,40,False
L,2,-1,1,-1,0,14,14,661,857,880,0,0,40,False
L,2,-1,1,-1,0,14,15,678,857,880,0,0,40,False
L,2,-1,1,-1,0,14,16,693,857,880,2,0,40,False
L,2,-1,1,-1,0,14,17,696,857,880,4,0,40,False
L,2,-1,1,-1,0,14,18,691,857,880,6,0,40,False
L,2,-1,1,-1,0,14,19,680,857,880,9,0,40,False
L,2,-1,1,-1,0,14,20,664,857,880,10,0,40,False
L,2,-1,1,-1,0,14,21,643,857,880,12,0,40,False
L,2,-1,1,-1,0,14,22,621,857,880,13,0,40,False
L,2,-1,1,-1,0,14,23,597,857,880,14,0,40,False
L,2,-1,1,-1,0,14,24,572,857,880,15,0,40,False
L,2,-1,1,-1,0,14,25,546,857,880,15,0,40,False
L,2,-1,1,-1,0,14,26,517,857,880,15,0,40,False
L,2,-1,1,-1,0,14,27,488,857,880,15,0,40,False
L,2,-1,1,-1,0,14,28,460,857,880,15,0,40,False
L,2,-1,1,-1,0,15,12,623,857,880,0,0,40,False
L,2,-1,1,-1,0,15,13,649,857,880,0,0,40,False
L,2,-1,1,-1,0,15,14,673,857,880,0,0,40,False
L,2,-1,1,-1,0,15,15,694,857,880,0,0,40,False
L,2,-1,1,-1,0,15,16,712,857,880,0,0,40,False
L,2,-1,1,-1,0,15,17,727,857,880,4,0,40,False
L,2,-1,1,-1,0,15,18,726,857,880,6,0,40,False
L,2,-1,1,-1,0,15,19,717,857,880,9,0,40,False
L,2,-1,1,-1,0,15,20,702,857,880,12,0,40,False
L,2,-1,1,-1,0,15,21,681,857,880,14,0,40,False
L,2,-1,1,-1,0,15,22,658,857,880,15,0,40,False
L,2,-1,1,-1,0,15,23,633,857,880,16,0,40,False
L,2,-1,1,-1,0,15,24,607,857,880,17,0,40,False
L,2,-1,1,-1,0,15,25,578,857,880,17,0,40,False
L,2,-1,1,-1,0,15,26,548,857,880,17,0,40,False
L,2,-1,1,-1,0,15,27,519,857,880,17,0,40,False
L,2,-1,1,-1,0,15,28,489,857,880,17,0,40,False
L,2,-1,1,-1,0,16,12,621,857,880,0,0,40,False
L,2,-1,1,-1,0,16,13,651,857,880,0,0,40,False
L,2,-1,1,-1,0,16,14,678,857,880,0,0,40,False
L,2,-1,1,-1,0,16,15,704,857,880,0,0,40,False
L,2,-1,1,-1,0,16,16,727,857,880,0,0,40,False
L,2,-1,1,-1,0,16,17,746,857,880,2,0,40,False
L,2,-1,1,-1,0,16,18,759,857,880,6,0,40,False
L,2,-1,1,-1,0,16,19,754,857,880,10,0,40,False
L,2,-1,1,-1,0,16,20,740,857,880,14,0,40,False
L,2,-1,1,-1,0,16,21,719,857,880,16,0,40,False
L,2,-1,1,-1,0,16,22,695,857,880,18,0,40,False
L,2,-1,1,-1,0,16,23,669,857,880,19,0,40,False
L,2,-1,1,-1,0,16,24,639,857,880,19,0,40,False
L,2,-1,1,-1,0,16,25,608,857,880,19,0,40,False
L,2,-1,1,-1,0,16,26,578,857,880,19,0,40,False
L,2,-1,1,-1,0,16,27,547,857,880,19,0,40,False
L,2,-1,1,-1,0,16,28,517,857,880,19,1,40,False
L,2,-1,1,-1,0,17,12,613,857,880,0,0,40,False
L,2,-1,1,-1,0,17,13,644,857,880,0,0,40,False
L,2,-1,1,-1,0,17,14,676,857,880,0,0,40,False
L,2,-1,1,-1,0,17,15,707,857,880,0,0,40,False
L,2,-1,1,-1,0,17,16,734,857,880,0,0,40,False
L,2,-1,1,-1,0,17,17,759,857,880,0,0,40,False
L,2,-1,1,-1,0,17,18,778,857,880,6,0,40,False
L,2,-1,1,-1,0,17,19,789,857,880,11,0,40,False
L,2,-1,1,-1,0,17,20,778,857,880,17,0,40,False
L,2,-1,1,-1,0,17,21,757,857,880,19,0,40,False
L,2,-1,1,-1,0,17,22,731,857,880,20,0,40,False
L,2,-1,1,-1,0,17,23,700,857,880,21,0,40,False
L,2,-1,1,-1,0,17,24,669,857,880,21,0,40,False
L,2,-1,1,-1,0,17,25,638,857,880,21,0,40,False
L,2,-1,1,-1,0,17,26,606,857,880,21,0,40,False
L,2,-1,1,-1,0,17,27,575,857,880,21,0,40,False
L,2,-1,1,-1,0,17,28,544,857,880,21,2,40,False
L,2,-1,1,-1,0,18,12,601,857,880,0,0,40,False
L,2,-1,1,-1,0,18,13,634,857,880,0,0,40,False
L,2,-1,1,-1,0,18,14,667,857,880,0,0,40,False
L,2,-1,1,-1,0,18,15,699,857,880,0,0,40,False
L,2,-1,1,-1,0,18,16,732,857,880,0,0,40,False
L,2,-1,1,-1,0,18,17,763,857,880,0,0,40,False
L,2,-1,1,-1,0,18,18,790,857,880,3,0,40,False
L,2,-1,1,-1,0,18,19,809,857,880,13,0,40,False
L,2,-1,1,-1,0,18,20,816,857,880,20,0,40,False
L,2,-1,1,-1,0,18,21,793,857,880,22,0,40,False
L,2,-1,1,-1,0,18,22,762,857,880,23,0,40,False
L,2,-1,1,-1,0,18,23,730,857,880,24,0,40,False
L,2,-1,1,-1,0,18,24,698,857,880,24,0,40,False
L,2,-1,1,-1,0,18,25,665,857,880,24,0,40,False
L,2,-1,1,-1,0,18,26,633,857,880,24,0,40,False
L,2,-1,1,-1,0,18,27,601,857,880,24,1,40,False
L,2,-1,1,-1,0,18,28,569,857,880,24,4,40,False
L,2,-1,1,-1,0,19,12,586,857,880,0,0,40,False
L,2,-1,1,-1,0,19,13,619,857,880,0,0,40,False
L,2,-1,1,-1,0,19,14,652,857,880,0,0,40,False
L,2,-1,1,-1,0,19,15,686,857,880,0,0,40,False
L,2,-1,1,-1,0,19,16,720,857,880,0,0,40,False
L,2,-1,1,-1,0,19,17,753,857,880,0,0,40,False
L,2,-1,1,-1,0,19,18,787,857,880,1,0,40,False
L,2,-1,1,-1,0,19,19,818,857,880,16,0,40,False
L,2,-1,1,-1,0,19,20,833,857,880,25,0,40,False
L,2,-1,1,-1,0,19,21,823,857,880,27,0,40,False
L,2,-1,1,-1,0,19,22,791,857,880,28,0,40,False
L,2,-1,1,-1,0,19,23,759,857,880,28,0,40,False
L,2,-1,1,-1,0,19,24,725,857,880,28,0,40,False
L,2,-1,1,-1,0,19,25,692,857,880,28,1,40,False
L,2,-1,1,-1,0,19,26,659,857,880,28,2,40,False
L,2,-1,1,-1,0,19,27,626,857,880,28,4,40,False
L,2,-1,1,-1,0,19,28,593,857,880,28,8,40,False
L,2,-1,1,-1,0,20,12,568,857,880,0,0,40,False
L,2,-1,1,-1,0,20,13,601,857,880,1,0,40,False
L,2,-1,1,-1,0,20,14,635,857,880,2,0,40,False
L,2,-1,1,-1,0,20,15,669,857,880,3,0,40,False
L,2,-1,1,-1,0,20,16,703,857,880,4,0,40,False
L,2,-1,1,-1,0,20,17,737,857,880,6,0,40,False
L,2,-1,1,-1,0,20,18,771,857,880,11,0,40,False
L,2,-1,1,-1,0,20,19,802,857,880,24,1,40,False
L,2,-1,1,-1,0,20,20,826,857,880,35,2,40,False
L,2,-1,1,-1,0,20,21,831,857,880,37,3,40,False
L,2,-1,1,-1,0,20,22,816,857,880,37,4,40,False
L,2,-1,1,-1,0,20,23,785,857,880,37,5,40,False
L,2,-1,1,-1,0,20,24,751,857,880,37,6,40,False
L,2,-1,1,-1,0,20,25,717,857,880,36,7,40,False
L,2,-1,1,-1,0,20,26,683,857,880,35,8,40,False
L,2,-1,1,-1,0,20,27,649,857,880,34,10,40,False
L,2,-1,1,-1,0,20,28,616,857,880,33,12,40,False
L,2,-1,1,-1,0,21,12,546,857,880,2,0,40,False
L,2,-1,1,-1,0,21,13,580,857,880,3,0,40,False
L,2,-1,1,-1,0,21,14,614,857,880,5,0,40,False
L,2,-1,1,-1,0,21,15,648,857,880,7,0,40,False
L,2,-1,1,-1,0,21,16,682,857,880,10,0,40,False
L,2,-1,1,-1,0,21,17,716,857,880,13,0,40,False
L,2,-1,1,-1,0,21,18,747,857,880,18,0,40,False
L,2,-1,1,-1,0,21,19,776,857,880,28,1,40,False
L,2,-1,1,-1,0,21,20,803,857,880,38,3,40,False
L,2,-1,1,-1,0,21,21,811,857,880,39,5,40,False
L,2,-1,1,-1,0,21,22,808,857,880,40,7,40,False
L,2,-1,1,-1,0,21,23,796,857,880,40,8,40,False
L,2,-1,1,-1,0,21,24,771,857,880,40,9,40,False
L,2,-1,1,-1,0,21,25,738,857,880,40,11,40,False
L,2,-1,1,-1,0,21,26,704,857,880,39,12,40,False
L,2,-1,1,-1,0,21,27,670,857,880,37,13,40,False
L,2,-1,1,-1,0,21,28,636,857,880,35,13,40,False
L,2,-1,1,-1,0,22,12,524,857,880,4,0,40,False
L,2,-1,1,-1,0,22,13,557,857,880,6,0,40,False
L,2,-1,1,-1,0,22,14,590,857,880,8,0,40,False
L,2,-1,1,-1,0,22,15,623,857,880,10,0,40,False
L,2,-1,1,-1,0,22,16,656,857,880,12,0,40,False
L,2,-1,1,-1,0,22,17,686,857,880,15,0,40,False
L,2,-1,1,-1,0,22,18,715,857,880,20,0,40,False
L,2,-1,1,-1,0,22,19,742,857,880,26,1,40,False
L,2,-1,1,-1,0,22,20,765,857,880,35,3,40,False
L,2,-1,1,-1,0,22,21,779,857,880,38,5,40,False
L,2,-1,1,-1,0,22,22,779,857,880,39,7,40,False
L,2,-1,1,-1,0,22,23,774,857,880,40,8,40,False
L,2,-1,1,-1,0,22,24,763,857,880,40,9,40,False
L,2,-1,1,-1,0,22,25,742,857,880,40,11,40,False
L,2,-1,1,-1,0,22,26,717,857,880,40,13,40,False
L,2,-1,1,-1,0,22,27,684,857,880,40,15,40,False
L,2,-1,1,-1,0,22,28,651,857,880,39,16,40,False
L,2,-1,1,-1,0,23,12,498,857,880,6,0,40,False
L,2,-1,1,-1,0,23,13,530,857,880,8,0,40,False
L,2,-1,1,-1,0,23,14,562,857,880,9,0,40,False
L,2,-1,1,-1,0,23,15,594,857,880,11,0,40,False
L,2,-1,1,-1,0,23,16,624,857,880,13,0,40,False
L,2,-1,1,-1,0,23,17,653,857,880,16,0,40,False
L,2,-1,1,-1,0,23,18,680,857,880,20,0,40,False
L,2,-1,1,-1,0,23,19,705,857,880,26,1,40,False
L,2,-1,1,-1,0,23,20,727,857,880,32,3,40,False
L,2,-1,1,-1,0,23,21,744,857,880,37,5,40,False
L,2,-1,1,-1,0,23,22,749,857,880,38,7,40,False
L,2,-1,1,-1,0,23,23,746,857,880,39,8,40,False
L,2,-1,1,-1,0,23,24,740,857,880,40,9,40,False
L,2,-1,1,-1,0,23,25,729,857,880,40,10,40,False
L,2,-1,1,-1,0,23,26,710,857,880,40,12,40,False
L,2,-1,1,-1,0,23,27,687,857,880,40,14,40,False
L,2,-1,1,-1,0,23,28,661,857,880,40,16,40,False
L,2,-1,1,-1,0,24,12,470,857,880,7,0,40,False
L,2,-1,1,-1,0,24,13,501,857,880,8,0,40,False
L,2,-1,1,-1,0,24,14,532,857,880,9,0,40,False
L,2,-1,1,-1,0,24,15,562,857,880,11,0,40,False
L,2,-1,1,-1,0,24,16,591,857,880,13,0,40,False
L,2,-1,1,-1,0,24,17,618,857,880,16,0,40,False
L,2,-1,1,-1,0,24,18,644,857,880,20,0,40,False
L,2,-1,1,-1,0,24,19,668,857,880,25,0,40,False
L,2,-1,1,-1,0,24,20,689,857,880,29,2,40,False
L,2,-1,1,-1,0,24,21,706,857,880,35,4,40,False
L,2,-1,1,-1,0,24,22,717,857,880,37,6,40,False
L,2,-1,1,-1,0,24,23,717,857,880,38,7,40,False
L,2,-1,1,-1,0,24,24,713,857,880,39,8,40,False
L,2,-1,1,-1,0,24,25,706,857,880,39,9,40,False
L,2,-1,1,-1,0,24,26,695,857,880,40,11,40,False
L,2,-1,1,-1,0,24,27,677,857,880,40,13,40,False
L,2,-1,1,-1,0,24,28,656,857,880,40,15,40,False
L,2,-1,1,-1,0,25,12,440,857,880,7,0,40,False
L,2,-1,1,-1,0,25,13,470,857,880,8,0,40,False
L,2,-1,1,-1,0,25,14,500,857,880,9,0,40,False
L,2,-1,1,-1,0,25,15,529,857,880,11,0,40,False
L,2,-1,1,-1,0,25,16,557,857,880,13,0,40,False
L,2,-1,1,-1,0,25,17,583,857,880,16,0,40,False
L,2,-1,1,-1,0,25,18,608,857,880,20,0,40,False
L,2,-1,1,-1,0,25,19,631,857,880,24,0,40,False
L,2,-1,1,-1,0,25,20,651,857,880,27,1,40,False
L,2,-1,1,-1,0,25,21,668,857,880,32,3,40,False
L,2,-1,1,-1,0,25,22,682,857,880,36,5,40,False
L,2,-1,1,-1,0,25,23,687,857,880,37,7,40,False
L,2,-1,1,-1,0,25,24,685,857,880,38,8,40,False
L,2,-1,1,-1,0,25,25,680,857,880,39,9,40,False
L,2,-1,1,-1,0,25,26,672,857,880,39,10,40,False
L,2,-1,1,-1,0,25,27,661,857,880,40,12,40,False
L,2,-1,1,-1,0,25,28,643,857,880,40,14,40,False
L,2,-1,1,-1,0,26,12,410,857,880,7,0,40,False
L,2,-1,1,-1,0,26,13,439,857,880,8,0,40,False
L,2,-1,1,-1,0,26,14,468,857,880,9,0,40,False
L,2,-1,1,-1,0,26,15,496,857,880,11,0,40,False
L,2,-1,1,-1,0,26,16,523,857,880,13,0,40,False
L,2,-1,1,-1,0,26,17,548,857,880,16,0,40,False
L,2,-1,1,-1,0,26,18,572,857,880,20,0,40,False
L,2,-1,1,-1,0,26,19,594,857,880,23,0,40,False
L,2,-1,1,-1,0,26,20,613,857,880,26,0,40,False
L,2,-1,1,-1,0,26,21,630,857,880,30,2,40,False
L,2,-1,1,-1,0,26,22,645,857,880,34,4,40,False
L,2,-1,1,-1,0,26,23,654,857,880,36,6,40,False
L,2,-1,1,-1,0,26,24,656,857,880,37,7,40,False
L,2,-1,1,-1,0,26,25,653,857,880,38,8,40,False
L,2,-1,1,-1,0,26,26,647,857,880,38,9,40,False
L,2,-1,1,-1,0,26,27,639,857,880,39,11,40,False
L,2,-1,1,-1,0,26,28,627,857,880,39,13,40,False
L,2,-1,1,-1,0,27,12,380,857,880,7,0,40,False
L,2,-1,1,-1,0,27,13,408,857,880,8,0,40,False
L,2,-1,1,-1,0,27,14,436,857,880,9,0,40,False
L,2,-1,1,-1,0,27,15,463,857,880,11,0,40,False
L,2,-1,1,-1,0,27,16,489,857,880,13,0,40,False
L,2,-1,1,-1,0,27,17,513,857,880,16,0,40,False
L,2,-1,1,-1,0,27,18,536,857,880,19,0,40,False
L,2,-1,1,-1,0,27,19,557,857,880,22,0,40,False
L,2,-1,1,-1,0,27,20,576,857,880,25,0,40,False
L,2,-1,1,-1,0,27,21,593,857,880,28,1,40,False
L,2,-1,1,-1,0,27,22,608,857,880,31,3,40,False
L,2,-1,1,-1,0,27,23,619,857,880,35,5,40,False
L,2,-1,1,-1,0,27,24,624,857,880,36,7,40,False
L,2,-1,1,-1,0,27,25,625,857,880,37,8,40,False
L,2,-1,1,-1,0,27,26,621,857,880,38,9,40,False
L,2,-1,1,-1,0,27,27,615,857,880,38,10,40,False
L,2,-1,1,-1,0,27,28,606,857,880,39,12,40,False
L,2,-1,1,-1,0,28,12,350,857,880,7,0,40,False
L,2,-1,1,-1,0,28,13,377,857,880,8,0,40,False
L,2,-1,1,-1,0,28,14,404,857,880,9,0,40,False
L,2,-1,1,-1,0,28,15,430,857,880,11,0,40,False
L,2,-1,1,-1,0,28,16,455,857,880,13,0,40,False
L,2,-1,1,-1,0,28,17,478,857,880,16,0,40,False
L,2,-1,1,-1,0,28,18,500,857,880,18,0,40,False
L,2,-1,1,-1,0,28,19,521,857,880,21,0,40,False
L,2,-1,1,-1,0,28,20,539,857,880,24,0,40,False
L,2,-1,1,-1,0,28,21,556,857,880,27,0,40,False
L,2,-1,1,-1,0,28,22,571,857,880,29,2,40,False
L,2,-1,1,-1,0,28,23,583,857,880,32,4,40,False
L,2,-1,1,-1,0,28,24,591,857,880,35,6,40,False
L,2,-1,1,-1,0,28,25,594,857,880,36,7,40,False
L,2,-1,1,-1,0,28,26,594,857,880,37,8,40,False
L,2,-1,1,-1,0,28,27,589,857,880,37,9,40,False
L,2,-1,1,-1,0,28,28,583,857,880,38,11,40,False
L,3,-1,1,0,1,12,12,583,857,880,0,0,40,False
L,3,-1,1,0,1,12,13,601,857,880,0,0,40,False
L,3,-1,1,0,1,12,14,617,857,880,0,0,40,False
L,3,-1,1,0,1,12,15,630,857,880,1,1,40,False
L,3,-1,1,0,1,12,16,635,857,880,2,2,40,False
L,3,-1,1,0,1,12,17,631,857,880,3,3,40,False
L,3,-1,1,0,1,12,18,621,857,880,4,4,40,False
L,3,-1,1,0,1,12,19,606,857,880,4,4,40,False
L,3,-1,1,0,1,12,20,589,857,880,5,5,40,False
L,3,-1,1,0,1,12,21,570,857,880,6,6,40,False
L,3,-1,1,0,1,12,22,551,857,880,7,7,40,False
L,3,-1,1,0,1,12,23,528,857,880,8,8,40,False
L,3,-1,1,0,1,12,24,504,857,880,9,9,40,False
L,3,-1,1,0,1,12,25,479,857,880,10,10,40,False
L,3,-1,1,0,1,12,26,454,857,880,11,11,40,False
L,3,-1,1,0,1,12,27,428,857,880,11,11,40,False
L,3,-1,1,0,1,12,28,402,857,880,11,11,40,False
L,3,-1,1,0,1,13,12,597,857,880,0,0,40,False
L,3,-1,1,0,1,13,13,617,857,880,0,0,40,False
L,3,-1,1,0,1,13,14,636,857,880,0,0,40,False
L,3,-1,1,0,1,13,15,652,857,880,0,0,40,False
L,3,-1,1,0,1,13,16,665,857,880,2,2,40,False
L,3,-1,1,0,1,13,17,665,857,880,3,3,40,False
L,3,-1,1,0,1,13,18,656,857,880,4,4,40,False
L,3,-1,1,0,1,13,19,641,857,880,5,5,40,False
L,3,-1,1,0,1,13,20,623,857,880,6,6,40,False
L,3,-1,1,0,1,13,21,604,857,880,6,6,40,False
L,3,-1,1,0,1,13,22,583,857,880,8,8,40,False
L,3,-1,1,0,1,13,23,559,857,880,9,9,40,False
L,3,-1,1,0,1,13,24,534,857,880,10,10,40,False
L,3,-1,1,0,1,13,25,509,857,880,12,12,40,False
L,3,-1,1,0,1,13,26,483,857,880,13,13,40,False
L,3,-1,1,0,1,13,27,457,857,880,13,13,40,False
L,3,-1,1,0,1,13,28,430,857,880,13,13,40,False
L,3,-1,1,0,1,14,12,609,857,880,0,0,40,False
L,3,-1,1,0,1,14,13,631,857,880,0,0,40,False
L,3,-1,1,0,1,14,14,651,857,880,0,0,40,False
L,3,-1,1,0,1,14,15,671,857,880,0,0,40,False
L,3,-1,1,0,1,14,16,687,857,880,2,2,40,False
L,3,-1,1,0,1,14,17,697,857,880,3,3,40,False
L,3,-1,1,0,1,14,18,691,857,880,4,4,40,False
L,3,-1,1,0,1,14,19,676,857,880,6,6,40,False
L,3,-1,1,0,1,14,20,657,857,880,6,6,40,False
L,3,-1,1,0,1,14,21,637,857,880,7,7,40,False
L,3,-1,1,0,1,14,22,614,857,880,9,9,40,False
L,3,-1,1,0,1,14,23,590,857,880,10,10,40,False
L,3,-1,1,0,1,14,24,564,857,880,12,12,40,False
L,3,-1,1,0,1,14,25,539,857,880,14,14,40,False
L,3,-1,1,0,1,14,26,512,857,880,15,15,40,False
L,3,-1,1,0,1,14,27,485,857,880,15,15,40,False
L,3,-1,1,0,1,14,28,457,857,880,15,15,40,False
L,3,-1,1,0,1,15,12,618,857,880,0,0,40,False
L,3,-1,1,0,1,15,13,642,857,880,0,0,40,False
L,3,-1,1,0,1,15,14,665,857,880,0,0,40,False
L,3,-1,1,0,1,15,15,686,857,880,0,0,40,False
L,3,-1,1,0,1,15,16,706,857,880,1,1,40,False
L,3,-1,1,0,1,15,17,720,857,880,3,3,40,False
L,3,-1,1,0,1,15,18,726,857,880,4,4,40,False
L,3,-1,1,0,1,15,19,710,857,880,6,6,40,False
L,3,-1,1,0,1,15,20,691,857,880,7,7,40,False
L,3,-1,1,0,1,15,21,669,857,880,8,8,40,False
L,3,-1,1,0,1,15,22,645,857,880,9,9,40,False
L,3,-1,1,0,1,15,23,620,857,880,12,12,40,False
L,3,-1,1,0,1,15,24,595,857,880,14,14,40,False
L,3,-1,1,0,1,15,25,568,857,880,16,16,40,False
L,3,-1,1,0,1,15,26,541,857,880,17,17,40,False
L,3,-1,1,0,1,15,27,513,857,880,17,17,40,False
L,3,-1,1,0,1,15,28,484,857,880,17,17,40,False
L,3,-1,1,0,1,16,12,624,857,880,0,0,40,False
L,3,-1,1,0,1,16,13,650,857,880,0,0,40,False
L,3,-1,1,0,1,16,14,675,857,880,0,0,40,False
L,3,-1,1,0,1,16,15,699,857,880,0,0,40,False
L,3,-1,1,0,1,16,16,721,857,880,0,0,40,False
L,3,-1,1,0,1,16,17,741,857,880,3,3,40,False
L,3,-1,1,0,1,16,18,750,857,880,4,4,40,False
L,3,-1,1,0,1,16,19,743,857,880,6,6,40,False
L,3,-1,1,0,1,16,20,724,857,880,8,8,40,False
L,3,-1,1,0,1,16,21,700,857,880,9,9,40,False
L,3,-1,1,0,1,16,22,675,857,880,11,11,40,False
L,3,-1,1,0,1,16,23,650,857,880,14,14,40,False
L,3,-1,1,0,1,16,24,624,857,880,17,17,40,False
L,3,-1,1,0,1,16,25,597,857,880,19,19,40,False
L,3,-1,1,0,1,16,26,569,857,880,19,19,40,False
L,3,-1,1,0,1,16,27,539,857,880,19,19,40,False
L,3,-1,1,0,1,16,28,509,857,880,19,19,40,False
L,3,-1,1,0,1,17,12,625,857,880,0,0,40,False
L,3,-1,1,0,1,17,13,654,857,880,0,0,40,False
L,3,-1,1,0,1,17,14,681,857,880,0,0,40,False
L,3,-1,1,0,1,17,15,707,857,880,0,0,40,False
L,3,-1,1,0,1,17,16,732,857,880,0,0,40,False
L,3,-1,1,0,1,17,17,756,857,880,2,2,40,False
L,3,-1,1,0,1,17,18,769,857,880,4,4,40,False
L,3,-1,1,0,1,17,19,768,857,880,6,6,40,False
L,3,-1,1,0,1,17,20,754,857,880,9,9,40,False
L,3,-1,1,0,1,17,21,730,857,880,10,10,40,False
L,3,-1,1,0,1,17,22,705,857,880,13,13,40,False
L,3,-1,1,0,1,17,23,679,857,880,17,17,40,False
L,3,-1,1,0,1,17,24,653,857,880,20,20,40,False
L,3,-1,1,0,1,17,25,625,857,880,21,21,40,False
L,3,-1,1,0,1,17,26,595,857,880,21,21,40,False
L,3,-1,1,0,1,17,27,564,857,880,21,21,40,False
L,3,-1,1,0,1,17,28,534,857,880,21,21,40,False
L,3,-1,1,0,1,18,12,617,857,880,0,0,40,False
L,3,-1,1,0,1,18,13,650,857,880,0,0,40,False
L,3,-1,1,0,1,18,14,682,857,880,0,0,40,False
L,3,-1,1,0,1,18,15,712,857,880,0,0,40,False
L,3,-1,1,0,1,18,16,739,857,880,0,0,40,False
L,3,-1,1,0,1,18,17,764,857,880,0,0,40,False
L,3,-1,1,0,1,18,18,783,857,880,4,4,40,False
L,3,-1,1,0,1,18,19,783,857,880,6,6,40,False
L,3,-1,1,0,1,18,20,775,857,880,9,9,40,False
L,3,-1,1,0,1,18,21,760,857,880,12,12,40,False
L,3,-1,1,0,1,18,22,734,857,880,16,16,40,False
L,3,-1,1,0,1,18,23,708,857,880,21,21,40,False
L,3,-1,1,0,1,18,24,681,857,880,23,23,40,False
L,3,-1,1,0,1,18,25,651,857,880,24,24,40,False
L,3,-1,1,0,1,18,26,619,857,880,24,24,40,False
L,3,-1,1,0,1,18,27,588,857,880,24,24,40,False
L,3,-1,1,0,1,18,28,557,857,880,24,24,40,False
L,3,-1,1,0,1,19,12,604,857,880,0,0,40,False
L,3,-1,1,0,1,19,13,638,857,880,0,0,40,False
L,3,-1,1,0,1,19,14,671,857,880,0,0,40,False
L,3,-1,1,0,1,19,15,705,857,880,0,0,40,False
L,3,-1,1,0,1,19,16,738,857,880,0,0,40,False
L,3,-1,1,0,1,19,17,765,857,880,0,0,40,False
L,3,-1,1,0,1,19,18,783,857,880,2,2,40,False
L,3,-1,1,0,1,19,19,792,857,880,6,6,40,False
L,3,-1,1,0,1,19,20,789,857,880,10,10,40,False
L,3,-1,1,0,1,19,21,779,857,880,16,16,40,False
L,3,-1,1,0,1,19,22,763,857,880,22,22,40,False
L,3,-1,1,0,1,19,23,736,857,880,26,26,40,False
L,3,-1,1,0,1,19,24,707,857,880,28,28,40,False
L,3,-1,1,0,1,19,25,675,857,880,28,28,40,False
L,3,-1,1,0,1,19,26,643,857,880,28,28,40,False
L,3,-1,1,0,1,19,27,611,857,880,28,27,40,False
L,3,-1,1,0,1,19,28,579,857,880,28,26,40,False
L,3,-1,1,0,1,20,12,587,857,880,0,0,40,False
L,3,-1,1,0,1,20,13,621,857,880,0,0,40,False
L,3,-1,1,0,1,20,14,655,857,880,0,0,40,False
L,3,-1,1,0,1,20,15,689,857,880,1,1,40,False
L,3,-1,1,0,1,20,16,720,857,880,2,2,40,False
L,3,-1,1,0,1,20,17,747,857,880,3,3,40,False
L,3,-1,1,0,1,20,18,772,857,880,4,4,40,False
L,3,-1,1,0,1,20,19,790,857,880,11,11,40,False
L,3,-1,1,0,1,20,20,796,857,880,18,18,40,False
L,3,-1,1,0,1,20,21,789,857,880,28,27,40,False
L,3,-1,1,0,1,20,22,778,857,880,34,32,40,False
L,3,-1,1,0,1,20,23,761,857,880,37,34,40,False
L,3,-1,1,0,1,20,24,731,857,880,37,33,40,False
L,3,-1,1,0,1,20,25,698,857,880,37,32,40,False
L,3,-1,1,0,1,20,26,665,857,880,37,31,40,False
L,3,-1,1,0,1,20,27,632,857,880,36,30,40,False
L,3,-1,1,0,1,20,28,600,857,880,35,28,40,False
L,3,-1,1,0,1,21,12,568,857,880,0,0,40,False
L,3,-1,1,0,1,21,13,601,857,880,0,0,40,False
L,3,-1,1,0,1,21,14,634,857,880,1,1,40,False
L,3,-1,1,0,1,21,15,665,857,880,2,2,40,False
L,3,-1,1,0,1,21,16,694,857,880,4,4,40,False
L,3,-1,1,0,1,21,17,721,857,880,6,6,40,False
L,3,-1,1,0,1,21,18,746,857,880,8,8,40,False
L,3,-1,1,0,1,21,19,769,857,880,13,13,40,False
L,3,-1,1,0,1,21,20,786,857,880,26,26,40,False
L,3,-1,1,0,1,21,21,792,857,880,36,36,40,False
L,3,-1,1,0,1,21,22,784,857,880,40,38,40,False
L,3,-1,1,0,1,21,23,767,857,880,40,36,40,False
L,3,-1,1,0,1,21,24,744,857,880,40,34,40,False
L,3,-1,1,0,1,21,25,715,857,880,40,33,40,False
L,3,-1,1,0,1,21,26,684,857,880,40,32,40,False
L,3,-1,1,0,1,21,27,651,857,880,40,31,40,False
L,3,-1,1,0,1,21,28,618,857,880,39,30,40,False
L,3,-1,1,0,1,22,12,547,857,880,0,0,40,False
L,3,-1,1,0,1,22,13,579,857,880,1,1,40,False
L,3,-1,1,0,1,22,14,609,857,880,2,2,40,False
L,3,-1,1,0,1,22,15,638,857,880,4,4,40,False
L,3,-1,1,0,1,22,16,666,857,880,6,6,40,False
L,3,-1,1,0,1,22,17,692,857,880,8,8,40,False
L,3,-1,1,0,1,22,18,716,857,880,10,10,40,False
L,3,-1,1,0,1,22,19,739,857,880,13,13,40,False
L,3,-1,1,0,1,22,20,759,857,880,29,29,40,False
L,3,-1,1,0,1,22,21,770,857,880,39,39,40,False
L,3,-1,1,0,1,22,22,771,857,880,40,40,40,False
L,3,-1,1,0,1,22,23,759,857,880,40,38,40,False
L,3,-1,1,0,1,22,24,739,857,880,40,36,40,False
L,3,-1,1,0,1,22,25,716,857,880,40,34,40,False
L,3,-1,1,0,1,22,26,688,857,880,40,33,40,False
L,3,-1,1,0,1,22,27,658,857,880,40,32,40,False
L,3,-1,1,0,1,22,28,628,857,880,40,31,40,False
L,3,-1,1,0,1,23,12,523,857,880,1,1,40,False
L,3,-1,1,0,1,23,13,553,857,880,2,2,40,False
L,3,-1,1,0,1,23,14,582,857,880,4,4,40,False
L,3,-1,1,0,1,23,15,610,857,880,6,6,40,False
L,3,-1,1,0,1,23,16,637,857,880,8,8,40,False
L,3,-1,1,0,1,23,17,662,857,880,9,9,40,False
L,3,-1,1,0,1,23,18,685,857,880,11,11,40,False
L,3,-1,1,0,1,23,19,708,857,880,16,16,40,False
L,3,-1,1,0,1,23,20,729,857,880,29,29,40,False
L,3,-1,1,0,1,23,21,743,857,880,39,39,40,False
L,3,-1,1,0,1,23,22,744,857,880,40,40,40,False
L,3,-1,1,0,1,23,23,736,857,880,40,40,40,False
L,3,-1,1,0,1,23,24,724,857,880,40,38,40,False
L,3,-1,1,0,1,23,25,709,857,880,40,36,40,False
L,3,-1,1,0,1,23,26,686,857,880,40,34,40,False
L,3,-1,1,0,1,23,27,659,857,880,40,33,40,False
L,3,-1,1,0,1,23,28,630,857,880,40,32,40,False
L,3,-1,1,0,1,24,12,497,857,880,1,1,40,False
L,3,-1,1,0,1,24,13,526,857,880,3,3,40,False
L,3,-1,1,0,1,24,14,554,857,880,5,5,40,False
L,3,-1,1,0,1,24,15,581,857,880,7,7,40,False
L,3,-1,1,0,1,24,16,607,857,880,8,8,40,False
L,3,-1,1,0,1,24,17,631,857,880,10,10,40,False
L,3,-1,1,0,1,24,18,654,857,880,13,13,40,False
L,3,-1,1,0,1,24,19,676,857,880,18,18,40,False
L,3,-1,1,0,1,24,20,696,857,880,28,28,40,False
L,3,-1,1,0,1,24,21,713,857,880,38,38,40,False
L,3,-1,1,0,1,24,22,715,857,880,39,39,40,False
L,3,-1,1,0,1,24,23,710,857,880,40,40,40,False
L,3,-1,1,0,1,24,24,701,857,880,40,39,40,False
L,3,-1,1,0,1,24,25,689,857,880,40,37,40,False
L,3,-1,1,0,1,24,26,674,857,880,40,35,40,False
L,3,-1,1,0,1,24,27,655,857,880,40,33,40,False
L,3,-1,1,0,1,24,28,629,857,880,40,32,40,False
L,3,-1,1,0,1,25,12,470,857,880,2,2,40,False
L,3,-1,1,0,1,25,13,498,857,880,4,4,40,False
L,3,-1,1,0,1,25,14,525,857,880,6,6,40,False
L,3,-1,1,0,1,25,15,551,857,880,8,8,40,False
L,3,-1,1,0,1,25,16,576,857,880,10,10,40,False
L,3,-1,1,0,1,25,17,599,857,880,12,12,40,False
L,3,-1,1,0,1,25,18,622,857,880,15,15,40,False
L,3,-1,1,0,1,25,19,643,857,880,20,20,40,False
L,3,-1,1,0,1,25,20,663,857,880,26,26,40,False
L,3,-1,1,0,1,25,21,678,857,880,35,35,40,False
L,3,-1,1,0,1,25,22,686,857,880,38,38,40,False
L,3,-1,1,0,1,25,23,682,857,880,39,39,40,False
L,3,-1,1,0,1,25,24,676,857,880,40,40,40,False
L,3,-1,1,0,1,25,25,666,857,880,40,38,40,False
L,3,-1,1,0,1,25,26,654,857,880,40,36,40,False
L,3,-1,1,0,1,25,27,639,857,880,40,34,40,False
L,3,-1,1,0,1,25,28,620,857,880,40,33,40,False
L,3,-1,1,0,1,26,12,443,857,880,4,4,40,False
L,3,-1,1,0,1,26,13,470,857,880,6,6,40,False
L,3,-1,1,0,1,26,14,496,857,880,8,8,40,False
L,3,-1,1,0,1,26,15,521,857,880,9,9,40,False
L,3,-1,1,0,1,26,16,545,857,880,11,11,40,False
L,3,-1,1,0,1,26,17,568,857,880,13,13,40,False
L,3,-1,1,0,1,26,18,590,857,880,16,16,40,False
L,3,-1,1,0,1,26,19,610,857,880,20,20,40,False
L,3,-1,1,0,1,26,20,628,857,880,26,26,40,False
L,3,-1,1,0,1,26,21,643,857,880,32,32,40,False
L,3,-1,1,0,1,26,22,654,857,880,37,37,40,False
L,3,-1,1,0,1,26,23,654,857,880,38,38,40,False
L,3,-1,1,0,1,26,24,649,857,880,39,39,40,False
L,3,-1,1,0,1,26,25,642,857,880,40,39,40,False
L,3,-1,1,0,1,26,26,631,857,880,40,37,40,False
L,3,-1,1,0,1,26,27,619,857,880,40,35,40,False
L,3,-1,1,0,1,26,28,604,857,880,40,33,40,False
L,3,-1,1,0,1,27,12,415,857,880,5,5,40,False
L,3,-1,1,0,1,27,13,441,857,880,7,7,40,False
L,3,-1,1,0,1,27,14,466,857,880,8,8,40,False
L,3,-1,1,0,1,27,15,490,857,880,9,9,40,False
L,3,-1,1,0,1,27,16,513,857,880,11,11,40,False
L,3,-1,1,0,1,27,17,536,857,880,13,13,40,False
L,3,-1,1,0,1,27,18,556,857,880,16,16,40,False
L,3,-1,1,0,1,27,19,576,857,880,20,20,40,False
L,3,-1,1,0,1,27,20,593,857,880,25,25,40,False
L,3,-1,1,0,1,27,21,608,857,880,29,29,40,False
L,3,-1,1,0,1,27,22,619,857,880,35,35,40,False
L,3,-1,1,0,1,27,23,625,857,880,37,37,40,False
L,3,-1,1,0,1,27,24,622,857,880,38,38,40,False
L,3,-1,1,0,1,27,25,616,857,880,39,39,40,False
L,3,-1,1,0,1,27,26,608,857,880,39,37,40,False
L,3,-1,1,0,1,27,27,597,857,880,40,36,40,False
L,3,-1,1,0,1,27,28,584,857,880,40,34,40,False
L,3,-1,1,0,1,28,12,386,857,880,5,5,40,False
L,3,-1,1,0,1,28,13,411,857,880,7,7,40,False
L,3,-1,1,0,1,28,14,435,857,880,8,8,40,False
L,3,-1,1,0,1,28,15,458,857,880,9,9,40,False
L,3,-1,1,0,1,28,16,481,857,880,11,11,40,False
L,3,-1,1,0,1,28,17,503,857,880,13,13,40,False
L,3,-1,1,0,1,28,18,523,857,880,16,16,40,False
L,3,-1,1,0,1,28,19,542,857,880,20,20,40,False
L,3,-1,1,0,1,28,20,559,857,880,24,24,40,False
L,3,-1,1,0,1,28,21,573,857,880,27,27,40,False
L,3,-1,1,0,1,28,22,584,857,880,32,32,40,False
L,3,-1,1,0,1,28,23,593,857,880,36,36,40,False
L,3,-1,1,0,1,28,24,594,857,880,37,37,40,False
L,3,-1,1,0,1,28,25,590,857,880,38,38,40,False
L,3,-1,1,0,1,28,26,583,857,880,39,38,40,False
L,3,-1,1,0,1,28,27,574,857,880,39,36,40,False
L,3,-1,1,0,1,28,28,563,857,880,39,34,40,False
L,4,0,-1,-1,0,11,12,594,857,880,0,0,40,False
L,4,0,-1,-1,0,11,13,610,857,880,0,0,40,False
L,4,0,-1,-1,0,11,14,624,857,880,0,0,40,False
L,4,0,-1,-1,0,11,15,634,857,880,0,0,40,False
L,4,0,-1,-1,0,11,16,637,857,880,3,0,40,False
L,4,0,-1,-1,0,11,17,628,857,880,4,0,40,False
L,4,0,-1,-1,0,11,18,616,857,880,6,0,40,False
L,4,0,-1,-1,0,11,19,600,857,880,7,0,40,False
L,4,0,-1,-1,0,11,20,581,857,880,9,0,40,False
L,4,0,-1,-1,0,11,21,561,857,880,10,0,40,False
L,4,0,-1,-1,0,11,22,539,857,880,11,0,40,False
L,4,0,-1,-1,0,11,23,516,857,880,12,0,40,False
L,4,0,-1,-1,0,11,24,492,857,880,13,0,40,False
L,4,0,-1,-1,0,11,25,467,857,880,13,0,40,False
L,4,0,-1,-1,0,11,26,440,857,880,13,0,40,False
L,4,0,-1,-1,0,11,27,412,857,880,13,0,40,False
L,4,0,-1,-1,0,11,28,384,857,880,13,0,40,False
L,4,0,-1,-1,0,12,12,607,857,880,0,0,40,False
L,4,0,-1,-1,0,12,13,626,857,880,0,0,40,False
L,4,0,-1,-1,0,12,14,643,857,880,0,0,40,False
L,4,0,-1,-1,0,12,15,658,857,880,0,0,40,False
L,4,0,-1,-1,0,12,16,668,857,880,3,0,40,False
L,4,0,-1,-1,0,12,17,663,857,880,4,0,40,False
L,4,0,-1,-1,0,12,18,652,857,880,6,0,40,False
L,4,0,-1,-1,0,12,19,637,857,880,8,0,40,False
L,4,0,-1,-1,0,12,20,618,857,880,9,0,40,False
L,4,0,-1,-1,0,12,21,598,857,880,12,0,40,False
L,4,0,-1,-1,0,12,22,576,857,880,13,0,40,False
L,4,0,-1,-1,0,12,23,552,857,880,14,0,40,False
L,4,0,-1,-1,0,12,24,527,857,880,15,0,40,False
L,4,0,-1,-1,0,12,25,501,857,880,15,0,40,False
L,4,0,-1,-1,0,12,26,473,857,880,15,0,40,False
L,4,0,-1,-1,0,12,27,444,857,880,15,0,40,False
L,4,0,-1,-1,0,12,28,415,857,880,15,0,40,False
L,4,0,-1,-1,0,13,12,616,857,880,0,0,40,False
L,4,0,-1,-1,0,13,13,638,857,880,0,0,40,False
L,4,0,-1,-1,0,13,14,658,857,880,0,0,40,False
L,4,0,-1,-1,0,13,15,676,857,880,0,0,40,False
L,4,0,-1,-1,0,13,16,692,857,880,0,0,40,False
L,4,0,-1,-1,0,13,17,697,857,880,4,0,40,False
L,4,0,-1,-1,0,13,18,688,857,880,6,0,40,False
L,4,0,-1,-1,0,13,19,674,857,880,9,0,40,False
L,4,0,-1,-1,0,13,20,656,857,880,11,0,40,False
L,4,0,-1,-1,0,13,21,635,857,880,14,0,40,False
L,4,0,-1,-1,0,13,22,613,857,880,15,0,40,False
L,4,0,-1,-1,0,13,23,588,857,880,16,0,40,False
L,4,0,-1,-1,0,13,24,562,857,880,17,0,40,False
L,4,0,-1,-1,0,13,25,535,857,880,17,0,40,False
L,4,0,-1,-1,0,13,26,506,857,880,17,0,40,False
L,4,0,-1,-1,0,13,27,476,857,880,17,0,40,False
L,4,0,-1,-1,0,13,28,446,857,880,17,0,40,False
L,4,0,-1,-1,0,14,12,621,857,880,0,0,40,False
L,4,0,-1,-1,0,14,13,646,857,880,0,0,40,False
L,4,0,-1,-1,0,14,14,669,857,880,0,0,40,False
L,4,0,-1,-1,0,14,15,690,857,880,0,0,40,False
L,4,0,-1,-1,0,14,16,709,857,880,0,0,40,False
L,4,0,-1,-1,0,14,17,726,857,880,3,0,40,False
L,4,0,-1,-1,0,14,18,724,857,880,6,0,40,False
L,4,0,-1,-1,0,14,19,711,857,880,9,0,40,False
L,4,0,-1,-1,0,14,20,694,857,880,13,0,40,False
L,4,0,-1,-1,0,14,21,673,857,880,16,0,40,False
L,4,0,-1,-1,0,14,22,650,857,880,18,0,40,False
L,4,0,-1,-1,0,14,23,624,857,880,19,0,40,False
L,4,0,-1,-1,0,14,24,597,857,880,19,0,40,False
L,4,0,-1,-1,0,14,25,568,857,880,19,0,40,False
L,4,0,-1,-1,0,14,26,538,857,880,19,0,40,False
L,4,0,-1,-1,0,14,27,507,857,880,19,0,40,False
L,4,0,-1,-1,0,14,28,476,857,880,19,1,40,False
L,4,0,-1,-1,0,15,12,623,857,880,0,0,40,False
L,4,0,-1,-1,0,15,13,650,857,880,0,0,40,False
L,4,0,-1,-1,0,15,14,676,857,880,0,0,40,False
L,4,0,-1,-1,0,15,15,700,857,880,0,0,40,False
L,4,0,-1,-1,0,15,16,722,857,880,0,0,40,False
L,4,0,-1,-1,0,15,17,742,857,880,0,0,40,False
L,4,0,-1,-1,0,15,18,754,857,880,6,0,40,False
L,4,0,-1,-1,0,15,19,748,857,880,10,0,40,False
L,4,0,-1,-1,0,15,20,732,857,880,16,0,40,False
L,4,0,-1,-1,0,15,21,711,857,880,19,0,40,False
L,4,0,-1,-1,0,15,22,687,857,880,20,0,40,False
L,4,0,-1,-1,0,15,23,659,857,880,21,0,40,False
L,4,0,-1,-1,0,15,24,631,857,880,21,0,40,False
L,4,0,-1,-1,0,15,25,601,857,880,21,0,40,False
L,4,0,-1,-1,0,15,26,569,857,880,21,0,40,False
L,4,0,-1,-1,0,15,27,537,857,880,21,1,40,False
L,4,0,-1,-1,0,15,28,506,857,880,21,1,40,False
L,4,0,-1,-1,0,16,12,617,857,880,0,0,40,False
L,4,0,-1,-1,0,16,13,649,857,880,0,0,40,False
L,4,0,-1,-1,0,16,14,679,857,880,0,0,40,False
L,4,0,-1,-1,0,16,15,706,857,880,0,0,40,False
L,4,0,-1,-1,0,16,16,731,857,880,0,0,40,False
L,4,0,-1,-1,0,16,17,754,857,880,0,0,40,False
L,4,0,-1,-1,0,16,18,775,857,880,4,0,40,False
L,4,0,-1,-1,0,16,19,780,857,880,12,0,40,False
L,4,0,-1,-1,0,16,20,770,857,880,19,0,40,False
L,4,0,-1,-1,0,16,21,749,857,880,22,0,40,False
L,4,0,-1,-1,0,16,22,723,857,880,23,0,40,False
L,4,0,-1,-1,0,16,23,694,857,880,24,0,40,False
L,4,0,-1,-1,0,16,24,664,857,880,24,0,40,False
L,4,0,-1,-1,0,16,25,632,857,880,24,0,40,False
L,4,0,-1,-1,0,16,26,599,857,880,24,1,40,False
L,4,0,-1,-1,0,16,27,566,857,880,24,1,40,False
L,4,0,-1,-1,0,16,28,534,857,880,23,1,40,False
L,4,0,-1,-1,0,17,12,604,857,880,0,0,40,False
L,4,0,-1,-1,0,17,13,638,857,880,0,0,40,False
L,4,0,-1,-1,0,17,14,672,857,880,0,0,40,False
L,4,0,-1,-1,0,17,15,703,857,880,0,0,40,False
L,4,0,-1,-1,0,17,16,735,857,880,0,0,40,False
L,4,0,-1,-1,0,17,17,762,857,880,0,0,40,False
L,4,0,-1,-1,0,17,18,786,857,880,1,0,40,False
L,4,0,-1,-1,0,17,19,803,857,880,15,0,40,False
L,4,0,-1,-1,0,17,20,803,857,880,25,0,40,False
L,4,0,-1,-1,0,17,21,787,857,880,27,0,40,False
L,4,0,-1,-1,0,17,22,758,857,880,28,0,40,False
L,4,0,-1,-1,0,17,23,728,857,880,28,0,40,False
L,4,0,-1,-1,0,17,24,696,857,880,28,0,40,False
L,4,0,-1,-1,0,17,25,662,857,880,28,1,40,False
L,4,0,-1,-1,0,17,26,628,857,880,27,1,40,False
L,4,0,-1,-1,0,17,27,595,857,880,26,1,40,False
L,4,0,-1,-1,0,17,28,561,857,880,25,2,40,False
L,4,0,-1,-1,0,18,12,587,857,880,0,0,40,False
L,4,0,-1,-1,0,18,13,621,857,880,1,0,40,False
L,4,0,-1,-1,0,18,14,655,857,880,2,0,40,False
L,4,0,-1,-1,0,18,15,690,857,880,3,0,40,False
L,4,0,-1,-1,0,18,16,725,857,880,4,0,40,False
L,4,0,-1,-1,0,18,17,758,857,880,6,0,40,False
L,4,0,-1,-1,0,18,18,790,857,880,10,0,40,False
L,4,0,-1,-1,0,18,19,818,857,880,24,0,40,False
L,4,0,-1,-1,0,18,20,827,857,880,34,0,40,False
L,4,0,-1,-1,0,18,21,818,857,880,35,0,40,False
L,4,0,-1,-1,0,18,22,792,857,880,34,0,40,False
L,4,0,-1,-1,0,18,23,759,857,880,33,0,40,False
L,4,0,-1,-1,0,18,24,724,857,880,32,1,40,False
L,4,0,-1,-1,0,18,25,690,857,880,31,1,40,False
L,4,0,-1,-1,0,18,26,655,857,880,30,1,40,False
L,4,0,-1,-1,0,18,27,621,857,880,29,2,40,False
L,4,0,-1,-1,0,18,28,587,857,880,28,2,40,False
L,4,0,-1,-1,0,19,12,566,857,880,2,0,40,False
L,4,0,-1,-1,0,19,13,600,857,880,3,0,40,False
L,4,0,-1,-1,0,19,14,635,857,880,5,0,40,False
L,4,0,-1,-1,0,19,15,670,857,880,7,0,40,False
L,4,0,-1,-1,0,19,16,705,857,880,10,0,40,False
L,4,0,-1,-1,0,19,17,740,857,880,12,0,40,False
L,4,0,-1,-1,0,19,18,775,857,880,17,0,40,False
L,4,0,-1,-1,0,19,19,810,857,880,28,0,40,False
L,4,0,-1,-1,0,19,20,838,857,880,38,0,40,False
L,4,0,-1,-1,0,19,21,834,857,880,38,0,40,False
L,4,0,-1,-1,0,19,22,814,857,880,38,0,40,False
L,4,0,-1,-1,0,19,23,784,857,880,36,0,40,False
L,4,0,-1,-1,0,19,24,749,857,880,35,1,40,False
L,4,0,-1,-1,0,19,25,714,857,880,34,1,40,False
L,4,0,-1,-1,0,19,26,679,857,880,33,2,40,False
L,4,0,-1,-1,0,19,27,644,857,880,32,2,40,False
L,4,0,-1,-1,0,19,28,610,857,880,31,2,40,False
L,4,0,-1,-1,0,20,12,544,857,880,4,0,40,False
L,4,0,-1,-1,0,20,13,578,857,880,6,0,40,False
L,4,0,-1,-1,0,20,14,612,857,880,8,0,40,False
L,4,0,-1,-1,0,20,15,646,857,880,9,0,40,False
L,4,0,-1,-1,0,20,16,680,857,880,11,0,40,False
L,4,0,-1,-1,0,20,17,714,857,880,14,0,40,False
L,4,0,-1,-1,0,20,18,748,857,880,19,0,40,False
L,4,0,-1,-1,0,20,19,781,857,880,27,0,40,False
L,4,0,-1,-1,0,20,20,811,857,880,36,0,40,False
L,4,0,-1,-1,0,20,21,817,857,880,38,0,40,False
L,4,0,-1,-1,0,20,22,810,857,880,39,0,40,False
L,4,0,-1,-1,0,20,23,795,857,880,40,0,40,False
L,4,0,-1,-1,0,20,24,767,857,880,39,1,40,False
L,4,0,-1,-1,0,20,25,733,857,880,38,2,40,False
L,4,0,-1,-1,0,20,26,699,857,880,36,2,40,False
L,4,0,-1,-1,0,20,27,665,857,880,35,2,40,False
L,4,0,-1,-1,0,20,28,631,857,880,34,3,40,False
L,4,0,-1,-1,0,21,12,520,857,880,5,0,40,False
L,4,0,-1,-1,0,21,13,553,857,880,7,0,40,False
L,4,0,-1,-1,0,21,14,586,857,880,8,0,40,False
L,4,0,-1,-1,0,21,15,619,857,880,10,0,40,False
L,4,0,-1,-1,0,21,16,652,857,880,12,0,40,False
L,4,0,-1,-1,0,21,17,685,857,880,15,0,40,False
L,4,0,-1,-1,0,21,18,717,857,880,20,0,40,False
L,4,0,-1,-1,0,21,19,748,857,880,26,0,40,False
L,4,0,-1,-1,0,21,20,773,857,880,33,0,40,False
L,4,0,-1,-1,0,21,21,787,857,880,37,0,40,False
L,4,0,-1,-1,0,21,22,785,857,880,38,0,40,False
L,4,0,-1,-1,0,21,23,778,857,880,39,0,40,False
L,4,0,-1,-1,0,21,24,767,857,880,40,1,40,False
L,4,0,-1,-1,0,21,25,745,857,880,40,2,40,False
L,4,0,-1,-1,0,21,26,714,857,880,40,2,40,False
L,4,0,-1,-1,0,21,27,681,857,880,39,3,40,False
L,4,0,-1,-1,0,21,28,648,857,880,37,3,40,False
L,4,0,-1,-1,0,22,12,493,857,880,6,0,40,False
L,4,0,-1,-1,0,22,13,525,857,880,8,0,40,False
L,4,0,-1,-1,0,22,14,557,857,880,9,0,40,False
L,4,0,-1,-1,0,22,15,589,857,880,11,0,40,False
L,4,0,-1,-1,0,22,16,621,857,880,13,0,40,False
L,4,0,-1,-1,0,22,17,653,857,880,16,0,40,False
L,4,0,-1,-1,0,22,18,683,857,880,20,0,40,False
L,4,0,-1,-1,0,22,19,711,857,880,26,0,40,False
L,4,0,-1,-1,0,22,20,735,857,880,30,0,40,False
L,4,0,-1,-1,0,22,21,752,857,880,35,0,40,False
L,4,0,-1,-1,0,22,22,757,857,880,37,0,40,False
L,4,0,-1,-1,0,22,23,753,857,880,38,0,40,False
L,4,0,-1,-1,0,22,24,745,857,880,39,0,40,False
L,4,0,-1,-1,0,22,25,734,857,880,40,2,40,False
L,4,0,-1,-1,0,22,26,715,857,880,40,3,40,False
L,4,0,-1,-1,0,22,27,689,857,880,40,3,40,False
L,4,0,-1,-1,0,22,28,659,857,880,40,3,40,False
L,4,0,-1,-1,0,23,12,465,857,880,7,0,40,False
L,4,0,-1,-1,0,23,13,496,857,880,8,0,40,False
L,4,0,-1,-1,0,23,14,527,857,880,9,0,40,False
L,4,0,-1,-1,0,23,15,558,857,880,11,0,40,False
L,4,0,-1,-1,0,23,16,589,857,880,13,0,40,False
L,4,0,-1,-1,0,23,17,618,857,880,16,0,40,False
L,4,0,-1,-1,0,23,18,647,857,880,20,0,40,False
L,4,0,-1,-1,0,23,19,674,857,880,25,0,40,False
L,4,0,-1,-1,0,23,20,697,857,880,28,0,40,False
L,4,0,-1,-1,0,23,21,714,857,880,32,0,40,False
L,4,0,-1,-1,0,23,22,725,857,880,36,0,40,False
L,4,0,-1,-1,0,23,23,726,857,880,37,0,40,False
L,4,0,-1,-1,0,23,24,721,857,880,38,0,40,False
L,4,0,-1,-1,0,23,25,712,857,880,39,1,40,False
L,4,0,-1,-1,0,23,26,700,857,880,40,3,40,False
L,4,0,-1,-1,0,23,27,682,857,880,40,3,40,False
L,4,0,-1,-1,0,23,28,659,857,880,40,4,40,False
L,4,0,-1,-1,0,24,12,435,857,880,7,0,40,False
L,4,0,-1,-1,0,24,13,465,857,880,8,0,40,False
L,4,0,-1,-1,0,24,14,495,857,880,9,0,40,False
L,4,0,-1,-1,0,24,15,525,857,880,11,0,40,False
L,4,0,-1,-1,0,24,16,555,857,880,13,0,40,False
L,4,0,-1,-1,0,24,17,583,857,880,16,0,40,False
L,4,0,-1,-1,0,24,18,611,857,880,20,0,40,False
L,4,0,-1,-1,0,24,19,637,857,880,24,0,40,False
L,4,0,-1,-1,0,24,20,659,857,880,27,0,40,False
L,4,0,-1,-1,0,24,21,676,857,880,30,0,40,False
L,4,0,-1,-1,0,24,22,690,857,880,34,0,40,False
L,4,0,-1,-1,0,24,23,696,857,880,36,0,40,False
L,4,0,-1,-1,0,24,24,695,857,880,37,0,40,False
L,4,0,-1,-1,0,24,25,689,857,880,38,0,40,False
L,4,0,-1,-1,0,24,26,679,857,880,39,2,40,False
L,4,0,-1,-1,0,24,27,666,857,880,40,4,40,False
L,4,0,-1,-1,0,24,28,648,857,880,40,4,40,False
L,4,0,-1,-1,0,25,12,405,857,880,7,0,40,False
L,4,0,-1,-1,0,25,13,434,857,880,8,0,40,False
L,4,0,-1,-1,0,25,14,463,857,880,9,0,40,False
L,4,0,-1,-1,0,25,15,492,857,880,11,0,40,False
L,4,0,-1,-1,0,25,16,521,857,880,13,0,40,False
L,4,0,-1,-1,0,25,17,548,857,880,16,0,40,False
L,4,0,-1,-1,0,25,18,575,857,880,20,0,40,False
L,4,0,-1,-1,0,25,19,600,857,880,23,0,40,False
L,4,0,-1,-1,0,25,20,621,857,880,25,0,40,False
L,4,0,-1,-1,0,25,21,638,857,880,28,0,40,False
L,4,0,-1,-1,0,25,22,653,857,880,31,0,40,False
L,4,0,-1,-1,0,25,23,663,857,880,35,0,40,False
L,4,0,-1,-1,0,25,24,666,857,880,36,0,40,False
L,4,0,-1,-1,0,25,25,664,857,880,37,0,40,False
L,4,0,-1,-1,0,25,26,657,857,880,38,1,40,False
L,4,0,-1,-1,0,25,27,646,857,880,39,3,40,False
L,4,0,-1,-1,0,25,28,632,857,880,40,4,40,False
L,4,0,-1,-1,0,26,12,375,857,880,7,0,40,False
L,4,0,-1,-1,0,26,13,403,857,880,8,0,40,False
L,4,0,-1,-1,0,26,14,431,857,880,9,0,40,False
L,4,0,-1,-1,0,26,15,459,857,880,11,0,40,False
L,4,0,-1,-1,0,26,16,487,857,880,13,0,40,False
L,4,0,-1,-1,0,26,17,513,857,880,16,0,40,False
L,4,0,-1,-1,0,26,18,539,857,880,19,0,40,False
L,4,0,-1,-1,0,26,19,563,857,880,22,0,40,False
L,4,0,-1,-1,0,26,20,583,857,880,24,0,40,False
L,4,0,-1,-1,0,26,21,601,857,880,27,0,40,False
L,4,0,-1,-1,0,26,22,616,857,880,29,0,40,False
L,4,0,-1,-1,0,26,23,628,857,880,32,0,40,False
L,4,0,-1,-1,0,26,24,635,857,880,35,0,40,False
L,4,0,-1,-1,0,26,25,636,857,880,36,0,40,False
L,4,0,-1,-1,0,26,26,633,857,880,37,0,40,False
L,4,0,-1,-1,0,26,27,625,857,880,38,2,40,False
L,4,0,-1,-1,0,26,28,613,857,880,39,4,40,False
L,4,0,-1,-1,0,27,12,345,857,880,7,0,40,False
L,4,0,-1,-1,0,27,13,372,857,880,8,0,40,False
L,4,0,-1,-1,0,27,14,399,857,880,9,0,40,False
L,4,0,-1,-1,0,27,15,426,857,880,11,0,40,False
L,4,0,-1,-1,0,27,16,453,857,880,13,0,40,False
L,4,0,-1,-1,0,27,17,478,857,880,16,0,40,False
L,4,0,-1,-1,0,27,18,503,857,880,18,0,40,False
L,4,0,-1,-1,0,27,19,526,857,880,21,0,40,False
L,4,0,-1,-1,0,27,20,545,857,880,23,0,40,False
L,4,0,-1,-1,0,27,21,564,857,880,25,0,40,False
L,4,0,-1,-1,0,27,22,579,857,880,28,0,40,False
L,4,0,-1,-1,0,27,23,592,857,880,30,0,40,False
L,4,0,-1,-1,0,27,24,601,857,880,33,0,40,False
L,4,0,-1,-1,0,27,25,606,857,880,35,0,40,False
L,4,0,-1,-1,0,27,26,606,857,880,36,0,40,False
L,4,0,-1,-1,0,27,27,602,857,880,37,1,40,False
L,4,0,-1,-1,0,27,28,593,857,880,38,4,40,False
L,5,0,-1,1,-1,11,11,576,857,880,0,0,40,False
L,5,0,-1,1,-1,11,12,596,857,880,0,0,40,False
L,5,0,-1,1,-1,11,13,614,857,880,0,0,40,False
L,5,0,-1,1,-1,11,14,630,857,880,0,0,40,False
L,5,0,-1,1,-1,11,15,638,857,880,2,2,40,False
L,5,0,-1,1,-1,11,16,633,857,880,3,3,40,False
L,5,0,-1,1,-1,11,17,619,857,880,4,3,40,False
L,5,0,-1,1,-1,11,18,603,857,880,4,3,40,False
L,5,0,-1,1,-1,11,19,585,857,880,5,3,40,False
L,5,0,-1,1,-1,11,20,566,857,880,6,3,40,False
L,5,0,-1,1,-1,11,21,546,857,880,6,3,40,False
L,5,0,-1,1,-1,11,22,524,857,880,7,2,40,False
L,5,0,-1,1,-1,11,23,500,857,880,8,2,40,False
L,5,0,-1,1,-1,11,24,476,857,880,9,2,40,False
L,5,0,-1,1,-1,11,25,452,857,880,10,2,40,False
L,5,0,-1,1,-1,11,26,426,857,880,10,1,40,False
L,5,0,-1,1,-1,11,27,401,857,880,11,1,40,False
L,5,0,-1,1,-1,12,11,588,857,880,0,0,40,False
L,5,0,-1,1,-1,12,12,609,857,880,0,0,40,False
L,5,0,-1,1,-1,12,13,630,857,880,0,0,40,False
L,5,0,-1,1,-1,12,14,649,857,880,0,0,40,False
L,5,0,-1,1,-1,12,15,665,857,880,0,0,40,False
L,5,0,-1,1,-1,12,16,667,857,880,3,3,40,False
L,5,0,-1,1,-1,12,17,653,857,880,4,3,40,False
L,5,0,-1,1,-1,12,18,637,857,880,5,3,40,False
L,5,0,-1,1,-1,12,19,618,857,880,6,3,40,False
L,5,0,-1,1,-1,12,20,599,857,880,6,3,40,False
L,5,0,-1,1,-1,12,21,578,857,880,7,3,40,False
L,5,0,-1,1,-1,12,22,555,857,880,8,3,40,False
L,5,0,-1,1,-1,12,23,531,857,880,9,3,40,False
L,5,0,-1,1,-1,12,24,506,857,880,10,3,40,False
L,5,0,-1,1,-1,12,25,481,857,880,11,2,40,False
L,5,0,-1,1,-1,12,26,455,857,880,12,2,40,False
L,5,0,-1,1,-1,12,27,429,857,880,13,2,40,False
L,5,0,-1,1,-1,13,11,597,857,880,0,0,40,False
L,5,0,-1,1,-1,13,12,621,857,880,0,0,40,False
L,5,0,-1,1,-1,13,13,643,857,880,0,0,40,False
L,5,0,-1,1,-1,13,14,664,857,880,0,0,40,False
L,5,0,-1,1,-1,13,15,684,857,880,0,0,40,False
L,5,0,-1,1,-1,13,16,699,857,880,3,3,40,False
L,5,0,-1,1,-1,13,17,687,857,880,4,4,40,False
L,5,0,-1,1,-1,13,18,671,857,880,6,4,40,False
L,5,0,-1,1,-1,13,19,652,857,880,6,4,40,False
L,5,0,-1,1,-1,13,20,632,857,880,7,4,40,False
L,5,0,-1,1,-1,13,21,610,857,880,8,4,40,False
L,5,0,-1,1,-1,13,22,587,857,880,9,4,40,False
L,5,0,-1,1,-1,13,23,562,857,880,10,3,40,False
L,5,0,-1,1,-1,13,24,536,857,880,12,3,40,False
L,5,0,-1,1,-1,13,25,511,857,880,13,3,40,False
L,5,0,-1,1,-1,13,26,484,857,880,14,3,40,False
L,5,0,-1,1,-1,13,27,457,857,880,15,2,40,False
L,5,0,-1,1,-1,14,11,605,857,880,0,0,40,False
L,5,0,-1,1,-1,14,12,630,857,880,0,0,40,False
L,5,0,-1,1,-1,14,13,654,857,880,0,0,40,False
L,5,0,-1,1,-1,14,14,677,857,880,0,0,40,False
L,5,0,-1,1,-1,14,15,699,857,880,0,0,40,False
L,5,0,-1,1,-1,14,16,719,857,880,0,0,40,False
L,5,0,-1,1,-1,14,17,721,857,880,4,4,40,False
L,5,0,-1,1,-1,14,18,705,857,880,6,4,40,False
L,5,0,-1,1,-1,14,19,686,857,880,7,4,40,False
L,5,0,-1,1,-1,14,20,665,857,880,8,4,40,False
L,5,0,-1,1,-1,14,21,643,857,880,9,4,40,False
L,5,0,-1,1,-1,14,22,618,857,880,10,4,40,False
L,5,0,-1,1,-1,14,23,592,857,880,12,4,40,False
L,5,0,-1,1,-1,14,24,567,857,880,14,4,40,False
L,5,0,-1,1,-1,14,25,540,857,880,15,4,40,False
L,5,0,-1,1,-1,14,26,513,857,880,16,3,40,False
L,5,0,-1,1,-1,14,27,485,857,880,18,3,40,False
L,5,0,-1,1,-1,15,11,609,857,880,0,0,40,False
L,5,0,-1,1,-1,15,12,636,857,880,0,0,40,False
L,5,0,-1,1,-1,15,13,662,857,880,0,0,40,False
L,5,0,-1,1,-1,15,14,687,857,880,0,0,40,False
L,5,0,-1,1,-1,15,15,711,857,880,0,0,40,False
L,5,0,-1,1,-1,15,16,734,857,880,0,0,40,False
L,5,0,-1,1,-1,15,17,745,857,880,4,4,40,False
L,5,0,-1,1,-1,15,18,739,857,880,6,5,40,False
L,5,0,-1,1,-1,15,19,720,857,880,8,5,40,False
L,5,0,-1,1,-1,15,20,699,857,880,9,5,40,False
L,5,0,-1,1,-1,15,21,674,857,880,10,5,40,False
L,5,0,-1,1,-1,15,22,648,857,880,12,5,40,False
L,5,0,-1,1,-1,15,23,623,857,880,14,5,40,False
L,5,0,-1,1,-1,15,24,596,857,880,16,4,40,False
L,5,0,-1,1,-1,15,25,569,857,880,18,4,40,False
L,5,0,-1,1,-1,15,26,541,857,880,19,4,40,False
L,5,0,-1,1,-1,15,27,512,857,880,20,4,40,False
L,5,0,-1,1,-1,16,11,610,857,880,0,0,40,False
L,5,0,-1,1,-1,16,12,639,857,880,0,0,40,False
L,5,0,-1,1,-1,16,13,667,857,880,0,0,40,False
L,5,0,-1,1,-1,16,14,694,857,880,0,0,40,False
L,5,0,-1,1,-1,16,15,720,857,880,0,0,40,False
L,5,0,-1,1,-1,16,16,745,857,880,0,0,40,False
L,5,0,-1,1,-1,16,17,760,857,880,0,0,40,False
L,5,0,-1,1,-1,16,18,765,857,880,6,6,40,False
L,5,0,-1,1,-1,16,19,754,857,880,9,6,40,False
L,5,0,-1,1,-1,16,20,730,857,880,10,6,40,False
L,5,0,-1,1,-1,16,21,704,857,880,12,6,40,False
L,5,0,-1,1,-1,16,22,679,857,880,14,6,40,False
L,5,0,-1,1,-1,16,23,652,857,880,17,6,40,False
L,5,0,-1,1,-1,16,24,625,857,880,19,5,40,False
L,5,0,-1,1,-1,16,25,597,857,880,20,5,40,False
L,5,0,-1,1,-1,16,26,567,857,880,22,5,40,False
L,5,0,-1,1,-1,16,27,537,857,880,23,4,40,False
L,5,0,-1,1,-1,17,11,607,857,880,0,0,40,False
L,5,0,-1,1,-1,17,12,637,857,880,0,0,40,False
L,5,0,-1,1,-1,17,13,667,857,880,0,0,40,False
L,5,0,-1,1,-1,17,14,696,857,880,0,0,40,False
L,5,0,-1,1,-1,17,15,724,857,880,0,0,40,False
L,5,0,-1,1,-1,17,16,751,857,880,0,0,40,False
L,5,0,-1,1,-1,17,17,769,857,880,0,0,40,False
L,5,0,-1,1,-1,17,18,779,857,880,6,6,40,False
L,5,0,-1,1,-1,17,19,774,857,880,9,7,40,False
L,5,0,-1,1,-1,17,20,760,857,880,12,7,40,False
L,5,0,-1,1,-1,17,21,734,857,880,14,7,40,False
L,5,0,-1,1,-1,17,22,708,857,880,17,7,40,False
L,5,0,-1,1,-1,17,23,681,857,880,20,7,40,False
L,5,0,-1,1,-1,17,24,653,857,880,23,7,40,False
L,5,0,-1,1,-1,17,25,623,857,880,25,6,40,False
L,5,0,-1,1,-1,17,26,592,857,880,27,6,40,False
L,5,0,-1,1,-1,17,27,561,857,880,28,5,40,False
L,5,0,-1,1,-1,18,11,598,857,880,0,0,40,False
L,5,0,-1,1,-1,18,12,632,857,880,0,0,40,False
L,5,0,-1,1,-1,18,13,663,857,880,0,0,40,False
L,5,0,-1,1,-1,18,14,694,857,880,0,0,40,False
L,5,0,-1,1,-1,18,15,724,857,880,0,0,40,False
L,5,0,-1,1,-1,18,16,753,857,880,0,0,40,False
L,5,0,-1,1,-1,18,17,769,857,880,0,0,40,False
L,5,0,-1,1,-1,18,18,781,857,880,2,1,40,False
L,5,0,-1,1,-1,18,19,785,857,880,12,8,40,False
L,5,0,-1,1,-1,18,20,775,857,880,17,8,40,False
L,5,0,-1,1,-1,18,21,762,857,880,21,8,40,False
L,5,0,-1,1,-1,18,22,736,857,880,27,8,40,False
L,5,0,-1,1,-1,18,23,708,857,880,31,8,40,False
L,5,0,-1,1,-1,18,24,678,857,880,34,8,40,False
L,5,0,-1,1,-1,18,25,647,857,880,35,7,40,False
L,5,0,-1,1,-1,18,26,616,857,880,35,7,40,False
L,5,0,-1,1,-1,18,27,584,857,880,34,7,40,False
L,5,0,-1,1,-1,19,11,583,857,880,0,0,40,False
L,5,0,-1,1,-1,19,12,616,857,880,0,0,40,False
L,5,0,-1,1,-1,19,13,650,857,880,0,0,40,False
L,5,0,-1,1,-1,19,14,684,857,880,0,0,40,False
L,5,0,-1,1,-1,19,15,717,857,880,0,0,40,False
L,5,0,-1,1,-1,19,16,743,857,880,1,0,40,False
L,5,0,-1,1,-1,19,17,760,857,880,2,0,40,False
L,5,0,-1,1,-1,19,18,775,857,880,3,0,40,False
L,5,0,-1,1,-1,19,19,786,857,880,16,9,40,False
L,5,0,-1,1,-1,19,20,783,857,880,25,10,40,False
L,5,0,-1,1,-1,19,21,772,857,880,32,10,40,False
L,5,0,-1,1,-1,19,22,756,857,880,36,10,40,False
L,5,0,-1,1,-1,19,23,730,857,880,39,10,40,False
L,5,0,-1,1,-1,19,24,702,857,880,40,10,40,False
L,5,0,-1,1,-1,19,25,670,857,880,40,9,40,False
L,5,0,-1,1,-1,19,26,636,857,880,39,8,40,False
L,5,0,-1,1,-1,19,27,603,857,880,38,8,40,False
L,5,0,-1,1,-1,20,11,565,857,880,0,0,40,False
L,5,0,-1,1,-1,20,12,598,857,880,0,0,40,False
L,5,0,-1,1,-1,20,13,631,857,880,0,0,40,False
L,5,0,-1,1,-1,20,14,663,857,880,1,0,40,False
L,5,0,-1,1,-1,20,15,692,857,880,2,0,40,False
L,5,0,-1,1,-1,20,16,721,857,880,3,0,40,False
L,5,0,-1,1,-1,20,17,744,857,880,5,0,40,False
L,5,0,-1,1,-1,20,18,762,857,880,7,0,40,False
L,5,0,-1,1,-1,20,19,776,857,880,17,3,40,False
L,5,0,-1,1,-1,20,20,784,857,880,33,11,40,False
L,5,0,-1,1,-1,20,21,775,857,880,37,11,40,False
L,5,0,-1,1,-1,20,22,759,857,880,40,11,40,False
L,5,0,-1,1,-1,20,23,739,857,880,40,11,40,False
L,5,0,-1,1,-1,20,24,710,857,880,40,11,40,False
L,5,0,-1,1,-1,20,25,679,857,880,40,11,40,False
L,5,0,-1,1,-1,20,26,648,857,880,40,10,40,False
L,5,0,-1,1,-1,20,27,616,857,880,40,10,40,False
L,5,0,-1,1,-1,21,11,545,857,880,0,0,40,False
L,5,0,-1,1,-1,21,12,577,857,880,0,0,40,False
L,5,0,-1,1,-1,21,13,607,857,880,1,0,40,False
L,5,0,-1,1,-1,21,14,637,857,880,2,0,40,False
L,5,0,-1,1,-1,21,15,666,857,880,4,0,40,False
L,5,0,-1,1,-1,21,16,694,857,880,6,0,40,False
L,5,0,-1,1,-1,21,17,717,857,880,8,0,40,False
L,5,0,-1,1,-1,21,18,738,857,880,11,0,40,False
L,5,0,-1,1,-1,21,19,757,857,880,20,2,40,False
L,5,0,-1,1,-1,21,20,772,857,880,37,13,40,False
L,5,0,-1,1,-1,21,21,772,857,880,40,13,40,False
L,5,0,-1,1,-1,21,22,755,857,880,40,13,40,False
L,5,0,-1,1,-1,21,23,734,857,880,40,13,40,False
L,5,0,-1,1,-1,21,24,711,857,880,40,13,40,False
L,5,0,-1,1,-1,21,25,683,857,880,40,12,40,False
L,5,0,-1,1,-1,21,26,653,857,880,40,11,40,False
L,5,0,-1,1,-1,21,27,623,857,880,40,11,40,False
L,5,0,-1,1,-1,22,11,522,857,880,0,0,40,False
L,5,0,-1,1,-1,22,12,551,857,880,1,0,40,False
L,5,0,-1,1,-1,22,13,581,857,880,2,0,40,False
L,5,0,-1,1,-1,22,14,610,857,880,4,0,40,False
L,5,0,-1,1,-1,22,15,638,857,880,6,0,40,False
L,5,0,-1,1,-1,22,16,665,857,880,8,0,40,False
L,5,0,-1,1,-1,22,17,688,857,880,10,0,40,False
L,5,0,-1,1,-1,22,18,709,857,880,15,0,40,False
L,5,0,-1,1,-1,22,19,728,857,880,23,2,40,False
L,5,0,-1,1,-1,22,20,745,857,880,33,8,40,False
L,5,0,-1,1,-1,22,21,755,857,880,40,15,40,False
L,5,0,-1,1,-1,22,22,744,857,880,40,15,40,False
L,5,0,-1,1,-1,22,23,725,857,880,40,15,40,False
L,5,0,-1,1,-1,22,24,704,857,880,40,15,40,False
L,5,0,-1,1,-1,22,25,681,857,880,40,14,40,False
L,5,0,-1,1,-1,22,26,654,857,880,40,13,40,False
L,5,0,-1,1,-1,22,27,625,857,880,40,13,40,False
L,5,0,-1,1,-1,23,11,496,857,880,1,0,40,False
L,5,0,-1,1,-1,23,12,525,857,880,2,0,40,False
L,5,0,-1,1,-1,23,13,554,857,880,4,0,40,False
L,5,0,-1,1,-1,23,14,582,857,880,6,0,40,False
L,5,0,-1,1,-1,23,15,609,857,880,8,0,40,False
L,5,0,-1,1,-1,23,16,635,857,880,10,0,40,False
L,5,0,-1,1,-1,23,17,658,857,880,13,0,40,False
L,5,0,-1,1,-1,23,18,679,857,880,18,0,40,False
L,5,0,-1,1,-1,23,19,698,857,880,26,3,40,False
L,5,0,-1,1,-1,23,20,713,857,880,30,7,40,False
L,5,0,-1,1,-1,23,21,723,857,880,39,16,40,False
L,5,0,-1,1,-1,23,22,721,857,880,40,17,40,False
L,5,0,-1,1,-1,23,23,711,857,880,40,17,40,False
L,5,0,-1,1,-1,23,24,694,857,880,40,17,40,False
L,5,0,-1,1,-1,23,25,673,857,880,40,16,40,False
L,5,0,-1,1,-1,23,26,650,857,880,40,15,40,False
L,5,0,-1,1,-1,23,27,624,857,880,40,15,40,False
L,5,0,-1,1,-1,24,11,470,857,880,2,0,40,False
L,5,0,-1,1,-1,24,12,498,857,880,4,0,40,False
L,5,0,-1,1,-1,24,13,526,857,880,6,0,40,False
L,5,0,-1,1,-1,24,14,553,857,880,8,0,40,False
L,5,0,-1,1,-1,24,15,579,857,880,10,0,40,False
L,5,0,-1,1,-1,24,16,604,857,880,12,0,40,False
L,5,0,-1,1,-1,24,17,627,857,880,15,0,40,False
L,5,0,-1,1,-1,24,18,648,857,880,20,1,40,False
L,5,0,-1,1,-1,24,19,666,857,880,25,4,40,False
L,5,0,-1,1,-1,24,20,679,857,880,28,7,40,False
L,5,0,-1,1,-1,24,21,689,857,880,33,12,40,False
L,5,0,-1,1,-1,24,22,694,857,880,39,18,40,False
L,5,0,-1,1,-1,24,23,687,857,880,40,19,40,False
L,5,0,-1,1,-1,24,24,676,857,880,40,18,40,False
L,5,0,-1,1,-1,24,25,661,857,880,40,17,40,False
L,5,0,-1,1,-1,24,26,641,857,880,40,17,40,False
L,5,0,-1,1,-1,24,27,618,857,880,40,17,40,False
L,5,0,-1,1,-1,25,11,443,857,880,4,0,40,False
L,5,0,-1,1,-1,25,12,470,857,880,6,0,40,False
L,5,0,-1,1,-1,25,13,497,857,880,8,0,40,False
L,5,0,-1,1,-1,25,14,523,857,880,9,0,40,False
L,5,0,-1,1,-1,25,15,548,857,880,11,0,40,False
L,5,0,-1,1,-1,25,16,572,857,880,13,0,40,False
L,5,0,-1,1,-1,25,17,595,857,880,16,0,40,False
L,5,0,-1,1,-1,25,18,615,857,880,20,2,40,False
L,5,0,-1,1,-1,25,19,632,857,880,24,5,40,False
L,5,0,-1,1,-1,25,20,645,857,880,27,8,40,False
L,5,0,-1,1,-1,25,21,655,857,880,30,11,40,False
L,5,0,-1,1,-1,25,22,663,857,880,38,19,40,False
L,5,0,-1,1,-1,25,23,661,857,880,39,20,40,False
L,5,0,-1,1,-1,25,24,653,857,880,40,20,40,False
L,5,0,-1,1,-1,25,25,641,857,880,40,19,40,False
L,5,0,-1,1,-1,25,26,626,857,880,40,19,40,False
L,5,0,-1,1,-1,25,27,607,857,880,40,18,40,False
L,5,0,-1,1,-1,26,11,415,857,880,5,0,40,False
L,5,0,-1,1,-1,26,12,441,857,880,7,0,40,False
L,5,0,-1,1,-1,26,13,467,857,880,8,0,40,False
L,5,0,-1,1,-1,26,14,492,857,880,9,0,40,False
L,5,0,-1,1,-1,26,15,516,857,880,11,0,40,False
L,5,0,-1,1,-1,26,16,539,857,880,13,0,40,False
L,5,0,-1,1,-1,26,17,561,857,880,16,1,40,False
L,5,0,-1,1,-1,26,18,581,857,880,20,4,40,False
L,5,0,-1,1,-1,26,19,598,857,880,23,7,40,False
L,5,0,-1,1,-1,26,20,611,857,880,25,9,40,False
L,5,0,-1,1,-1,26,21,621,857,880,28,12,40,False
L,5,0,-1,1,-1,26,22,630,857,880,33,17,40,False
L,5,0,-1,1,-1,26,23,635,857,880,38,21,40,False
L,5,0,-1,1,-1,26,24,628,857,880,39,21,40,False
L,5,0,-1,1,-1,26,25,619,857,880,40,21,40,False
L,5,0,-1,1,-1,26,26,606,857,880,40,21,40,False
L,5,0,-1,1,-1,26,27,591,857,880,40,20,40,False
L,5,0,-1,1,-1,27,11,386,857,880,5,0,40,False
L,5,0,-1,1,-1,27,12,411,857,880,7,0,40,False
L,5,0,-1,1,-1,27,13,436,857,880,8,0,40,False
L,5,0,-1,1,-1,27,14,460,857,880,9,0,40,False
L,5,0,-1,1,-1,27,15,483,857,880,11,1,40,False
L,5,0,-1,1,-1,27,16,506,857,880,13,2,40,False
L,5,0,-1,1,-1,27,17,527,857,880,16,4,40,False
L,5,0,-1,1,-1,27,18,547,857,880,19,7,40,False
L,5,0,-1,1,-1,27,19,564,857,880,22,10,40,False
L,5,0,-1,1,-1,27,20,577,857,880,24,12,40,False
L,5,0,-1,1,-1,27,21,588,857,880,27,14,40,False
L,5,0,-1,1,-1,27,22,597,857,880,30,16,40,False
L,5,0,-1,1,-1,27,23,604,857,880,37,22,40,False
L,5,0,-1,1,-1,27,24,603,857,880,38,22,40,False
L,5,0,-1,1,-1,27,25,595,857,880,39,23,40,False
L,5,0,-1,1,-1,27,26,585,857,880,40,23,40,False
L,5,0,-1,1,-1,27,27,571,857,880,40,22,40,False
L,6,0,1,-1,1,11,13,583,857,880,0,0,40,False
L,6,0,1,-1,1,11,14,601,857,880,0,0,40,False
L,6,0,1,-1,1,11,15,616,857,880,0,0,40,False
L,6,0,1,-1,1,11,16,621,857,880,0,0,40,False
L,6,0,1,-1,1,11,17,619,857,880,1,0,40,False
L,6,0,1,-1,1,11,18,613,857,880,2,0,40,False
L,6,0,1,-1,1,11,19,602,857,880,3,1,40,False
L,6,0,1,-1,1,11,20,588,857,880,4,3,40,False
L,6,0,1,-1,1,11,21,572,857,880,6,5,40,False
L,6,0,1,-1,1,11,22,553,857,880,6,6,40,False
L,6,0,1,-1,1,11,23,533,857,880,7,7,40,False
L,6,0,1,-1,1,11,24,511,857,880,8,8,40,False
L,6,0,1,-1,1,11,25,488,857,880,9,9,40,False
L,6,0,1,-1,1,11,26,463,857,880,10,10,40,False
L,6,0,1,-1,1,11,27,437,857,880,10,10,40,False
L,6,0,1,-1,1,11,28,412,857,880,12,12,40,False
L,6,0,1,-1,1,11,29,386,857,880,13,13,40,False
L,6,0,1,-1,1,12,13,597,857,880,0,0,40,False
L,6,0,1,-1,1,12,14,617,857,880,0,0,40,False
L,6,0,1,-1,1,12,15,636,857,880,0,0,40,False
L,6,0,1,-1,1,12,16,651,857,880,0,0,40,False
L,6,0,1,-1,1,12,17,651,857,880,1,0,40,False
L,6,0,1,-1,1,12,18,646,857,880,2,0,40,False
L,6,0,1,-1,1,12,19,636,857,880,3,0,40,False
L,6,0,1,-1,1,12,20,622,857,880,4,2,40,False
L,6,0,1,-1,1,12,21,606,857,880,6,5,40,False
L,6,0,1,-1,1,12,22,587,857,880,7,6,40,False
L,6,0,1,-1,1,12,23,566,857,880,8,7,40,False
L,6,0,1,-1,1,12,24,544,857,880,9,9,40,False
L,6,0,1,-1,1,12,25,519,857,880,10,10,40,False
L,6,0,1,-1,1,12,26,493,857,880,11,11,40,False
L,6,0,1,-1,1,12,27,468,857,880,12,12,40,False
L,6,0,1,-1,1,12,28,441,857,880,14,14,40,False
L,6,0,1,-1,1,12,29,415,857,880,15,15,40,False
L,6,0,1,-1,1,13,13,609,857,880,0,0,40,False
L,6,0,1,-1,1,13,14,631,857,880,0,0,40,False
L,6,0,1,-1,1,13,15,652,857,880,0,0,40,False
L,6,0,1,-1,1,13,16,671,857,880,0,0,40,False
L,6,0,1,-1,1,13,17,682,857,880,1,0,40,False
L,6,0,1,-1,1,13,18,679,857,880,2,0,40,False
L,6,0,1,-1,1,13,19,670,857,880,3,0,40,False
L,6,0,1,-1,1,13,20,656,857,880,4,1,40,False
L,6,0,1,-1,1,13,21,640,857,880,6,4,40,False
L,6,0,1,-1,1,13,22,621,857,880,8,6,40,False
L,6,0,1,-1,1,13,23,600,857,880,9,8,40,False
L,6,0,1,-1,1,13,24,575,857,880,10,9,40,False
L,6,0,1,-1,1,13,25,549,857,880,12,11,40,False
L,6,0,1,-1,1,13,26,524,857,880,13,13,40,False
L,6,0,1,-1,1,13,27,497,857,880,14,14,40,False
L,6,0,1,-1,1,13,28,470,857,880,16,16,40,False
L,6,0,1,-1,1,13,29,443,857,880,17,17,40,False
L,6,0,1,-1,1,14,13,619,857,880,0,0,40,False
L,6,0,1,-1,1,14,14,643,857,880,0,0,40,False
L,6,0,1,-1,1,14,15,665,857,880,0,0,40,False
L,6,0,1,-1,1,14,16,687,857,880,0,0,40,False
L,6,0,1,-1,1,14,17,706,857,880,0,0,40,False
L,6,0,1,-1,1,14,18,712,857,880,2,0,40,False
L,6,0,1,-1,1,14,19,704,857,880,3,0,40,False
L,6,0,1,-1,1,14,20,690,857,880,4,0,40,False
L,6,0,1,-1,1,14,21,674,857,880,6,3,40,False
L,6,0,1,-1,1,14,22,655,857,880,9,7,40,False
L,6,0,1,-1,1,14,23,631,857,880,10,8,40,False
L,6,0,1,-1,1,14,24,605,857,880,12,10,40,False
L,6,0,1,-1,1,14,25,580,857,880,14,13,40,False
L,6,0,1,-1,1,14,26,553,857,880,15,14,40,False
L,6,0,1,-1,1,14,27,526,857,880,17,16,40,False
L,6,0,1,-1,1,14,28,498,857,880,19,19,40,False
L,6,0,1,-1,1,14,29,470,857,880,19,19,40,False
L,6,0,1,-1,1,15,13,625,857,880,0,0,40,False
L,6,0,1,-1,1,15,14,651,857,880,0,0,40,False
L,6,0,1,-1,1,15,15,676,857,880,0,0,40,False
L,6,0,1,-1,1,15,16,700,857,880,0,0,40,False
L,6,0,1,-1,1,15,17,722,857,880,0,0,40,False
L,6,0,1,-1,1,15,18,737,857,880,2,0,40,False
L,6,0,1,-1,1,15,19,738,857,880,3,0,40,False
L,6,0,1,-1,1,15,20,724,857,880,4,0,40,False
L,6,0,1,-1,1,15,21,707,857,880,6,2,40,False
L,6,0,1,-1,1,15,22,685,857,880,9,6,40,False
L,6,0,1,-1,1,15,23,661,857,880,12,9,40,False
L,6,0,1,-1,1,15,24,636,857,880,14,12,40,False
L,6,0,1,-1,1,15,25,609,857,880,16,14,40,False
L,6,0,1,-1,1,15,26,582,857,880,18,16,40,False
L,6,0,1,-1,1,15,27,554,857,880,20,19,40,False
L,6,0,1,-1,1,15,28,525,857,880,21,20,40,False
L,6,0,1,-1,1,15,29,495,857,880,21,20,40,False
L,6,0,1,-1,1,16,13,628,857,880,0,0,40,False
L,6,0,1,-1,1,16,14,656,857,880,0,0,40,False
L,6,0,1,-1,1,16,15,683,857,880,0,0,40,False
L,6,0,1,-1,1,16,16,709,857,880,0,0,40,False
L,6,0,1,-1,1,16,17,734,857,880,0,0,40,False
L,6,0,1,-1,1,16,18,756,857,880,1,0,40,False
L,6,0,1,-1,1,16,19,765,857,880,3,0,40,False
L,6,0,1,-1,1,16,20,756,857,880,4,0,40,False
L,6,0,1,-1,1,16,21,736,857,880,6,1,40,False
L,6,0,1,-1,1,16,22,714,857,880,10,6,40,False
L,6,0,1,-1,1,16,23,691,857,880,14,11,40,False
L,6,0,1,-1,1,16,24,665,857,880,17,14,40,False
L,6,0,1,-1,1,16,25,638,857,880,19,16,40,False
L,6,0,1,-1,1,16,26,610,857,880,21,19,40,False
L,6,0,1,-1,1,16,27,580,857,880,23,21,40,False
L,6,0,1,-1,1,16,28,550,857,880,24,22,40,False
L,6,0,1,-1,1,16,29,519,857,880,24,23,40,False
L,6,0,1,-1,1,17,13,626,857,880,0,0,40,False
L,6,0,1,-1,1,17,14,656,857,880,0,0,40,False
L,6,0,1,-1,1,17,15,685,857,880,0,0,40,False
L,6,0,1,-1,1,17,16,713,857,880,0,0,40,False
L,6,0,1,-1,1,17,17,740,857,880,0,0,40,False
L,6,0,1,-1,1,17,18,766,857,880,0,0,40,False
L,6,0,1,-1,1,17,19,781,857,880,3,0,40,False
L,6,0,1,-1,1,17,20,775,857,880,4,0,40,False
L,6,0,1,-1,1,17,21,764,857,880,6,0,40,False
L,6,0,1,-1,1,17,22,742,857,880,11,6,40,False
L,6,0,1,-1,1,17,23,719,857,880,17,13,40,False
L,6,0,1,-1,1,17,24,694,857,880,21,17,40,False
L,6,0,1,-1,1,17,25,666,857,880,24,21,40,False
L,6,0,1,-1,1,17,26,636,857,880,26,23,40,False
L,6,0,1,-1,1,17,27,605,857,880,28,25,40,False
L,6,0,1,-1,1,17,28,574,857,880,28,26,40,False
L,6,0,1,-1,1,17,29,542,857,880,28,26,40,False
L,6,0,1,-1,1,18,13,620,857,880,0,0,40,False
L,6,0,1,-1,1,18,14,651,857,880,0,0,40,False
L,6,0,1,-1,1,18,15,683,857,880,0,0,40,False
L,6,0,1,-1,1,18,16,713,857,880,0,0,40,False
L,6,0,1,-1,1,18,17,741,857,880,0,0,40,False
L,6,0,1,-1,1,18,18,764,857,880,1,1,40,False
L,6,0,1,-1,1,18,19,785,857,880,4,2,40,False
L,6,0,1,-1,1,18,20,784,857,880,7,3,40,False
L,6,0,1,-1,1,18,21,778,857,880,10,4,40,False
L,6,0,1,-1,1,18,22,768,857,880,18,11,40,False
L,6,0,1,-1,1,18,23,746,857,880,28,23,40,False
L,6,0,1,-1,1,18,24,721,857,880,32,28,40,False
L,6,0,1,-1,1,18,25,691,857,880,35,31,40,False
L,6,0,1,-1,1,18,26,660,857,880,36,32,40,False
L,6,0,1,-1,1,18,27,629,857,880,35,32,40,False
L,6,0,1,-1,1,18,28,596,857,880,34,31,40,False
L,6,0,1,-1,1,18,29,563,857,880,33,30,40,False
L,6,0,1,-1,1,19,13,604,857,880,0,0,40,False
L,6,0,1,-1,1,19,14,638,857,880,0,0,40,False
L,6,0,1,-1,1,19,15,672,857,880,0,0,40,False
L,6,0,1,-1,1,19,16,704,857,880,0,0,40,False
L,6,0,1,-1,1,19,17,730,857,880,1,1,40,False
L,6,0,1,-1,1,19,18,754,857,880,2,2,40,False
L,6,0,1,-1,1,19,19,776,857,880,4,4,40,False
L,6,0,1,-1,1,19,20,788,857,880,10,6,40,False
L,6,0,1,-1,1,19,21,784,857,880,16,10,40,False
L,6,0,1,-1,1,19,22,776,857,880,27,19,40,False
L,6,0,1,-1,1,19,23,764,857,880,36,29,40,False
L,6,0,1,-1,1,19,24,743,857,880,39,34,40,False
L,6,0,1,-1,1,19,25,715,857,880,40,35,40,False
L,6,0,1,-1,1,19,26,682,857,880,40,36,40,False
L,6,0,1,-1,1,19,27,648,857,880,39,35,40,False
L,6,0,1,-1,1,19,28,615,857,880,38,34,40,False
L,6,0,1,-1,1,19,29,582,857,880,36,33,40,False
L,6,0,1,-1,1,20,13,586,857,880,0,0,40,False
L,6,0,1,-1,1,20,14,619,857,880,0,0,40,False
L,6,0,1,-1,1,20,15,650,857,880,1,1,40,False
L,6,0,1,-1,1,20,16,679,857,880,2,2,40,False
L,6,0,1,-1,1,20,17,708,857,880,3,3,40,False
L,6,0,1,-1,1,20,18,736,857,880,5,5,40,False
L,6,0,1,-1,1,20,19,760,857,880,7,7,40,False
L,6,0,1,-1,1,20,20,778,857,880,13,10,40,False
L,6,0,1,-1,1,20,21,783,857,880,21,15,40,False
L,6,0,1,-1,1,20,22,777,857,880,32,23,40,False
L,6,0,1,-1,1,20,23,767,857,880,40,31,40,False
L,6,0,1,-1,1,20,24,750,857,880,40,33,40,False
L,6,0,1,-1,1,20,25,721,857,880,40,34,40,False
L,6,0,1,-1,1,20,26,691,857,880,40,35,40,False
L,6,0,1,-1,1,20,27,660,857,880,40,35,40,False
L,6,0,1,-1,1,20,28,628,857,880,40,36,40,False
L,6,0,1,-1,1,20,29,595,857,880,40,36,40,False
L,6,0,1,-1,1,21,13,564,857,880,0,0,40,False
L,6,0,1,-1,1,21,14,594,857,880,1,1,40,False
L,6,0,1,-1,1,21,15,624,857,880,2,2,40,False
L,6,0,1,-1,1,21,16,653,857,880,4,4,40,False
L,6,0,1,-1,1,21,17,681,857,880,6,6,40,False
L,6,0,1,-1,1,21,18,708,857,880,8,8,40,False
L,6,0,1,-1,1,21,19,734,857,880,10,10,40,False
L,6,0,1,-1,1,21,20,757,857,880,13,13,40,False
L,6,0,1,-1,1,21,21,772,857,880,24,18,40,False
L,6,0,1,-1,1,21,22,774,857,880,35,26,40,False
L,6,0,1,-1,1,21,23,764,857,880,40,29,40,False
L,6,0,1,-1,1,21,24,746,857,880,40,31,40,False
L,6,0,1,-1,1,21,25,722,857,880,40,33,40,False
L,6,0,1,-1,1,21,26,694,857,880,40,33,40,False
L,6,0,1,-1,1,21,27,664,857,880,40,34,40,False
L,6,0,1,-1,1,21,28,634,857,880,40,35,40,False
L,6,0,1,-1,1,21,29,603,857,880,40,35,40,False
L,6,0,1,-1,1,22,13,538,857,880,1,1,40,False
L,6,0,1,-1,1,22,14,568,857,880,2,2,40,False
L,6,0,1,-1,1,22,15,597,857,880,4,4,40,False
L,6,0,1,-1,1,22,16,625,857,880,6,6,40,False
L,6,0,1,-1,1,22,17,652,857,880,8,8,40,False
L,6,0,1,-1,1,22,18,678,857,880,10,10,40,False
L,6,0,1,-1,1,22,19,703,857,880,12,12,40,False
L,6,0,1,-1,1,22,20,726,857,880,15,15,40,False
L,6,0,1,-1,1,22,21,747,857,880,24,20,40,False
L,6,0,1,-1,1,22,22,757,857,880,35,25,40,False
L,6,0,1,-1,1,22,23,754,857,880,40,28,40,False
L,6,0,1,-1,1,22,24,738,857,880,40,29,40,False
L,6,0,1,-1,1,22,25,716,857,880,40,31,40,False
L,6,0,1,-1,1,22,26,692,857,880,40,32,40,False
L,6,0,1,-1,1,22,27,665,857,880,40,33,40,False
L,6,0,1,-1,1,22,28,636,857,880,40,33,40,False
L,6,0,1,-1,1,22,29,607,857,880,40,34,40,False
L,6,0,1,-1,1,23,13,512,857,880,2,2,40,False
L,6,0,1,-1,1,23,14,541,857,880,4,4,40,False
L,6,0,1,-1,1,23,15,569,857,880,6,6,40,False
L,6,0,1,-1,1,23,16,596,857,880,8,8,40,False
L,6,0,1,-1,1,23,17,622,857,880,9,9,40,False
L,6,0,1,-1,1,23,18,647,857,880,11,11,40,False
L,6,0,1,-1,1,23,19,671,857,880,13,13,40,False
L,6,0,1,-1,1,23,20,694,857,880,16,16,40,False
L,6,0,1,-1,1,23,21,714,857,880,20,20,40,False
L,6,0,1,-1,1,23,22,728,857,880,34,24,40,False
L,6,0,1,-1,1,23,23,731,857,880,40,26,40,False
L,6,0,1,-1,1,23,24,725,857,880,40,28,40,False
L,6,0,1,-1,1,23,25,707,857,880,40,29,40,False
L,6,0,1,-1,1,23,26,685,857,880,40,30,40,False
L,6,0,1,-1,1,23,27,661,857,880,40,31,40,False
L,6,0,1,-1,1,23,28,635,857,880,40,32,40,False
L,6,0,1,-1,1,23,29,607,857,880,40,33,40,False
L,6,0,1,-1,1,24,13,485,857,880,3,3,40,False
L,6,0,1,-1,1,24,14,513,857,880,5,5,40,False
L,6,0,1,-1,1,24,15,540,857,880,7,7,40,False
L,6,0,1,-1,1,24,16,566,857,880,8,8,40,False
L,6,0,1,-1,1,24,17,591,857,880,9,9,40,False
L,6,0,1,-1,1,24,18,615,857,880,11,11,40,False
L,6,0,1,-1,1,24,19,638,857,880,13,13,40,False
L,6,0,1,-1,1,24,20,660,857,880,16,16,40,False
L,6,0,1,-1,1,24,21,680,857,880,20,20,40,False
L,6,0,1,-1,1,24,22,697,857,880,32,23,40,False
L,6,0,1,-1,1,24,23,704,857,880,39,24,40,False
L,6,0,1,-1,1,24,24,701,857,880,40,26,40,False
L,6,0,1,-1,1,24,25,690,857,880,40,28,40,False
L,6,0,1,-1,1,24,26,674,857,880,40,29,40,False
L,6,0,1,-1,1,24,27,653,857,880,40,29,40,False
L,6,0,1,-1,1,24,28,629,857,880,40,30,40,False
L,6,0,1,-1,1,24,29,604,857,880,40,31,40,False
L,6,0,1,-1,1,25,13,457,857,880,3,3,40,False
L,6,0,1,-1,1,25,14,484,857,880,5,5,40,False
L,6,0,1,-1,1,25,15,510,857,880,7,7,40,False
L,6,0,1,-1,1,25,16,535,857,880,8,8,40,False
L,6,0,1,-1,1,25,17,559,857,880,9,9,40,False
L,6,0,1,-1,1,25,18,582,857,880,11,11,40,False
L,6,0,1,-1,1,25,19,605,857,880,13,13,40,False
L,6,0,1,-1,1,25,20,626,857,880,16,16,40,False
L,6,0,1,-1,1,25,21,646,857,880,20,19,40,False
L,6,0,1,-1,1,25,22,663,857,880,28,22,40,False
L,6,0,1,-1,1,25,23,675,857,880,38,23,40,False
L,6,0,1,-1,1,25,24,675,857,880,39,24,40,False
L,6,0,1,-1,1,25,25,667,857,880,40,26,40,False
L,6,0,1,-1,1,25,26,655,857,880,40,27,40,False
L,6,0,1,-1,1,25,27,639,857,880,40,28,40,False
L,6,0,1,-1,1,25,28,619,857,880,40,29,40,False
L,6,0,1,-1,1,25,29,596,857,880,40,29,40,False
L,6,0,1,-1,1,26,13,429,857,880,3,3,40,False
L,6,0,1,-1,1,26,14,455,857,880,5,5,40,False
L,6,0,1,-1,1,26,15,480,857,880,7,7,40,False
L,6,0,1,-1,1,26,16,504,857,880,8,8,40,False
L,6,0,1,-1,1,26,17,527,857,880,9,9,40,False
L,6,0,1,-1,1,26,18,550,857,880,11,11,40,False
L,6,0,1,-1,1,26,19,572,857,880,13,13,40,False
L,6,0,1,-1,1,26,20,592,857,880,16,16,40,False
L,6,0,1,-1,1,26,21,612,857,880,20,18,40,False
L,6,0,1,-1,1,26,22,629,857,880,26,20,40,False
L,6,0,1,-1,1,26,23,642,857,880,36,22,40,False
L,6,0,1,-1,1,26,24,648,857,880,38,23,40,False
L,6,0,1,-1,1,26,25,642,857,880,39,24,40,False
L,6,0,1,-1,1,26,26,633,857,880,40,25,40,False
L,6,0,1,-1,1,26,27,620,857,880,40,26,40,False
L,6,0,1,-1,1,26,28,604,857,880,40,27,40,False
L,6,0,1,-1,1,26,29,584,857,880,40,28,40,False
L,6,0,1,-1,1,27,13,401,857,880,3,3,40,False
L,6,0,1,-1,1,27,14,426,857,880,5,5,40,False
L,6,0,1,-1,1,27,15,450,857,880,7,7,40,False
L,6,0,1,-1,1,27,16,473,857,880,8,8,40,False
L,6,0,1,-1,1,27,17,496,857,880,9,9,40,False
L,6,0,1,-1,1,27,18,518,857,880,11,11,40,False
L,6,0,1,-1,1,27,19,539,857,880,13,13,40,False
L,6,0,1,-1,1,27,20,559,857,880,16,15,40,False
L,6,0,1,-1,1,27,21,578,857,880,20,17,40,False
L,6,0,1,-1,1,27,22,595,857,880,26,18,40,False
L,6,0,1,-1,1,27,23,608,857,880,32,20,40,False
L,6,0,1,-1,1,27,24,618,857,880,37,22,40,False
L,6,0,1,-1,1,27,25,616,857,880,38,23,40,False
L,6,0,1,-1,1,27,26,609,857,880,39,23,40,False
L,6,0,1,-1,1,27,27,599,857,880,40,24,40,False
L,6,0,1,-1,1,27,28,585,857,880,40,25,40,False
L,6,0,1,-1,1,27,29,569,857,880,40,26,40,False
L,7,0,1,1,0,11,11,594,857,880,0,0,40,False
L,7,0,1,1,0,11,12,605,857,880,0,0,40,False
L,7,0,1,1,0,11,13,613,857,880,0,0,40,False
L,7,0,1,1,0,11,14,619,857,880,0,0,40,False
L,7,0,1,1,0,11,15,621,857,880,3,3,40,False
L,7,0,1,1,0,11,16,614,857,880,4,4,40,False
L,7,0,1,1,0,11,17,603,857,880,6,6,40,False
L,7,0,1,1,0,11,18,588,857,880,7,7,40,False
L,7,0,1,1,0,11,19,569,857,880,9,9,40,False
L,7,0,1,1,0,11,20,550,857,880,10,10,40,False
L,7,0,1,1,0,11,21,528,857,880,11,11,40,False
L,7,0,1,1,0,11,22,505,857,880,12,12,40,False
L,7,0,1,1,0,11,23,481,857,880,13,13,40,False
L,7,0,1,1,0,11,24,456,857,880,13,13,40,False
L,7,0,1,1,0,11,25,429,857,880,13,13,40,False
L,7,0,1,1,0,11,26,401,857,880,13,13,40,False
L,7,0,1,1,0,11,27,373,857,880,13,13,40,False
L,7,0,1,1,0,12,11,610,857,880,0,0,40,False
L,7,0,1,1,0,12,12,627,857,880,0,0,40,False
L,7,0,1,1,0,12,13,638,857,880,0,0,40,False
L,7,0,1,1,0,12,14,646,857,880,0,0,40,False
L,7,0,1,1,0,12,15,651,857,880,0,0,40,False
L,7,0,1,1,0,12,16,649,857,880,4,4,40,False
L,7,0,1,1,0,12,17,639,857,880,6,6,40,False
L,7,0,1,1,0,12,18,625,857,880,8,8,40,False
L,7,0,1,1,0,12,19,607,857,880,9,9,40,False
L,7,0,1,1,0,12,20,587,857,880,12,12,40,False
L,7,0,1,1,0,12,21,565,857,880,13,13,40,False
L,7,0,1,1,0,12,22,541,857,880,14,14,40,False
L,7,0,1,1,0,12,23,516,857,880,15,15,40,False
L,7,0,1,1,0,12,24,490,857,880,15,15,40,False
L,7,0,1,1,0,12,25,462,857,880,15,15,40,False
L,7,0,1,1,0,12,26,433,857,880,15,15,40,False
L,7,0,1,1,0,12,27,404,857,880,15,15,40,False
L,7,0,1,1,0,13,11,623,857,880,0,0,40,False
L,7,0,1,1,0,13,12,643,857,880,0,0,40,False
L,7,0,1,1,0,13,13,661,857,880,0,0,40,False
L,7,0,1,1,0,13,14,671,857,880,0,0,40,False
L,7,0,1,1,0,13,15,679,857,880,0,0,40,False
L,7,0,1,1,0,13,16,682,857,880,4,4,40,False
L,7,0,1,1,0,13,17,675,857,880,6,6,40,False
L,7,0,1,1,0,13,18,662,857,880,9,9,40,False
L,7,0,1,1,0,13,19,645,857,880,11,11,40,False
L,7,0,1,1,0,13,20,624,857,880,14,14,40,False
L,7,0,1,1,0,13,21,602,857,880,15,15,40,False
L,7,0,1,1,0,13,22,577,857,880,16,16,40,False
L,7,0,1,1,0,13,23,551,857,880,17,17,40,False
L,7,0,1,1,0,13,24,524,857,880,17,17,40,False
L,7,0,1,1,0,13,25,495,857,880,17,17,40,False
L,7,0,1,1,0,13,26,465,857,880,17,17,40,False
L,7,0,1,1,0,13,27,435,857,880,17,17,40,False
L,7,0,1,1,0,14,11,632,857,880,0,0,40,False
L,7,0,1,1,0,14,12,655,857,880,0,0,40,False
L,7,0,1,1,0,14,13,676,857,880,0,0,40,False
L,7,0,1,1,0,14,14,695,857,880,0,0,40,False
L,7,0,1,1,0,14,15,705,857,880,0,0,40,False
L,7,0,1,1,0,14,16,712,857,880,0,0,40,False
L,7,0,1,1,0,14,17,711,857,880,6,6,40,False
L,7,0,1,1,0,14,18,699,857,880,9,9,40,False
L,7,0,1,1,0,14,19,683,857,880,13,13,40,False
L,7,0,1,1,0,14,20,662,857,880,16,16,40,False
L,7,0,1,1,0,14,21,639,857,880,18,18,40,False
L,7,0,1,1,0,14,22,613,857,880,19,19,40,False
L,7,0,1,1,0,14,23,586,857,880,19,19,40,False
L,7,0,1,1,0,14,24,557,857,880,19,19,40,False
L,7,0,1,1,0,14,25,527,857,880,19,19,40,False
L,7,0,1,1,0,14,26,496,857,880,19,19,40,False
L,7,0,1,1,0,14,27,465,857,880,19,19,40,False
L,7,0,1,1,0,15,11,636,857,880,0,0,40,False
L,7,0,1,1,0,15,12,663,857,880,0,0,40,False
L,7,0,1,1,0,15,13,687,857,880,0,0,40,False
L,7,0,1,1,0,15,14,709,857,880,0,0,40,False
L,7,0,1,1,0,15,15,729,857,880,0,0,40,False
L,7,0,1,1,0,15,16,739,857,880,0,0,40,False
L,7,0,1,1,0,15,17,744,857,880,6,6,40,False
L,7,0,1,1,0,15,18,736,857,880,10,10,40,False
L,7,0,1,1,0,15,19,721,857,880,16,16,40,False
L,7,0,1,1,0,15,20,700,857,880,19,19,40,False
L,7,0,1,1,0,15,21,676,857,880,20,20,40,False
L,7,0,1,1,0,15,22,648,857,880,21,21,40,False
L,7,0,1,1,0,15,23,620,857,880,21,21,40,False
L,7,0,1,1,0,15,24,590,857,880,21,21,40,False
L,7,0,1,1,0,15,25,558,857,880,21,21,40,False
L,7,0,1,1,0,15,26,526,857,880,21,21,40,False
L,7,0,1,1,0,15,27,495,857,880,21,21,40,False
L,7,0,1,1,0,16,11,630,857,880,0,0,40,False
L,7,0,1,1,0,16,12,662,857,880,0,0,40,False
L,7,0,1,1,0,16,13,692,857,880,0,0,40,False
L,7,0,1,1,0,16,14,719,857,880,0,0,40,False
L,7,0,1,1,0,16,15,742,857,880,0,0,40,False
L,7,0,1,1,0,16,16,763,857,880,0,0,40,False
L,7,0,1,1,0,16,17,773,857,880,1,1,40,False
L,7,0,1,1,0,16,18,773,857,880,12,12,40,False
L,7,0,1,1,0,16,19,759,857,880,19,19,40,False
L,7,0,1,1,0,16,20,738,857,880,22,22,40,False
L,7,0,1,1,0,16,21,712,857,880,23,23,40,False
L,7,0,1,1,0,16,22,683,857,880,24,24,40,False
L,7,0,1,1,0,16,23,653,857,880,24,24,40,False
L,7,0,1,1,0,16,24,621,857,880,24,24,40,False
L,7,0,1,1,0,16,25,588,857,880,24,24,40,False
L,7,0,1,1,0,16,26,555,857,880,24,24,40,False
L,7,0,1,1,0,16,27,523,857,880,24,24,40,False
L,7,0,1,1,0,17,11,616,857,880,0,0,40,False
L,7,0,1,1,0,17,12,650,857,880,0,0,40,False
L,7,0,1,1,0,17,13,684,857,880,0,0,40,False
L,7,0,1,1,0,17,14,716,857,880,0,0,40,False
L,7,0,1,1,0,17,15,748,857,880,0,0,40,False
L,7,0,1,1,0,17,16,775,857,880,0,0,40,False
L,7,0,1,1,0,17,17,797,857,880,0,0,40,False
L,7,0,1,1,0,17,18,806,857,880,16,16,40,False
L,7,0,1,1,0,17,19,797,857,880,25,25,40,False
L,7,0,1,1,0,17,20,776,857,880,27,27,40,False
L,7,0,1,1,0,17,21,747,857,880,28,28,40,False
L,7,0,1,1,0,17,22,717,857,880,28,28,40,False
L,7,0,1,1,0,17,23,685,857,880,28,28,40,False
L,7,0,1,1,0,17,24,651,857,880,28,28,40,False
L,7,0,1,1,0,17,25,617,857,880,28,28,40,False
L,7,0,1,1,0,17,26,584,857,880,27,27,40,False
L,7,0,1,1,0,17,27,550,857,880,26,26,40,False
L,7,0,1,1,0,18,11,599,857,880,0,0,40,False
L,7,0,1,1,0,18,12,633,857,880,1,1,40,False
L,7,0,1,1,0,18,13,667,857,880,2,2,40,False
L,7,0,1,1,0,18,14,701,857,880,3,3,40,False
L,7,0,1,1,0,18,15,736,857,880,4,4,40,False
L,7,0,1,1,0,18,16,771,857,880,6,6,40,False
L,7,0,1,1,0,18,17,802,857,880,10,10,40,False
L,7,0,1,1,0,18,18,831,857,880,21,21,40,False
L,7,0,1,1,0,18,19,835,857,880,36,36,40,False
L,7,0,1,1,0,18,20,812,857,880,36,36,40,False
L,7,0,1,1,0,18,21,781,857,880,35,35,40,False
L,7,0,1,1,0,18,22,748,857,880,34,34,40,False
L,7,0,1,1,0,18,23,713,857,880,33,33,40,False
L,7,0,1,1,0,18,24,679,857,880,32,32,40,False
L,7,0,1,1,0,18,25,644,857,880,31,31,40,False
L,7,0,1,1,0,18,26,610,857,880,30,30,40,False
L,7,0,1,1,0,18,27,576,857,880,29,29,40,False
L,7,0,1,1,0,19,11,578,857,880,2,2,40,False
L,7,0,1,1,0,19,12,612,857,880,3,3,40,False
L,7,0,1,1,0,19,13,646,857,880,5,5,40,False
L,7,0,1,1,0,19,14,681,857,880,7,7,40,False
L,7,0,1,1,0,19,15,716,857,880,10,10,40,False
L,7,0,1,1,0,19,16,751,857,880,12,12,40,False
L,7,0,1,1,0,19,17,786,857,880,17,17,40,False
L,7,0,1,1,0,19,18,821,857,880,26,26,40,False
L,7,0,1,1,0,19,19,853,857,880,40,40,40,True
L,7,0,1,1,0,19,20,841,857,880,40,40,40,True
L,7,0,1,1,0,19,21,808,857,880,39,39,40,False
L,7,0,1,1,0,19,22,773,857,880,37,37,40,False
L,7,0,1,1,0,19,23,738,857,880,35,35,40,False
L,7,0,1,1,0,19,24,703,857,880,34,34,40,False
L,7,0,1,1,0,19,25,668,857,880,33,33,40,False
L,7,0,1,1,0,19,26,633,857,880,32,32,40,False
L,7,0,1,1,0,19,27,598,857,880,31,31,40,False
L,7,0,1,1,0,20,11,556,857,880,4,4,40,False
L,7,0,1,1,0,20,12,589,857,880,6,6,40,False
L,7,0,1,1,0,20,13,623,857,880,8,8,40,False
L,7,0,1,1,0,20,14,657,857,880,9,9,40,False
L,7,0,1,1,0,20,15,691,857,880,11,11,40,False
L,7,0,1,1,0,20,16,725,857,880,14,14,40,False
L,7,0,1,1,0,20,17,759,857,880,19,19,40,False
L,7,0,1,1,0,20,18,792,857,880,26,26,40,False
L,7,0,1,1,0,20,19,822,857,880,33,33,40,False
L,7,0,1,1,0,20,20,833,857,880,40,40,40,True
L,7,0,1,1,0,20,21,814,857,880,40,40,40,False
L,7,0,1,1,0,20,22,787,857,880,40,40,40,False
L,7,0,1,1,0,20,23,755,857,880,39,39,40,False
L,7,0,1,1,0,20,24,721,857,880,38,38,40,False
L,7,0,1,1,0,20,25,687,857,880,36,36,40,False
L,7,0,1,1,0,20,26,653,857,880,35,35,40,False
L,7,0,1,1,0,20,27,619,857,880,34,34,40,False
L,7,0,1,1,0,21,11,531,857,880,5,5,40,False
L,7,0,1,1,0,21,12,564,857,880,7,7,40,False
L,7,0,1,1,0,21,13,597,857,880,8,8,40,False
L,7,0,1,1,0,21,14,630,857,880,10,10,40,False
L,7,0,1,1,0,21,15,663,857,880,12,12,40,False
L,7,0,1,1,0,21,16,696,857,880,15,15,40,False
L,7,0,1,1,0,21,17,728,857,880,20,20,40,False
L,7,0,1,1,0,21,18,759,857,880,26,26,40,False
L,7,0,1,1,0,21,19,784,857,880,30,30,40,False
L,7,0,1,1,0,21,20,801,857,880,39,39,40,False
L,7,0,1,1,0,21,21,799,857,880,40,40,40,False
L,7,0,1,1,0,21,22,781,857,880,40,40,40,False
L,7,0,1,1,0,21,23,758,857,880,40,40,40,False
L,7,0,1,1,0,21,24,732,857,880,40,40,40,False
L,7,0,1,1,0,21,25,701,857,880,40,40,40,False
L,7,0,1,1,0,21,26,669,857,880,39,39,40,False
L,7,0,1,1,0,21,27,636,857,880,37,36,40,False
L,7,0,1,1,0,22,11,504,857,880,6,6,40,False
L,7,0,1,1,0,22,12,536,857,880,8,8,40,False
L,7,0,1,1,0,22,13,568,857,880,9,9,40,False
L,7,0,1,1,0,22,14,600,857,880,11,11,40,False
L,7,0,1,1,0,22,15,632,857,880,13,13,40,False
L,7,0,1,1,0,22,16,664,857,880,16,16,40,False
L,7,0,1,1,0,22,17,694,857,880,20,20,40,False
L,7,0,1,1,0,22,18,722,857,880,25,25,40,False
L,7,0,1,1,0,22,19,746,857,880,28,28,40,False
L,7,0,1,1,0,22,20,763,857,880,33,33,40,False
L,7,0,1,1,0,22,21,772,857,880,39,39,40,False
L,7,0,1,1,0,22,22,765,857,880,40,39,40,False
L,7,0,1,1,0,22,23,747,857,880,40,39,40,False
L,7,0,1,1,0,22,24,725,857,880,40,39,40,False
L,7,0,1,1,0,22,25,702,857,880,40,39,40,False
L,7,0,1,1,0,22,26,676,857,880,40,39,40,False
L,7,0,1,1,0,22,27,646,857,880,40,39,40,False
L,7,0,1,1,0,23,11,476,857,880,7,7,40,False
L,7,0,1,1,0,23,12,507,857,880,8,8,40,False
L,7,0,1,1,0,23,13,538,857,880,9,9,40,False
L,7,0,1,1,0,23,14,569,857,880,11,11,40,False
L,7,0,1,1,0,23,15,600,857,880,13,13,40,False
L,7,0,1,1,0,23,16,629,857,880,16,16,40,False
L,7,0,1,1,0,23,17,658,857,880,20,20,40,False
L,7,0,1,1,0,23,18,685,857,880,24,24,40,False
L,7,0,1,1,0,23,19,708,857,880,27,27,40,False
L,7,0,1,1,0,23,20,725,857,880,30,30,40,False
L,7,0,1,1,0,23,21,739,857,880,38,38,40,False
L,7,0,1,1,0,23,22,739,857,880,39,39,40,False
L,7,0,1,1,0,23,23,731,857,880,40,39,40,False
L,7,0,1,1,0,23,24,713,857,880,40,39,40,False
L,7,0,1,1,0,23,25,692,857,880,40,39,40,False
L,7,0,1,1,0,23,26,670,857,880,40,39,40,False
L,7,0,1,1,0,23,27,646,857,880,40,39,40,False
L,7,0,1,1,0,24,11,446,857,880,7,7,40,False
L,7,0,1,1,0,24,12,476,857,880,8,8,40,False
L,7,0,1,1,0,24,13,506,857,880,9,9,40,False
L,7,0,1,1,0,24,14,536,857,880,11,11,40,False
L,7,0,1,1,0,24,15,566,857,880,13,13,40,False
L,7,0,1,1,0,24,16,594,857,880,16,16,40,False
L,7,0,1,1,0,24,17,622,857,880,20,20,40,False
L,7,0,1,1,0,24,18,648,857,880,23,23,40,False
L,7,0,1,1,0,24,19,670,857,880,25,25,40,False
L,7,0,1,1,0,24,20,687,857,880,28,28,40,False
L,7,0,1,1,0,24,21,702,857,880,33,33,40,False
L,7,0,1,1,0,24,22,711,857,880,38,38,40,False
L,7,0,1,1,0,24,23,706,857,880,39,38,40,False
L,7,0,1,1,0,24,24,697,857,880,40,38,40,False
L,7,0,1,1,0,24,25,679,857,880,40,38,40,False
L,7,0,1,1,0,24,26,659,857,880,40,38,40,False
L,7,0,1,1,0,24,27,638,857,880,40,38,40,False
L,7,0,1,1,0,25,11,416,857,880,7,7,40,False
L,7,0,1,1,0,25,12,445,857,880,8,8,40,False
L,7,0,1,1,0,25,13,474,857,880,9,9,40,False
L,7,0,1,1,0,25,14,503,857,880,11,11,40,False
L,7,0,1,1,0,25,15,532,857,880,13,13,40,False
L,7,0,1,1,0,25,16,559,857,880,16,16,40,False
L,7,0,1,1,0,25,17,586,857,880,19,19,40,False
L,7,0,1,1,0,25,18,611,857,880,22,22,40,False
L,7,0,1,1,0,25,19,632,857,880,24,24,40,False
L,7,0,1,1,0,25,20,650,857,880,27,27,40,False
L,7,0,1,1,0,25,21,665,857,880,30,30,40,False
L,7,0,1,1,0,25,22,677,857,880,37,37,40,False
L,7,0,1,1,0,25,23,679,857,880,38,38,40,False
L,7,0,1,1,0,25,24,673,857,880,39,38,40,False
L,7,0,1,1,0,25,25,663,857,880,39,38,40,False
L,7,0,1,1,0,25,26,646,857,880,40,38,40,False
L,7,0,1,1,0,25,27,626,857,880,40,38,40,False
L,7,0,1,1,0,26,11,386,857,880,7,7,40,False
L,7,0,1,1,0,26,12,414,857,880,8,8,40,False
L,7,0,1,1,0,26,13,442,857,880,9,9,40,False
L,7,0,1,1,0,26,14,470,857,880,11,11,40,False
L,7,0,1,1,0,26,15,498,857,880,13,13,40,False
L,7,0,1,1,0,26,16,524,857,880,16,16,40,False
L,7,0,1,1,0,26,17,550,857,880,18,18,40,False
L,7,0,1,1,0,26,18,574,857,880,21,21,40,False
L,7,0,1,1,0,26,19,594,857,880,23,23,40,False
L,7,0,1,1,0,26,20,613,857,880,25,25,40,False
L,7,0,1,1,0,26,21,628,857,880,28,28,40,False
L,7,0,1,1,0,26,22,641,857,880,33,33,40,False
L,7,0,1,1,0,26,23,650,857,880,37,37,40,False
L,7,0,1,1,0,26,24,647,857,880,38,37,40,False
L,7,0,1,1,0,26,25,640,857,880,39,37,40,False
L,7,0,1,1,0,26,26,629,857,880,39,37,40,False
L,7,0,1,1,0,26,27,613,857,880,39,37,40,False
L,7,0,1,1,0,27,11,356,857,880,7,7,40,False
L,7,0,1,1,0,27,12,383,857,880,8,8,40,False
L,7,0,1,1,0,27,13,410,857,880,9,9,40,False
L,7,0,1,1,0,27,14,437,857,880,11,11,40,False
L,7,0,1,1,0,27,15,464,857,880,13,13,40,False
L,7,0,1,1,0,27,16,489,857,880,15,15,40,False
L,7,0,1,1,0,27,17,514,857,880,17,17,40,False
L,7,0,1,1,0,27,18,537,857,880,19,19,40,False
L,7,0,1,1,0,27,19,557,857,880,22,22,40,False
L,7,0,1,1,0,27,20,576,857,880,24,24,40,False
L,7,0,1,1,0,27,21,592,857,880,27,27,40,False
L,7,0,1,1,0,27,22,605,857,880,30,30,40,False
L,7,0,1,1,0,27,23,615,857,880,36,36,40,False
L,7,0,1,1,0,27,24,619,857,880,37,37,40,False
L,7,0,1,1,0,27,25,615,857,880,38,37,40,False
L,7,0,1,1,0,27,26,607,857,880,38,37,40,False
L,7,0,1,1,0,27,27,596,857,880,39,37,40,False
L,8,1,-1,0,-1,10,12,579,857,880,0,0,40,False
L,8,1,-1,0,-1,10,13,594,857,880,0,0,40,False
L,8,1,-1,0,-1,10,14,606,857,880,0,0,40,False
L,8,1,-1,0,-1,10,15,613,857,880,1,0,40,False
L,8,1,-1,0,-1,10,16,614,857,880,2,0,40,False
L,8,1,-1,0,-1,10,17,608,857,880,3,0,40,False
L,8,1,-1,0,-1,10,18,597,857,880,3,0,40,False
L,8,1,-1,0,-1,10,19,583,857,880,4,0,40,False
L,8,1,-1,0,-1,10,20,567,857,880,4,0,40,False
L,8,1,-1,0,-1,10,21,549,857,880,6,0,40,False
L,8,1,-1,0,-1,10,22,530,857,880,6,0,40,False
L,8,1,-1,0,-1,10,23,509,857,880,7,0,40,False
L,8,1,-1,0,-1,10,24,486,857,880,8,0,40,False
L,8,1,-1,0,-1,10,25,462,857,880,9,0,40,False
L,8,1,-1,0,-1,10,26,437,857,880,10,0,40,False
L,8,1,-1,0,-1,10,27,412,857,880,12,0,40,False
L,8,1,-1,0,-1,10,28,386,857,880,13,0,40,False
L,8,1,-1,0,-1,11,12,597,857,880,0,0,40,False
L,8,1,-1,0,-1,11,13,614,857,880,0,0,40,False
L,8,1,-1,0,-1,11,14,629,857,880,0,0,40,False
L,8,1,-1,0,-1,11,15,641,857,880,1,0,40,False
L,8,1,-1,0,-1,11,16,646,857,880,2,0,40,False
L,8,1,-1,0,-1,11,17,642,857,880,3,0,40,False
L,8,1,-1,0,-1,11,18,632,857,880,4,0,40,False
L,8,1,-1,0,-1,11,19,617,857,880,4,0,40,False
L,8,1,-1,0,-1,11,20,601,857,880,5,0,40,False
L,8,1,-1,0,-1,11,21,582,857,880,6,0,40,False
L,8,1,-1,0,-1,11,22,563,857,880,7,0,40,False
L,8,1,-1,0,-1,11,23,541,857,880,8,0,40,False
L,8,1,-1,0,-1,11,24,517,857,880,9,0,40,False
L,8,1,-1,0,-1,11,25,492,857,880,10,0,40,False
L,8,1,-1,0,-1,11,26,467,857,880,12,0,40,False
L,8,1,-1,0,-1,11,27,441,857,880,14,0,40,False
L,8,1,-1,0,-1,11,28,415,857,880,15,0,40,False
L,8,1,-1,0,-1,12,12,611,857,880,0,0,40,False
L,8,1,-1,0,-1,12,13,631,857,880,0,0,40,False
L,8,1,-1,0,-1,12,14,649,857,880,0,0,40,False
L,8,1,-1,0,-1,12,15,664,857,880,0,0,40,False
L,8,1,-1,0,-1,12,16,676,857,880,2,0,40,False
L,8,1,-1,0,-1,12,17,676,857,880,3,0,40,False
L,8,1,-1,0,-1,12,18,667,857,880,4,0,40,False
L,8,1,-1,0,-1,12,19,652,857,880,4,0,40,False
L,8,1,-1,0,-1,12,20,635,857,880,6,0,40,False
L,8,1,-1,0,-1,12,21,616,857,880,6,0,40,False
L,8,1,-1,0,-1,12,22,596,857,880,8,0,40,False
L,8,1,-1,0,-1,12,23,572,857,880,9,0,40,False
L,8,1,-1,0,-1,12,24,547,857,880,10,0,40,False
L,8,1,-1,0,-1,12,25,522,857,880,12,0,40,False
L,8,1,-1,0,-1,12,26,496,857,880,14,0,40,False
L,8,1,-1,0,-1,12,27,470,857,880,16,0,40,False
L,8,1,-1,0,-1,12,28,443,857,880,17,0,40,False
L,8,1,-1,0,-1,13,12,623,857,880,0,0,40,False
L,8,1,-1,0,-1,13,13,645,857,880,0,0,40,False
L,8,1,-1,0,-1,13,14,665,857,880,0,0,40,False
L,8,1,-1,0,-1,13,15,684,857,880,0,0,40,False
L,8,1,-1,0,-1,13,16,699,857,880,2,0,40,False
L,8,1,-1,0,-1,13,17,708,857,880,3,0,40,False
L,8,1,-1,0,-1,13,18,702,857,880,4,0,40,False
L,8,1,-1,0,-1,13,19,687,857,880,5,0,40,False
L,8,1,-1,0,-1,13,20,669,857,880,6,0,40,False
L,8,1,-1,0,-1,13,21,650,857,880,7,0,40,False
L,8,1,-1,0,-1,13,22,627,857,880,9,0,40,False
L,8,1,-1,0,-1,13,23,603,857,880,10,0,40,False
L,8,1,-1,0,-1,13,24,577,857,880,12,0,40,False
L,8,1,-1,0,-1,13,25,552,857,880,14,0,40,False
L,8,1,-1,0,-1,13,26,525,857,880,17,0,40,False
L,8,1,-1,0,-1,13,27,498,857,880,19,0,40,False
L,8,1,-1,0,-1,13,28,470,857,880,19,0,40,False
L,8,1,-1,0,-1,14,12,630,857,880,0,0,40,False
L,8,1,-1,0,-1,14,13,656,857,880,0,0,40,False
L,8,1,-1,0,-1,14,14,679,857,880,0,0,40,False
L,8,1,-1,0,-1,14,15,700,857,880,0,0,40,False
L,8,1,-1,0,-1,14,16,719,857,880,1,0,40,False
L,8,1,-1,0,-1,14,17,732,857,880,3,0,40,False
L,8,1,-1,0,-1,14,18,737,857,880,4,0,40,False
L,8,1,-1,0,-1,14,19,722,857,880,6,0,40,False
L,8,1,-1,0,-1,14,20,703,857,880,6,0,40,False
L,8,1,-1,0,-1,14,21,682,857,880,8,0,40,False
L,8,1,-1,0,-1,14,22,658,857,880,9,0,40,False
L,8,1,-1,0,-1,14,23,633,857,880,12,0,40,False
L,8,1,-1,0,-1,14,24,608,857,880,14,0,40,False
L,8,1,-1,0,-1,14,25,581,857,880,17,0,40,False
L,8,1,-1,0,-1,14,26,554,857,880,20,0,40,False
L,8,1,-1,0,-1,14,27,526,857,880,21,0,40,False
L,8,1,-1,0,-1,14,28,496,857,880,21,0,40,False
L,8,1,-1,0,-1,15,12,633,857,880,0,0,40,False
L,8,1,-1,0,-1,15,13,661,857,880,0,0,40,False
L,8,1,-1,0,-1,15,14,688,857,880,0,0,40,False
L,8,1,-1,0,-1,15,15,713,857,880,0,0,40,False
L,8,1,-1,0,-1,15,16,735,857,880,0,0,40,False
L,8,1,-1,0,-1,15,17,754,857,880,3,0,40,False
L,8,1,-1,0,-1,15,18,763,857,880,4,0,40,False
L,8,1,-1,0,-1,15,19,755,857,880,6,0,40,False
L,8,1,-1,0,-1,15,20,736,857,880,7,0,40,False
L,8,1,-1,0,-1,15,21,712,857,880,9,0,40,False
L,8,1,-1,0,-1,15,22,688,857,880,11,0,40,False
L,8,1,-1,0,-1,15,23,663,857,880,14,0,40,False
L,8,1,-1,0,-1,15,24,637,857,880,17,0,40,False
L,8,1,-1,0,-1,15,25,610,857,880,21,0,40,False
L,8,1,-1,0,-1,15,26,582,857,880,23,0,40,False
L,8,1,-1,0,-1,15,27,552,857,880,24,0,40,False
L,8,1,-1,0,-1,15,28,520,857,880,24,1,40,False
L,8,1,-1,0,-1,16,12,631,857,880,0,0,40,False
L,8,1,-1,0,-1,16,13,661,857,880,0,0,40,False
L,8,1,-1,0,-1,16,14,690,857,880,0,0,40,False
L,8,1,-1,0,-1,16,15,718,857,880,0,0,40,False
L,8,1,-1,0,-1,16,16,745,857,880,0,0,40,False
L,8,1,-1,0,-1,16,17,770,857,880,2,0,40,False
L,8,1,-1,0,-1,16,18,783,857,880,4,0,40,False
L,8,1,-1,0,-1,16,19,781,857,880,6,0,40,False
L,8,1,-1,0,-1,16,20,766,857,880,8,0,40,False
L,8,1,-1,0,-1,16,21,742,857,880,9,0,40,False
L,8,1,-1,0,-1,16,22,718,857,880,13,0,40,False
L,8,1,-1,0,-1,16,23,692,857,880,18,0,40,False
L,8,1,-1,0,-1,16,24,666,857,880,23,0,40,False
L,8,1,-1,0,-1,16,25,638,857,880,26,0,40,False
L,8,1,-1,0,-1,16,26,608,857,880,28,1,40,False
L,8,1,-1,0,-1,16,27,576,857,880,28,2,40,False
L,8,1,-1,0,-1,16,28,544,857,880,28,4,40,False
L,8,1,-1,0,-1,17,12,619,857,880,0,0,40,False
L,8,1,-1,0,-1,17,13,652,857,880,0,0,40,False
L,8,1,-1,0,-1,17,14,685,857,880,0,0,40,False
L,8,1,-1,0,-1,17,15,715,857,880,0,0,40,False
L,8,1,-1,0,-1,17,16,744,857,880,0,0,40,False
L,8,1,-1,0,-1,17,17,771,857,880,1,0,40,False
L,8,1,-1,0,-1,17,18,793,857,880,6,0,40,False
L,8,1,-1,0,-1,17,19,796,857,880,9,0,40,False
L,8,1,-1,0,-1,17,20,787,857,880,13,1,40,False
L,8,1,-1,0,-1,17,21,771,857,880,16,2,40,False
L,8,1,-1,0,-1,17,22,746,857,880,23,3,40,False
L,8,1,-1,0,-1,17,23,721,857,880,29,3,40,False
L,8,1,-1,0,-1,17,24,694,857,880,32,3,40,False
L,8,1,-1,0,-1,17,25,664,857,880,34,3,40,False
L,8,1,-1,0,-1,17,26,632,857,880,33,4,40,False
L,8,1,-1,0,-1,17,27,599,857,880,32,5,40,False
L,8,1,-1,0,-1,17,28,566,857,880,31,7,40,False
L,8,1,-1,0,-1,18,12,601,857,880,0,0,40,False
L,8,1,-1,0,-1,18,13,634,857,880,0,0,40,False
L,8,1,-1,0,-1,18,14,667,857,880,0,0,40,False
L,8,1,-1,0,-1,18,15,700,857,880,0,0,40,False
L,8,1,-1,0,-1,18,16,733,857,880,1,0,40,False
L,8,1,-1,0,-1,18,17,759,857,880,2,0,40,False
L,8,1,-1,0,-1,18,18,782,857,880,6,0,40,False
L,8,1,-1,0,-1,18,19,795,857,880,12,0,40,False
L,8,1,-1,0,-1,18,20,795,857,880,17,1,40,False
L,8,1,-1,0,-1,18,21,788,857,880,24,3,40,False
L,8,1,-1,0,-1,18,22,772,857,880,32,5,40,False
L,8,1,-1,0,-1,18,23,747,857,880,37,7,40,False
L,8,1,-1,0,-1,18,24,719,857,880,39,7,40,False
L,8,1,-1,0,-1,18,25,687,857,880,37,6,40,False
L,8,1,-1,0,-1,18,26,653,857,880,35,6,40,False
L,8,1,-1,0,-1,18,27,619,857,880,34,7,40,False
L,8,1,-1,0,-1,18,28,585,857,880,33,9,40,False
L,8,1,-1,0,-1,19,12,582,857,880,0,0,40,False
L,8,1,-1,0,-1,19,13,614,857,880,0,0,40,False
L,8,1,-1,0,-1,19,14,646,857,880,0,0,40,False
L,8,1,-1,0,-1,19,15,678,857,880,1,0,40,False
L,8,1,-1,0,-1,19,16,708,857,880,2,0,40,False
L,8,1,-1,0,-1,19,17,736,857,880,4,0,40,False
L,8,1,-1,0,-1,19,18,763,857,880,6,0,40,False
L,8,1,-1,0,-1,19,19,781,857,880,14,0,40,False
L,8,1,-1,0,-1,19,20,790,857,880,20,1,40,False
L,8,1,-1,0,-1,19,21,786,857,880,30,3,40,False
L,8,1,-1,0,-1,19,22,778,857,880,37,5,40,False
L,8,1,-1,0,-1,19,23,764,857,880,40,7,40,False
L,8,1,-1,0,-1,19,24,734,857,880,40,8,40,False
L,8,1,-1,0,-1,19,25,701,857,880,40,9,40,False
L,8,1,-1,0,-1,19,26,668,857,880,39,10,40,False
L,8,1,-1,0,-1,19,27,635,857,880,37,10,40,False
L,8,1,-1,0,-1,19,28,602,857,880,35,11,40,False
L,8,1,-1,0,-1,20,12,560,857,880,0,0,40,False
L,8,1,-1,0,-1,20,13,591,857,880,0,0,40,False
L,8,1,-1,0,-1,20,14,622,857,880,1,0,40,False
L,8,1,-1,0,-1,20,15,652,857,880,2,0,40,False
L,8,1,-1,0,-1,20,16,681,857,880,4,0,40,False
L,8,1,-1,0,-1,20,17,708,857,880,6,0,40,False
L,8,1,-1,0,-1,20,18,734,857,880,8,0,40,False
L,8,1,-1,0,-1,20,19,757,857,880,13,0,40,False
L,8,1,-1,0,-1,20,20,774,857,880,25,1,40,False
L,8,1,-1,0,-1,20,21,778,857,880,35,3,40,False
L,8,1,-1,0,-1,20,22,772,857,880,40,5,40,False
L,8,1,-1,0,-1,20,23,758,857,880,40,7,40,False
L,8,1,-1,0,-1,20,24,737,857,880,40,8,40,False
L,8,1,-1,0,-1,20,25,709,857,880,40,9,40,False
L,8,1,-1,0,-1,20,26,678,857,880,40,11,40,False
L,8,1,-1,0,-1,20,27,646,857,880,40,13,40,False
L,8,1,-1,0,-1,20,28,614,857,880,39,15,40,False
L,8,1,-1,0,-1,21,12,536,857,880,0,0,40,False
L,8,1,-1,0,-1,21,13,566,857,880,1,0,40,False
L,8,1,-1,0,-1,21,14,596,857,880,2,0,40,False
L,8,1,-1,0,-1,21,15,625,857,880,4,0,40,False
L,8,1,-1,0,-1,21,16,653,857,880,6,0,40,False
L,8,1,-1,0,-1,21,17,679,857,880,8,0,40,False
L,8,1,-1,0,-1,21,18,704,857,880,10,0,40,False
L,8,1,-1,0,-1,21,19,727,857,880,12,0,40,False
L,8,1,-1,0,-1,21,20,747,857,880,28,1,40,False
L,8,1,-1,0,-1,21,21,758,857,880,39,3,40,False
L,8,1,-1,0,-1,21,22,760,857,880,40,5,40,False
L,8,1,-1,0,-1,21,23,745,857,880,40,7,40,False
L,8,1,-1,0,-1,21,24,727,857,880,40,8,40,False
L,8,1,-1,0,-1,21,25,706,857,880,40,9,40,False
L,8,1,-1,0,-1,21,26,680,857,880,40,11,40,False
L,8,1,-1,0,-1,21,27,652,857,880,40,13,40,False
L,8,1,-1,0,-1,21,28,622,857,880,40,15,40,False
L,8,1,-1,0,-1,22,12,510,857,880,1,0,40,False
L,8,1,-1,0,-1,22,13,540,857,880,2,0,40,False
L,8,1,-1,0,-1,22,14,569,857,880,4,0,40,False
L,8,1,-1,0,-1,22,15,597,857,880,6,0,40,False
L,8,1,-1,0,-1,22,16,624,857,880,8,0,40,False
L,8,1,-1,0,-1,22,17,649,857,880,9,0,40,False
L,8,1,-1,0,-1,22,18,673,857,880,11,0,40,False
L,8,1,-1,0,-1,22,19,696,857,880,15,0,40,False
L,8,1,-1,0,-1,22,20,717,857,880,28,1,40,False
L,8,1,-1,0,-1,22,21,731,857,880,39,3,40,False
L,8,1,-1,0,-1,22,22,733,857,880,40,5,40,False
L,8,1,-1,0,-1,22,23,725,857,880,40,7,40,False
L,8,1,-1,0,-1,22,24,712,857,880,40,8,40,False
L,8,1,-1,0,-1,22,25,695,857,880,40,9,40,False
L,8,1,-1,0,-1,22,26,674,857,880,40,10,40,False
L,8,1,-1,0,-1,22,27,649,857,880,40,12,40,False
L,8,1,-1,0,-1,22,28,622,857,880,40,14,40,False
L,8,1,-1,0,-1,23,12,484,857,880,1,0,40,False
L,8,1,-1,0,-1,23,13,513,857,880,3,0,40,False
L,8,1,-1,0,-1,23,14,541,857,880,5,0,40,False
L,8,1,-1,0,-1,23,15,568,857,880,7,0,40,False
L,8,1,-1,0,-1,23,16,594,857,880,8,0,40,False
L,8,1,-1,0,-1,23,17,618,857,880,10,0,40,False
L,8,1,-1,0,-1,23,18,641,857,880,12,0,40,False
L,8,1,-1,0,-1,23,19,664,857,880,17,0,40,False
L,8,1,-1,0,-1,23,20,684,857,880,27,0,40,False
L,8,1,-1,0,-1,23,21,702,857,880,38,2,40,False
L,8,1,-1,0,-1,23,22,704,857,880,39,4,40,False
L,8,1,-1,0,-1,23,23,699,857,880,40,6,40,False
L,8,1,-1,0,-1,23,24,690,857,880,40,7,40,False
L,8,1,-1,0,-1,23,25,677,857,880,40,8,40,False
L,8,1,-1,0,-1,23,26,661,857,880,40,9,40,False
L,8,1,-1,0,-1,23,27,641,857,880,40,11,40,False
L,8,1,-1,0,-1,23,28,617,857,880,40,13,40,False
L,8,1,-1,0,-1,24,12,457,857,880,2,0,40,False
L,8,1,-1,0,-1,24,13,485,857,880,4,0,40,False
L,8,1,-1,0,-1,24,14,512,857,880,6,0,40,False
L,8,1,-1,0,-1,24,15,538,857,880,8,0,40,False
L,8,1,-1,0,-1,24,16,563,857,880,9,0,40,False
L,8,1,-1,0,-1,24,17,586,857,880,11,0,40,False
L,8,1,-1,0,-1,24,18,609,857,880,14,0,40,False
L,8,1,-1,0,-1,24,19,631,857,880,19,0,40,False
L,8,1,-1,0,-1,24,20,651,857,880,26,0,40,False
L,8,1,-1,0,-1,24,21,667,857,880,35,1,40,False
L,8,1,-1,0,-1,24,22,675,857,880,38,3,40,False
L,8,1,-1,0,-1,24,23,671,857,880,39,5,40,False
L,8,1,-1,0,-1,24,24,665,857,880,40,7,40,False
L,8,1,-1,0,-1,24,25,655,857,880,40,8,40,False
L,8,1,-1,0,-1,24,26,642,857,880,40,9,40,False
L,8,1,-1,0,-1,24,27,626,857,880,40,11,40,False
L,8,1,-1,0,-1,24,28,606,857,880,40,13,40,False
L,8,1,-1,0,-1,25,12,430,857,880,3,0,40,False
L,8,1,-1,0,-1,25,13,457,857,880,5,0,40,False
L,8,1,-1,0,-1,25,14,483,857,880,7,0,40,False
L,8,1,-1,0,-1,25,15,508,857,880,8,0,40,False
L,8,1,-1,0,-1,25,16,532,857,880,10,0,40,False
L,8,1,-1,0,-1,25,17,555,857,880,12,0,40,False
L,8,1,-1,0,-1,25,18,577,857,880,15,0,40,False
L,8,1,-1,0,-1,25,19,597,857,880,20,0,40,False
L,8,1,-1,0,-1,25,20,617,857,880,26,0,40,False
L,8,1,-1,0,-1,25,21,632,857,880,32,1,40,False
L,8,1,-1,0,-1,25,22,643,857,880,37,3,40,False
L,8,1,-1,0,-1,25,23,643,857,880,38,5,40,False
L,8,1,-1,0,-1,25,24,638,857,880,39,7,40,False
L,8,1,-1,0,-1,25,25,631,857,880,40,8,40,False
L,8,1,-1,0,-1,25,26,620,857,880,40,9,40,False
L,8,1,-1,0,-1,25,27,607,857,880,40,10,40,False
L,8,1,-1,0,-1,25,28,591,857,880,40,12,40,False
L,8,1,-1,0,-1,26,12,402,857,880,4,0,40,False
L,8,1,-1,0,-1,26,13,428,857,880,6,0,40,False
L,8,1,-1,0,-1,26,14,453,857,880,8,0,40,False
L,8,1,-1,0,-1,26,15,477,857,880,9,0,40,False
L,8,1,-1,0,-1,26,16,500,857,880,11,0,40,False
L,8,1,-1,0,-1,26,17,523,857,880,13,0,40,False
L,8,1,-1,0,-1,26,18,544,857,880,16,0,40,False
L,8,1,-1,0,-1,26,19,564,857,880,20,0,40,False
L,8,1,-1,0,-1,26,20,582,857,880,25,0,40,False
L,8,1,-1,0,-1,26,21,597,857,880,29,0,40,False
L,8,1,-1,0,-1,26,22,608,857,880,35,2,40,False
L,8,1,-1,0,-1,26,23,614,857,880,37,4,40,False
L,8,1,-1,0,-1,26,24,611,857,880,38,6,40,False
L,8,1,-1,0,-1,26,25,605,857,880,39,7,40,False
L,8,1,-1,0,-1,26,26,597,857,880,40,8,40,False
L,8,1,-1,0,-1,26,27,585,857,880,40,9,40,False
L,8,1,-1,0,-1,26,28,572,857,880,40,11,40,False
L,9,1,-1,1,0,10,11,588,857,880,0,0,40,False
L,9,1,-1,1,0,10,12,599,857,880,0,0,40,False
L,9,1,-1,1,0,10,13,609,857,880,0,0,40,False
L,9,1,-1,1,0,10,14,614,857,880,2,2,40,False
L,9,1,-1,1,0,10,15,612,857,880,3,3,40,False
L,9,1,-1,1,0,10,16,604,857,880,4,4,40,False
L,9,1,-1,1,0,10,17,594,857,880,5,5,40,False
L,9,1,-1,1,0,10,18,580,857,880,6,6,40,False
L,9,1,-1,1,0,10,19,563,857,880,6,6,40,False
L,9,1,-1,1,0,10,20,545,857,880,7,7,40,False
L,9,1,-1,1,0,10,21,525,857,880,8,8,40,False
L,9,1,-1,1,0,10,22,504,857,880,9,9,40,False
L,9,1,-1,1,0,10,23,482,857,880,10,10,40,False
L,9,1,-1,1,0,10,24,458,857,880,12,12,40,False
L,9,1,-1,1,0,10,25,433,857,880,13,13,40,False
L,9,1,-1,1,0,10,26,406,857,880,13,13,40,False
L,9,1,-1,1,0,10,27,378,857,880,13,12,40,False
L,9,1,-1,1,0,11,11,607,857,880,0,0,40,False
L,9,1,-1,1,0,11,12,622,857,880,0,0,40,False
L,9,1,-1,1,0,11,13,634,857,880,0,0,40,False
L,9,1,-1,1,0,11,14,643,857,880,1,1,40,False
L,9,1,-1,1,0,11,15,645,857,880,3,3,40,False
L,9,1,-1,1,0,11,16,639,857,880,4,4,40,False
L,9,1,-1,1,0,11,17,630,857,880,6,6,40,False
L,9,1,-1,1,0,11,18,617,857,880,6,6,40,False
L,9,1,-1,1,0,11,19,600,857,880,7,7,40,False
L,9,1,-1,1,0,11,20,581,857,880,8,8,40,False
L,9,1,-1,1,0,11,21,561,857,880,9,9,40,False
L,9,1,-1,1,0,11,22,539,857,880,10,10,40,False
L,9,1,-1,1,0,11,23,516,857,880,12,12,40,False
L,9,1,-1,1,0,11,24,492,857,880,14,14,40,False
L,9,1,-1,1,0,11,25,466,857,880,15,15,40,False
L,9,1,-1,1,0,11,26,438,857,880,15,15,40,False
L,9,1,-1,1,0,11,27,409,857,880,15,14,40,False
L,9,1,-1,1,0,12,11,621,857,880,0,0,40,False
L,9,1,-1,1,0,12,12,640,857,880,0,0,40,False
L,9,1,-1,1,0,12,13,656,857,880,0,0,40,False
L,9,1,-1,1,0,12,14,669,857,880,0,0,40,False
L,9,1,-1,1,0,12,15,677,857,880,3,3,40,False
L,9,1,-1,1,0,12,16,674,857,880,4,4,40,False
L,9,1,-1,1,0,12,17,666,857,880,6,6,40,False
L,9,1,-1,1,0,12,18,654,857,880,7,7,40,False
L,9,1,-1,1,0,12,19,637,857,880,8,8,40,False
L,9,1,-1,1,0,12,20,618,857,880,9,9,40,False
L,9,1,-1,1,0,12,21,597,857,880,10,10,40,False
L,9,1,-1,1,0,12,22,574,857,880,12,12,40,False
L,9,1,-1,1,0,12,23,551,857,880,14,14,40,False
L,9,1,-1,1,0,12,24,526,857,880,16,16,40,False
L,9,1,-1,1,0,12,25,499,857,880,17,17,40,False
L,9,1,-1,1,0,12,26,470,857,880,17,17,40,False
L,9,1,-1,1,0,12,27,440,857,880,17,16,40,False
L,9,1,-1,1,0,13,11,631,857,880,0,0,40,False
L,9,1,-1,1,0,13,12,653,857,880,0,0,40,False
L,9,1,-1,1,0,13,13,673,857,880,0,0,40,False
L,9,1,-1,1,0,13,14,690,857,880,0,0,40,False
L,9,1,-1,1,0,13,15,704,857,880,2,2,40,False
L,9,1,-1,1,0,13,16,707,857,880,4,4,40,False
L,9,1,-1,1,0,13,17,702,857,880,6,6,40,False
L,9,1,-1,1,0,13,18,691,857,880,8,8,40,False
L,9,1,-1,1,0,13,19,675,857,880,9,9,40,False
L,9,1,-1,1,0,13,20,655,857,880,10,10,40,False
L,9,1,-1,1,0,13,21,633,857,880,12,12,40,False
L,9,1,-1,1,0,13,22,610,857,880,14,14,40,False
L,9,1,-1,1,0,13,23,586,857,880,17,17,40,False
L,9,1,-1,1,0,13,24,560,857,880,19,19,40,False
L,9,1,-1,1,0,13,25,532,857,880,19,19,40,False
L,9,1,-1,1,0,13,26,501,857,880,19,18,40,False
L,9,1,-1,1,0,13,27,470,857,880,19,17,40,False
L,9,1,-1,1,0,14,11,636,857,880,0,0,40,False
L,9,1,-1,1,0,14,12,662,857,880,0,0,40,False
L,9,1,-1,1,0,14,13,685,857,880,0,0,40,False
L,9,1,-1,1,0,14,14,706,857,880,0,0,40,False
L,9,1,-1,1,0,14,15,724,857,880,0,0,40,False
L,9,1,-1,1,0,14,16,738,857,880,4,4,40,False
L,9,1,-1,1,0,14,17,737,857,880,6,6,40,False
L,9,1,-1,1,0,14,18,728,857,880,9,9,40,False
L,9,1,-1,1,0,14,19,713,857,880,10,10,40,False
L,9,1,-1,1,0,14,20,692,857,880,12,12,40,False
L,9,1,-1,1,0,14,21,670,857,880,14,14,40,False
L,9,1,-1,1,0,14,22,646,857,880,17,17,40,False
L,9,1,-1,1,0,14,23,621,857,880,20,20,40,False
L,9,1,-1,1,0,14,24,594,857,880,21,21,40,False
L,9,1,-1,1,0,14,25,563,857,880,21,21,40,False
L,9,1,-1,1,0,14,26,531,857,880,21,20,40,False
L,9,1,-1,1,0,14,27,500,857,880,21,18,40,False
L,9,1,-1,1,0,15,11,633,857,880,0,0,40,False
L,9,1,-1,1,0,15,12,664,857,880,0,0,40,False
L,9,1,-1,1,0,15,13,691,857,880,0,0,40,False
L,9,1,-1,1,0,15,14,717,857,880,0,0,40,False
L,9,1,-1,1,0,15,15,739,857,880,0,0,40,False
L,9,1,-1,1,0,15,16,758,857,880,2,2,40,False
L,9,1,-1,1,0,15,17,770,857,880,6,6,40,False
L,9,1,-1,1,0,15,18,765,857,880,9,9,40,False
L,9,1,-1,1,0,15,19,751,857,880,12,12,40,False
L,9,1,-1,1,0,15,20,730,857,880,14,14,40,False
L,9,1,-1,1,0,15,21,707,857,880,17,17,40,False
L,9,1,-1,1,0,15,22,682,857,880,21,21,40,False
L,9,1,-1,1,0,15,23,656,857,880,23,23,40,False
L,9,1,-1,1,0,15,24,625,857,880,24,24,40,False
L,9,1,-1,1,0,15,25,592,857,880,24,23,40,False
L,9,1,-1,1,0,15,26,560,857,880,24,22,40,False
L,9,1,-1,1,0,15,27,527,857,880,24,20,40,False
L,9,1,-1,1,0,16,11,621,857,880,0,0,40,False
L,9,1,-1,1,0,16,12,654,857,880,0,0,40,False
L,9,1,-1,1,0,16,13,688,857,880,0,0,40,False
L,9,1,-1,1,0,16,14,720,857,880,0,0,40,False
L,9,1,-1,1,0,16,15,747,857,880,0,0,40,False
L,9,1,-1,1,0,16,16,772,857,880,0,0,40,False
L,9,1,-1,1,0,16,17,790,857,880,6,6,40,False
L,9,1,-1,1,0,16,18,800,857,880,10,10,40,False
L,9,1,-1,1,0,16,19,789,857,880,14,14,40,False
L,9,1,-1,1,0,16,20,768,857,880,18,18,40,False
L,9,1,-1,1,0,16,21,744,857,880,23,23,40,False
L,9,1,-1,1,0,16,22,717,857,880,26,26,40,False
L,9,1,-1,1,0,16,23,686,857,880,28,27,40,False
L,9,1,-1,1,0,16,24,654,857,880,28,26,40,False
L,9,1,-1,1,0,16,25,620,857,880,28,25,40,False
L,9,1,-1,1,0,16,26,587,857,880,27,23,40,False
L,9,1,-1,1,0,16,27,554,857,880,26,22,40,False
L,9,1,-1,1,0,17,11,604,857,880,0,0,40,False
L,9,1,-1,1,0,17,12,638,857,880,0,0,40,False
L,9,1,-1,1,0,17,13,672,857,880,0,0,40,False
L,9,1,-1,1,0,17,14,706,857,880,1,1,40,False
L,9,1,-1,1,0,17,15,740,857,880,2,2,40,False
L,9,1,-1,1,0,17,16,773,857,880,3,3,40,False
L,9,1,-1,1,0,17,17,800,857,880,7,6,40,False
L,9,1,-1,1,0,17,18,819,857,880,16,14,40,False
L,9,1,-1,1,0,17,19,824,857,880,24,21,40,False
L,9,1,-1,1,0,17,20,803,857,880,29,26,40,False
L,9,1,-1,1,0,17,21,776,857,880,32,29,40,False
L,9,1,-1,1,0,17,22,746,857,880,34,31,40,False
L,9,1,-1,1,0,17,23,714,857,880,33,30,40,False
L,9,1,-1,1,0,17,24,680,857,880,32,28,40,False
L,9,1,-1,1,0,17,25,646,857,880,31,26,40,False
L,9,1,-1,1,0,17,26,612,857,880,30,25,40,False
L,9,1,-1,1,0,17,27,578,857,880,29,23,40,False
L,9,1,-1,1,0,18,11,585,857,880,0,0,40,False
L,9,1,-1,1,0,18,12,618,857,880,0,0,40,False
L,9,1,-1,1,0,18,13,651,857,880,1,1,40,False
L,9,1,-1,1,0,18,14,685,857,880,2,2,40,False
L,9,1,-1,1,0,18,15,719,857,880,4,4,40,False
L,9,1,-1,1,0,18,16,753,857,880,6,6,40,False
L,9,1,-1,1,0,18,17,787,857,880,8,8,40,False
L,9,1,-1,1,0,18,18,819,857,880,22,20,40,False
L,9,1,-1,1,0,18,19,838,857,880,33,29,40,False
L,9,1,-1,1,0,18,20,830,857,880,37,31,40,False
L,9,1,-1,1,0,18,21,801,857,880,39,33,40,False
L,9,1,-1,1,0,18,22,769,857,880,37,32,40,False
L,9,1,-1,1,0,18,23,735,857,880,35,31,40,False
L,9,1,-1,1,0,18,24,701,857,880,34,30,40,False
L,9,1,-1,1,0,18,25,667,857,880,33,28,40,False
L,9,1,-1,1,0,18,26,633,857,880,32,26,40,False
L,9,1,-1,1,0,18,27,599,857,880,31,25,40,False
L,9,1,-1,1,0,19,11,564,857,880,0,0,40,False
L,9,1,-1,1,0,19,12,596,857,880,1,1,40,False
L,9,1,-1,1,0,19,13,629,857,880,2,2,40,False
L,9,1,-1,1,0,19,14,662,857,880,4,4,40,False
L,9,1,-1,1,0,19,15,695,857,880,6,6,40,False
L,9,1,-1,1,0,19,16,728,857,880,8,8,40,False
L,9,1,-1,1,0,19,17,761,857,880,11,11,40,False
L,9,1,-1,1,0,19,18,793,857,880,24,24,40,False
L,9,1,-1,1,0,19,19,819,857,880,36,34,40,False
L,9,1,-1,1,0,19,20,827,857,880,40,36,40,False
L,9,1,-1,1,0,19,21,814,857,880,40,34,40,False
L,9,1,-1,1,0,19,22,783,857,880,40,33,40,False
L,9,1,-1,1,0,19,23,750,857,880,39,32,40,False
L,9,1,-1,1,0,19,24,717,857,880,37,31,40,False
L,9,1,-1,1,0,19,25,684,857,880,35,30,40,False
L,9,1,-1,1,0,19,26,651,857,880,34,28,40,False
L,9,1,-1,1,0,19,27,618,857,880,33,26,40,False
L,9,1,-1,1,0,20,11,540,857,880,1,1,40,False
L,9,1,-1,1,0,20,12,572,857,880,2,2,40,False
L,9,1,-1,1,0,20,13,604,857,880,4,4,40,False
L,9,1,-1,1,0,20,14,636,857,880,6,6,40,False
L,9,1,-1,1,0,20,15,668,857,880,8,8,40,False
L,9,1,-1,1,0,20,16,700,857,880,10,10,40,False
L,9,1,-1,1,0,20,17,731,857,880,15,15,40,False
L,9,1,-1,1,0,20,18,761,857,880,25,25,40,False
L,9,1,-1,1,0,20,19,790,857,880,38,38,40,False
L,9,1,-1,1,0,20,20,800,857,880,39,37,40,False
L,9,1,-1,1,0,20,21,797,857,880,40,36,40,False
L,9,1,-1,1,0,20,22,784,857,880,40,34,40,False
L,9,1,-1,1,0,20,23,759,857,880,40,33,40,False
L,9,1,-1,1,0,20,24,728,857,880,40,32,40,False
L,9,1,-1,1,0,20,25,696,857,880,39,31,40,False
L,9,1,-1,1,0,20,26,664,857,880,37,30,40,False
L,9,1,-1,1,0,20,27,632,857,880,35,28,40,False
L,9,1,-1,1,0,21,11,515,857,880,2,2,40,False
L,9,1,-1,1,0,21,12,546,857,880,4,4,40,False
L,9,1,-1,1,0,21,13,577,857,880,6,6,40,False
L,9,1,-1,1,0,21,14,608,857,880,8,8,40,False
L,9,1,-1,1,0,21,15,639,857,880,10,10,40,False
L,9,1,-1,1,0,21,16,669,857,880,13,13,40,False
L,9,1,-1,1,0,21,17,699,857,880,18,18,40,False
L,9,1,-1,1,0,21,18,728,857,880,26,26,40,False
L,9,1,-1,1,0,21,19,754,857,880,35,35,40,False
L,9,1,-1,1,0,21,20,768,857,880,38,38,40,False
L,9,1,-1,1,0,21,21,768,857,880,39,37,40,False
L,9,1,-1,1,0,21,22,763,857,880,40,36,40,False
L,9,1,-1,1,0,21,23,751,857,880,40,34,40,False
L,9,1,-1,1,0,21,24,729,857,880,40,33,40,False
L,9,1,-1,1,0,21,25,704,857,880,40,32,40,False
L,9,1,-1,1,0,21,26,673,857,880,40,31,40,False
L,9,1,-1,1,0,21,27,642,857,880,39,30,40,False
L,9,1,-1,1,0,22,11,488,857,880,4,4,40,False
L,9,1,-1,1,0,22,12,518,857,880,6,6,40,False
L,9,1,-1,1,0,22,13,548,857,880,8,8,40,False
L,9,1,-1,1,0,22,14,578,857,880,10,10,40,False
L,9,1,-1,1,0,22,15,608,857,880,12,12,40,False
L,9,1,-1,1,0,22,16,637,857,880,15,15,40,False
L,9,1,-1,1,0,22,17,666,857,880,20,20,40,False
L,9,1,-1,1,0,22,18,693,857,880,26,26,40,False
L,9,1,-1,1,0,22,19,716,857,880,32,32,40,False
L,9,1,-1,1,0,22,20,733,857,880,37,37,40,False
L,9,1,-1,1,0,22,21,738,857,880,38,38,40,False
L,9,1,-1,1,0,22,22,735,857,880,39,37,40,False
L,9,1,-1,1,0,22,23,729,857,880,40,36,40,False
L,9,1,-1,1,0,22,24,718,857,880,40,34,40,False
L,9,1,-1,1,0,22,25,697,857,880,40,33,40,False
L,9,1,-1,1,0,22,26,674,857,880,40,32,40,False
L,9,1,-1,1,0,22,27,648,857,880,40,31,40,False
L,9,1,-1,1,0,23,11,460,857,880,6,6,40,False
L,9,1,-1,1,0,23,12,489,857,880,8,8,40,False
L,9,1,-1,1,0,23,13,518,857,880,9,9,40,False
L,9,1,-1,1,0,23,14,547,857,880,11,11,40,False
L,9,1,-1,1,0,23,15,576,857,880,13,13,40,False
L,9,1,-1,1,0,23,16,604,857,880,16,16,40,False
L,9,1,-1,1,0,23,17,631,857,880,20,20,40,False
L,9,1,-1,1,0,23,18,656,857,880,25,25,40,False
L,9,1,-1,1,0,23,19,678,857,880,29,29,40,False
L,9,1,-1,1,0,23,20,695,857,880,35,35,40,False
L,9,1,-1,1,0,23,21,706,857,880,37,37,40,False
L,9,1,-1,1,0,23,22,706,857,880,38,37,40,False
L,9,1,-1,1,0,23,23,702,857,880,39,36,40,False
L,9,1,-1,1,0,23,24,695,857,880,40,35,40,False
L,9,1,-1,1,0,23,25,683,857,880,40,33,40,False
L,9,1,-1,1,0,23,26,664,857,880,40,32,40,False
L,9,1,-1,1,0,23,27,643,857,880,40,31,40,False
L,9,1,-1,1,0,24,11,431,857,880,7,7,40,False
L,9,1,-1,1,0,24,12,459,857,880,8,8,40,False
L,9,1,-1,1,0,24,13,487,857,880,9,9,40,False
L,9,1,-1,1,0,24,14,515,857,880,11,11,40,False
L,9,1,-1,1,0,24,15,543,857,880,13,13,40,False
L,9,1,-1,1,0,24,16,569,857,880,16,16,40,False
L,9,1,-1,1,0,24,17,595,857,880,20,20,40,False
L,9,1,-1,1,0,24,18,619,857,880,24,24,40,False
L,9,1,-1,1,0,24,19,640,857,880,27,27,40,False
L,9,1,-1,1,0,24,20,657,857,880,32,32,40,False
L,9,1,-1,1,0,24,21,671,857,880,36,36,40,False
L,9,1,-1,1,0,24,22,676,857,880,37,37,40,False
L,9,1,-1,1,0,24,23,674,857,880,38,36,40,False
L,9,1,-1,1,0,24,24,669,857,880,39,35,40,False
L,9,1,-1,1,0,24,25,661,857,880,39,33,40,False
L,9,1,-1,1,0,24,26,649,857,880,40,33,40,False
L,9,1,-1,1,0,24,27,631,857,880,40,32,40,False
L,9,1,-1,1,0,25,11,401,857,880,7,7,40,False
L,9,1,-1,1,0,25,12,428,857,880,8,8,40,False
L,9,1,-1,1,0,25,13,455,857,880,9,9,40,False
L,9,1,-1,1,0,25,14,482,857,880,11,11,40,False
L,9,1,-1,1,0,25,15,509,857,880,13,13,40,False
L,9,1,-1,1,0,25,16,534,857,880,16,16,40,False
L,9,1,-1,1,0,25,17,559,857,880,20,20,40,False
L,9,1,-1,1,0,25,18,582,857,880,23,23,40,False
L,9,1,-1,1,0,25,19,602,857,880,26,26,40,False
L,9,1,-1,1,0,25,20,619,857,880,30,30,40,False
L,9,1,-1,1,0,25,21,634,857,880,34,34,40,False
L,9,1,-1,1,0,25,22,643,857,880,36,36,40,False
L,9,1,-1,1,0,25,23,645,857,880,37,37,40,False
L,9,1,-1,1,0,25,24,642,857,880,38,36,40,False
L,9,1,-1,1,0,25,25,636,857,880,39,35,40,False
L,9,1,-1,1,0,25,26,627,857,880,39,33,40,False
L,9,1,-1,1,0,25,27,615,857,880,39,32,40,False
L,9,1,-1,1,0,26,11,371,857,880,7,7,40,False
L,9,1,-1,1,0,26,12,397,857,880,8,8,40,False
L,9,1,-1,1,0,26,13,423,857,880,9,9,40,False
L,9,1,-1,1,0,26,14,449,857,880,11,11,40,False
L,9,1,-1,1,0,26,15,475,857,880,13,13,40,False
L,9,1,-1,1,0,26,16,499,857,880,16,16,40,False
L,9,1,-1,1,0,26,17,523,857,880,19,19,40,False
L,9,1,-1,1,0,26,18,545,857,880,22,22,40,False
L,9,1,-1,1,0,26,19,564,857,880,25,25,40,False
L,9,1,-1,1,0,26,20,582,857,880,28,28,40,False
L,9,1,-1,1,0,26,21,597,857,880,31,31,40,False
L,9,1,-1,1,0,26,22,608,857,880,35,35,40,False
L,9,1,-1,1,0,26,23,613,857,880,36,36,40,False
L,9,1,-1,1,0,26,24,614,857,880,37,36,40,False
L,9,1,-1,1,0,26,25,610,857,880,38,35,40,False
L,9,1,-1,1,0,26,26,603,857,880,38,33,40,False
L,9,1,-1,1,0,26,27,594,857,880,39,32,40,False
L,10,1,0,0,1,10,12,594,857,880,0,0,40,False
L,10,1,0,0,1,10,13,610,857,880,0,0,40,False
L,10,1,0,0,1,10,14,618,857,880,0,0,40,False
L,10,1,0,0,1,10,15,620,857,880,0,0,40,False
L,10,1,0,0,1,10,16,619,857,880,0,0,40,False
L,10,1,0,0,1,10,17,613,857,880,3,3,40,False
L,10,1,0,0,1,10,18,600,857,880,4,4,40,False
L,10,1,0,0,1,10,19,584,857,880,6,6,40,False
L,10,1,0,0,1,10,20,565,857,880,8,8,40,False
L,10,1,0,0,1,10,21,544,857,880,9,9,40,False
L,10,1,0,0,1,10,22,521,857,880,12,12,40,False
L,10,1,0,0,1,10,23,497,857,880,13,13,40,False
L,10,1,0,0,1,10,24,471,857,880,14,14,40,False
L,10,1,0,0,1,10,25,443,857,880,15,15,40,False
L,10,1,0,0,1,10,26,415,857,880,15,15,40,False
L,10,1,0,0,1,10,27,387,857,880,15,15,40,False
L,10,1,0,0,1,10,28,358,857,880,15,15,40,False
L,10,1,0,0,1,11,12,608,857,880,0,0,40,False
L,10,1,0,0,1,11,13,627,857,880,0,0,40,False
L,10,1,0,0,1,11,14,644,857,880,0,0,40,False
L,10,1,0,0,1,11,15,647,857,880,0,0,40,False
L,10,1,0,0,1,11,16,648,857,880,0,0,40,False
L,10,1,0,0,1,11,17,644,857,880,1,1,40,False
L,10,1,0,0,1,11,18,634,857,880,4,4,40,False
L,10,1,0,0,1,11,19,618,857,880,6,6,40,False
L,10,1,0,0,1,11,20,599,857,880,9,9,40,False
L,10,1,0,0,1,11,21,578,857,880,11,11,40,False
L,10,1,0,0,1,11,22,555,857,880,14,14,40,False
L,10,1,0,0,1,11,23,531,857,880,15,15,40,False
L,10,1,0,0,1,11,24,504,857,880,16,16,40,False
L,10,1,0,0,1,11,25,475,857,880,17,17,40,False
L,10,1,0,0,1,11,26,446,857,880,17,17,40,False
L,10,1,0,0,1,11,27,417,857,880,17,17,40,False
L,10,1,0,0,1,11,28,387,857,880,17,17,40,False
L,10,1,0,0,1,12,12,618,857,880,0,0,40,False
L,10,1,0,0,1,12,13,640,857,880,0,0,40,False
L,10,1,0,0,1,12,14,660,857,880,0,0,40,False
L,10,1,0,0,1,12,15,674,857,880,0,0,40,False
L,10,1,0,0,1,12,16,676,857,880,0,0,40,False
L,10,1,0,0,1,12,17,674,857,880,0,0,40,False
L,10,1,0,0,1,12,18,668,857,880,4,4,40,False
L,10,1,0,0,1,12,19,652,857,880,6,6,40,False
L,10,1,0,0,1,12,20,634,857,880,9,9,40,False
L,10,1,0,0,1,12,21,613,857,880,13,13,40,False
L,10,1,0,0,1,12,22,590,857,880,16,16,40,False
L,10,1,0,0,1,12,23,565,857,880,18,18,40,False
L,10,1,0,0,1,12,24,537,857,880,19,19,40,False
L,10,1,0,0,1,12,25,507,857,880,19,19,40,False
L,10,1,0,0,1,12,26,476,857,880,19,19,40,False
L,10,1,0,0,1,12,27,446,857,880,19,19,40,False
L,10,1,0,0,1,12,28,415,857,880,19,19,40,False
L,10,1,0,0,1,13,12,624,857,880,0,0,40,False
L,10,1,0,0,1,13,13,649,857,880,0,0,40,False
L,10,1,0,0,1,13,14,672,857,880,0,0,40,False
L,10,1,0,0,1,13,15,693,857,880,0,0,40,False
L,10,1,0,0,1,13,16,703,857,880,0,0,40,False
L,10,1,0,0,1,13,17,703,857,880,0,0,40,False
L,10,1,0,0,1,13,18,698,857,880,2,2,40,False
L,10,1,0,0,1,13,19,687,857,880,6,6,40,False
L,10,1,0,0,1,13,20,669,857,880,10,10,40,False
L,10,1,0,0,1,13,21,648,857,880,16,16,40,False
L,10,1,0,0,1,13,22,625,857,880,19,19,40,False
L,10,1,0,0,1,13,23,599,857,880,20,20,40,False
L,10,1,0,0,1,13,24,569,857,880,21,21,40,False
L,10,1,0,0,1,13,25,538,857,880,21,21,40,False
L,10,1,0,0,1,13,26,506,857,880,21,21,40,False
L,10,1,0,0,1,13,27,475,857,880,21,21,40,False
L,10,1,0,0,1,13,28,443,857,880,21,21,40,False
L,10,1,0,0,1,14,12,625,857,880,0,0,40,False
L,10,1,0,0,1,14,13,654,857,880,0,0,40,False
L,10,1,0,0,1,14,14,680,857,880,0,0,40,False
L,10,1,0,0,1,14,15,704,857,880,0,0,40,False
L,10,1,0,0,1,14,16,722,857,880,0,0,40,False
L,10,1,0,0,1,14,17,730,857,880,0,0,40,False
L,10,1,0,0,1,14,18,728,857,880,0,0,40,False
L,10,1,0,0,1,14,19,721,857,880,6,6,40,False
L,10,1,0,0,1,14,20,704,857,880,12,12,40,False
L,10,1,0,0,1,14,21,683,857,880,19,19,40,False
L,10,1,0,0,1,14,22,660,857,880,22,22,40,False
L,10,1,0,0,1,14,23,632,857,880,23,23,40,False
L,10,1,0,0,1,14,24,601,857,880,24,24,40,False
L,10,1,0,0,1,14,25,568,857,880,24,24,40,False
L,10,1,0,0,1,14,26,535,857,880,24,24,40,False
L,10,1,0,0,1,14,27,503,857,880,24,24,40,False
L,10,1,0,0,1,14,28,470,857,880,24,24,40,False
L,10,1,0,0,1,15,12,620,857,880,0,0,40,False
L,10,1,0,0,1,15,13,651,857,880,0,0,40,False
L,10,1,0,0,1,15,14,682,857,880,0,0,40,False
L,10,1,0,0,1,15,15,711,857,880,0,0,40,False
L,10,1,0,0,1,15,16,736,857,880,0,0,40,False
L,10,1,0,0,1,15,17,749,857,880,0,0,40,False
L,10,1,0,0,1,15,18,755,857,880,0,0,40,False
L,10,1,0,0,1,15,19,752,857,880,4,4,40,False
L,10,1,0,0,1,15,20,739,857,880,16,16,40,False
L,10,1,0,0,1,15,21,718,857,880,25,25,40,False
L,10,1,0,0,1,15,22,695,857,880,27,27,40,False
L,10,1,0,0,1,15,23,664,857,880,28,28,40,False
L,10,1,0,0,1,15,24,632,857,880,28,28,40,False
L,10,1,0,0,1,15,25,598,857,880,28,28,40,False
L,10,1,0,0,1,15,26,564,857,880,28,28,40,False
L,10,1,0,0,1,15,27,531,857,880,27,27,40,False
L,10,1,0,0,1,15,28,497,857,880,26,26,40,False
L,10,1,0,0,1,16,12,611,857,880,0,0,40,False
L,10,1,0,0,1,16,13,644,857,880,0,0,40,False
L,10,1,0,0,1,16,14,676,857,880,1,1,40,False
L,10,1,0,0,1,16,15,708,857,880,2,2,40,False
L,10,1,0,0,1,16,16,739,857,880,3,3,40,False
L,10,1,0,0,1,16,17,763,857,880,4,4,40,False
L,10,1,0,0,1,16,18,774,857,880,6,6,40,False
L,10,1,0,0,1,16,19,778,857,880,10,10,40,False
L,10,1,0,0,1,16,20,772,857,880,27,27,40,False
L,10,1,0,0,1,16,21,753,857,880,35,35,40,False
L,10,1,0,0,1,16,22,728,857,880,35,35,40,False
L,10,1,0,0,1,16,23,696,857,880,34,34,40,False
L,10,1,0,0,1,16,24,661,857,880,33,33,40,False
L,10,1,0,0,1,16,25,626,857,880,32,32,40,False
L,10,1,0,0,1,16,26,592,857,880,31,31,40,False
L,10,1,0,0,1,16,27,557,857,880,30,30,40,False
L,10,1,0,0,1,16,28,523,857,880,29,29,40,False
L,10,1,0,0,1,17,12,597,857,880,1,1,40,False
L,10,1,0,0,1,17,13,631,857,880,2,2,40,False
L,10,1,0,0,1,17,14,666,857,880,3,3,40,False
L,10,1,0,0,1,17,15,699,857,880,5,5,40,False
L,10,1,0,0,1,17,16,732,857,880,7,7,40,False
L,10,1,0,0,1,17,17,763,857,880,10,10,40,False
L,10,1,0,0,1,17,18,783,857,880,12,12,40,False
L,10,1,0,0,1,17,19,795,857,880,17,17,40,False
L,10,1,0,0,1,17,20,799,857,880,32,32,40,False
L,10,1,0,0,1,17,21,788,857,880,40,40,40,False
L,10,1,0,0,1,17,22,759,857,880,39,39,40,False
L,10,1,0,0,1,17,23,724,857,880,37,37,40,False
L,10,1,0,0,1,17,24,688,857,880,35,35,40,False
L,10,1,0,0,1,17,25,652,857,880,34,34,40,False
L,10,1,0,0,1,17,26,617,857,880,33,33,40,False
L,10,1,0,0,1,17,27,581,857,880,32,32,40,False
L,10,1,0,0,1,17,28,546,857,880,31,31,40,False
L,10,1,0,0,1,18,12,580,857,880,2,2,40,False
L,10,1,0,0,1,18,13,615,857,880,4,4,40,False
L,10,1,0,0,1,18,14,651,857,880,6,6,40,False
L,10,1,0,0,1,18,15,686,857,880,8,8,40,False
L,10,1,0,0,1,18,16,720,857,880,9,9,40,False
L,10,1,0,0,1,18,17,753,857,880,11,11,40,False
L,10,1,0,0,1,18,18,778,857,880,14,14,40,False
L,10,1,0,0,1,18,19,793,857,880,19,19,40,False
L,10,1,0,0,1,18,20,803,857,880,27,27,40,False
L,10,1,0,0,1,18,21,804,857,880,40,40,40,False
L,10,1,0,0,1,18,22,782,857,880,40,40,40,False
L,10,1,0,0,1,18,23,746,857,880,40,40,40,False
L,10,1,0,0,1,18,24,710,857,880,39,39,40,False
L,10,1,0,0,1,18,25,675,857,880,37,37,40,False
L,10,1,0,0,1,18,26,639,857,880,35,35,40,False
L,10,1,0,0,1,18,27,604,857,880,34,34,40,False
L,10,1,0,0,1,18,28,569,857,880,33,33,40,False
L,10,1,0,0,1,19,12,559,857,880,3,3,40,False
L,10,1,0,0,1,19,13,595,857,880,5,5,40,False
L,10,1,0,0,1,19,14,631,857,880,7,7,40,False
L,10,1,0,0,1,19,15,666,857,880,8,8,40,False
L,10,1,0,0,1,19,16,702,857,880,10,10,40,False
L,10,1,0,0,1,19,17,737,857,880,12,12,40,False
L,10,1,0,0,1,19,18,767,857,880,15,15,40,False
L,10,1,0,0,1,19,19,784,857,880,20,20,40,False
L,10,1,0,0,1,19,20,795,857,880,26,26,40,False
L,10,1,0,0,1,19,21,799,857,880,37,37,40,False
L,10,1,0,0,1,19,22,790,857,880,40,40,40,False
L,10,1,0,0,1,19,23,764,857,880,40,40,40,False
L,10,1,0,0,1,19,24,729,857,880,40,40,40,False
L,10,1,0,0,1,19,25,694,857,880,40,40,40,False
L,10,1,0,0,1,19,26,659,857,880,39,39,40,False
L,10,1,0,0,1,19,27,624,857,880,37,37,40,False
L,10,1,0,0,1,19,28,589,857,880,35,35,40,False
L,10,1,0,0,1,20,12,537,857,880,4,4,40,False
L,10,1,0,0,1,20,13,572,857,880,6,6,40,False
L,10,1,0,0,1,20,14,607,857,880,8,8,40,False
L,10,1,0,0,1,20,15,642,857,880,9,9,40,False
L,10,1,0,0,1,20,16,677,857,880,11,11,40,False
L,10,1,0,0,1,20,17,712,857,880,13,13,40,False
L,10,1,0,0,1,20,18,746,857,880,16,16,40,False
L,10,1,0,0,1,20,19,766,857,880,20,20,40,False
L,10,1,0,0,1,20,20,778,857,880,26,26,40,False
L,10,1,0,0,1,20,21,784,857,880,31,31,40,False
L,10,1,0,0,1,20,22,782,857,880,39,39,40,False
L,10,1,0,0,1,20,23,766,857,880,40,40,40,False
L,10,1,0,0,1,20,24,741,857,880,40,40,40,False
L,10,1,0,0,1,20,25,709,857,880,40,40,40,False
L,10,1,0,0,1,20,26,675,857,880,40,40,40,False
L,10,1,0,0,1,20,27,640,857,880,40,40,40,False
L,10,1,0,0,1,20,28,606,857,880,39,39,40,False
L,10,1,0,0,1,21,12,514,857,880,5,5,40,False
L,10,1,0,0,1,21,13,548,857,880,7,7,40,False
L,10,1,0,0,1,21,14,582,857,880,8,8,40,False
L,10,1,0,0,1,21,15,616,857,880,9,9,40,False
L,10,1,0,0,1,21,16,650,857,880,11,11,40,False
L,10,1,0,0,1,21,17,684,857,880,13,13,40,False
L,10,1,0,0,1,21,18,716,857,880,16,16,40,False
L,10,1,0,0,1,21,19,735,857,880,20,20,40,False
L,10,1,0,0,1,21,20,749,857,880,25,25,40,False
L,10,1,0,0,1,21,21,759,857,880,28,28,40,False
L,10,1,0,0,1,21,22,764,857,880,37,37,40,False
L,10,1,0,0,1,21,23,757,857,880,39,39,40,False
L,10,1,0,0,1,21,24,739,857,880,40,40,40,False
L,10,1,0,0,1,21,25,715,857,880,40,40,40,False
L,10,1,0,0,1,21,26,684,857,880,40,40,40,False
L,10,1,0,0,1,21,27,653,857,880,40,40,40,False
L,10,1,0,0,1,21,28,620,857,880,40,40,40,False
L,10,1,0,0,1,22,12,489,857,880,5,5,40,False
L,10,1,0,0,1,22,13,522,857,880,7,7,40,False
L,10,1,0,0,1,22,14,555,857,880,8,8,40,False
L,10,1,0,0,1,22,15,588,857,880,9,9,40,False
L,10,1,0,0,1,22,16,621,857,880,11,11,40,False
L,10,1,0,0,1,22,17,653,857,880,13,13,40,False
L,10,1,0,0,1,22,18,681,857,880,16,16,40,False
L,10,1,0,0,1,22,19,702,857,880,20,20,40,False
L,10,1,0,0,1,22,20,717,857,880,24,24,40,False
L,10,1,0,0,1,22,21,728,857,880,27,27,40,False
L,10,1,0,0,1,22,22,735,857,880,32,32,40,False
L,10,1,0,0,1,22,23,738,857,880,38,38,40,False
L,10,1,0,0,1,22,24,728,857,880,39,39,40,False
L,10,1,0,0,1,22,25,711,857,880,40,40,40,False
L,10,1,0,0,1,22,26,688,857,880,40,40,40,False
L,10,1,0,0,1,22,27,658,857,880,40,40,40,False
L,10,1,0,0,1,22,28,628,857,880,40,40,40,False
L,10,1,0,0,1,23,12,462,857,880,5,5,40,False
L,10,1,0,0,1,23,13,494,857,880,7,7,40,False
L,10,1,0,0,1,23,14,526,857,880,8,8,40,False
L,10,1,0,0,1,23,15,558,857,880,9,9,40,False
L,10,1,0,0,1,23,16,589,857,880,11,11,40,False
L,10,1,0,0,1,23,17,619,857,880,13,13,40,False
L,10,1,0,0,1,23,18,646,857,880,16,16,40,False
L,10,1,0,0,1,23,19,668,857,880,20,20,40,False
L,10,1,0,0,1,23,20,684,857,880,23,23,40,False
L,10,1,0,0,1,23,21,696,857,880,25,25,40,False
L,10,1,0,0,1,23,22,704,857,880,29,29,40,False
L,10,1,0,0,1,23,23,710,857,880,37,37,40,False
L,10,1,0,0,1,23,24,707,857,880,38,38,40,False
L,10,1,0,0,1,23,25,695,857,880,39,39,40,False
L,10,1,0,0,1,23,26,680,857,880,40,39,40,False
L,10,1,0,0,1,23,27,659,857,880,40,39,40,False
L,10,1,0,0,1,23,28,630,857,880,40,39,40,False
L,10,1,0,0,1,24,12,434,857,880,5,5,40,False
L,10,1,0,0,1,24,13,465,857,880,7,7,40,False
L,10,1,0,0,1,24,14,496,857,880,8,8,40,False
L,10,1,0,0,1,24,15,526,857,880,9,9,40,False
L,10,1,0,0,1,24,16,556,857,880,11,11,40,False
L,10,1,0,0,1,24,17,585,857,880,13,13,40,False
L,10,1,0,0,1,24,18,611,857,880,16,16,40,False
L,10,1,0,0,1,24,19,633,857,880,19,19,40,False
L,10,1,0,0,1,24,20,651,857,880,22,22,40,False
L,10,1,0,0,1,24,21,663,857,880,24,24,40,False
L,10,1,0,0,1,24,22,673,857,880,27,27,40,False
L,10,1,0,0,1,24,23,680,857,880,33,33,40,False
L,10,1,0,0,1,24,24,684,857,880,37,37,40,False
L,10,1,0,0,1,24,25,675,857,880,38,38,40,False
L,10,1,0,0,1,24,26,662,857,880,39,39,40,False
L,10,1,0,0,1,24,27,646,857,880,40,39,40,False
L,10,1,0,0,1,24,28,628,857,880,40,39,40,False
L,10,1,0,0,1,25,12,405,857,880,5,5,40,False
L,10,1,0,0,1,25,13,435,857,880,7,7,40,False
L,10,1,0,0,1,25,14,465,857,880,8,8,40,False
L,10,1,0,0,1,25,15,494,857,880,9,9,40,False
L,10,1,0,0,1,25,16,523,857,880,11,11,40,False
L,10,1,0,0,1,25,17,551,857,880,13,13,40,False
L,10,1,0,0,1,25,18,576,857,880,16,16,40,False
L,10,1,0,0,1,25,19,598,857,880,18,18,40,False
L,10,1,0,0,1,25,20,617,857,880,21,21,40,False
L,10,1,0,0,1,25,21,630,857,880,23,23,40,False
L,10,1,0,0,1,25,22,641,857,880,26,26,40,False
L,10,1,0,0,1,25,23,649,857,880,30,30,40,False
L,10,1,0,0,1,25,24,655,857,880,36,36,40,False
L,10,1,0,0,1,25,25,653,857,880,37,37,40,False
L,10,1,0,0,1,25,26,643,857,880,38,38,40,False
L,10,1,0,0,1,25,27,629,857,880,39,38,40,False
L,10,1,0,0,1,25,28,613,857,880,40,38,40,False
L,10,1,0,0,1,26,12,376,857,880,5,5,40,False
L,10,1,0,0,1,26,13,405,857,880,7,7,40,False
L,10,1,0,0,1,26,14,434,857,880,8,8,40,False
L,10,1,0,0,1,26,15,462,857,880,9,9,40,False
L,10,1,0,0,1,26,16,490,857,880,11,11,40,False
L,10,1,0,0,1,26,17,517,857,880,13,13,40,False
L,10,1,0,0,1,26,18,541,857,880,15,15,40,False
L,10,1,0,0,1,26,19,563,857,880,17,17,40,False
L,10,1,0,0,1,26,20,582,857,880,19,19,40,False
L,10,1,0,0,1,26,21,597,857,880,22,22,40,False
L,10,1,0,0,1,26,22,609,857,880,25,25,40,False
L,10,1,0,0,1,26,23,618,857,880,28,28,40,False
L,10,1,0,0,1,26,24,625,857,880,33,33,40,False
L,10,1,0,0,1,26,25,628,857,880,36,36,40,False
L,10,1,0,0,1,26,26,622,857,880,37,37,40,False
L,10,1,0,0,1,26,27,611,857,880,38,38,40,False
L,10,1,0,0,1,26,28,596,857,880,39,38,40,False
L,11,1,0,1,-1,10,11,588,857,880,0,0,40,False
L,11,1,0,1,-1,10,12,607,857,880,0,0,40,False
L,11,1,0,1,-1,10,13,616,857,880,0,0,40,False
L,11,1,0,1,-1,10,14,619,857,880,0,0,40,False
L,11,1,0,1,-1,10,15,620,857,880,0,0,40,False
L,11,1,0,1,-1,10,16,617,857,880,3,0,40,False
L,11,1,0,1,-1,10,17,605,857,880,4,0,40,False
L,11,1,0,1,-1,10,18,589,857,880,6,3,40,False
L,11,1,0,1,-1,10,19,570,857,880,6,4,40,False
L,11,1,0,1,-1,10,20,550,857,880,7,6,40,False
L,11,1,0,1,-1,10,21,528,857,880,8,7,40,False
L,11,1,0,1,-1,10,22,505,857,880,9,9,40,False
L,11,1,0,1,-1,10,23,480,857,880,10,10,40,False
L,11,1,0,1,-1,10,24,454,857,880,12,12,40,False
L,11,1,0,1,-1,10,25,429,857,880,14,14,40,False
L,11,1,0,1,-1,10,26,402,857,880,15,15,40,False
L,11,1,0,1,-1,10,27,375,857,880,15,15,40,False
L,11,1,0,1,-1,11,11,598,857,880,0,0,40,False
L,11,1,0,1,-1,11,12,620,857,880,0,0,40,False
L,11,1,0,1,-1,11,13,640,857,880,0,0,40,False
L,11,1,0,1,-1,11,14,646,857,880,0,0,40,False
L,11,1,0,1,-1,11,15,648,857,880,0,0,40,False
L,11,1,0,1,-1,11,16,647,857,880,0,0,40,False
L,11,1,0,1,-1,11,17,639,857,880,4,0,40,False
L,11,1,0,1,-1,11,18,623,857,880,6,2,40,False
L,11,1,0,1,-1,11,19,604,857,880,7,4,40,False
L,11,1,0,1,-1,11,20,583,857,880,8,6,40,False
L,11,1,0,1,-1,11,21,561,857,880,9,7,40,False
L,11,1,0,1,-1,11,22,537,857,880,10,9,40,False
L,11,1,0,1,-1,11,23,511,857,880,12,11,40,False
L,11,1,0,1,-1,11,24,485,857,880,14,14,40,False
L,11,1,0,1,-1,11,25,459,857,880,16,16,40,False
L,11,1,0,1,-1,11,26,431,857,880,17,17,40,False
L,11,1,0,1,-1,11,27,403,857,880,17,17,40,False
L,11,1,0,1,-1,12,11,605,857,880,0,0,40,False
L,11,1,0,1,-1,12,12,630,857,880,0,0,40,False
L,11,1,0,1,-1,12,13,653,857,880,0,0,40,False
L,11,1,0,1,-1,12,14,671,857,880,0,0,40,False
L,11,1,0,1,-1,12,15,675,857,880,0,0,40,False
L,11,1,0,1,-1,12,16,676,857,880,0,0,40,False
L,11,1,0,1,-1,12,17,671,857,880,4,0,40,False
L,11,1,0,1,-1,12,18,657,857,880,6,1,40,False
L,11,1,0,1,-1,12,19,638,857,880,8,4,40,False
L,11,1,0,1,-1,12,20,617,857,880,9,6,40,False
L,11,1,0,1,-1,12,21,594,857,880,10,8,40,False
L,11,1,0,1,-1,12,22,569,857,880,12,10,40,False
L,11,1,0,1,-1,12,23,543,857,880,14,13,40,False
L,11,1,0,1,-1,12,24,516,857,880,17,16,40,False
L,11,1,0,1,-1,12,25,489,857,880,19,18,40,False
L,11,1,0,1,-1,12,26,460,857,880,19,19,40,False
L,11,1,0,1,-1,12,27,430,857,880,19,19,40,False
L,11,1,0,1,-1,13,11,609,857,880,0,0,40,False
L,11,1,0,1,-1,13,12,636,857,880,0,0,40,False
L,11,1,0,1,-1,13,13,662,857,880,0,0,40,False
L,11,1,0,1,-1,13,14,686,857,880,0,0,40,False
L,11,1,0,1,-1,13,15,701,857,880,0,0,40,False
L,11,1,0,1,-1,13,16,703,857,880,0,0,40,False
L,11,1,0,1,-1,13,17,700,857,880,0,0,40,False
L,11,1,0,1,-1,13,18,691,857,880,6,0,40,False
L,11,1,0,1,-1,13,19,672,857,880,9,4,40,False
L,11,1,0,1,-1,13,20,651,857,880,10,6,40,False
L,11,1,0,1,-1,13,21,627,857,880,12,9,40,False
L,11,1,0,1,-1,13,22,602,857,880,14,11,40,False
L,11,1,0,1,-1,13,23,575,857,880,17,15,40,False
L,11,1,0,1,-1,13,24,547,857,880,20,18,40,False
L,11,1,0,1,-1,13,25,519,857,880,21,20,40,False
L,11,1,0,1,-1,13,26,488,857,880,21,20,40,False
L,11,1,0,1,-1,13,27,457,857,880,21,21,40,False
L,11,1,0,1,-1,14,11,610,857,880,0,0,40,False
L,11,1,0,1,-1,14,12,639,857,880,0,0,40,False
L,11,1,0,1,-1,14,13,667,857,880,0,0,40,False
L,11,1,0,1,-1,14,14,693,857,880,0,0,40,False
L,11,1,0,1,-1,14,15,718,857,880,0,0,40,False
L,11,1,0,1,-1,14,16,730,857,880,0,0,40,False
L,11,1,0,1,-1,14,17,727,857,880,0,0,40,False
L,11,1,0,1,-1,14,18,722,857,880,6,0,40,False
L,11,1,0,1,-1,14,19,706,857,880,9,2,40,False
L,11,1,0,1,-1,14,20,685,857,880,12,7,40,False
L,11,1,0,1,-1,14,21,661,857,880,14,10,40,False
L,11,1,0,1,-1,14,22,635,857,880,17,14,40,False
L,11,1,0,1,-1,14,23,607,857,880,21,18,40,False
L,11,1,0,1,-1,14,24,578,857,880,23,21,40,False
L,11,1,0,1,-1,14,25,548,857,880,24,22,40,False
L,11,1,0,1,-1,14,26,515,857,880,24,22,40,False
L,11,1,0,1,-1,14,27,483,857,880,24,23,40,False
L,11,1,0,1,-1,15,11,606,857,880,0,0,40,False
L,11,1,0,1,-1,15,12,637,857,880,0,0,40,False
L,11,1,0,1,-1,15,13,667,857,880,0,0,40,False
L,11,1,0,1,-1,15,14,696,857,880,0,0,40,False
L,11,1,0,1,-1,15,15,724,857,880,0,0,40,False
L,11,1,0,1,-1,15,16,746,857,880,0,0,40,False
L,11,1,0,1,-1,15,17,753,857,880,0,0,40,False
L,11,1,0,1,-1,15,18,749,857,880,1,0,40,False
L,11,1,0,1,-1,15,19,740,857,880,10,2,40,False
L,11,1,0,1,-1,15,20,719,857,880,14,7,40,False
L,11,1,0,1,-1,15,21,695,857,880,18,13,40,False
L,11,1,0,1,-1,15,22,668,857,880,23,19,40,False
L,11,1,0,1,-1,15,23,639,857,880,26,22,40,False
L,11,1,0,1,-1,15,24,608,857,880,28,25,40,False
L,11,1,0,1,-1,15,25,576,857,880,28,25,40,False
L,11,1,0,1,-1,15,26,542,857,880,28,26,40,False
L,11,1,0,1,-1,15,27,509,857,880,28,26,40,False
L,11,1,0,1,-1,16,11,599,857,880,0,0,40,False
L,11,1,0,1,-1,16,12,631,857,880,0,0,40,False
L,11,1,0,1,-1,16,13,663,857,880,0,0,40,False
L,11,1,0,1,-1,16,14,694,857,880,0,0,40,False
L,11,1,0,1,-1,16,15,724,857,880,1,1,40,False
L,11,1,0,1,-1,16,16,753,857,880,2,2,40,False
L,11,1,0,1,-1,16,17,765,857,880,3,3,40,False
L,11,1,0,1,-1,16,18,773,857,880,4,4,40,False
L,11,1,0,1,-1,16,19,769,857,880,16,7,40,False
L,11,1,0,1,-1,16,20,753,857,880,24,15,40,False
L,11,1,0,1,-1,16,21,729,857,880,30,23,40,False
L,11,1,0,1,-1,16,22,700,857,880,33,28,40,False
L,11,1,0,1,-1,16,23,669,857,880,35,31,40,False
L,11,1,0,1,-1,16,24,637,857,880,34,30,40,False
L,11,1,0,1,-1,16,25,602,857,880,33,30,40,False
L,11,1,0,1,-1,16,26,568,857,880,32,29,40,False
L,11,1,0,1,-1,16,27,534,857,880,31,28,40,False
L,11,1,0,1,-1,17,11,589,857,880,0,0,40,False
L,11,1,0,1,-1,17,12,623,857,880,0,0,40,False
L,11,1,0,1,-1,17,13,655,857,880,0,0,40,False
L,11,1,0,1,-1,17,14,687,857,880,1,1,40,False
L,11,1,0,1,-1,17,15,719,857,880,2,2,40,False
L,11,1,0,1,-1,17,16,750,857,880,4,4,40,False
L,11,1,0,1,-1,17,17,769,857,880,6,6,40,False
L,11,1,0,1,-1,17,18,780,857,880,8,8,40,False
L,11,1,0,1,-1,17,19,787,857,880,17,14,40,False
L,11,1,0,1,-1,17,20,783,857,880,33,22,40,False
L,11,1,0,1,-1,17,21,762,857,880,37,28,40,False
L,11,1,0,1,-1,17,22,731,857,880,40,33,40,False
L,11,1,0,1,-1,17,23,697,857,880,39,34,40,False
L,11,1,0,1,-1,17,24,662,857,880,38,33,40,False
L,11,1,0,1,-1,17,25,626,857,880,36,32,40,False
L,11,1,0,1,-1,17,26,591,857,880,35,31,40,False
L,11,1,0,1,-1,17,27,556,857,880,34,31,40,False
L,11,1,0,1,-1,18,11,575,857,880,0,0,40,False
L,11,1,0,1,-1,18,12,610,857,880,0,0,40,False
L,11,1,0,1,-1,18,13,644,857,880,1,1,40,False
L,11,1,0,1,-1,18,14,678,857,880,2,2,40,False
L,11,1,0,1,-1,18,15,711,857,880,4,4,40,False
L,11,1,0,1,-1,18,16,743,857,880,6,6,40,False
L,11,1,0,1,-1,18,17,766,857,880,8,8,40,False
L,11,1,0,1,-1,18,18,780,857,880,11,11,40,False
L,11,1,0,1,-1,18,19,789,857,880,20,18,40,False
L,11,1,0,1,-1,18,20,794,857,880,36,25,40,False
L,11,1,0,1,-1,18,21,780,857,880,40,29,40,False
L,11,1,0,1,-1,18,22,749,857,880,40,31,40,False
L,11,1,0,1,-1,18,23,716,857,880,40,33,40,False
L,11,1,0,1,-1,18,24,681,857,880,40,34,40,False
L,11,1,0,1,-1,18,25,646,857,880,40,35,40,False
L,11,1,0,1,-1,18,26,611,857,880,39,35,40,False
L,11,1,0,1,-1,18,27,576,857,880,37,33,40,False
L,11,1,0,1,-1,19,11,557,857,880,0,0,40,False
L,11,1,0,1,-1,19,12,592,857,880,1,1,40,False
L,11,1,0,1,-1,19,13,628,857,880,2,2,40,False
L,11,1,0,1,-1,19,14,663,857,880,4,4,40,False
L,11,1,0,1,-1,19,15,699,857,880,6,6,40,False
L,11,1,0,1,-1,19,16,732,857,880,8,8,40,False
L,11,1,0,1,-1,19,17,757,857,880,10,10,40,False
L,11,1,0,1,-1,19,18,774,857,880,15,15,40,False
L,11,1,0,1,-1,19,19,786,857,880,23,21,40,False
L,11,1,0,1,-1,19,20,791,857,880,33,26,40,False
L,11,1,0,1,-1,19,21,787,857,880,40,28,40,False
L,11,1,0,1,-1,19,22,760,857,880,40,29,40,False
L,11,1,0,1,-1,19,23,727,857,880,40,31,40,False
L,11,1,0,1,-1,19,24,695,857,880,40,33,40,False
L,11,1,0,1,-1,19,25,661,857,880,40,33,40,False
L,11,1,0,1,-1,19,26,627,857,880,40,35,40,False
L,11,1,0,1,-1,19,27,592,857,880,40,35,40,False
L,11,1,0,1,-1,20,11,537,857,880,1,1,40,False
L,11,1,0,1,-1,20,12,572,857,880,2,2,40,False
L,11,1,0,1,-1,20,13,607,857,880,4,4,40,False
L,11,1,0,1,-1,20,14,642,857,880,6,6,40,False
L,11,1,0,1,-1,20,15,677,857,880,8,8,40,False
L,11,1,0,1,-1,20,16,712,857,880,10,10,40,False
L,11,1,0,1,-1,20,17,738,857,880,13,13,40,False
L,11,1,0,1,-1,20,18,760,857,880,18,18,40,False
L,11,1,0,1,-1,20,19,773,857,880,26,23,40,False
L,11,1,0,1,-1,20,20,780,857,880,30,24,40,False
L,11,1,0,1,-1,20,21,779,857,880,38,26,40,False
L,11,1,0,1,-1,20,22,765,857,880,40,28,40,False
L,11,1,0,1,-1,20,23,736,857,880,40,29,40,False
L,11,1,0,1,-1,20,24,704,857,880,40,31,40,False
L,11,1,0,1,-1,20,25,672,857,880,40,32,40,False
L,11,1,0,1,-1,20,26,639,857,880,40,33,40,False
L,11,1,0,1,-1,20,27,606,857,880,40,34,40,False
L,11,1,0,1,-1,21,11,516,857,880,2,2,40,False
L,11,1,0,1,-1,21,12,550,857,880,4,4,40,False
L,11,1,0,1,-1,21,13,584,857,880,6,6,40,False
L,11,1,0,1,-1,21,14,618,857,880,8,8,40,False
L,11,1,0,1,-1,21,15,652,857,880,10,10,40,False
L,11,1,0,1,-1,21,16,685,857,880,12,12,40,False
L,11,1,0,1,-1,21,17,709,857,880,15,15,40,False
L,11,1,0,1,-1,21,18,730,857,880,20,19,40,False
L,11,1,0,1,-1,21,19,747,857,880,25,22,40,False
L,11,1,0,1,-1,21,20,758,857,880,28,23,40,False
L,11,1,0,1,-1,21,21,762,857,880,33,24,40,False
L,11,1,0,1,-1,21,22,758,857,880,39,26,40,False
L,11,1,0,1,-1,21,23,739,857,880,40,28,40,False
L,11,1,0,1,-1,21,24,710,857,880,40,29,40,False
L,11,1,0,1,-1,21,25,679,857,880,40,30,40,False
L,11,1,0,1,-1,21,26,648,857,880,40,31,40,False
L,11,1,0,1,-1,21,27,616,857,880,40,33,40,False
L,11,1,0,1,-1,22,11,493,857,880,4,4,40,False
L,11,1,0,1,-1,22,12,526,857,880,6,6,40,False
L,11,1,0,1,-1,22,13,559,857,880,8,8,40,False
L,11,1,0,1,-1,22,14,592,857,880,9,9,40,False
L,11,1,0,1,-1,22,15,625,857,880,11,11,40,False
L,11,1,0,1,-1,22,16,654,857,880,13,13,40,False
L,11,1,0,1,-1,22,17,677,857,880,16,16,40,False
L,11,1,0,1,-1,22,18,697,857,880,20,18,40,False
L,11,1,0,1,-1,22,19,714,857,880,24,20,40,False
L,11,1,0,1,-1,22,20,726,857,880,27,22,40,False
L,11,1,0,1,-1,22,21,734,857,880,30,23,40,False
L,11,1,0,1,-1,22,22,739,857,880,37,24,40,False
L,11,1,0,1,-1,22,23,731,857,880,40,26,40,False
L,11,1,0,1,-1,22,24,711,857,880,40,28,40,False
L,11,1,0,1,-1,22,25,683,857,880,40,29,40,False
L,11,1,0,1,-1,22,26,653,857,880,40,29,40,False
L,11,1,0,1,-1,22,27,623,857,880,40,31,40,False
L,11,1,0,1,-1,23,11,467,857,880,5,5,40,False
L,11,1,0,1,-1,23,12,499,857,880,7,7,40,False
L,11,1,0,1,-1,23,13,531,857,880,8,8,40,False
L,11,1,0,1,-1,23,14,563,857,880,9,9,40,False
L,11,1,0,1,-1,23,15,593,857,880,11,11,40,False
L,11,1,0,1,-1,23,16,621,857,880,13,13,40,False
L,11,1,0,1,-1,23,17,643,857,880,16,15,40,False
L,11,1,0,1,-1,23,18,663,857,880,20,17,40,False
L,11,1,0,1,-1,23,19,680,857,880,23,18,40,False
L,11,1,0,1,-1,23,20,693,857,880,25,20,40,False
L,11,1,0,1,-1,23,21,702,857,880,28,22,40,False
L,11,1,0,1,-1,23,22,709,857,880,33,23,40,False
L,11,1,0,1,-1,23,23,712,857,880,38,24,40,False
L,11,1,0,1,-1,23,24,700,857,880,40,26,40,False
L,11,1,0,1,-1,23,25,681,857,880,40,27,40,False
L,11,1,0,1,-1,23,26,654,857,880,40,28,40,False
L,11,1,0,1,-1,23,27,625,857,880,40,29,40,False
L,11,1,0,1,-1,24,11,439,857,880,5,5,40,False
L,11,1,0,1,-1,24,12,470,857,880,7,7,40,False
L,11,1,0,1,-1,24,13,501,857,880,8,8,40,False
L,11,1,0,1,-1,24,14,531,857,880,9,9,40,False
L,11,1,0,1,-1,24,15,560,857,880,11,10,40,False
L,11,1,0,1,-1,24,16,587,857,880,13,12,40,False
L,11,1,0,1,-1,24,17,609,857,880,16,14,40,False
L,11,1,0,1,-1,24,18,629,857,880,19,15,40,False
L,11,1,0,1,-1,24,19,646,857,880,22,17,40,False
L,11,1,0,1,-1,24,20,659,857,880,24,18,40,False
L,11,1,0,1,-1,24,21,670,857,880,27,20,40,False
L,11,1,0,1,-1,24,22,678,857,880,30,22,40,False
L,11,1,0,1,-1,24,23,683,857,880,36,23,40,False
L,11,1,0,1,-1,24,24,680,857,880,39,24,40,False
L,11,1,0,1,-1,24,25,666,857,880,40,25,40,False
L,11,1,0,1,-1,24,26,648,857,880,40,26,40,False
L,11,1,0,1,-1,24,27,624,857,880,40,28,40,False
L,11,1,0,1,-1,25,11,410,857,880,5,4,40,False
L,11,1,0,1,-1,25,12,440,857,880,7,6,40,False
L,11,1,0,1,-1,25,13,470,857,880,8,7,40,False
L,11,1,0,1,-1,25,14,499,857,880,9,8,40,False
L,11,1,0,1,-1,25,15,527,857,880,11,9,40,False
L,11,1,0,1,-1,25,16,553,857,880,13,10,40,False
L,11,1,0,1,-1,25,17,575,857,880,16,12,40,False
L,11,1,0,1,-1,25,18,595,857,880,18,14,40,False
L,11,1,0,1,-1,25,19,612,857,880,21,15,40,False
L,11,1,0,1,-1,25,20,625,857,880,23,17,40,False
L,11,1,0,1,-1,25,21,637,857,880,25,18,40,False
L,11,1,0,1,-1,25,22,646,857,880,28,20,40,False
L,11,1,0,1,-1,25,23,653,857,880,33,22,40,False
L,11,1,0,1,-1,25,24,656,857,880,37,23,40,False
L,11,1,0,1,-1,25,25,647,857,880,39,23,40,False
L,11,1,0,1,-1,25,26,632,857,880,40,24,40,False
L,11,1,0,1,-1,25,27,614,857,880,40,26,40,False
L,11,1,0,1,-1,26,11,381,857,880,5,2,40,False
L,11,1,0,1,-1,26,12,410,857,880,7,4,40,False
L,11,1,0,1,-1,26,13,439,857,880,8,6,40,False
L,11,1,0,1,-1,26,14,467,857,880,9,7,40,False
L,11,1,0,1,-1,26,15,494,857,880,11,8,40,False
L,11,1,0,1,-1,26,16,519,857,880,13,9,40,False
L,11,1,0,1,-1,26,17,541,857,880,15,10,40,False
L,11,1,0,1,-1,26,18,561,857,880,17,12,40,False
L,11,1,0,1,-1,26,19,578,857,880,19,14,40,False
L,11,1,0,1,-1,26,20,592,857,880,22,15,40,False
L,11,1,0,1,-1,26,21,604,857,880,24,17,40,False
L,11,1,0,1,-1,26,22,614,857,880,27,18,40,False
L,11,1,0,1,-1,26,23,622,857,880,30,20,40,False
L,11,1,0,1,-1,26,24,627,857,880,35,21,40,False
L,11,1,0,1,-1,26,25,626,857,880,38,22,40,False
L,11,1,0,1,-1,26,26,614,857,880,39,23,40,False
L,11,1,0,1,-1,26,27,598,857,880,40,24,40,False
R,0,-1,0,-1,1,11,12,594,852,892,0,0,42,False
R,0,-1,0,-1,1,11,13,609,852,892,0,0,42,False
R,0,-1,0,-1,1,11,14,615,852,892,0,0,42,False
R,0,-1,0,-1,1,11,15,617,852,892,0,0,42,False
R,0,-1,0,-1,1,11,16,615,852,892,0,0,42,False
R,0,-1,0,-1,1,11,17,610,852,892,2,2,42,False
R,0,-1,0,-1,1,11,18,599,852,892,3,3,42,False
R,0,-1,0,-1,1,11,19,585,852,892,4,4,42,False
R,0,-1,0,-1,1,11,20,569,852,892,6,4,42,False
R,0,-1,0,-1,1,11,21,550,852,892,8,4,42,False
R,0,-1,0,-1,1,11,22,528,852,892,9,4,42,False
R,0,-1,0,-1,1,11,23,504,852,892,11,3,42,False
R,0,-1,0,-1,1,11,24,479,852,892,12,3,42,False
R,0,-1,0,-1,1,11,25,452,852,892,12,3,42,False
R,0,-1,0,-1,1,11,26,424,852,892,13,2,42,False
R,0,-1,0,-1,1,11,27,397,852,892,13,2,42,False
R,0,-1,0,-1,1,11,28,368,852,892,13,1,42,False
R,0,-1,0,-1,1,12,12,607,852,892,0,0,42,False
R,0,-1,0,-1,1,12,13,627,852,892,0,0,42,False
R,0,-1,0,-1,1,12,14,641,852,892,0,0,42,False
R,0,-1,0,-1,1,12,15,644,852,892,0,0,42,False
R,0,-1,0,-1,1,12,16,645,852,892,0,0,42,False
R,0,-1,0,-1,1,12,17,641,852,892,2,2,42,False
R,0,-1,0,-1,1,12,18,632,852,892,3,3,42,False
R,0,-1,0,-1,1,12,19,619,852,892,4,4,42,False
R,0,-1,0,-1,1,12,20,603,852,892,6,5,42,False
R,0,-1,0,-1,1,12,21,584,852,892,9,4,42,False
R,0,-1,0,-1,1,12,22,562,852,892,10,4,42,False
R,0,-1,0,-1,1,12,23,537,852,892,12,4,42,False
R,0,-1,0,-1,1,12,24,512,852,892,13,4,42,False
R,0,-1,0,-1,1,12,25,484,852,892,14,3,42,False
R,0,-1,0,-1,1,12,26,455,852,892,15,3,42,False
R,0,-1,0,-1,1,12,27,427,852,892,15,3,42,False
R,0,-1,0,-1,1,12,28,397,852,892,15,2,42,False
R,0,-1,0,-1,1,13,12,617,852,892,0,0,42,False
R,0,-1,0,-1,1,13,13,640,852,892,0,0,42,False
R,0,-1,0,-1,1,13,14,660,852,892,0,0,42,False
R,0,-1,0,-1,1,13,15,671,852,892,0,0,42,False
R,0,-1,0,-1,1,13,16,673,852,892,0,0,42,False
R,0,-1,0,-1,1,13,17,672,852,892,0,0,42,False
R,0,-1,0,-1,1,13,18,666,852,892,3,3,42,False
R,0,-1,0,-1,1,13,19,653,852,892,4,4,42,False
R,0,-1,0,-1,1,13,20,637,852,892,6,6,42,False
R,0,-1,0,-1,1,13,21,618,852,892,9,5,42,False
R,0,-1,0,-1,1,13,22,596,852,892,11,5,42,False
R,0,-1,0,-1,1,13,23,571,852,892,14,5,42,False
R,0,-1,0,-1,1,13,24,545,852,892,15,4,42,False
R,0,-1,0,-1,1,13,25,516,852,892,16,4,42,False
R,0,-1,0,-1,1,13,26,486,852,892,17,4,42,False
R,0,-1,0,-1,1,13,27,457,852,892,17,3,42,False
R,0,-1,0,-1,1,13,28,426,852,892,17,3,42,False
R,0,-1,0,-1,1,14,12,623,852,892,1,0,42,False
R,0,-1,0,-1,1,14,13,649,852,892,1,0,42,False
R,0,-1,0,-1,1,14,14,673,852,892,1,0,42,False
R,0,-1,0,-1,1,14,15,694,852,892,0,0,42,False
R,0,-1,0,-1,1,14,16,700,852,892,0,0,42,False
R,0,-1,0,-1,1,14,17,701,852,892,0,0,42,False
R,0,-1,0,-1,1,14,18,698,852,892,3,3,42,False
R,0,-1,0,-1,1,14,19,687,852,892,4,4,42,False
R,0,-1,0,-1,1,14,20,671,852,892,6,6,42,False
R,0,-1,0,-1,1,14,21,652,852,892,9,7,42,False
R,0,-1,0,-1,1,14,22,630,852,892,13,6,42,False
R,0,-1,0,-1,1,14,23,605,852,892,16,6,42,False
R,0,-1,0,-1,1,14,24,577,852,892,17,5,42,False
R,0,-1,0,-1,1,14,25,547,852,892,18,5,42,False
R,0,-1,0,-1,1,14,26,517,852,892,18,4,42,False
R,0,-1,0,-1,1,14,27,485,852,892,18,4,42,False
R,0,-1,0,-1,1,14,28,454,852,892,18,4,42,False
R,0,-1,0,-1,1,15,12,626,852,892,1,0,42,False
R,0,-1,0,-1,1,15,13,654,852,892,1,0,42,False
R,0,-1,0,-1,1,15,14,680,852,892,1,0,42,False
R,0,-1,0,-1,1,15,15,706,852,892,1,0,42,False
R,0,-1,0,-1,1,15,16,724,852,892,1,0,42,False
R,0,-1,0,-1,1,15,17,729,852,892,0,0,42,False
R,0,-1,0,-1,1,15,18,728,852,892,1,1,42,False
R,0,-1,0,-1,1,15,19,721,852,892,4,4,42,False
R,0,-1,0,-1,1,15,20,705,852,892,6,6,42,False
R,0,-1,0,-1,1,15,21,686,852,892,9,8,42,False
R,0,-1,0,-1,1,15,22,663,852,892,15,7,42,False
R,0,-1,0,-1,1,15,23,637,852,892,18,7,42,False
R,0,-1,0,-1,1,15,24,608,852,892,19,7,42,False
R,0,-1,0,-1,1,15,25,577,852,892,20,6,42,False
R,0,-1,0,-1,1,15,26,545,852,892,20,5,42,False
R,0,-1,0,-1,1,15,27,513,852,892,20,5,42,False
R,0,-1,0,-1,1,15,28,481,852,892,20,4,42,False
R,0,-1,0,-1,1,16,12,625,852,892,3,0,42,False
R,0,-1,0,-1,1,16,13,655,852,892,4,0,42,False
R,0,-1,0,-1,1,16,14,684,852,892,4,0,42,False
R,0,-1,0,-1,1,16,15,712,852,892,4,0,42,False
R,0,-1,0,-1,1,16,16,738,852,892,4,0,42,False
R,0,-1,0,-1,1,16,17,753,852,892,4,0,42,False
R,0,-1,0,-1,1,16,18,757,852,892,3,0,42,False
R,0,-1,0,-1,1,16,19,752,852,892,5,4,42,False
R,0,-1,0,-1,1,16,20,739,852,892,6,6,42,False
R,0,-1,0,-1,1,16,21,718,852,892,10,9,42,False
R,0,-1,0,-1,1,16,22,694,852,892,19,9,42,False
R,0,-1,0,-1,1,16,23,668,852,892,22,8,42,False
R,0,-1,0,-1,1,16,24,638,852,892,23,8,42,False
R,0,-1,0,-1,1,16,25,605,852,892,23,7,42,False
R,0,-1,0,-1,1,16,26,573,852,892,23,7,42,False
R,0,-1,0,-1,1,16,27,540,852,892,23,6,42,False
R,0,-1,0,-1,1,16,28,507,852,892,23,5,42,False
R,0,-1,0,-1,1,17,12,620,852,892,4,0,42,False
R,0,-1,0,-1,1,17,13,652,852,892,5,0,42,False
R,0,-1,0,-1,1,17,14,683,852,892,6,0,42,False
R,0,-1,0,-1,1,17,15,713,852,892,7,0,42,False
R,0,-1,0,-1,1,17,16,742,852,892,8,0,42,False
R,0,-1,0,-1,1,17,17,766,852,892,9,0,42,False
R,0,-1,0,-1,1,17,18,780,852,892,10,0,42,False
R,0,-1,0,-1,1,17,19,781,852,892,12,1,42,False
R,0,-1,0,-1,1,17,20,770,852,892,17,6,42,False
R,0,-1,0,-1,1,17,21,748,852,892,23,9,42,False
R,0,-1,0,-1,1,17,22,724,852,892,31,11,42,False
R,0,-1,0,-1,1,17,23,699,852,892,30,10,42,False
R,0,-1,0,-1,1,17,24,666,852,892,30,10,42,False
R,0,-1,0,-1,1,17,25,632,852,892,29,9,42,False
R,0,-1,0,-1,1,17,26,598,852,892,28,8,42,False
R,0,-1,0,-1,1,17,27,564,852,892,27,7,42,False
R,0,-1,0,-1,1,17,28,530,852,892,26,7,42,False
R,0,-1,0,-1,1,18,12,611,852,892,6,0,42,False
R,0,-1,0,-1,1,18,13,644,852,892,7,0,42,False
R,0,-1,0,-1,1,18,14,677,852,892,8,0,42,False
R,0,-1,0,-1,1,18,15,709,852,892,9,0,42,False
R,0,-1,0,-1,1,18,16,740,852,892,10,0,42,False
R,0,-1,0,-1,1,18,17,770,852,892,11,0,42,False
R,0,-1,0,-1,1,18,18,790,852,892,12,0,42,False
R,0,-1,0,-1,1,18,19,795,852,892,15,0,42,False
R,0,-1,0,-1,1,18,20,795,852,892,24,6,42,False
R,0,-1,0,-1,1,18,21,777,852,892,34,9,42,False
R,0,-1,0,-1,1,18,22,754,852,892,41,12,42,False
R,0,-1,0,-1,1,18,23,726,852,892,39,11,42,False
R,0,-1,0,-1,1,18,24,691,852,892,37,11,42,False
R,0,-1,0,-1,1,18,25,656,852,892,35,11,42,False
R,0,-1,0,-1,1,18,26,621,852,892,33,10,42,False
R,0,-1,0,-1,1,18,27,586,852,892,31,9,42,False
R,0,-1,0,-1,1,18,28,552,852,892,29,8,42,False
R,0,-1,0,-1,1,19,12,596,852,892,7,0,42,False
R,0,-1,0,-1,1,19,13,632,852,892,8,0,42,False
R,0,-1,0,-1,1,19,14,667,852,892,9,0,42,False
R,0,-1,0,-1,1,19,15,700,852,892,10,0,42,False
R,0,-1,0,-1,1,19,16,733,852,892,11,0,42,False
R,0,-1,0,-1,1,19,17,764,852,892,13,0,42,False
R,0,-1,0,-1,1,19,18,785,852,892,15,0,42,False
R,0,-1,0,-1,1,19,19,793,852,892,18,0,42,False
R,0,-1,0,-1,1,19,20,796,852,892,23,2,42,False
R,0,-1,0,-1,1,19,21,794,852,892,36,9,42,False
R,0,-1,0,-1,1,19,22,772,852,892,42,13,42,False
R,0,-1,0,-1,1,19,23,744,852,892,41,12,42,False
R,0,-1,0,-1,1,19,24,709,852,892,41,12,42,False
R,0,-1,0,-1,1,19,25,674,852,892,39,12,42,False
R,0,-1,0,-1,1,19,26,639,852,892,37,11,42,False
R,0,-1,0,-1,1,19,27,605,852,892,35,11,42,False
R,0,-1,0,-1,1,19,28,571,852,892,34,10,42,False
R,0,-1,0,-1,1,20,12,577,852,892,7,0,42,False
R,0,-1,0,-1,1,20,13,612,852,892,8,0,42,False
R,0,-1,0,-1,1,20,14,648,852,892,9,0,42,False
R,0,-1,0,-1,1,20,15,684,852,892,10,0,42,False
R,0,-1,0,-1,1,20,16,718,852,892,12,0,42,False
R,0,-1,0,-1,1,20,17,746,852,892,14,0,42,False
R,0,-1,0,-1,1,20,18,772,852,892,17,0,42,False
R,0,-1,0,-1,1,20,19,782,852,892,19,0,42,False
R,0,-1,0,-1,1,20,20,790,852,892,22,0,42,False
R,0,-1,0,-1,1,20,21,792,852,892,36,10,42,False
R,0,-1,0,-1,1,20,22,780,852,892,42,14,42,False
R,0,-1,0,-1,1,20,23,755,852,892,42,13,42,False
R,0,-1,0,-1,1,20,24,722,852,892,41,13,42,False
R,0,-1,0,-1,1,20,25,688,852,892,41,13,42,False
R,0,-1,0,-1,1,20,26,654,852,892,40,12,42,False
R,0,-1,0,-1,1,20,27,620,852,892,38,12,42,False
R,0,-1,0,-1,1,20,28,586,852,892,36,11,42,False
R,0,-1,0,-1,1,21,12,555,852,892,8,0,42,False
R,0,-1,0,-1,1,21,13,590,852,892,9,0,42,False
R,0,-1,0,-1,1,21,14,624,852,892,10,0,42,False
R,0,-1,0,-1,1,21,15,658,852,892,11,0,42,False
R,0,-1,0,-1,1,21,16,688,852,892,13,0,42,False
R,0,-1,0,-1,1,21,17,717,852,892,15,0,42,False
R,0,-1,0,-1,1,21,18,745,852,892,18,0,42,False
R,0,-1,0,-1,1,21,19,764,852,892,20,0,42,False
R,0,-1,0,-1,1,21,20,776,852,892,23,0,42,False
R,0,-1,0,-1,1,21,21,781,852,892,31,6,42,False
R,0,-1,0,-1,1,21,22,780,852,892,42,16,42,False
R,0,-1,0,-1,1,21,23,758,852,892,42,15,42,False
R,0,-1,0,-1,1,21,24,729,852,892,42,15,42,False
R,0,-1,0,-1,1,21,25,698,852,892,41,14,42,False
R,0,-1,0,-1,1,21,26,665,852,892,41,13,42,False
R,0,-1,0,-1,1,21,27,632,852,892,41,13,42,False
R,0,-1,0,-1,1,21,28,599,852,892,39,12,42,False
R,0,-1,0,-1,1,22,12,532,852,892,8,0,42,False
R,0,-1,0,-1,1,22,13,565,852,892,9,0,42,False
R,0,-1,0,-1,1,22,14,598,852,892,10,0,42,False
R,0,-1,0,-1,1,22,15,628,852,892,12,0,42,False
R,0,-1,0,-1,1,22,16,657,852,892,14,0,42,False
R,0,-1,0,-1,1,22,17,685,852,892,16,0,42,False
R,0,-1,0,-1,1,22,18,712,852,892,18,0,42,False
R,0,-1,0,-1,1,22,19,735,852,892,20,0,42,False
R,0,-1,0,-1,1,22,20,750,852,892,23,0,42,False
R,0,-1,0,-1,1,22,21,762,852,892,28,4,42,False
R,0,-1,0,-1,1,22,22,768,852,892,41,16,42,False
R,0,-1,0,-1,1,22,23,759,852,892,42,17,42,False
R,0,-1,0,-1,1,22,24,730,852,892,42,17,42,False
R,0,-1,0,-1,1,22,25,702,852,892,41,16,42,False
R,0,-1,0,-1,1,22,26,672,852,892,41,15,42,False
R,0,-1,0,-1,1,22,27,641,852,892,41,14,42,False
R,0,-1,0,-1,1,22,28,609,852,892,41,13,42,False
R,0,-1,0,-1,1,23,12,506,852,892,8,0,42,False
R,0,-1,0,-1,1,23,13,538,852,892,9,0,42,False
R,0,-1,0,-1,1,23,14,568,852,892,10,0,42,False
R,0,-1,0,-1,1,23,15,597,852,892,12,0,42,False
R,0,-1,0,-1,1,23,16,625,852,892,14,0,42,False
R,0,-1,0,-1,1,23,17,652,852,892,16,0,42,False
R,0,-1,0,-1,1,23,18,678,852,892,18,0,42,False
R,0,-1,0,-1,1,23,19,701,852,892,20,0,42,False
R,0,-1,0,-1,1,23,20,719,852,892,23,1,42,False
R,0,-1,0,-1,1,23,21,732,852,892,27,4,42,False
R,0,-1,0,-1,1,23,22,743,852,892,36,12,42,False
R,0,-1,0,-1,1,23,23,747,852,892,42,18,42,False
R,0,-1,0,-1,1,23,24,730,852,892,42,18,42,False
R,0,-1,0,-1,1,23,25,703,852,892,42,17,42,False
R,0,-1,0,-1,1,23,26,674,852,892,41,17,42,False
R,0,-1,0,-1,1,23,27,644,852,892,41,16,42,False
R,0,-1,0,-1,1,23,28,614,852,892,41,15,42,False
R,0,-1,0,-1,1,24,12,479,852,892,8,0,42,False
R,0,-1,0,-1,1,24,13,509,852,892,9,0,42,False
R,0,-1,0,-1,1,24,14,538,852,892,10,0,42,False
R,0,-1,0,-1,1,24,15,566,852,892,12,0,42,False
R,0,-1,0,-1,1,24,16,593,852,892,14,0,42,False
R,0,-1,0,-1,1,24,17,619,852,892,16,0,42,False
R,0,-1,0,-1,1,24,18,644,852,892,18,1,42,False
R,0,-1,0,-1,1,24,19,667,852,892,20,1,42,False
R,0,-1,0,-1,1,24,20,687,852,892,23,2,42,False
R,0,-1,0,-1,1,24,21,701,852,892,27,5,42,False
R,0,-1,0,-1,1,24,22,713,852,892,33,11,42,False
R,0,-1,0,-1,1,24,23,720,852,892,40,18,42,False
R,0,-1,0,-1,1,24,24,714,852,892,42,19,42,False
R,0,-1,0,-1,1,24,25,698,852,892,42,18,42,False
R,0,-1,0,-1,1,24,26,673,852,892,42,18,42,False
R,0,-1,0,-1,1,24,27,645,852,892,41,17,42,False
R,0,-1,0,-1,1,24,28,616,852,892,41,17,42,False
R,0,-1,0,-1,1,25,12,451,852,892,8,2,42,False
R,0,-1,0,-1,1,25,13,480,852,892,9,1,42,False
R,0,-1,0,-1,1,25,14,508,852,892,10,1,42,False
R,0,-1,0,-1,1,25,15,535,852,892,12,1,42,False
R,0,-1,0,-1,1,25,16,561,852,892,14,1,42,False
R,0,-1,0,-1,1,25,17,586,852,892,16,1,42,False
R,0,-1,0,-1,1,25,18,610,852,892,18,2,42,False
R,0,-1,0,-1,1,25,19,633,852,892,20,3,42,False
R,0,-1,0,-1,1,25,20,653,852,892,23,5,42,False
R,0,-1,0,-1,1,25,21,669,852,892,27,8,42,False
R,0,-1,0,-1,1,25,22,682,852,892,30,10,42,False
R,0,-1,0,-1,1,25,23,690,852,892,36,15,42,False
R,0,-1,0,-1,1,25,24,691,852,892,41,19,42,False
R,0,-1,0,-1,1,25,25,680,852,892,42,20,42,False
R,0,-1,0,-1,1,25,26,663,852,892,42,19,42,False
R,0,-1,0,-1,1,25,27,642,852,892,42,18,42,False
R,0,-1,0,-1,1,25,28,615,852,892,41,18,42,False
R,0,-1,0,-1,1,26,12,423,852,892,8,7,42,False
R,0,-1,0,-1,1,26,13,451,852,892,9,6,42,False
R,0,-1,0,-1,1,26,14,478,852,892,10,5,42,False
R,0,-1,0,-1,1,26,15,504,852,892,12,5,42,False
R,0,-1,0,-1,1,26,16,529,852,892,14,5,42,False
R,0,-1,0,-1,1,26,17,553,852,892,16,5,42,False
R,0,-1,0,-1,1,26,18,576,852,892,18,5,42,False
R,0,-1,0,-1,1,26,19,599,852,892,20,6,42,False
R,0,-1,0,-1,1,26,20,619,852,892,23,8,42,False
R,0,-1,0,-1,1,26,21,636,852,892,27,11,42,False
R,0,-1,0,-1,1,26,22,650,852,892,29,12,42,False
R,0,-1,0,-1,1,26,23,659,852,892,33,15,42,False
R,0,-1,0,-1,1,26,24,664,852,892,39,19,42,False
R,0,-1,0,-1,1,26,25,659,852,892,41,20,42,False
R,0,-1,0,-1,1,26,26,646,852,892,42,20,42,False
R,0,-1,0,-1,1,26,27,628,852,892,42,20,42,False
R,0,-1,0,-1,1,26,28,608,852,892,41,19,42,False
R,0,-1,0,-1,1,27,12,395,852,892,8,8,42,False
R,0,-1,0,-1,1,27,13,422,852,892,9,9,42,False
R,0,-1,0,-1,1,27,14,448,852,892,10,9,42,False
R,0,-1,0,-1,1,27,15,473,852,892,12,9,42,False
R,0,-1,0,-1,1,27,16,497,852,892,14,9,42,False
R,0,-1,0,-1,1,27,17,520,852,892,16,9,42,False
R,0,-1,0,-1,1,27,18,543,852,892,18,10,42,False
R,0,-1,0,-1,1,27,19,565,852,892,20,10,42,False
R,0,-1,0,-1,1,27,20,585,852,892,23,11,42,False
R,0,-1,0,-1,1,27,21,602,852,892,26,12,42,False
R,0,-1,0,-1,1,27,22,617,852,892,28,13,42,False
R,0,-1,0,-1,1,27,23,627,852,892,31,15,42,False
R,0,-1,0,-1,1,27,24,634,852,892,36,19,42,False
R,0,-1,0,-1,1,27,25,635,852,892,40,22,42,False
R,0,-1,0,-1,1,27,26,626,852,892,41,21,42,False
R,0,-1,0,-1,1,27,27,612,852,892,42,21,42,False
R,0,-1,0,-1,1,27,28,594,852,892,42,20,42,False
R,1,-1,0,0,-1,11,12,591,852,892,0,0,42,False
R,1,-1,0,0,-1,11,13,603,852,892,0,0,42,False
R,1,-1,0,0,-1,11,14,612,852,892,0,0,42,False
R,1,-1,0,0,-1,11,15,615,852,892,0,0,42,False
R,1,-1,0,0,-1,11,16,617,852,892,0,0,42,False
R,1,-1,0,0,-1,11,17,614,852,892,1,0,42,False
R,1,-1,0,0,-1,11,18,606,852,892,3,0,42,False
R,1,-1,0,0,-1,11,19,593,852,892,6,0,42,False
R,1,-1,0,0,-1,11,20,575,852,892,7,0,42,False
R,1,-1,0,0,-1,11,21,554,852,892,9,0,42,False
R,1,-1,0,0,-1,11,22,532,852,892,10,0,42,False
R,1,-1,0,0,-1,11,23,508,852,892,11,0,42,False
R,1,-1,0,0,-1,11,24,483,852,892,12,0,42,False
R,1,-1,0,0,-1,11,25,457,852,892,12,0,42,False
R,1,-1,0,0,-1,11,26,429,852,892,13,0,42,False
R,1,-1,0,0,-1,11,27,401,852,892,13,0,42,False
R,1,-1,0,0,-1,11,28,373,852,892,13,0,42,False
R,1,-1,0,0,-1,12,12,604,852,892,0,0,42,False
R,1,-1,0,0,-1,12,13,624,852,892,0,0,42,False
R,1,-1,0,0,-1,12,14,635,852,892,0,0,42,False
R,1,-1,0,0,-1,12,15,642,852,892,0,0,42,False
R,1,-1,0,0,-1,12,16,645,852,892,0,0,42,False
R,1,-1,0,0,-1,12,17,644,852,892,0,0,42,False
R,1,-1,0,0,-1,12,18,639,852,892,3,0,42,False
R,1,-1,0,0,-1,12,19,627,852,892,6,0,42,False
R,1,-1,0,0,-1,12,20,610,852,892,8,0,42,False
R,1,-1,0,0,-1,12,21,589,852,892,9,0,42,False
R,1,-1,0,0,-1,12,22,567,852,892,11,0,42,False
R,1,-1,0,0,-1,12,23,543,852,892,12,0,42,False
R,1,-1,0,0,-1,12,24,517,852,892,13,0,42,False
R,1,-1,0,0,-1,12,25,490,852,892,14,0,42,False
R,1,-1,0,0,-1,12,26,461,852,892,15,0,42,False
R,1,-1,0,0,-1,12,27,432,852,892,15,0,42,False
R,1,-1,0,0,-1,12,28,403,852,892,15,0,42,False
R,1,-1,0,0,-1,13,12,614,852,892,0,0,42,False
R,1,-1,0,0,-1,13,13,637,852,892,0,0,42,False
R,1,-1,0,0,-1,13,14,657,852,892,0,0,42,False
R,1,-1,0,0,-1,13,15,668,852,892,0,0,42,False
R,1,-1,0,0,-1,13,16,672,852,892,0,0,42,False
R,1,-1,0,0,-1,13,17,673,852,892,0,0,42,False
R,1,-1,0,0,-1,13,18,670,852,892,2,0,42,False
R,1,-1,0,0,-1,13,19,661,852,892,5,0,42,False
R,1,-1,0,0,-1,13,20,645,852,892,9,0,42,False
R,1,-1,0,0,-1,13,21,625,852,892,10,0,42,False
R,1,-1,0,0,-1,13,22,602,852,892,12,0,42,False
R,1,-1,0,0,-1,13,23,578,852,892,14,0,42,False
R,1,-1,0,0,-1,13,24,551,852,892,15,0,42,False
R,1,-1,0,0,-1,13,25,523,852,892,16,0,42,False
R,1,-1,0,0,-1,13,26,493,852,892,17,0,42,False
R,1,-1,0,0,-1,13,27,463,852,892,17,0,42,False
R,1,-1,0,0,-1,13,28,433,852,892,17,0,42,False
R,1,-1,0,0,-1,14,12,620,852,892,1,0,42,False
R,1,-1,0,0,-1,14,13,646,852,892,1,0,42,False
R,1,-1,0,0,-1,14,14,670,852,892,1,0,42,False
R,1,-1,0,0,-1,14,15,690,852,892,0,0,42,False
R,1,-1,0,0,-1,14,16,699,852,892,0,0,42,False
R,1,-1,0,0,-1,14,17,701,852,892,0,0,42,False
R,1,-1,0,0,-1,14,18,700,852,892,0,0,42,False
R,1,-1,0,0,-1,14,19,694,852,892,4,0,42,False
R,1,-1,0,0,-1,14,20,680,852,892,9,0,42,False
R,1,-1,0,0,-1,14,21,661,852,892,11,0,42,False
R,1,-1,0,0,-1,14,22,638,852,892,14,0,42,False
R,1,-1,0,0,-1,14,23,613,852,892,16,0,42,False
R,1,-1,0,0,-1,14,24,585,852,892,17,0,42,False
R,1,-1,0,0,-1,14,25,556,852,892,18,0,42,False
R,1,-1,0,0,-1,14,26,525,852,892,18,0,42,False
R,1,-1,0,0,-1,14,27,493,852,892,18,0,42,False
R,1,-1,0,0,-1,14,28,462,852,892,18,0,42,False
R,1,-1,0,0,-1,15,12,621,852,892,1,0,42,False
R,1,-1,0,0,-1,15,13,650,852,892,1,0,42,False
R,1,-1,0,0,-1,15,14,677,852,892,1,0,42,False
R,1,-1,0,0,-1,15,15,703,852,892,1,0,42,False
R,1,-1,0,0,-1,15,16,724,852,892,1,0,42,False
R,1,-1,0,0,-1,15,17,728,852,892,0,0,42,False
R,1,-1,0,0,-1,15,18,729,852,892,0,0,42,False
R,1,-1,0,0,-1,15,19,725,852,892,3,0,42,False
R,1,-1,0,0,-1,15,20,715,852,892,8,0,42,False
R,1,-1,0,0,-1,15,21,697,852,892,13,0,42,False
R,1,-1,0,0,-1,15,22,674,852,892,16,0,42,False
R,1,-1,0,0,-1,15,23,648,852,892,18,0,42,False
R,1,-1,0,0,-1,15,24,619,852,892,19,0,42,False
R,1,-1,0,0,-1,15,25,588,852,892,20,0,42,False
R,1,-1,0,0,-1,15,26,556,852,892,20,0,42,False
R,1,-1,0,0,-1,15,27,523,852,892,20,0,42,False
R,1,-1,0,0,-1,15,28,491,852,892,20,1,42,False
R,1,-1,0,0,-1,16,12,618,852,892,3,0,42,False
R,1,-1,0,0,-1,16,13,649,852,892,4,0,42,False
R,1,-1,0,0,-1,16,14,679,852,892,4,0,42,False
R,1,-1,0,0,-1,16,15,708,852,892,4,0,42,False
R,1,-1,0,0,-1,16,16,735,852,892,4,0,42,False
R,1,-1,0,0,-1,16,17,755,852,892,4,0,42,False
R,1,-1,0,0,-1,16,18,757,852,892,2,0,42,False
R,1,-1,0,0,-1,16,19,755,852,892,1,0,42,False
R,1,-1,0,0,-1,16,20,749,852,892,7,0,42,False
R,1,-1,0,0,-1,16,21,732,852,892,15,0,42,False
R,1,-1,0,0,-1,16,22,710,852,892,20,0,42,False
R,1,-1,0,0,-1,16,23,683,852,892,22,0,42,False
R,1,-1,0,0,-1,16,24,652,852,892,23,0,42,False
R,1,-1,0,0,-1,16,25,619,852,892,23,0,42,False
R,1,-1,0,0,-1,16,26,586,852,892,23,0,42,False
R,1,-1,0,0,-1,16,27,553,852,892,23,1,42,False
R,1,-1,0,0,-1,16,28,519,852,892,23,1,42,False
R,1,-1,0,0,-1,17,12,606,852,892,4,0,42,False
R,1,-1,0,0,-1,17,13,641,852,892,5,0,42,False
R,1,-1,0,0,-1,17,14,675,852,892,6,0,42,False
R,1,-1,0,0,-1,17,15,707,852,892,7,0,42,False
R,1,-1,0,0,-1,17,16,737,852,892,8,0,42,False
R,1,-1,0,0,-1,17,17,766,852,892,9,0,42,False
R,1,-1,0,0,-1,17,18,784,852,892,10,0,42,False
R,1,-1,0,0,-1,17,19,784,852,892,11,0,42,False
R,1,-1,0,0,-1,17,20,779,852,892,17,0,42,False
R,1,-1,0,0,-1,17,21,767,852,892,28,0,42,False
R,1,-1,0,0,-1,17,22,746,852,892,31,0,42,False
R,1,-1,0,0,-1,17,23,716,852,892,30,0,42,False
R,1,-1,0,0,-1,17,24,684,852,892,30,0,42,False
R,1,-1,0,0,-1,17,25,649,852,892,29,0,42,False
R,1,-1,0,0,-1,17,26,614,852,892,28,0,42,False
R,1,-1,0,0,-1,17,27,580,852,892,27,1,42,False
R,1,-1,0,0,-1,17,28,545,852,892,26,1,42,False
R,1,-1,0,0,-1,18,12,590,852,892,6,0,42,False
R,1,-1,0,0,-1,18,13,625,852,892,7,0,42,False
R,1,-1,0,0,-1,18,14,660,852,892,8,0,42,False
R,1,-1,0,0,-1,18,15,696,852,892,9,0,42,False
R,1,-1,0,0,-1,18,16,731,852,892,10,0,42,False
R,1,-1,0,0,-1,18,17,764,852,892,11,0,42,False
R,1,-1,0,0,-1,18,18,791,852,892,12,0,42,False
R,1,-1,0,0,-1,18,19,807,852,892,15,0,42,False
R,1,-1,0,0,-1,18,20,808,852,892,21,0,42,False
R,1,-1,0,0,-1,18,21,801,852,892,38,0,42,False
R,1,-1,0,0,-1,18,22,780,852,892,41,0,42,False
R,1,-1,0,0,-1,18,23,748,852,892,39,0,42,False
R,1,-1,0,0,-1,18,24,712,852,892,37,0,42,False
R,1,-1,0,0,-1,18,25,676,852,892,35,0,42,False
R,1,-1,0,0,-1,18,26,641,852,892,33,1,42,False
R,1,-1,0,0,-1,18,27,605,852,892,31,1,42,False
R,1,-1,0,0,-1,18,28,570,852,892,29,2,42,False
R,1,-1,0,0,-1,19,12,571,852,892,7,0,42,False
R,1,-1,0,0,-1,19,13,606,852,892,8,0,42,False
R,1,-1,0,0,-1,19,14,642,852,892,9,0,42,False
R,1,-1,0,0,-1,19,15,678,852,892,10,0,42,False
R,1,-1,0,0,-1,19,16,713,852,892,11,0,42,False
R,1,-1,0,0,-1,19,17,749,852,892,13,0,42,False
R,1,-1,0,0,-1,19,18,784,852,892,16,0,42,False
R,1,-1,0,0,-1,19,19,808,852,892,19,0,42,False
R,1,-1,0,0,-1,19,20,819,852,892,25,0,42,False
R,1,-1,0,0,-1,19,21,819,852,892,38,0,42,False
R,1,-1,0,0,-1,19,22,802,852,892,41,0,42,False
R,1,-1,0,0,-1,19,23,769,852,892,41,0,42,False
R,1,-1,0,0,-1,19,24,733,852,892,40,0,42,False
R,1,-1,0,0,-1,19,25,698,852,892,38,0,42,False
R,1,-1,0,0,-1,19,26,662,852,892,36,1,42,False
R,1,-1,0,0,-1,19,27,627,852,892,35,1,42,False
R,1,-1,0,0,-1,19,28,592,852,892,34,2,42,False
R,1,-1,0,0,-1,20,12,550,852,892,8,0,42,False
R,1,-1,0,0,-1,20,13,585,852,892,9,0,42,False
R,1,-1,0,0,-1,20,14,620,852,892,10,0,42,False
R,1,-1,0,0,-1,20,15,655,852,892,11,0,42,False
R,1,-1,0,0,-1,20,16,690,852,892,13,0,42,False
R,1,-1,0,0,-1,20,17,725,852,892,15,0,42,False
R,1,-1,0,0,-1,20,18,761,852,892,18,0,42,False
R,1,-1,0,0,-1,20,19,793,852,892,21,0,42,False
R,1,-1,0,0,-1,20,20,810,852,892,27,0,42,False
R,1,-1,0,0,-1,20,21,818,852,892,31,0,42,False
R,1,-1,0,0,-1,20,22,812,852,892,42,0,42,False
R,1,-1,0,0,-1,20,23,783,852,892,41,0,42,False
R,1,-1,0,0,-1,20,24,749,852,892,41,0,42,False
R,1,-1,0,0,-1,20,25,715,852,892,41,1,42,False
R,1,-1,0,0,-1,20,26,680,852,892,39,1,42,False
R,1,-1,0,0,-1,20,27,645,852,892,37,2,42,False
R,1,-1,0,0,-1,20,28,610,852,892,35,2,42,False
R,1,-1,0,0,-1,21,12,527,852,892,8,0,42,False
R,1,-1,0,0,-1,21,13,561,852,892,9,0,42,False
R,1,-1,0,0,-1,21,14,595,852,892,10,0,42,False
R,1,-1,0,0,-1,21,15,629,852,892,12,0,42,False
R,1,-1,0,0,-1,21,16,664,852,892,14,0,42,False
R,1,-1,0,0,-1,21,17,699,852,892,17,0,42,False
R,1,-1,0,0,-1,21,18,733,852,892,19,0,42,False
R,1,-1,0,0,-1,21,19,765,852,892,22,0,42,False
R,1,-1,0,0,-1,21,20,781,852,892,26,0,42,False
R,1,-1,0,0,-1,21,21,793,852,892,28,0,42,False
R,1,-1,0,0,-1,21,22,799,852,892,41,0,42,False
R,1,-1,0,0,-1,21,23,791,852,892,42,1,42,False
R,1,-1,0,0,-1,21,24,760,852,892,41,0,42,False
R,1,-1,0,0,-1,21,25,727,852,892,41,1,42,False
R,1,-1,0,0,-1,21,26,693,852,892,41,1,42,False
R,1,-1,0,0,-1,21,27,659,852,892,40,2,42,False
R,1,-1,0,0,-1,21,28,625,852,892,38,2,42,False
R,1,-1,0,0,-1,22,12,502,852,892,9,0,42,False
R,1,-1,0,0,-1,22,13,535,852,892,10,0,42,False
R,1,-1,0,0,-1,22,14,568,852,892,11,0,42,False
R,1,-1,0,0,-1,22,15,602,852,892,13,0,42,False
R,1,-1,0,0,-1,22,16,636,852,892,15,0,42,False
R,1,-1,0,0,-1,22,17,669,852,892,18,0,42,False
R,1,-1,0,0,-1,22,18,702,852,892,20,0,42,False
R,1,-1,0,0,-1,22,19,731,852,892,23,0,42,False
R,1,-1,0,0,-1,22,20,748,852,892,25,0,42,False
R,1,-1,0,0,-1,22,21,762,852,892,27,1,42,False
R,1,-1,0,0,-1,22,22,770,852,892,34,1,42,False
R,1,-1,0,0,-1,22,23,775,852,892,42,1,42,False
R,1,-1,0,0,-1,22,24,758,852,892,42,1,42,False
R,1,-1,0,0,-1,22,25,734,852,892,41,1,42,False
R,1,-1,0,0,-1,22,26,703,852,892,41,2,42,False
R,1,-1,0,0,-1,22,27,670,852,892,41,2,42,False
R,1,-1,0,0,-1,22,28,637,852,892,40,3,42,False
R,1,-1,0,0,-1,23,12,476,852,892,9,0,42,False
R,1,-1,0,0,-1,23,13,508,852,892,10,0,42,False
R,1,-1,0,0,-1,23,14,541,852,892,12,0,42,False
R,1,-1,0,0,-1,23,15,574,852,892,14,0,42,False
R,1,-1,0,0,-1,23,16,606,852,892,16,0,42,False
R,1,-1,0,0,-1,23,17,638,852,892,18,0,42,False
R,1,-1,0,0,-1,23,18,668,852,892,20,0,42,False
R,1,-1,0,0,-1,23,19,695,852,892,23,0,42,False
R,1,-1,0,0,-1,23,20,715,852,892,24,1,42,False
R,1,-1,0,0,-1,23,21,729,852,892,27,1,42,False
R,1,-1,0,0,-1,23,22,740,852,892,31,1,42,False
R,1,-1,0,0,-1,23,23,747,852,892,41,1,42,False
R,1,-1,0,0,-1,23,24,742,852,892,42,1,42,False
R,1,-1,0,0,-1,23,25,724,852,892,42,2,42,False
R,1,-1,0,0,-1,23,26,701,852,892,41,2,42,False
R,1,-1,0,0,-1,23,27,676,852,892,41,2,42,False
R,1,-1,0,0,-1,23,28,645,852,892,41,3,42,False
R,1,-1,0,0,-1,24,12,448,852,892,9,0,42,False
R,1,-1,0,0,-1,24,13,480,852,892,10,0,42,False
R,1,-1,0,0,-1,24,14,512,852,892,12,0,42,False
R,1,-1,0,0,-1,24,15,543,852,892,14,0,42,False
R,1,-1,0,0,-1,24,16,574,852,892,16,0,42,False
R,1,-1,0,0,-1,24,17,604,852,892,18,0,42,False
R,1,-1,0,0,-1,24,18,633,852,892,20,0,42,False
R,1,-1,0,0,-1,24,19,659,852,892,22,1,42,False
R,1,-1,0,0,-1,24,20,680,852,892,23,1,42,False
R,1,-1,0,0,-1,24,21,696,852,892,27,1,42,False
R,1,-1,0,0,-1,24,22,708,852,892,29,1,42,False
R,1,-1,0,0,-1,24,23,717,852,892,35,1,42,False
R,1,-1,0,0,-1,24,24,720,852,892,41,1,42,False
R,1,-1,0,0,-1,24,25,708,852,892,42,1,42,False
R,1,-1,0,0,-1,24,26,690,852,892,42,3,42,False
R,1,-1,0,0,-1,24,27,668,852,892,41,3,42,False
R,1,-1,0,0,-1,24,28,644,852,892,41,3,42,False
R,1,-1,0,0,-1,25,12,420,852,892,9,0,42,False
R,1,-1,0,0,-1,25,13,451,852,892,10,0,42,False
R,1,-1,0,0,-1,25,14,481,852,892,12,0,42,False
R,1,-1,0,0,-1,25,15,511,852,892,14,0,42,False
R,1,-1,0,0,-1,25,16,541,852,892,16,0,42,False
R,1,-1,0,0,-1,25,17,570,852,892,17,0,42,False
R,1,-1,0,0,-1,25,18,598,852,892,19,1,42,False
R,1,-1,0,0,-1,25,19,623,852,892,21,1,42,False
R,1,-1,0,0,-1,25,20,644,852,892,23,1,42,False
R,1,-1,0,0,-1,25,21,662,852,892,26,1,42,False
R,1,-1,0,0,-1,25,22,676,852,892,28,1,42,False
R,1,-1,0,0,-1,25,23,685,852,892,32,1,42,False
R,1,-1,0,0,-1,25,24,692,852,892,40,1,42,False
R,1,-1,0,0,-1,25,25,687,852,892,41,1,42,False
R,1,-1,0,0,-1,25,26,674,852,892,42,3,42,False
R,1,-1,0,0,-1,25,27,656,852,892,42,5,42,False
R,1,-1,0,0,-1,25,28,635,852,892,41,5,42,False
R,1,-1,0,0,-1,26,12,391,852,892,8,0,42,False
R,1,-1,0,0,-1,26,13,421,852,892,9,0,42,False
R,1,-1,0,0,-1,26,14,450,852,892,11,0,42,False
R,1,-1,0,0,-1,26,15,479,852,892,13,0,42,False
R,1,-1,0,0,-1,26,16,508,852,892,15,0,42,False
R,1,-1,0,0,-1,26,17,536,852,892,16,0,42,False
R,1,-1,0,0,-1,26,18,563,852,892,18,1,42,False
R,1,-1,0,0,-1,26,19,587,852,892,20,1,42,False
R,1,-1,0,0,-1,26,20,609,852,892,23,1,42,False
R,1,-1,0,0,-1,26,21,628,852,892,25,1,42,False
R,1,-1,0,0,-1,26,22,643,852,892,27,1,42,False
R,1,-1,0,0,-1,26,23,653,852,892,30,1,42,False
R,1,-1,0,0,-1,26,24,661,852,892,35,1,42,False
R,1,-1,0,0,-1,26,25,664,852,892,40,1,42,False
R,1,-1,0,0,-1,26,26,654,852,892,41,2,42,False
R,1,-1,0,0,-1,26,27,640,852,892,42,6,42,False
R,1,-1,0,0,-1,26,28,622,852,892,42,8,42,False
R,1,-1,0,0,-1,27,12,362,852,892,8,0,42,False
R,1,-1,0,0,-1,27,13,391,852,892,9,0,42,False
R,1,-1,0,0,-1,27,14,419,852,892,10,0,42,False
R,1,-1,0,0,-1,27,15,447,852,892,12,0,42,False
R,1,-1,0,0,-1,27,16,475,852,892,14,0,42,False
R,1,-1,0,0,-1,27,17,502,852,892,16,1,42,False
R,1,-1,0,0,-1,27,18,528,852,892,18,1,42,False
R,1,-1,0,0,-1,27,19,552,852,892,20,1,42,False
R,1,-1,0,0,-1,27,20,574,852,892,23,1,42,False
R,1,-1,0,0,-1,27,21,593,852,892,24,1,42,False
R,1,-1,0,0,-1,27,22,609,852,892,27,1,42,False
R,1,-1,0,0,-1,27,23,621,852,892,29,1,42,False
R,1,-1,0,0,-1,27,24,630,852,892,32,1,42,False
R,1,-1,0,0,-1,27,25,635,852,892,39,2,42,False
R,1,-1,0,0,-1,27,26,632,852,892,40,3,42,False
R,1,-1,0,0,-1,27,27,621,852,892,41,6,42,False
R,1,-1,0,0,-1,27,28,606,852,892,41,8,42,False
R,2,-1,1,-1,0,11,12,594,852,892,0,0,42,False
R,2,-1,1,-1,0,11,13,609,852,892,0,0,42,False
R,2,-1,1,-1,0,11,14,621,852,892,0,0,42,False
R,2,-1,1,-1,0,11,15,629,852,892,1,0,42,False
R,2,-1,1,-1,0,11,16,632,852,892,3,0,42,False
R,2,-1,1,-1,0,11,17,626,852,892,4,0,42,False
R,2,-1,1,-1,0,11,18,616,852,892,6,0,42,False
R,2,-1,1,-1,0,11,19,602,852,892,6,0,42,False
R,2,-1,1,-1,0,11,20,584,852,892,8,0,42,False
R,2,-1,1,-1,0,11,21,564,852,892,9,0,42,False
R,2,-1,1,-1,0,11,22,543,852,892,10,0,42,False
R,2,-1,1,-1,0,11,23,520,852,892,10,0,42,False
R,2,-1,1,-1,0,11,24,495,852,892,11,0,42,False
R,2,-1,1,-1,0,11,25,470,852,892,11,0,42,False
R,2,-1,1,-1,0,11,26,443,852,892,11,0,42,False
R,2,-1,1,-1,0,11,27,416,852,892,11,0,42,False
R,2,-1,1,-1,0,11,28,390,852,892,11,8,42,False
R,2,-1,1,-1,0,12,12,611,852,892,0,0,42,False
R,2,-1,1,-1,0,12,13,628,852,892,0,0,42,False
R,2,-1,1,-1,0,12,14,643,852,892,0,0,42,False
R,2,-1,1,-1,0,12,15,656,852,892,0,0,42,False
R,2,-1,1,-1,0,12,16,663,852,892,3,0,42,False
R,2,-1,1,-1,0,12,17,661,852,892,4,0,42,False
R,2,-1,1,-1,0,12,18,652,852,892,6,0,42,False
R,2,-1,1,-1,0,12,19,639,852,892,7,0,42,False
R,2,-1,1,-1,0,12,20,620,852,892,9,0,42,False
R,2,-1,1,-1,0,12,21,601,852,892,10,0,42,False
R,2,-1,1,-1,0,12,22,579,852,892,11,0,42,False
R,2,-1,1,-1,0,12,23,555,852,892,11,0,42,False
R,2,-1,1,-1,0,12,24,529,852,892,12,0,42,False
R,2,-1,1,-1,0,12,25,503,852,892,12,0,42,False
R,2,-1,1,-1,0,12,26,475,852,892,12,0,42,False
R,2,-1,1,-1,0,12,27,447,852,892,12,0,42,False
R,2,-1,1,-1,0,12,28,420,852,892,12,4,42,False
R,2,-1,1,-1,0,13,12,624,852,892,0,0,42,False
R,2,-1,1,-1,0,13,13,644,852,892,0,0,42,False
R,2,-1,1,-1,0,13,14,662,852,892,0,0,42,False
R,2,-1,1,-1,0,13,15,678,852,892,0,0,42,False
R,2,-1,1,-1,0,13,16,691,852,892,2,0,42,False
R,2,-1,1,-1,0,13,17,695,852,892,4,0,42,False
R,2,-1,1,-1,0,13,18,688,852,892,6,0,42,False
R,2,-1,1,-1,0,13,19,676,852,892,8,0,42,False
R,2,-1,1,-1,0,13,20,658,852,892,9,0,42,False
R,2,-1,1,-1,0,13,21,638,852,892,11,0,42,False
R,2,-1,1,-1,0,13,22,615,852,892,12,0,42,False
R,2,-1,1,-1,0,13,23,590,852,892,12,0,42,False
R,2,-1,1,-1,0,13,24,563,852,892,13,0,42,False
R,2,-1,1,-1,0,13,25,535,852,892,13,0,42,False
R,2,-1,1,-1,0,13,26,506,852,892,13,0,42,False
R,2,-1,1,-1,0,13,27,478,852,892,13,0,42,False
R,2,-1,1,-1,0,13,28,449,852,892,13,2,42,False
R,2,-1,1,-1,0,14,12,631,852,892,0,0,42,False
R,2,-1,1,-1,0,14,13,655,852,892,0,0,42,False
R,2,-1,1,-1,0,14,14,677,852,892,0,0,42,False
R,2,-1,1,-1,0,14,15,696,852,892,0,0,42,False
R,2,-1,1,-1,0,14,16,713,852,892,0,0,42,False
R,2,-1,1,-1,0,14,17,726,852,892,4,0,42,False
R,2,-1,1,-1,0,14,18,724,852,892,6,0,42,False
R,2,-1,1,-1,0,14,19,713,852,892,9,0,42,False
R,2,-1,1,-1,0,14,20,696,852,892,10,0,42,False
R,2,-1,1,-1,0,14,21,674,852,892,12,0,42,False
R,2,-1,1,-1,0,14,22,651,852,892,13,0,42,False
R,2,-1,1,-1,0,14,23,624,852,892,14,0,42,False
R,2,-1,1,-1,0,14,24,595,852,892,15,0,42,False
R,2,-1,1,-1,0,14,25,566,852,892,15,0,42,False
R,2,-1,1,-1,0,14,26,537,852,892,15,0,42,False
R,2,-1,1,-1,0,14,27,507,852,892,15,1,42,False
R,2,-1,1,-1,0,14,28,478,852,892,15,2,42,False
R,2,-1,1,-1,0,15,12,633,852,892,1,1,42,False
R,2,-1,1,-1,0,15,13,660,852,892,1,1,42,False
R,2,-1,1,-1,0,15,14,686,852,892,0,0,42,False
R,2,-1,1,-1,0,15,15,710,852,892,0,0,42,False
R,2,-1,1,-1,0,15,16,730,852,892,0,0,42,False
R,2,-1,1,-1,0,15,17,748,852,892,3,0,42,False
R,2,-1,1,-1,0,15,18,758,852,892,6,0,42,False
R,2,-1,1,-1,0,15,19,750,852,892,9,0,42,False
R,2,-1,1,-1,0,15,20,733,852,892,11,0,42,False
R,2,-1,1,-1,0,15,21,711,852,892,14,0,42,False
R,2,-1,1,-1,0,15,22,685,852,892,15,0,42,False
R,2,-1,1,-1,0,15,23,656,852,892,16,0,42,False
R,2,-1,1,-1,0,15,24,626,852,892,17,0,42,False
R,2,-1,1,-1,0,15,25,597,852,892,17,0,42,False
R,2,-1,1,-1,0,15,26,566,852,892,17,0,42,False
R,2,-1,1,-1,0,15,27,536,852,892,17,1,42,False
R,2,-1,1,-1,0,15,28,506,852,892,17,3,42,False
R,2,-1,1,-1,0,16,12,626,852,892,1,1,42,False
R,2,-1,1,-1,0,16,13,658,852,892,1,1,42,False
R,2,-1,1,-1,0,16,14,689,852,892,1,1,42,False
R,2,-1,1,-1,0,16,15,716,852,892,1,1,42,False
R,2,-1,1,-1,0,16,16,742,852,892,0,0,42,False
R,2,-1,1,-1,0,16,17,764,852,892,0,0,42,False
R,2,-1,1,-1,0,16,18,783,852,892,6,0,42,False
R,2,-1,1,-1,0,16,19,787,852,892,9,0,42,False
R,2,-1,1,-1,0,16,20,770,852,892,13,0,42,False
R,2,-1,1,-1,0,16,21,745,852,892,16,0,42,False
R,2,-1,1,-1,0,16,22,717,852,892,17,0,42,False
R,2,-1,1,-1,0,16,23,687,852,892,18,0,42,False
R,2,-1,1,-1,0,16,24,657,852,892,18,0,42,False
R,2,-1,1,-1,0,16,25,625,852,892,18,0,42,False
R,2,-1,1,-1,0,16,26,594,852,892,18,0,42,False
R,2,-1,1,-1,0,16,27,563,852,892,18,1,42,False
R,2,-1,1,-1,0,16,28,532,852,892,18,3,42,False
R,2,-1,1,-1,0,17,12,616,852,892,1,1,42,False
R,2,-1,1,-1,0,17,13,649,852,892,1,1,42,False
R,2,-1,1,-1,0,17,14,681,852,892,1,1,42,False
R,2,-1,1,-1,0,17,15,714,852,892,1,1,42,False
R,2,-1,1,-1,0,17,16,745,852,892,1,1,42,False
R,2,-1,1,-1,0,17,17,773,852,892,1,1,42,False
R,2,-1,1,-1,0,17,18,797,852,892,5,1,42,False
R,2,-1,1,-1,0,17,19,814,852,892,9,0,42,False
R,2,-1,1,-1,0,17,20,803,852,892,15,0,42,False
R,2,-1,1,-1,0,17,21,777,852,892,18,0,42,False
R,2,-1,1,-1,0,17,22,748,852,892,19,0,42,False
R,2,-1,1,-1,0,17,23,717,852,892,20,0,42,False
R,2,-1,1,-1,0,17,24,685,852,892,20,0,42,False
R,2,-1,1,-1,0,17,25,653,852,892,20,0,42,False
R,2,-1,1,-1,0,17,26,621,852,892,20,1,42,False
R,2,-1,1,-1,0,17,27,589,852,892,20,2,42,False
R,2,-1,1,-1,0,17,28,557,852,892,20,5,42,False
R,2,-1,1,-1,0,18,12,602,852,892,4,1,42,False
R,2,-1,1,-1,0,18,13,635,852,892,4,2,42,False
R,2,-1,1,-1,0,18,14,669,852,892,4,3,42,False
R,2,-1,1,-1,0,18,15,703,852,892,4,4,42,False
R,2,-1,1,-1,0,18,16,736,852,892,4,4,42,False
R,2,-1,1,-1,0,18,17,770,852,892,4,4,42,False
R,2,-1,1,-1,0,18,18,801,852,892,4,4,42,False
R,2,-1,1,-1,0,18,19,824,852,892,14,4,42,False
R,2,-1,1,-1,0,18,20,827,852,892,21,2,42,False
R,2,-1,1,-1,0,18,21,808,852,892,23,1,42,False
R,2,-1,1,-1,0,18,22,778,852,892,23,0,42,False
R,2,-1,1,-1,0,18,23,745,852,892,23,0,42,False
R,2,-1,1,-1,0,18,24,713,852,892,23,1,42,False
R,2,-1,1,-1,0,18,25,680,852,892,23,2,42,False
R,2,-1,1,-1,0,18,26,647,852,892,23,3,42,False
R,2,-1,1,-1,0,18,27,614,852,892,23,4,42,False
R,2,-1,1,-1,0,18,28,582,852,892,23,7,42,False
R,2,-1,1,-1,0,19,12,585,852,892,6,1,42,False
R,2,-1,1,-1,0,19,13,619,852,892,7,1,42,False
R,2,-1,1,-1,0,19,14,653,852,892,8,2,42,False
R,2,-1,1,-1,0,19,15,687,852,892,9,4,42,False
R,2,-1,1,-1,0,19,16,721,852,892,10,6,42,False
R,2,-1,1,-1,0,19,17,755,852,892,11,7,42,False
R,2,-1,1,-1,0,19,18,784,852,892,13,8,42,False
R,2,-1,1,-1,0,19,19,812,852,892,24,9,42,False
R,2,-1,1,-1,0,19,20,831,852,892,37,10,42,False
R,2,-1,1,-1,0,19,21,829,852,892,38,11,42,False
R,2,-1,1,-1,0,19,22,806,852,892,36,9,42,False
R,2,-1,1,-1,0,19,23,772,852,892,34,8,42,False
R,2,-1,1,-1,0,19,24,738,852,892,32,7,42,False
R,2,-1,1,-1,0,19,25,704,852,892,31,8,42,False
R,2,-1,1,-1,0,19,26,670,852,892,30,9,42,False
R,2,-1,1,-1,0,19,27,637,852,892,29,10,42,False
R,2,-1,1,-1,0,19,28,604,852,892,28,11,42,False
R,2,-1,1,-1,0,20,12,564,852,892,8,1,42,False
R,2,-1,1,-1,0,20,13,598,852,892,9,1,42,False
R,2,-1,1,-1,0,20,14,632,852,892,10,2,42,False
R,2,-1,1,-1,0,20,15,666,852,892,11,3,42,False
R,2,-1,1,-1,0,20,16,700,852,892,12,5,42,False
R,2,-1,1,-1,0,20,17,730,852,892,15,6,42,False
R,2,-1,1,-1,0,20,18,759,852,892,18,7,42,False
R,2,-1,1,-1,0,20,19,787,852,892,27,8,42,False
R,2,-1,1,-1,0,20,20,812,852,892,41,9,42,False
R,2,-1,1,-1,0,20,21,822,852,892,42,11,42,False
R,2,-1,1,-1,0,20,22,813,852,892,42,13,42,False
R,2,-1,1,-1,0,20,23,793,852,892,42,15,42,False
R,2,-1,1,-1,0,20,24,760,852,892,40,14,42,False
R,2,-1,1,-1,0,20,25,726,852,892,38,14,42,False
R,2,-1,1,-1,0,20,26,692,852,892,36,14,42,False
R,2,-1,1,-1,0,20,27,658,852,892,34,15,42,False
R,2,-1,1,-1,0,20,28,624,852,892,32,14,42,False
R,2,-1,1,-1,0,21,12,541,852,892,9,1,42,False
R,2,-1,1,-1,0,21,13,574,852,892,10,1,42,False
R,2,-1,1,-1,0,21,14,607,852,892,11,2,42,False
R,2,-1,1,-1,0,21,15,640,852,892,13,3,42,False
R,2,-1,1,-1,0,21,16,670,852,892,15,5,42,False
R,2,-1,1,-1,0,21,17,699,852,892,18,6,42,False
R,2,-1,1,-1,0,21,18,727,852,892,21,7,42,False
R,2,-1,1,-1,0,21,19,754,852,892,27,8,42,False
R,2,-1,1,-1,0,21,20,776,852,892,38,9,42,False
R,2,-1,1,-1,0,21,21,791,852,892,41,10,42,False
R,2,-1,1,-1,0,21,22,788,852,892,42,12,42,False
R,2,-1,1,-1,0,21,23,780,852,892,42,14,42,False
R,2,-1,1,-1,0,21,24,765,852,892,42,16,42,False
R,2,-1,1,-1,0,21,25,739,852,892,41,17,42,False
R,2,-1,1,-1,0,21,26,706,852,892,40,18,42,False
R,2,-1,1,-1,0,21,27,673,852,892,38,18,42,False
R,2,-1,1,-1,0,21,28,640,852,892,36,17,42,False
R,2,-1,1,-1,0,22,12,515,852,892,9,1,42,False
R,2,-1,1,-1,0,22,13,547,852,892,10,1,42,False
R,2,-1,1,-1,0,22,14,579,852,892,12,1,42,False
R,2,-1,1,-1,0,22,15,609,852,892,14,2,42,False
R,2,-1,1,-1,0,22,16,638,852,892,17,4,42,False
R,2,-1,1,-1,0,22,17,666,852,892,19,6,42,False
R,2,-1,1,-1,0,22,18,693,852,892,22,7,42,False
R,2,-1,1,-1,0,22,19,718,852,892,27,8,42,False
R,2,-1,1,-1,0,22,20,739,852,892,34,9,42,False
R,2,-1,1,-1,0,22,21,757,852,892,40,10,42,False
R,2,-1,1,-1,0,22,22,759,852,892,41,12,42,False
R,2,-1,1,-1,0,22,23,754,852,892,41,14,42,False
R,2,-1,1,-1,0,22,24,746,852,892,42,16,42,False
R,2,-1,1,-1,0,22,25,733,852,892,42,17,42,False
R,2,-1,1,-1,0,22,26,709,852,892,42,19,42,False
R,2,-1,1,-1,0,22,27,683,852,892,41,20,42,False
R,2,-1,1,-1,0,22,28,651,852,892,39,20,42,False
R,2,-1,1,-1,0,23,12,487,852,892,10,1,42,False
R,2,-1,1,-1,0,23,13,518,852,892,11,1,42,False
R,2,-1,1,-1,0,23,14,548,852,892,13,1,42,False
R,2,-1,1,-1,0,23,15,577,852,892,15,2,42,False
R,2,-1,1,-1,0,23,16,605,852,892,18,3,42,False
R,2,-1,1,-1,0,23,17,632,852,892,20,5,42,False
R,2,-1,1,-1,0,23,18,658,852,892,23,6,42,False
R,2,-1,1,-1,0,23,19,681,852,892,27,7,42,False
R,2,-1,1,-1,0,23,20,702,852,892,31,8,42,False
R,2,-1,1,-1,0,23,21,719,852,892,38,9,42,False
R,2,-1,1,-1,0,23,22,728,852,892,40,11,42,False
R,2,-1,1,-1,0,23,23,726,852,892,41,13,42,False
R,2,-1,1,-1,0,23,24,720,852,892,41,15,42,False
R,2,-1,1,-1,0,23,25,712,852,892,42,16,42,False
R,2,-1,1,-1,0,23,26,698,852,892,42,18,42,False
R,2,-1,1,-1,0,23,27,678,852,892,42,20,42,False
R,2,-1,1,-1,0,23,28,653,852,892,41,21,42,False
R,2,-1,1,-1,0,24,12,458,852,892,10,1,42,False
R,2,-1,1,-1,0,24,13,488,852,892,12,1,42,False
R,2,-1,1,-1,0,24,14,517,852,892,14,1,42,False
R,2,-1,1,-1,0,24,15,545,852,892,16,1,42,False
R,2,-1,1,-1,0,24,16,572,852,892,18,2,42,False
R,2,-1,1,-1,0,24,17,598,852,892,20,4,42,False
R,2,-1,1,-1,0,24,18,622,852,892,23,6,42,False
R,2,-1,1,-1,0,24,19,644,852,892,27,7,42,False
R,2,-1,1,-1,0,24,20,665,852,892,29,8,42,False
R,2,-1,1,-1,0,24,21,681,852,892,35,9,42,False
R,2,-1,1,-1,0,24,22,695,852,892,39,10,42,False
R,2,-1,1,-1,0,24,23,696,852,892,40,12,42,False
R,2,-1,1,-1,0,24,24,693,852,892,40,14,42,False
R,2,-1,1,-1,0,24,25,687,852,892,41,16,42,False
R,2,-1,1,-1,0,24,26,677,852,892,42,17,42,False
R,2,-1,1,-1,0,24,27,663,852,892,42,19,42,False
R,2,-1,1,-1,0,24,28,645,852,892,42,21,42,False
R,2,-1,1,-1,0,25,12,428,852,892,10,1,42,False
R,2,-1,1,-1,0,25,13,457,852,892,12,1,42,False
R,2,-1,1,-1,0,25,14,485,852,892,14,1,42,False
R,2,-1,1,-1,0,25,15,512,852,892,16,1,42,False
R,2,-1,1,-1,0,25,16,538,852,892,18,2,42,False
R,2,-1,1,-1,0,25,17,563,852,892,20,3,42,False
R,2,-1,1,-1,0,25,18,586,852,892,23,5,42,False
R,2,-1,1,-1,0,25,19,607,852,892,26,6,42,False
R,2,-1,1,-1,0,25,20,628,852,892,28,7,42,False
R,2,-1,1,-1,0,25,21,644,852,892,32,8,42,False
R,2,-1,1,-1,0,25,22,658,852,892,37,9,42,False
R,2,-1,1,-1,0,25,23,665,852,892,39,11,42,False
R,2,-1,1,-1,0,25,24,664,852,892,40,13,42,False
R,2,-1,1,-1,0,25,25,660,852,892,40,15,42,False
R,2,-1,1,-1,0,25,26,654,852,892,41,16,42,False
R,2,-1,1,-1,0,25,27,643,852,892,41,18,42,False
R,2,-1,1,-1,0,25,28,629,852,892,42,20,42,False
R,2,-1,1,-1,0,26,12,398,852,892,10,0,42,False
R,2,-1,1,-1,0,26,13,426,852,892,12,1,42,False
R,2,-1,1,-1,0,26,14,453,852,892,14,1,42,False
R,2,-1,1,-1,0,26,15,479,852,892,16,1,42,False
R,2,-1,1,-1,0,26,16,504,852,892,18,1,42,False
R,2,-1,1,-1,0,26,17,528,852,892,20,2,42,False
R,2,-1,1,-1,0,26,18,550,852,892,23,4,42,False
R,2,-1,1,-1,0,26,19,571,852,892,25,6,42,False
R,2,-1,1,-1,0,26,20,591,852,892,27,7,42,False
R,2,-1,1,-1,0,26,21,607,852,892,30,8,42,False
R,2,-1,1,-1,0,26,22,621,852,892,34,9,42,False
R,2,-1,1,-1,0,26,23,632,852,892,38,10,42,False
R,2,-1,1,-1,0,26,24,634,852,892,39,12,42,False
R,2,-1,1,-1,0,26,25,632,852,892,39,14,42,False
R,2,-1,1,-1,0,26,26,628,852,892,40,16,42,False
R,2,-1,1,-1,0,26,27,621,852,892,41,17,42,False
R,2,-1,1,-1,0,26,28,609,852,892,41,19,42,False
R,2,-1,1,-1,0,27,12,368,852,892,10,0,42,False
R,2,-1,1,-1,0,27,13,395,852,892,12,1,42,False
R,2,-1,1,-1,0,27,14,421,852,892,14,1,42,False
R,2,-1,1,-1,0,27,15,446,852,892,16,1,42,False
R,2,-1,1,-1,0,27,16,470,852,892,18,1,42,False
R,2,-1,1,-1,0,27,17,493,852,892,20,2,42,False
R,2,-1,1,-1,0,27,18,515,852,892,23,3,42,False
R,2,-1,1,-1,0,27,19,535,852,892,24,5,42,False
R,2,-1,1,-1,0,27,20,554,852,892,27,6,42,False
R,2,-1,1,-1,0,27,21,571,852,892,29,7,42,False
R,2,-1,1,-1,0,27,22,585,852,892,32,8,42,False
R,2,-1,1,-1,0,27,23,596,852,892,36,9,42,False
R,2,-1,1,-1,0,27,24,603,852,892,38,11,42,False
R,2,-1,1,-1,0,27,25,603,852,892,39,13,42,False
R,2,-1,1,-1,0,27,26,600,852,892,39,15,42,False
R,2,-1,1,-1,0,27,27,596,852,892,40,16,42,False
R,2,-1,1,-1,0,27,28,587,852,892,40,18,42,False
R,3,-1,1,0,1,11,11,578,852,892,0,0,42,False
R,3,-1,1,0,1,11,12,596,852,892,0,0,42,False
R,3,-1,1,0,1,11,13,613,852,892,0,0,42,False
R,3,-1,1,0,1,11,14,626,852,892,0,0,42,False
R,3,-1,1,0,1,11,15,632,852,892,2,2,42,False
R,3,-1,1,0,1,11,16,629,852,892,3,3,42,False
R,3,-1,1,0,1,11,17,621,852,892,4,4,42,False
R,3,-1,1,0,1,11,18,608,852,892,4,4,42,False
R,3,-1,1,0,1,11,19,593,852,892,5,5,42,False
R,3,-1,1,0,1,11,20,575,852,892,6,6,42,False
R,3,-1,1,0,1,11,21,555,852,892,6,6,42,False
R,3,-1,1,0,1,11,22,533,852,892,8,8,42,False
R,3,-1,1,0,1,11,23,510,852,892,8,8,42,False
R,3,-1,1,0,1,11,24,485,852,892,9,9,42,False
R,3,-1,1,0,1,11,25,460,852,892,10,10,42,False
R,3,-1,1,0,1,11,26,435,852,892,11,11,42,False
R,3,-1,1,0,1,11,27,409,852,892,11,11,42,False
R,3,-1,1,0,1,12,11,593,852,892,0,0,42,False
R,3,-1,1,0,1,12,12,613,852,892,0,0,42,False
R,3,-1,1,0,1,12,13,631,852,892,0,0,42,False
R,3,-1,1,0,1,12,14,648,852,892,0,0,42,False
R,3,-1,1,0,1,12,15,661,852,892,2,2,42,False
R,3,-1,1,0,1,12,16,663,852,892,3,3,42,False
R,3,-1,1,0,1,12,17,656,852,892,4,4,42,False
R,3,-1,1,0,1,12,18,644,852,892,4,4,42,False
R,3,-1,1,0,1,12,19,628,852,892,6,6,42,False
R,3,-1,1,0,1,12,20,609,852,892,6,6,42,False
R,3,-1,1,0,1,12,21,588,852,892,7,7,42,False
R,3,-1,1,0,1,12,22,565,852,892,9,9,42,False
R,3,-1,1,0,1,12,23,541,852,892,10,10,42,False
R,3,-1,1,0,1,12,24,515,852,892,10,10,42,False
R,3,-1,1,0,1,12,25,490,852,892,11,11,42,False
R,3,-1,1,0,1,12,26,464,852,892,12,12,42,False
R,3,-1,1,0,1,12,27,438,852,892,12,12,42,False
R,3,-1,1,0,1,13,11,603,852,892,0,0,42,False
R,3,-1,1,0,1,13,12,626,852,892,0,0,42,False
R,3,-1,1,0,1,13,13,647,852,892,0,0,42,False
R,3,-1,1,0,1,13,14,667,852,892,0,0,42,False
R,3,-1,1,0,1,13,15,683,852,892,1,1,42,False
R,3,-1,1,0,1,13,16,695,852,892,3,3,42,False
R,3,-1,1,0,1,13,17,691,852,892,4,4,42,False
R,3,-1,1,0,1,13,18,680,852,892,5,5,42,False
R,3,-1,1,0,1,13,19,662,852,892,6,6,42,False
R,3,-1,1,0,1,13,20,643,852,892,7,7,42,False
R,3,-1,1,0,1,13,21,620,852,892,8,8,42,False
R,3,-1,1,0,1,13,22,597,852,892,9,9,42,False
R,3,-1,1,0,1,13,23,572,852,892,11,11,42,False
R,3,-1,1,0,1,13,24,546,852,892,11,11,42,False
R,3,-1,1,0,1,13,25,520,852,892,12,12,42,False
R,3,-1,1,0,1,13,26,493,852,892,13,13,42,False
R,3,-1,1,0,1,13,27,466,852,892,13,13,42,False
R,3,-1,1,0,1,14,11,612,852,892,0,0,42,False
R,3,-1,1,0,1,14,12,636,852,892,0,0,42,False
R,3,-1,1,0,1,14,13,659,852,892,0,0,42,False
R,3,-1,1,0,1,14,14,681,852,892,0,0,42,False
R,3,-1,1,0,1,14,15,702,852,892,0,0,42,False
R,3,-1,1,0,1,14,16,718,852,892,3,3,42,False
R,3,-1,1,0,1,14,17,726,852,892,4,4,42,False
R,3,-1,1,0,1,14,18,715,852,892,6,6,42,False
R,3,-1,1,0,1,14,19,697,852,892,6,6,42,False
R,3,-1,1,0,1,14,20,676,852,892,8,8,42,False
R,3,-1,1,0,1,14,21,653,852,892,9,9,42,False
R,3,-1,1,0,1,14,22,628,852,892,10,10,42,False
R,3,-1,1,0,1,14,23,602,852,892,12,12,42,False
R,3,-1,1,0,1,14,24,577,852,892,12,12,42,False
R,3,-1,1,0,1,14,25,549,852,892,14,14,42,False
R,3,-1,1,0,1,14,26,522,852,892,15,15,42,False
R,3,-1,1,0,1,14,27,494,852,892,15,15,42,False
R,3,-1,1,0,1,15,11,616,852,892,1,1,42,False
R,3,-1,1,0,1,15,12,643,852,892,1,0,42,False
R,3,-1,1,0,1,15,13,669,852,892,1,0,42,False
R,3,-1,1,0,1,15,14,693,852,892,1,0,42,False
R,3,-1,1,0,1,15,15,715,852,892,1,0,42,False
R,3,-1,1,0,1,15,16,737,852,892,2,2,42,False
R,3,-1,1,0,1,15,17,752,852,892,4,4,42,False
R,3,-1,1,0,1,15,18,750,852,892,6,6,42,False
R,3,-1,1,0,1,15,19,731,852,892,7,7,42,False
R,3,-1,1,0,1,15,20,708,852,892,9,9,42,False
R,3,-1,1,0,1,15,21,684,852,892,10,10,42,False
R,3,-1,1,0,1,15,22,658,852,892,11,11,42,False
R,3,-1,1,0,1,15,23,633,852,892,13,13,42,False
R,3,-1,1,0,1,15,24,606,852,892,14,14,42,False
R,3,-1,1,0,1,15,25,578,852,892,16,16,42,False
R,3,-1,1,0,1,15,26,550,852,892,17,17,42,False
R,3,-1,1,0,1,15,27,521,852,892,17,17,42,False
R,3,-1,1,0,1,16,11,613,852,892,1,1,42,False
R,3,-1,1,0,1,16,12,644,852,892,1,0,42,False
R,3,-1,1,0,1,16,13,673,852,892,1,0,42,False
R,3,-1,1,0,1,16,14,700,852,892,1,0,42,False
R,3,-1,1,0,1,16,15,726,852,892,1,0,42,False
R,3,-1,1,0,1,16,16,750,852,892,1,0,42,False
R,3,-1,1,0,1,16,17,772,852,892,5,4,42,False
R,3,-1,1,0,1,16,18,778,852,892,7,6,42,False
R,3,-1,1,0,1,16,19,763,852,892,8,8,42,False
R,3,-1,1,0,1,16,20,739,852,892,9,9,42,False
R,3,-1,1,0,1,16,21,714,852,892,11,11,42,False
R,3,-1,1,0,1,16,22,689,852,892,13,13,42,False
R,3,-1,1,0,1,16,23,662,852,892,15,15,42,False
R,3,-1,1,0,1,16,24,635,852,892,16,16,42,False
R,3,-1,1,0,1,16,25,606,852,892,18,18,42,False
R,3,-1,1,0,1,16,26,577,852,892,18,18,42,False
R,3,-1,1,0,1,16,27,546,852,892,18,18,42,False
R,3,-1,1,0,1,17,11,604,852,892,1,1,42,False
R,3,-1,1,0,1,17,12,636,852,892,1,1,42,False
R,3,-1,1,0,1,17,13,669,852,892,1,0,42,False
R,3,-1,1,0,1,17,14,701,852,892,1,0,42,False
R,3,-1,1,0,1,17,15,731,852,892,1,0,42,False
R,3,-1,1,0,1,17,16,758,852,892,1,0,42,False
R,3,-1,1,0,1,17,17,783,852,892,4,3,42,False
R,3,-1,1,0,1,17,18,794,852,892,7,6,42,False
R,3,-1,1,0,1,17,19,787,852,892,10,9,42,False
R,3,-1,1,0,1,17,20,769,852,892,11,10,42,False
R,3,-1,1,0,1,17,21,744,852,892,12,12,42,False
R,3,-1,1,0,1,17,22,718,852,892,15,15,42,False
R,3,-1,1,0,1,17,23,691,852,892,17,17,42,False
R,3,-1,1,0,1,17,24,663,852,892,19,19,42,False
R,3,-1,1,0,1,17,25,633,852,892,20,20,42,False
R,3,-1,1,0,1,17,26,602,852,892,20,20,42,False
R,3,-1,1,0,1,17,27,571,852,892,20,20,42,False
R,3,-1,1,0,1,18,11,590,852,892,2,2,42,False
R,3,-1,1,0,1,18,12,624,852,892,3,3,42,False
R,3,-1,1,0,1,18,13,658,852,892,4,4,42,False
R,3,-1,1,0,1,18,14,691,852,892,4,3,42,False
R,3,-1,1,0,1,18,15,725,852,892,4,3,42,False
R,3,-1,1,0,1,18,16,758,852,892,4,3,42,False
R,3,-1,1,0,1,18,17,783,852,892,4,3,42,False
R,3,-1,1,0,1,18,18,800,852,892,10,8,42,False
R,3,-1,1,0,1,18,19,802,852,892,13,10,42,False
R,3,-1,1,0,1,18,20,792,852,892,15,11,42,False
R,3,-1,1,0,1,18,21,773,852,892,18,14,42,False
R,3,-1,1,0,1,18,22,747,852,892,20,18,42,False
R,3,-1,1,0,1,18,23,719,852,892,22,21,42,False
R,3,-1,1,0,1,18,24,689,852,892,23,23,42,False
R,3,-1,1,0,1,18,25,658,852,892,23,23,42,False
R,3,-1,1,0,1,18,26,627,852,892,23,23,42,False
R,3,-1,1,0,1,18,27,595,852,892,23,23,42,False
R,3,-1,1,0,1,19,11,574,852,892,3,3,42,False
R,3,-1,1,0,1,19,12,608,852,892,4,4,42,False
R,3,-1,1,0,1,19,13,642,852,892,5,5,42,False
R,3,-1,1,0,1,19,14,676,852,892,6,5,42,False
R,3,-1,1,0,1,19,15,710,852,892,7,6,42,False
R,3,-1,1,0,1,19,16,739,852,892,8,7,42,False
R,3,-1,1,0,1,19,17,766,852,892,9,8,42,False
R,3,-1,1,0,1,19,18,790,852,892,14,12,42,False
R,3,-1,1,0,1,19,19,807,852,892,20,17,42,False
R,3,-1,1,0,1,19,20,804,852,892,25,20,42,False
R,3,-1,1,0,1,19,21,793,852,892,31,25,42,False
R,3,-1,1,0,1,19,22,775,852,892,36,29,42,False
R,3,-1,1,0,1,19,23,746,852,892,38,30,42,False
R,3,-1,1,0,1,19,24,714,852,892,37,30,42,False
R,3,-1,1,0,1,19,25,682,852,892,35,29,42,False
R,3,-1,1,0,1,19,26,649,852,892,33,28,42,False
R,3,-1,1,0,1,19,27,616,852,892,31,27,42,False
R,3,-1,1,0,1,20,11,555,852,892,4,4,42,False
R,3,-1,1,0,1,20,12,588,852,892,5,5,42,False
R,3,-1,1,0,1,20,13,621,852,892,6,6,42,False
R,3,-1,1,0,1,20,14,655,852,892,7,7,42,False
R,3,-1,1,0,1,20,15,685,852,892,8,7,42,False
R,3,-1,1,0,1,20,16,714,852,892,9,8,42,False
R,3,-1,1,0,1,20,17,741,852,892,10,9,42,False
R,3,-1,1,0,1,20,18,765,852,892,11,10,42,False
R,3,-1,1,0,1,20,19,788,852,892,22,20,42,False
R,3,-1,1,0,1,20,20,800,852,892,32,28,42,False
R,3,-1,1,0,1,20,21,800,852,892,39,33,42,False
R,3,-1,1,0,1,20,22,787,852,892,41,34,42,False
R,3,-1,1,0,1,20,23,767,852,892,42,34,42,False
R,3,-1,1,0,1,20,24,737,852,892,42,33,42,False
R,3,-1,1,0,1,20,25,703,852,892,41,32,42,False
R,3,-1,1,0,1,20,26,669,852,892,41,30,42,False
R,3,-1,1,0,1,20,27,636,852,892,39,28,42,False
R,3,-1,1,0,1,21,11,534,852,892,6,6,42,False
R,3,-1,1,0,1,21,12,566,852,892,7,7,42,False
R,3,-1,1,0,1,21,13,599,852,892,8,8,42,False
R,3,-1,1,0,1,21,14,629,852,892,9,9,42,False
R,3,-1,1,0,1,21,15,658,852,892,10,9,42,False
R,3,-1,1,0,1,21,16,686,852,892,11,10,42,False
R,3,-1,1,0,1,21,17,712,852,892,12,11,42,False
R,3,-1,1,0,1,21,18,735,852,892,14,13,42,False
R,3,-1,1,0,1,21,19,758,852,892,24,23,42,False
R,3,-1,1,0,1,21,20,776,852,892,38,36,42,False
R,3,-1,1,0,1,21,21,781,852,892,42,38,42,False
R,3,-1,1,0,1,21,22,776,852,892,42,36,42,False
R,3,-1,1,0,1,21,23,763,852,892,42,35,42,False
R,3,-1,1,0,1,21,24,739,852,892,42,34,42,False
R,3,-1,1,0,1,21,25,711,852,892,42,33,42,False
R,3,-1,1,0,1,21,26,680,852,892,41,31,42,False
R,3,-1,1,0,1,21,27,648,852,892,41,29,42,False
R,3,-1,1,0,1,22,11,511,852,892,6,6,42,False
R,3,-1,1,0,1,22,12,543,852,892,7,7,42,False
R,3,-1,1,0,1,22,13,573,852,892,8,8,42,False
R,3,-1,1,0,1,22,14,602,852,892,9,9,42,False
R,3,-1,1,0,1,22,15,630,852,892,10,10,42,False
R,3,-1,1,0,1,22,16,657,852,892,12,11,42,False
R,3,-1,1,0,1,22,17,682,852,892,14,13,42,False
R,3,-1,1,0,1,22,18,705,852,892,17,16,42,False
R,3,-1,1,0,1,22,19,727,852,892,24,23,42,False
R,3,-1,1,0,1,22,20,748,852,892,39,37,42,False
R,3,-1,1,0,1,22,21,757,852,892,42,39,42,False
R,3,-1,1,0,1,22,22,751,852,892,42,37,42,False
R,3,-1,1,0,1,22,23,742,852,892,42,36,42,False
R,3,-1,1,0,1,22,24,727,852,892,42,35,42,False
R,3,-1,1,0,1,22,25,709,852,892,42,34,42,False
R,3,-1,1,0,1,22,26,682,852,892,42,33,42,False
R,3,-1,1,0,1,22,27,653,852,892,41,31,42,False
R,3,-1,1,0,1,23,11,486,852,892,7,7,42,False
R,3,-1,1,0,1,23,12,516,852,892,8,8,42,False
R,3,-1,1,0,1,23,13,545,852,892,9,9,42,False
R,3,-1,1,0,1,23,14,573,852,892,10,10,42,False
R,3,-1,1,0,1,23,15,600,852,892,11,11,42,False
R,3,-1,1,0,1,23,16,626,852,892,13,12,42,False
R,3,-1,1,0,1,23,17,650,852,892,16,15,42,False
R,3,-1,1,0,1,23,18,673,852,892,19,18,42,False
R,3,-1,1,0,1,23,19,694,852,892,25,24,42,False
R,3,-1,1,0,1,23,20,715,852,892,38,37,42,False
R,3,-1,1,0,1,23,21,728,852,892,41,39,42,False
R,3,-1,1,0,1,23,22,724,852,892,41,37,42,False
R,3,-1,1,0,1,23,23,717,852,892,42,36,42,False
R,3,-1,1,0,1,23,24,707,852,892,42,35,42,False
R,3,-1,1,0,1,23,25,692,852,892,42,34,42,False
R,3,-1,1,0,1,23,26,674,852,892,42,33,42,False
R,3,-1,1,0,1,23,27,652,852,892,42,32,42,False
R,3,-1,1,0,1,24,11,460,852,892,8,8,42,False
R,3,-1,1,0,1,24,12,489,852,892,9,9,42,False
R,3,-1,1,0,1,24,13,517,852,892,10,10,42,False
R,3,-1,1,0,1,24,14,544,852,892,11,11,42,False
R,3,-1,1,0,1,24,15,570,852,892,13,13,42,False
R,3,-1,1,0,1,24,16,595,852,892,15,15,42,False
R,3,-1,1,0,1,24,17,618,852,892,18,17,42,False
R,3,-1,1,0,1,24,18,641,852,892,21,20,42,False
R,3,-1,1,0,1,24,19,662,852,892,27,26,42,False
R,3,-1,1,0,1,24,20,680,852,892,34,33,42,False
R,3,-1,1,0,1,24,21,695,852,892,39,37,42,False
R,3,-1,1,0,1,24,22,696,852,892,41,38,42,False
R,3,-1,1,0,1,24,23,690,852,892,41,36,42,False
R,3,-1,1,0,1,24,24,683,852,892,42,36,42,False
R,3,-1,1,0,1,24,25,672,852,892,42,35,42,False
R,3,-1,1,0,1,24,26,657,852,892,42,34,42,False
R,3,-1,1,0,1,24,27,639,852,892,42,33,42,False
R,3,-1,1,0,1,25,11,433,852,892,8,8,42,False
R,3,-1,1,0,1,25,12,461,852,892,9,9,42,False
R,3,-1,1,0,1,25,13,488,852,892,10,10,42,False
R,3,-1,1,0,1,25,14,514,852,892,12,12,42,False
R,3,-1,1,0,1,25,15,539,852,892,14,14,42,False
R,3,-1,1,0,1,25,16,563,852,892,17,17,42,False
R,3,-1,1,0,1,25,17,586,852,892,19,18,42,False
R,3,-1,1,0,1,25,18,608,852,892,22,21,42,False
R,3,-1,1,0,1,25,19,628,852,892,27,26,42,False
R,3,-1,1,0,1,25,20,645,852,892,31,30,42,False
R,3,-1,1,0,1,25,21,659,852,892,38,37,42,False
R,3,-1,1,0,1,25,22,665,852,892,40,38,42,False
R,3,-1,1,0,1,25,23,663,852,892,40,36,42,False
R,3,-1,1,0,1,25,24,657,852,892,41,35,42,False
R,3,-1,1,0,1,25,25,649,852,892,42,35,42,False
R,3,-1,1,0,1,25,26,636,852,892,42,34,42,False
R,3,-1,1,0,1,25,27,622,852,892,42,33,42,False
R,3,-1,1,0,1,26,11,405,852,892,9,9,42,False
R,3,-1,1,0,1,26,12,432,852,892,10,10,42,False
R,3,-1,1,0,1,26,13,458,852,892,11,11,42,False
R,3,-1,1,0,1,26,14,483,852,892,13,13,42,False
R,3,-1,1,0,1,26,15,507,852,892,15,15,42,False
R,3,-1,1,0,1,26,16,530,852,892,18,18,42,False
R,3,-1,1,0,1,26,17,553,852,892,20,19,42,False
R,3,-1,1,0,1,26,18,574,852,892,23,22,42,False
R,3,-1,1,0,1,26,19,593,852,892,27,26,42,False
R,3,-1,1,0,1,26,20,610,852,892,29,28,42,False
R,3,-1,1,0,1,26,21,623,852,892,35,34,42,False
R,3,-1,1,0,1,26,22,633,852,892,38,36,42,False
R,3,-1,1,0,1,26,23,634,852,892,40,37,42,False
R,3,-1,1,0,1,26,24,630,852,892,40,35,42,False
R,3,-1,1,0,1,26,25,624,852,892,41,35,42,False
R,3,-1,1,0,1,26,26,615,852,892,41,34,42,False
R,3,-1,1,0,1,26,27,602,852,892,42,34,42,False
R,3,-1,1,0,1,27,11,377,852,892,9,9,42,False
R,3,-1,1,0,1,27,12,403,852,892,10,10,42,False
R,3,-1,1,0,1,27,13,428,852,892,12,12,42,False
R,3,-1,1,0,1,27,14,452,852,892,14,14,42,False
R,3,-1,1,0,1,27,15,475,852,892,16,16,42,False
R,3,-1,1,0,1,27,16,498,852,892,18,18,42,False
R,3,-1,1,0,1,27,17,520,852,892,20,20,42,False
R,3,-1,1,0,1,27,18,540,852,892,23,22,42,False
R,3,-1,1,0,1,27,19,558,852,892,26,25,42,False
R,3,-1,1,0,1,27,20,575,852,892,28,27,42,False
R,3,-1,1,0,1,27,21,587,852,892,32,31,42,False
R,3,-1,1,0,1,27,22,598,852,892,37,36,42,False
R,3,-1,1,0,1,27,23,603,852,892,39,37,42,False
R,3,-1,1,0,1,27,24,602,852,892,39,35,42,False
R,3,-1,1,0,1,27,25,598,852,892,40,34,42,False
R,3,-1,1,0,1,27,26,591,852,892,41,34,42,False
R,3,-1,1,0,1,27,27,580,852,892,41,33,42,False
R,4,0,-1,-1,0,11,12,591,852,892,0,0,42,False
R,4,0,-1,-1,0,11,13,605,852,892,0,0,42,False
R,4,0,-1,-1,0,11,14,615,852,892,0,0,42,False
R,4,0,-1,-1,0,11,15,620,852,892,1,0,42,False
R,4,0,-1,-1,0,11,16,617,852,892,3,0,42,False
R,4,0,-1,-1,0,11,17,607,852,892,4,0,42,False
R,4,0,-1,-1,0,11,18,593,852,892,6,0,42,False
R,4,0,-1,-1,0,11,19,576,852,892,6,0,42,False
R,4,0,-1,-1,0,11,20,557,852,892,8,0,42,False
R,4,0,-1,-1,0,11,21,537,852,892,9,0,42,False
R,4,0,-1,-1,0,11,22,515,852,892,10,0,42,False
R,4,0,-1,-1,0,11,23,491,852,892,11,0,42,False
R,4,0,-1,-1,0,11,24,466,852,892,11,0,42,False
R,4,0,-1,-1,0,11,25,440,852,892,12,0,42,False
R,4,0,-1,-1,0,11,26,413,852,892,12,0,42,False
R,4,0,-1,-1,0,11,27,385,852,892,12,0,42,False
R,4,0,-1,-1,0,11,28,358,852,892,12,0,42,False
R,4,0,-1,-1,0,12,12,607,852,892,0,0,42,False
R,4,0,-1,-1,0,12,13,624,852,892,0,0,42,False
R,4,0,-1,-1,0,12,14,639,852,892,0,0,42,False
R,4,0,-1,-1,0,12,15,649,852,892,0,0,42,False
R,4,0,-1,-1,0,12,16,650,852,892,3,0,42,False
R,4,0,-1,-1,0,12,17,642,852,892,4,0,42,False
R,4,0,-1,-1,0,12,18,629,852,892,6,0,42,False
R,4,0,-1,-1,0,12,19,612,852,892,7,0,42,False
R,4,0,-1,-1,0,12,20,593,852,892,9,0,42,False
R,4,0,-1,-1,0,12,21,573,852,892,10,0,42,False
R,4,0,-1,-1,0,12,22,550,852,892,11,0,42,False
R,4,0,-1,-1,0,12,23,526,852,892,12,0,42,False
R,4,0,-1,-1,0,12,24,500,852,892,12,0,42,False
R,4,0,-1,-1,0,12,25,473,852,892,13,0,42,False
R,4,0,-1,-1,0,12,26,446,852,892,13,0,42,False
R,4,0,-1,-1,0,12,27,417,852,892,13,0,42,False
R,4,0,-1,-1,0,12,28,388,852,892,13,0,42,False
R,4,0,-1,-1,0,13,12,619,852,892,0,0,42,False
R,4,0,-1,-1,0,13,13,639,852,892,0,0,42,False
R,4,0,-1,-1,0,13,14,657,852,892,0,0,42,False
R,4,0,-1,-1,0,13,15,673,852,892,0,0,42,False
R,4,0,-1,-1,0,13,16,680,852,892,2,0,42,False
R,4,0,-1,-1,0,13,17,677,852,892,4,0,42,False
R,4,0,-1,-1,0,13,18,665,852,892,6,0,42,False
R,4,0,-1,-1,0,13,19,649,852,892,8,0,42,False
R,4,0,-1,-1,0,13,20,630,852,892,9,0,42,False
R,4,0,-1,-1,0,13,21,609,852,892,11,0,42,False
R,4,0,-1,-1,0,13,22,586,852,892,12,0,42,False
R,4,0,-1,-1,0,13,23,561,852,892,13,0,42,False
R,4,0,-1,-1,0,13,24,535,852,892,14,0,42,False
R,4,0,-1,-1,0,13,25,507,852,892,15,0,42,False
R,4,0,-1,-1,0,13,26,479,852,892,15,0,42,False
R,4,0,-1,-1,0,13,27,449,852,892,15,0,42,False
R,4,0,-1,-1,0,13,28,419,852,892,14,0,42,False
R,4,0,-1,-1,0,14,12,628,852,892,0,0,42,False
R,4,0,-1,-1,0,14,13,650,852,892,0,0,42,False
R,4,0,-1,-1,0,14,14,671,852,892,0,0,42,False
R,4,0,-1,-1,0,14,15,690,852,892,0,0,42,False
R,4,0,-1,-1,0,14,16,707,852,892,0,0,42,False
R,4,0,-1,-1,0,14,17,710,852,892,4,0,42,False
R,4,0,-1,-1,0,14,18,701,852,892,6,0,42,False
R,4,0,-1,-1,0,14,19,686,852,892,9,0,42,False
R,4,0,-1,-1,0,14,20,667,852,892,10,0,42,False
R,4,0,-1,-1,0,14,21,645,852,892,12,0,42,False
R,4,0,-1,-1,0,14,22,622,852,892,14,0,42,False
R,4,0,-1,-1,0,14,23,597,852,892,15,0,42,False
R,4,0,-1,-1,0,14,24,570,852,892,16,0,42,False
R,4,0,-1,-1,0,14,25,541,852,892,17,0,42,False
R,4,0,-1,-1,0,14,26,511,852,892,17,0,42,False
R,4,0,-1,-1,0,14,27,480,852,892,17,0,42,False
R,4,0,-1,-1,0,14,28,450,852,892,16,1,42,False
R,4,0,-1,-1,0,15,12,632,852,892,0,0,42,False
R,4,0,-1,-1,0,15,13,658,852,892,0,0,42,False
R,4,0,-1,-1,0,15,14,682,852,892,0,0,42,False
R,4,0,-1,-1,0,15,15,703,852,892,0,0,42,False
R,4,0,-1,-1,0,15,16,723,852,892,0,0,42,False
R,4,0,-1,-1,0,15,17,737,852,892,2,0,42,False
R,4,0,-1,-1,0,15,18,737,852,892,6,0,42,False
R,4,0,-1,-1,0,15,19,723,852,892,9,0,42,False
R,4,0,-1,-1,0,15,20,704,852,892,11,0,42,False
R,4,0,-1,-1,0,15,21,682,852,892,14,0,42,False
R,4,0,-1,-1,0,15,22,659,852,892,16,0,42,False
R,4,0,-1,-1,0,15,23,633,852,892,17,0,42,False
R,4,0,-1,-1,0,15,24,604,852,892,18,0,42,False
R,4,0,-1,-1,0,15,25,574,852,892,18,0,42,False
R,4,0,-1,-1,0,15,26,542,852,892,18,1,42,False
R,4,0,-1,-1,0,15,27,510,852,892,18,1,42,False
R,4,0,-1,-1,0,15,28,479,852,892,17,1,42,False
R,4,0,-1,-1,0,16,12,631,852,892,1,0,42,False
R,4,0,-1,-1,0,16,13,661,852,892,1,0,42,False
R,4,0,-1,-1,0,16,14,688,852,892,1,0,42,False
R,4,0,-1,-1,0,16,15,713,852,892,0,0,42,False
R,4,0,-1,-1,0,16,16,736,852,892,0,0,42,False
R,4,0,-1,-1,0,16,17,756,852,892,0,0,42,False
R,4,0,-1,-1,0,16,18,766,852,892,6,0,42,False
R,4,0,-1,-1,0,16,19,760,852,892,9,0,42,False
R,4,0,-1,-1,0,16,20,741,852,892,13,0,42,False
R,4,0,-1,-1,0,16,21,720,852,892,16,0,42,False
R,4,0,-1,-1,0,16,22,696,852,892,18,0,42,False
R,4,0,-1,-1,0,16,23,668,852,892,19,0,42,False
R,4,0,-1,-1,0,16,24,637,852,892,20,0,42,False
R,4,0,-1,-1,0,16,25,606,852,892,20,1,42,False
R,4,0,-1,-1,0,16,26,573,852,892,20,1,42,False
R,4,0,-1,-1,0,16,27,540,852,892,19,1,42,False
R,4,0,-1,-1,0,16,28,508,852,892,18,1,42,False
R,4,0,-1,-1,0,17,12,623,852,892,4,0,42,False
R,4,0,-1,-1,0,17,13,655,852,892,4,0,42,False
R,4,0,-1,-1,0,17,14,687,852,892,3,0,42,False
R,4,0,-1,-1,0,17,15,717,852,892,2,0,42,False
R,4,0,-1,-1,0,17,16,744,852,892,1,0,42,False
R,4,0,-1,-1,0,17,17,768,852,892,0,0,42,False
R,4,0,-1,-1,0,17,18,786,852,892,3,0,42,False
R,4,0,-1,-1,0,17,19,792,852,892,9,0,42,False
R,4,0,-1,-1,0,17,20,779,852,892,15,0,42,False
R,4,0,-1,-1,0,17,21,758,852,892,20,0,42,False
R,4,0,-1,-1,0,17,22,732,852,892,22,0,42,False
R,4,0,-1,-1,0,17,23,702,852,892,23,0,42,False
R,4,0,-1,-1,0,17,24,670,852,892,23,1,42,False
R,4,0,-1,-1,0,17,25,637,852,892,22,1,42,False
R,4,0,-1,-1,0,17,26,603,852,892,21,1,42,False
R,4,0,-1,-1,0,17,27,570,852,892,20,2,42,False
R,4,0,-1,-1,0,17,28,536,852,892,20,2,42,False
R,4,0,-1,-1,0,18,12,608,852,892,5,0,42,False
R,4,0,-1,-1,0,18,13,643,852,892,6,0,42,False
R,4,0,-1,-1,0,18,14,677,852,892,7,0,42,False
R,4,0,-1,-1,0,18,15,710,852,892,8,0,42,False
R,4,0,-1,-1,0,18,16,743,852,892,8,0,42,False
R,4,0,-1,-1,0,18,17,773,852,892,8,0,42,False
R,4,0,-1,-1,0,18,18,800,852,892,7,0,42,False
R,4,0,-1,-1,0,18,19,814,852,892,15,0,42,False
R,4,0,-1,-1,0,18,20,812,852,892,24,0,42,False
R,4,0,-1,-1,0,18,21,795,852,892,27,0,42,False
R,4,0,-1,-1,0,18,22,767,852,892,27,0,42,False
R,4,0,-1,-1,0,18,23,735,852,892,27,1,42,False
R,4,0,-1,-1,0,18,24,700,852,892,26,1,42,False
R,4,0,-1,-1,0,18,25,665,852,892,25,1,42,False
R,4,0,-1,-1,0,18,26,631,852,892,24,2,42,False
R,4,0,-1,-1,0,18,27,596,852,892,23,2,42,False
R,4,0,-1,-1,0,18,28,563,852,892,23,2,42,False
R,4,0,-1,-1,0,19,12,589,852,892,7,0,42,False
R,4,0,-1,-1,0,19,13,624,852,892,8,0,42,False
R,4,0,-1,-1,0,19,14,659,852,892,9,0,42,False
R,4,0,-1,-1,0,19,15,694,852,892,10,0,42,False
R,4,0,-1,-1,0,19,16,730,852,892,11,0,42,False
R,4,0,-1,-1,0,19,17,765,852,892,12,0,42,False
R,4,0,-1,-1,0,19,18,798,852,892,15,0,42,False
R,4,0,-1,-1,0,19,19,826,852,892,26,0,42,False
R,4,0,-1,-1,0,19,20,836,852,892,39,0,42,False
R,4,0,-1,-1,0,19,21,827,852,892,38,0,42,False
R,4,0,-1,-1,0,19,22,798,852,892,35,0,42,False
R,4,0,-1,-1,0,19,23,762,852,892,32,1,42,False
R,4,0,-1,-1,0,19,24,727,852,892,30,1,42,False
R,4,0,-1,-1,0,19,25,691,852,892,29,2,42,False
R,4,0,-1,-1,0,19,26,656,852,892,28,2,42,False
R,4,0,-1,-1,0,19,27,622,852,892,27,2,42,False
R,4,0,-1,-1,0,19,28,588,852,892,26,3,42,False
R,4,0,-1,-1,0,20,12,568,852,892,8,0,42,False
R,4,0,-1,-1,0,20,13,602,852,892,9,0,42,False
R,4,0,-1,-1,0,20,14,637,852,892,10,0,42,False
R,4,0,-1,-1,0,20,15,672,852,892,11,0,42,False
R,4,0,-1,-1,0,20,16,707,852,892,13,0,42,False
R,4,0,-1,-1,0,20,17,742,852,892,16,0,42,False
R,4,0,-1,-1,0,20,18,777,852,892,19,0,42,False
R,4,0,-1,-1,0,20,19,812,852,892,27,0,42,False
R,4,0,-1,-1,0,20,20,833,852,892,40,0,42,False
R,4,0,-1,-1,0,20,21,833,852,892,41,0,42,False
R,4,0,-1,-1,0,20,22,815,852,892,42,1,42,False
R,4,0,-1,-1,0,20,23,785,852,892,39,1,42,False
R,4,0,-1,-1,0,20,24,750,852,892,37,2,42,False
R,4,0,-1,-1,0,20,25,715,852,892,35,2,42,False
R,4,0,-1,-1,0,20,26,680,852,892,33,2,42,False
R,4,0,-1,-1,0,20,27,645,852,892,31,3,42,False
R,4,0,-1,-1,0,20,28,610,852,892,29,3,42,False
R,4,0,-1,-1,0,21,12,544,852,892,9,0,42,False
R,4,0,-1,-1,0,21,13,578,852,892,10,0,42,False
R,4,0,-1,-1,0,21,14,612,852,892,11,0,42,False
R,4,0,-1,-1,0,21,15,646,852,892,13,0,42,False
R,4,0,-1,-1,0,21,16,680,852,892,15,0,42,False
R,4,0,-1,-1,0,21,17,714,852,892,18,0,42,False
R,4,0,-1,-1,0,21,18,748,852,892,21,0,42,False
R,4,0,-1,-1,0,21,19,781,852,892,27,0,42,False
R,4,0,-1,-1,0,21,20,801,852,892,37,0,42,False
R,4,0,-1,-1,0,21,21,810,852,892,40,0,42,False
R,4,0,-1,-1,0,21,22,804,852,892,41,0,42,False
R,4,0,-1,-1,0,21,23,790,852,892,42,1,42,False
R,4,0,-1,-1,0,21,24,766,852,892,42,2,42,False
R,4,0,-1,-1,0,21,25,732,852,892,39,2,42,False
R,4,0,-1,-1,0,21,26,698,852,892,37,3,42,False
R,4,0,-1,-1,0,21,27,664,852,892,35,3,42,False
R,4,0,-1,-1,0,21,28,630,852,892,34,3,42,False
R,4,0,-1,-1,0,22,12,519,852,892,9,0,42,False
R,4,0,-1,-1,0,22,13,552,852,892,10,0,42,False
R,4,0,-1,-1,0,22,14,585,852,892,12,0,42,False
R,4,0,-1,-1,0,22,15,618,852,892,14,0,42,False
R,4,0,-1,-1,0,22,16,651,852,892,17,0,42,False
R,4,0,-1,-1,0,22,17,684,852,892,19,0,42,False
R,4,0,-1,-1,0,22,18,716,852,892,22,0,42,False
R,4,0,-1,-1,0,22,19,745,852,892,27,0,42,False
R,4,0,-1,-1,0,22,20,768,852,892,34,0,42,False
R,4,0,-1,-1,0,22,21,779,852,892,39,0,42,False
R,4,0,-1,-1,0,22,22,778,852,892,40,0,42,False
R,4,0,-1,-1,0,22,23,771,852,892,41,1,42,False
R,4,0,-1,-1,0,22,24,759,852,892,42,2,42,False
R,4,0,-1,-1,0,22,25,738,852,892,42,3,42,False
R,4,0,-1,-1,0,22,26,710,852,892,41,3,42,False
R,4,0,-1,-1,0,22,27,678,852,892,39,3,42,False
R,4,0,-1,-1,0,22,28,645,852,892,37,4,42,False
R,4,0,-1,-1,0,23,12,492,852,892,10,0,42,False
R,4,0,-1,-1,0,23,13,524,852,892,11,0,42,False
R,4,0,-1,-1,0,23,14,556,852,892,13,0,42,False
R,4,0,-1,-1,0,23,15,588,852,892,15,0,42,False
R,4,0,-1,-1,0,23,16,620,852,892,18,0,42,False
R,4,0,-1,-1,0,23,17,651,852,892,20,0,42,False
R,4,0,-1,-1,0,23,18,681,852,892,23,0,42,False
R,4,0,-1,-1,0,23,19,708,852,892,27,0,42,False
R,4,0,-1,-1,0,23,20,731,852,892,31,0,42,False
R,4,0,-1,-1,0,23,21,745,852,892,37,0,42,False
R,4,0,-1,-1,0,23,22,750,852,892,39,0,42,False
R,4,0,-1,-1,0,23,23,746,852,892,40,0,42,False
R,4,0,-1,-1,0,23,24,737,852,892,41,1,42,False
R,4,0,-1,-1,0,23,25,725,852,892,42,3,42,False
R,4,0,-1,-1,0,23,26,707,852,892,42,3,42,False
R,4,0,-1,-1,0,23,27,682,852,892,41,4,42,False
R,4,0,-1,-1,0,23,28,654,852,892,41,4,42,False
R,4,0,-1,-1,0,24,12,464,852,892,10,0,42,False
R,4,0,-1,-1,0,24,13,495,852,892,12,0,42,False
R,4,0,-1,-1,0,24,14,526,852,892,14,0,42,False
R,4,0,-1,-1,0,24,15,557,852,892,16,0,42,False
R,4,0,-1,-1,0,24,16,587,852,892,18,0,42,False
R,4,0,-1,-1,0,24,17,617,852,892,20,0,42,False
R,4,0,-1,-1,0,24,18,645,852,892,23,0,42,False
R,4,0,-1,-1,0,24,19,671,852,892,27,0,42,False
R,4,0,-1,-1,0,24,20,694,852,892,29,0,42,False
R,4,0,-1,-1,0,24,21,710,852,892,34,0,42,False
R,4,0,-1,-1,0,24,22,719,852,892,38,0,42,False
R,4,0,-1,-1,0,24,23,719,852,892,39,1,42,False
R,4,0,-1,-1,0,24,24,714,852,892,40,2,42,False
R,4,0,-1,-1,0,24,25,704,852,892,41,3,42,False
R,4,0,-1,-1,0,24,26,691,852,892,42,5,42,False
R,4,0,-1,-1,0,24,27,673,852,892,42,4,42,False
R,4,0,-1,-1,0,24,28,651,852,892,41,4,42,False
R,4,0,-1,-1,0,25,12,434,852,892,10,0,42,False
R,4,0,-1,-1,0,25,13,464,852,892,12,0,42,False
R,4,0,-1,-1,0,25,14,494,852,892,14,0,42,False
R,4,0,-1,-1,0,25,15,524,852,892,16,0,42,False
R,4,0,-1,-1,0,25,16,553,852,892,18,0,42,False
R,4,0,-1,-1,0,25,17,582,852,892,20,0,42,False
R,4,0,-1,-1,0,25,18,609,852,892,23,0,42,False
R,4,0,-1,-1,0,25,19,634,852,892,26,0,42,False
R,4,0,-1,-1,0,25,20,656,852,892,28,0,42,False
R,4,0,-1,-1,0,25,21,673,852,892,32,1,42,False
R,4,0,-1,-1,0,25,22,685,852,892,36,1,42,False
R,4,0,-1,-1,0,25,23,690,852,892,38,1,42,False
R,4,0,-1,-1,0,25,24,688,852,892,39,1,42,False
R,4,0,-1,-1,0,25,25,681,852,892,40,2,42,False
R,4,0,-1,-1,0,25,26,671,852,892,41,4,42,False
R,4,0,-1,-1,0,25,27,657,852,892,42,5,42,False
R,4,0,-1,-1,0,25,28,639,852,892,42,6,42,False
R,4,0,-1,-1,0,26,12,404,852,892,10,0,42,False
R,4,0,-1,-1,0,26,13,433,852,892,12,0,42,False
R,4,0,-1,-1,0,26,14,462,852,892,14,0,42,False
R,4,0,-1,-1,0,26,15,491,852,892,16,0,42,False
R,4,0,-1,-1,0,26,16,519,852,892,18,0,42,False
R,4,0,-1,-1,0,26,17,547,852,892,20,0,42,False
R,4,0,-1,-1,0,26,18,573,852,892,23,0,42,False
R,4,0,-1,-1,0,26,19,597,852,892,25,1,42,False
R,4,0,-1,-1,0,26,20,618,852,892,27,1,42,False
R,4,0,-1,-1,0,26,21,636,852,892,30,1,42,False
R,4,0,-1,-1,0,26,22,650,852,892,33,1,42,False
R,4,0,-1,-1,0,26,23,658,852,892,37,1,42,False
R,4,0,-1,-1,0,26,24,660,852,892,38,1,42,False
R,4,0,-1,-1,0,26,25,657,852,892,39,2,42,False
R,4,0,-1,-1,0,26,26,649,852,892,40,3,42,False
R,4,0,-1,-1,0,26,27,638,852,892,41,5,42,False
R,4,0,-1,-1,0,26,28,623,852,892,42,7,42,False
R,4,0,-1,-1,0,27,12,374,852,892,10,0,42,False
R,4,0,-1,-1,0,27,13,402,852,892,12,0,42,False
R,4,0,-1,-1,0,27,14,430,852,892,14,0,42,False
R,4,0,-1,-1,0,27,15,458,852,892,16,0,42,False
R,4,0,-1,-1,0,27,16,485,852,892,18,0,42,False
R,4,0,-1,-1,0,27,17,512,852,892,20,0,42,False
R,4,0,-1,-1,0,27,18,537,852,892,23,1,42,False
R,4,0,-1,-1,0,27,19,560,852,892,24,1,42,False
R,4,0,-1,-1,0,27,20,581,852,892,27,1,42,False
R,4,0,-1,-1,0,27,21,599,852,892,29,1,42,False
R,4,0,-1,-1,0,27,22,614,852,892,31,1,42,False
R,4,0,-1,-1,0,27,23,624,852,892,34,1,42,False
R,4,0,-1,-1,0,27,24,630,852,892,37,1,42,False
R,4,0,-1,-1,0,27,25,630,852,892,38,1,42,False
R,4,0,-1,-1,0,27,26,625,852,892,39,2,42,False
R,4,0,-1,-1,0,27,27,617,852,892,40,5,42,False
R,4,0,-1,-1,0,27,28,605,852,892,41,6,42,False
R,5,0,-1,1,-1,11,12,574,852,892,0,0,42,False
R,5,0,-1,1,-1,11,13,592,852,892,0,0,42,False
R,5,0,-1,1,-1,11,14,607,852,892,0,0,42,False
R,5,0,-1,1,-1,11,15,617,852,892,0,0,42,False
R,5,0,-1,1,-1,11,16,620,852,892,2,2,42,False
R,5,0,-1,1,-1,11,17,615,852,892,3,2,42,False
R,5,0,-1,1,-1,11,18,602,852,892,4,3,42,False
R,5,0,-1,1,-1,11,19,586,852,892,4,3,42,False
R,5,0,-1,1,-1,11,20,568,852,892,5,3,42,False
R,5,0,-1,1,-1,11,21,548,852,892,6,3,42,False
R,5,0,-1,1,-1,11,22,527,852,892,6,2,42,False
R,5,0,-1,1,-1,11,23,505,852,892,7,2,42,False
R,5,0,-1,1,-1,11,24,481,852,892,8,2,42,False
R,5,0,-1,1,-1,11,25,457,852,892,9,2,42,False
R,5,0,-1,1,-1,11,26,433,852,892,10,2,42,False
R,5,0,-1,1,-1,11,27,407,852,892,10,1,42,False
R,5,0,-1,1,-1,11,28,382,852,892,11,1,42,False
R,5,0,-1,1,-1,12,12,588,852,892,0,0,42,False
R,5,0,-1,1,-1,12,13,607,852,892,0,0,42,False
R,5,0,-1,1,-1,12,14,626,852,892,0,0,42,False
R,5,0,-1,1,-1,12,15,642,852,892,0,0,42,False
R,5,0,-1,1,-1,12,16,650,852,892,0,0,42,False
R,5,0,-1,1,-1,12,17,649,852,892,3,3,42,False
R,5,0,-1,1,-1,12,18,636,852,892,4,3,42,False
R,5,0,-1,1,-1,12,19,620,852,892,5,3,42,False
R,5,0,-1,1,-1,12,20,601,852,892,6,3,42,False
R,5,0,-1,1,-1,12,21,581,852,892,6,3,42,False
R,5,0,-1,1,-1,12,22,559,852,892,7,3,42,False
R,5,0,-1,1,-1,12,23,536,852,892,8,3,42,False
R,5,0,-1,1,-1,12,24,512,852,892,9,3,42,False
R,5,0,-1,1,-1,12,25,487,852,892,10,2,42,False
R,5,0,-1,1,-1,12,26,462,852,892,11,2,42,False
R,5,0,-1,1,-1,12,27,436,852,892,11,2,42,False
R,5,0,-1,1,-1,12,28,410,852,892,12,2,42,False
R,5,0,-1,1,-1,13,12,598,852,892,0,0,42,False
R,5,0,-1,1,-1,13,13,621,852,892,0,0,42,False
R,5,0,-1,1,-1,13,14,642,852,892,0,0,42,False
R,5,0,-1,1,-1,13,15,660,852,892,0,0,42,False
R,5,0,-1,1,-1,13,16,677,852,892,0,0,42,False
R,5,0,-1,1,-1,13,17,680,852,892,3,3,42,False
R,5,0,-1,1,-1,13,18,670,852,892,4,3,42,False
R,5,0,-1,1,-1,13,19,654,852,892,6,4,42,False
R,5,0,-1,1,-1,13,20,635,852,892,6,4,42,False
R,5,0,-1,1,-1,13,21,614,852,892,7,4,42,False
R,5,0,-1,1,-1,13,22,591,852,892,8,4,42,False
R,5,0,-1,1,-1,13,23,568,852,892,9,3,42,False
R,5,0,-1,1,-1,13,24,543,852,892,10,3,42,False
R,5,0,-1,1,-1,13,25,517,852,892,11,3,42,False
R,5,0,-1,1,-1,13,26,492,852,892,12,3,42,False
R,5,0,-1,1,-1,13,27,465,852,892,12,3,42,False
R,5,0,-1,1,-1,13,28,438,852,892,13,2,42,False
R,5,0,-1,1,-1,14,12,607,852,892,1,0,42,False
R,5,0,-1,1,-1,14,13,631,852,892,1,0,42,False
R,5,0,-1,1,-1,14,14,654,852,892,0,0,42,False
R,5,0,-1,1,-1,14,15,676,852,892,0,0,42,False
R,5,0,-1,1,-1,14,16,695,852,892,0,0,42,False
R,5,0,-1,1,-1,14,17,710,852,892,0,0,42,False
R,5,0,-1,1,-1,14,18,704,852,892,4,4,42,False
R,5,0,-1,1,-1,14,19,688,852,892,6,4,42,False
R,5,0,-1,1,-1,14,20,669,852,892,7,4,42,False
R,5,0,-1,1,-1,14,21,647,852,892,8,4,42,False
R,5,0,-1,1,-1,14,22,624,852,892,9,4,42,False
R,5,0,-1,1,-1,14,23,599,852,892,10,4,42,False
R,5,0,-1,1,-1,14,24,573,852,892,11,4,42,False
R,5,0,-1,1,-1,14,25,548,852,892,12,4,42,False
R,5,0,-1,1,-1,14,26,521,852,892,13,3,42,False
R,5,0,-1,1,-1,14,27,494,852,892,14,3,42,False
R,5,0,-1,1,-1,14,28,466,852,892,15,3,42,False
R,5,0,-1,1,-1,15,12,611,852,892,1,0,42,False
R,5,0,-1,1,-1,15,13,638,852,892,1,0,42,False
R,5,0,-1,1,-1,15,14,664,852,892,1,0,42,False
R,5,0,-1,1,-1,15,15,688,852,892,1,0,42,False
R,5,0,-1,1,-1,15,16,710,852,892,1,0,42,False
R,5,0,-1,1,-1,15,17,731,852,892,0,0,42,False
R,5,0,-1,1,-1,15,18,734,852,892,4,4,42,False
R,5,0,-1,1,-1,15,19,722,852,892,6,4,42,False
R,5,0,-1,1,-1,15,20,703,852,892,8,5,42,False
R,5,0,-1,1,-1,15,21,680,852,892,9,5,42,False
R,5,0,-1,1,-1,15,22,655,852,892,10,5,42,False
R,5,0,-1,1,-1,15,23,629,852,892,11,5,42,False
R,5,0,-1,1,-1,15,24,604,852,892,12,4,42,False
R,5,0,-1,1,-1,15,25,577,852,892,14,4,42,False
R,5,0,-1,1,-1,15,26,550,852,892,15,4,42,False
R,5,0,-1,1,-1,15,27,522,852,892,16,4,42,False
R,5,0,-1,1,-1,15,28,493,852,892,17,4,42,False
R,5,0,-1,1,-1,16,12,613,852,892,1,0,42,False
R,5,0,-1,1,-1,16,13,641,852,892,1,0,42,False
R,5,0,-1,1,-1,16,14,669,852,892,1,0,42,False
R,5,0,-1,1,-1,16,15,696,852,892,1,0,42,False
R,5,0,-1,1,-1,16,16,721,852,892,1,0,42,False
R,5,0,-1,1,-1,16,17,745,852,892,1,0,42,False
R,5,0,-1,1,-1,16,18,757,852,892,1,0,42,False
R,5,0,-1,1,-1,16,19,756,852,892,6,5,42,False
R,5,0,-1,1,-1,16,20,735,852,892,9,6,42,False
R,5,0,-1,1,-1,16,21,712,852,892,10,6,42,False
R,5,0,-1,1,-1,16,22,686,852,892,11,6,42,False
R,5,0,-1,1,-1,16,23,660,852,892,12,6,42,False
R,5,0,-1,1,-1,16,24,634,852,892,14,5,42,False
R,5,0,-1,1,-1,16,25,606,852,892,16,5,42,False
R,5,0,-1,1,-1,16,26,578,852,892,17,5,42,False
R,5,0,-1,1,-1,16,27,549,852,892,18,4,42,False
R,5,0,-1,1,-1,16,28,519,852,892,18,4,42,False
R,5,0,-1,1,-1,17,12,612,852,892,1,0,42,False
R,5,0,-1,1,-1,17,13,642,852,892,1,0,42,False
R,5,0,-1,1,-1,17,14,671,852,892,1,0,42,False
R,5,0,-1,1,-1,17,15,699,852,892,1,0,42,False
R,5,0,-1,1,-1,17,16,727,852,892,2,0,42,False
R,5,0,-1,1,-1,17,17,754,852,892,3,0,42,False
R,5,0,-1,1,-1,17,18,771,852,892,4,0,42,False
R,5,0,-1,1,-1,17,19,777,852,892,10,6,42,False
R,5,0,-1,1,-1,17,20,766,852,892,12,6,42,False
R,5,0,-1,1,-1,17,21,742,852,892,12,7,42,False
R,5,0,-1,1,-1,17,22,717,852,892,12,7,42,False
R,5,0,-1,1,-1,17,23,690,852,892,14,7,42,False
R,5,0,-1,1,-1,17,24,663,852,892,16,7,42,False
R,5,0,-1,1,-1,17,25,635,852,892,18,6,42,False
R,5,0,-1,1,-1,17,26,606,852,892,19,6,42,False
R,5,0,-1,1,-1,17,27,575,852,892,21,5,42,False
R,5,0,-1,1,-1,17,28,544,852,892,22,5,42,False
R,5,0,-1,1,-1,18,12,608,852,892,1,0,42,False
R,5,0,-1,1,-1,18,13,639,852,892,2,0,42,False
R,5,0,-1,1,-1,18,14,670,852,892,3,0,42,False
R,5,0,-1,1,-1,18,15,700,852,892,4,0,42,False
R,5,0,-1,1,-1,18,16,729,852,892,4,0,42,False
R,5,0,-1,1,-1,18,17,757,852,892,4,0,42,False
R,5,0,-1,1,-1,18,18,774,852,892,5,0,42,False
R,5,0,-1,1,-1,18,19,785,852,892,7,1,42,False
R,5,0,-1,1,-1,18,20,788,852,892,16,7,42,False
R,5,0,-1,1,-1,18,21,772,852,892,20,8,42,False
R,5,0,-1,1,-1,18,22,746,852,892,21,8,42,False
R,5,0,-1,1,-1,18,23,719,852,892,22,8,42,False
R,5,0,-1,1,-1,18,24,691,852,892,25,8,42,False
R,5,0,-1,1,-1,18,25,662,852,892,26,7,42,False
R,5,0,-1,1,-1,18,26,631,852,892,27,7,42,False
R,5,0,-1,1,-1,18,27,600,852,892,27,7,42,False
R,5,0,-1,1,-1,18,28,569,852,892,27,6,42,False
R,5,0,-1,1,-1,19,12,596,852,892,3,0,42,False
R,5,0,-1,1,-1,19,13,630,852,892,4,0,42,False
R,5,0,-1,1,-1,19,14,665,852,892,4,0,42,False
R,5,0,-1,1,-1,19,15,697,852,892,5,0,42,False
R,5,0,-1,1,-1,19,16,728,852,892,6,0,42,False
R,5,0,-1,1,-1,19,17,753,852,892,7,0,42,False
R,5,0,-1,1,-1,19,18,768,852,892,8,0,42,False
R,5,0,-1,1,-1,19,19,782,852,892,9,0,42,False
R,5,0,-1,1,-1,19,20,791,852,892,19,8,42,False
R,5,0,-1,1,-1,19,21,789,852,892,25,9,42,False
R,5,0,-1,1,-1,19,22,775,852,892,29,10,42,False
R,5,0,-1,1,-1,19,23,747,852,892,34,10,42,False
R,5,0,-1,1,-1,19,24,718,852,892,37,10,42,False
R,5,0,-1,1,-1,19,25,687,852,892,37,9,42,False
R,5,0,-1,1,-1,19,26,656,852,892,37,8,42,False
R,5,0,-1,1,-1,19,27,623,852,892,35,8,42,False
R,5,0,-1,1,-1,19,28,590,852,892,33,7,42,False
R,5,0,-1,1,-1,20,12,580,852,892,4,0,42,False
R,5,0,-1,1,-1,20,13,614,852,892,5,0,42,False
R,5,0,-1,1,-1,20,14,648,852,892,6,0,42,False
R,5,0,-1,1,-1,20,15,681,852,892,7,0,42,False
R,5,0,-1,1,-1,20,16,712,852,892,8,0,42,False
R,5,0,-1,1,-1,20,17,740,852,892,9,0,42,False
R,5,0,-1,1,-1,20,18,759,852,892,10,0,42,False
R,5,0,-1,1,-1,20,19,775,852,892,11,0,42,False
R,5,0,-1,1,-1,20,20,786,852,892,16,3,42,False
R,5,0,-1,1,-1,20,21,794,852,892,31,10,42,False
R,5,0,-1,1,-1,20,22,783,852,892,37,11,42,False
R,5,0,-1,1,-1,20,23,764,852,892,41,11,42,False
R,5,0,-1,1,-1,20,24,738,852,892,42,11,42,False
R,5,0,-1,1,-1,20,25,707,852,892,41,11,42,False
R,5,0,-1,1,-1,20,26,673,852,892,41,10,42,False
R,5,0,-1,1,-1,20,27,639,852,892,39,10,42,False
R,5,0,-1,1,-1,20,28,606,852,892,37,9,42,False
R,5,0,-1,1,-1,21,12,560,852,892,5,0,42,False
R,5,0,-1,1,-1,21,13,593,852,892,6,0,42,False
R,5,0,-1,1,-1,21,14,626,852,892,7,0,42,False
R,5,0,-1,1,-1,21,15,657,852,892,8,0,42,False
R,5,0,-1,1,-1,21,16,686,852,892,9,0,42,False
R,5,0,-1,1,-1,21,17,714,852,892,10,0,42,False
R,5,0,-1,1,-1,21,18,737,852,892,11,0,42,False
R,5,0,-1,1,-1,21,19,758,852,892,13,0,42,False
R,5,0,-1,1,-1,21,20,773,852,892,19,1,42,False
R,5,0,-1,1,-1,21,21,784,852,892,38,11,42,False
R,5,0,-1,1,-1,21,22,784,852,892,41,12,42,False
R,5,0,-1,1,-1,21,23,767,852,892,42,12,42,False
R,5,0,-1,1,-1,21,24,743,852,892,42,12,42,False
R,5,0,-1,1,-1,21,25,714,852,892,42,12,42,False
R,5,0,-1,1,-1,21,26,683,852,892,41,11,42,False
R,5,0,-1,1,-1,21,27,651,852,892,41,11,42,False
R,5,0,-1,1,-1,21,28,618,852,892,40,11,42,False
R,5,0,-1,1,-1,22,12,538,852,892,6,0,42,False
R,5,0,-1,1,-1,22,13,570,852,892,7,0,42,False
R,5,0,-1,1,-1,22,14,600,852,892,8,0,42,False
R,5,0,-1,1,-1,22,15,630,852,892,9,0,42,False
R,5,0,-1,1,-1,22,16,658,852,892,10,0,42,False
R,5,0,-1,1,-1,22,17,685,852,892,11,0,42,False
R,5,0,-1,1,-1,22,18,708,852,892,13,0,42,False
R,5,0,-1,1,-1,22,19,729,852,892,16,0,42,False
R,5,0,-1,1,-1,22,20,748,852,892,23,0,42,False
R,5,0,-1,1,-1,22,21,765,852,892,34,5,42,False
R,5,0,-1,1,-1,22,22,776,852,892,42,13,42,False
R,5,0,-1,1,-1,22,23,761,852,892,42,13,42,False
R,5,0,-1,1,-1,22,24,739,852,892,42,13,42,False
R,5,0,-1,1,-1,22,25,715,852,892,42,13,42,False
R,5,0,-1,1,-1,22,26,687,852,892,42,12,42,False
R,5,0,-1,1,-1,22,27,657,852,892,41,12,42,False
R,5,0,-1,1,-1,22,28,625,852,892,41,12,42,False
R,5,0,-1,1,-1,23,12,514,852,892,7,0,42,False
R,5,0,-1,1,-1,23,13,544,852,892,8,0,42,False
R,5,0,-1,1,-1,23,14,573,852,892,9,0,42,False
R,5,0,-1,1,-1,23,15,602,852,892,10,0,42,False
R,5,0,-1,1,-1,23,16,629,852,892,11,0,42,False
R,5,0,-1,1,-1,23,17,655,852,892,13,0,42,False
R,5,0,-1,1,-1,23,18,678,852,892,16,0,42,False
R,5,0,-1,1,-1,23,19,699,852,892,20,0,42,False
R,5,0,-1,1,-1,23,20,718,852,892,26,0,42,False
R,5,0,-1,1,-1,23,21,735,852,892,32,4,42,False
R,5,0,-1,1,-1,23,22,747,852,892,41,14,42,False
R,5,0,-1,1,-1,23,23,746,852,892,42,15,42,False
R,5,0,-1,1,-1,23,24,731,852,892,42,15,42,False
R,5,0,-1,1,-1,23,25,709,852,892,42,14,42,False
R,5,0,-1,1,-1,23,26,685,852,892,42,13,42,False
R,5,0,-1,1,-1,23,27,658,852,892,42,13,42,False
R,5,0,-1,1,-1,23,28,629,852,892,41,13,42,False
R,5,0,-1,1,-1,24,12,488,852,892,8,0,42,False
R,5,0,-1,1,-1,24,13,517,852,892,9,0,42,False
R,5,0,-1,1,-1,24,14,545,852,892,10,0,42,False
R,5,0,-1,1,-1,24,15,573,852,892,11,0,42,False
R,5,0,-1,1,-1,24,16,599,852,892,13,0,42,False
R,5,0,-1,1,-1,24,17,624,852,892,16,0,42,False
R,5,0,-1,1,-1,24,18,647,852,892,19,0,42,False
R,5,0,-1,1,-1,24,19,668,852,892,22,0,42,False
R,5,0,-1,1,-1,24,20,687,852,892,27,1,42,False
R,5,0,-1,1,-1,24,21,702,852,892,30,4,42,False
R,5,0,-1,1,-1,24,22,713,852,892,35,10,42,False
R,5,0,-1,1,-1,24,23,720,852,892,41,16,42,False
R,5,0,-1,1,-1,24,24,712,852,892,42,17,42,False
R,5,0,-1,1,-1,24,25,699,852,892,42,16,42,False
R,5,0,-1,1,-1,24,26,678,852,892,42,15,42,False
R,5,0,-1,1,-1,24,27,654,852,892,42,15,42,False
R,5,0,-1,1,-1,24,28,628,852,892,42,14,42,False
R,5,0,-1,1,-1,25,12,461,852,892,9,0,42,False
R,5,0,-1,1,-1,25,13,489,852,892,10,0,42,False
R,5,0,-1,1,-1,25,14,516,852,892,11,0,42,False
R,5,0,-1,1,-1,25,15,543,852,892,13,0,42,False
R,5,0,-1,1,-1,25,16,568,852,892,15,0,42,False
R,5,0,-1,1,-1,25,17,592,852,892,18,0,42,False
R,5,0,-1,1,-1,25,18,615,852,892,20,0,42,False
R,5,0,-1,1,-1,25,19,636,852,892,23,0,42,False
R,5,0,-1,1,-1,25,20,653,852,892,27,2,42,False
R,5,0,-1,1,-1,25,21,668,852,892,29,5,42,False
R,5,0,-1,1,-1,25,22,679,852,892,32,8,42,False
R,5,0,-1,1,-1,25,23,687,852,892,40,16,42,False
R,5,0,-1,1,-1,25,24,687,852,892,42,18,42,False
R,5,0,-1,1,-1,25,25,677,852,892,42,17,42,False
R,5,0,-1,1,-1,25,26,663,852,892,42,17,42,False
R,5,0,-1,1,-1,25,27,645,852,892,42,17,42,False
R,5,0,-1,1,-1,25,28,622,852,892,42,16,42,False
R,5,0,-1,1,-1,26,12,433,852,892,9,0,42,False
R,5,0,-1,1,-1,26,13,460,852,892,10,0,42,False
R,5,0,-1,1,-1,26,14,486,852,892,12,0,42,False
R,5,0,-1,1,-1,26,15,512,852,892,14,0,42,False
R,5,0,-1,1,-1,26,16,536,852,892,16,0,42,False
R,5,0,-1,1,-1,26,17,559,852,892,18,0,42,False
R,5,0,-1,1,-1,26,18,582,852,892,20,0,42,False
R,5,0,-1,1,-1,26,19,602,852,892,23,0,42,False
R,5,0,-1,1,-1,26,20,619,852,892,26,3,42,False
R,5,0,-1,1,-1,26,21,634,852,892,28,6,42,False
R,5,0,-1,1,-1,26,22,645,852,892,30,8,42,False
R,5,0,-1,1,-1,26,23,654,852,892,35,13,42,False
R,5,0,-1,1,-1,26,24,660,852,892,40,17,42,False
R,5,0,-1,1,-1,26,25,654,852,892,42,18,42,False
R,5,0,-1,1,-1,26,26,642,852,892,42,18,42,False
R,5,0,-1,1,-1,26,27,628,852,892,42,18,42,False
R,5,0,-1,1,-1,26,28,610,852,892,42,17,42,False
R,5,0,-1,1,-1,27,12,404,852,892,9,2,42,False
R,5,0,-1,1,-1,27,13,430,852,892,10,0,42,False
R,5,0,-1,1,-1,27,14,455,852,892,12,0,42,False
R,5,0,-1,1,-1,27,15,480,852,892,14,0,42,False
R,5,0,-1,1,-1,27,16,503,852,892,16,0,42,False
R,5,0,-1,1,-1,27,17,526,852,892,18,0,42,False
R,5,0,-1,1,-1,27,18,548,852,892,20,1,42,False
R,5,0,-1,1,-1,27,19,568,852,892,23,3,42,False
R,5,0,-1,1,-1,27,20,585,852,892,25,6,42,False
R,5,0,-1,1,-1,27,21,600,852,892,27,8,42,False
R,5,0,-1,1,-1,27,22,611,852,892,29,9,42,False
R,5,0,-1,1,-1,27,23,621,852,892,32,11,42,False
R,5,0,-1,1,-1,27,24,628,852,892,39,17,42,False
R,5,0,-1,1,-1,27,25,628,852,892,41,19,42,False
R,5,0,-1,1,-1,27,26,620,852,892,41,19,42,False
R,5,0,-1,1,-1,27,27,607,852,892,42,19,42,False
R,5,0,-1,1,-1,27,28,593,852,892,42,18,42,False
R,6,0,1,-1,1,10,12,579,852,892,0,0,42,False
R,6,0,1,-1,1,10,13,596,852,892,0,0,42,False
R,6,0,1,-1,1,10,14,607,852,892,0,0,42,False
R,6,0,1,-1,1,10,15,608,852,892,0,0,42,False
R,6,0,1,-1,1,10,16,605,852,892,1,0,42,False
R,6,0,1,-1,1,10,17,598,852,892,2,1,42,False
R,6,0,1,-1,1,10,18,587,852,892,3,2,42,False
R,6,0,1,-1,1,10,19,574,852,892,4,4,42,False
R,6,0,1,-1,1,10,20,558,852,892,5,5,42,False
R,6,0,1,-1,1,10,21,539,852,892,6,6,42,False
R,6,0,1,-1,1,10,22,519,852,892,6,6,42,False
R,6,0,1,-1,1,10,23,497,852,892,8,8,42,False
R,6,0,1,-1,1,10,24,474,852,892,8,8,42,False
R,6,0,1,-1,1,10,25,449,852,892,9,9,42,False
R,6,0,1,-1,1,10,26,424,852,892,10,10,42,False
R,6,0,1,-1,1,10,27,399,852,892,11,11,42,False
R,6,0,1,-1,1,10,28,373,852,892,11,11,42,False
R,6,0,1,-1,1,11,12,595,852,892,0,0,42,False
R,6,0,1,-1,1,11,13,613,852,892,0,0,42,False
R,6,0,1,-1,1,11,14,631,852,892,0,0,42,False
R,6,0,1,-1,1,11,15,638,852,892,0,0,42,False
R,6,0,1,-1,1,11,16,637,852,892,1,0,42,False
R,6,0,1,-1,1,11,17,631,852,892,2,0,42,False
R,6,0,1,-1,1,11,18,621,852,892,3,1,42,False
R,6,0,1,-1,1,11,19,608,852,892,4,3,42,False
R,6,0,1,-1,1,11,20,592,852,892,6,5,42,False
R,6,0,1,-1,1,11,21,573,852,892,6,6,42,False
R,6,0,1,-1,1,11,22,552,852,892,7,7,42,False
R,6,0,1,-1,1,11,23,529,852,892,9,9,42,False
R,6,0,1,-1,1,11,24,506,852,892,10,10,42,False
R,6,0,1,-1,1,11,25,480,852,892,10,10,42,False
R,6,0,1,-1,1,11,26,454,852,892,11,11,42,False
R,6,0,1,-1,1,11,27,429,852,892,12,12,42,False
R,6,0,1,-1,1,11,28,402,852,892,12,12,42,False
R,6,0,1,-1,1,12,12,607,852,892,0,0,42,False
R,6,0,1,-1,1,12,13,629,852,892,0,0,42,False
R,6,0,1,-1,1,12,14,649,852,892,0,0,42,False
R,6,0,1,-1,1,12,15,666,852,892,0,0,42,False
R,6,0,1,-1,1,12,16,668,852,892,1,0,42,False
R,6,0,1,-1,1,12,17,664,852,892,2,0,42,False
R,6,0,1,-1,1,12,18,655,852,892,3,1,42,False
R,6,0,1,-1,1,12,19,642,852,892,4,2,42,False
R,6,0,1,-1,1,12,20,626,852,892,6,5,42,False
R,6,0,1,-1,1,12,21,607,852,892,7,6,42,False
R,6,0,1,-1,1,12,22,585,852,892,8,7,42,False
R,6,0,1,-1,1,12,23,562,852,892,9,9,42,False
R,6,0,1,-1,1,12,24,537,852,892,11,11,42,False
R,6,0,1,-1,1,12,25,511,852,892,11,11,42,False
R,6,0,1,-1,1,12,26,485,852,892,12,12,42,False
R,6,0,1,-1,1,12,27,458,852,892,13,13,42,False
R,6,0,1,-1,1,12,28,431,852,892,14,14,42,False
R,6,0,1,-1,1,13,12,617,852,892,1,1,42,False
R,6,0,1,-1,1,13,13,640,852,892,1,1,42,False
R,6,0,1,-1,1,13,14,663,852,892,0,0,42,False
R,6,0,1,-1,1,13,15,684,852,892,0,0,42,False
R,6,0,1,-1,1,13,16,697,852,892,0,0,42,False
R,6,0,1,-1,1,13,17,697,852,892,2,0,42,False
R,6,0,1,-1,1,13,18,689,852,892,3,0,42,False
R,6,0,1,-1,1,13,19,676,852,892,4,1,42,False
R,6,0,1,-1,1,13,20,660,852,892,6,4,42,False
R,6,0,1,-1,1,13,21,641,852,892,8,6,42,False
R,6,0,1,-1,1,13,22,618,852,892,9,8,42,False
R,6,0,1,-1,1,13,23,593,852,892,10,9,42,False
R,6,0,1,-1,1,13,24,567,852,892,12,11,42,False
R,6,0,1,-1,1,13,25,542,852,892,12,12,42,False
R,6,0,1,-1,1,13,26,514,852,892,14,14,42,False
R,6,0,1,-1,1,13,27,487,852,892,15,15,42,False
R,6,0,1,-1,1,13,28,459,852,892,16,16,42,False
R,6,0,1,-1,1,14,12,623,852,892,1,1,42,False
R,6,0,1,-1,1,14,13,649,852,892,1,1,42,False
R,6,0,1,-1,1,14,14,674,852,892,1,1,42,False
R,6,0,1,-1,1,14,15,697,852,892,1,1,42,False
R,6,0,1,-1,1,14,16,719,852,892,1,1,42,False
R,6,0,1,-1,1,14,17,727,852,892,2,0,42,False
R,6,0,1,-1,1,14,18,723,852,892,3,0,42,False
R,6,0,1,-1,1,14,19,710,852,892,4,1,42,False
R,6,0,1,-1,1,14,20,694,852,892,6,3,42,False
R,6,0,1,-1,1,14,21,673,852,892,9,7,42,False
R,6,0,1,-1,1,14,22,649,852,892,10,8,42,False
R,6,0,1,-1,1,14,23,623,852,892,11,9,42,False
R,6,0,1,-1,1,14,24,598,852,892,13,12,42,False
R,6,0,1,-1,1,14,25,571,852,892,14,13,42,False
R,6,0,1,-1,1,14,26,543,852,892,16,15,42,False
R,6,0,1,-1,1,14,27,515,852,892,17,16,42,False
R,6,0,1,-1,1,14,28,486,852,892,18,18,42,False
R,6,0,1,-1,1,15,12,626,852,892,1,1,42,False
R,6,0,1,-1,1,15,13,654,852,892,1,1,42,False
R,6,0,1,-1,1,15,14,681,852,892,1,1,42,False
R,6,0,1,-1,1,15,15,707,852,892,1,1,42,False
R,6,0,1,-1,1,15,16,731,852,892,1,1,42,False
R,6,0,1,-1,1,15,17,750,852,892,2,1,42,False
R,6,0,1,-1,1,15,18,756,852,892,4,1,42,False
R,6,0,1,-1,1,15,19,744,852,892,4,0,42,False
R,6,0,1,-1,1,15,20,725,852,892,6,2,42,False
R,6,0,1,-1,1,15,21,703,852,892,9,6,42,False
R,6,0,1,-1,1,15,22,679,852,892,11,8,42,False
R,6,0,1,-1,1,15,23,654,852,892,13,11,42,False
R,6,0,1,-1,1,15,24,627,852,892,15,13,42,False
R,6,0,1,-1,1,15,25,600,852,892,16,14,42,False
R,6,0,1,-1,1,15,26,571,852,892,18,17,42,False
R,6,0,1,-1,1,15,27,542,852,892,19,18,42,False
R,6,0,1,-1,1,15,28,511,852,892,20,19,42,False
R,6,0,1,-1,1,16,12,625,852,892,1,1,42,False
R,6,0,1,-1,1,16,13,655,852,892,1,1,42,False
R,6,0,1,-1,1,16,14,684,852,892,2,2,42,False
R,6,0,1,-1,1,16,15,712,852,892,3,3,42,False
R,6,0,1,-1,1,16,16,739,852,892,4,4,42,False
R,6,0,1,-1,1,16,17,765,852,892,4,4,42,False
R,6,0,1,-1,1,16,18,779,852,892,7,4,42,False
R,6,0,1,-1,1,16,19,773,852,892,8,4,42,False
R,6,0,1,-1,1,16,20,754,852,892,9,5,42,False
R,6,0,1,-1,1,16,21,732,852,892,10,6,42,False
R,6,0,1,-1,1,16,22,709,852,892,12,9,42,False
R,6,0,1,-1,1,16,23,683,852,892,15,12,42,False
R,6,0,1,-1,1,16,24,656,852,892,17,14,42,False
R,6,0,1,-1,1,16,25,628,852,892,20,18,42,False
R,6,0,1,-1,1,16,26,598,852,892,22,20,42,False
R,6,0,1,-1,1,16,27,567,852,892,23,21,42,False
R,6,0,1,-1,1,16,28,536,852,892,23,21,42,False
R,6,0,1,-1,1,17,12,620,852,892,2,2,42,False
R,6,0,1,-1,1,17,13,651,852,892,3,3,42,False
R,6,0,1,-1,1,17,14,683,852,892,4,4,42,False
R,6,0,1,-1,1,17,15,713,852,892,4,4,42,False
R,6,0,1,-1,1,17,16,742,852,892,5,5,42,False
R,6,0,1,-1,1,17,17,770,852,892,6,6,42,False
R,6,0,1,-1,1,17,18,787,852,892,9,7,42,False
R,6,0,1,-1,1,17,19,788,852,892,12,8,42,False
R,6,0,1,-1,1,17,20,779,852,892,15,10,42,False
R,6,0,1,-1,1,17,21,760,852,892,19,14,42,False
R,6,0,1,-1,1,17,22,737,852,892,23,19,42,False
R,6,0,1,-1,1,17,23,712,852,892,26,22,42,False
R,6,0,1,-1,1,17,24,684,852,892,28,25,42,False
R,6,0,1,-1,1,17,25,654,852,892,29,26,42,False
R,6,0,1,-1,1,17,26,623,852,892,29,26,42,False
R,6,0,1,-1,1,17,27,592,852,892,29,27,42,False
R,6,0,1,-1,1,17,28,559,852,892,28,26,42,False
R,6,0,1,-1,1,18,12,608,852,892,3,3,42,False
R,6,0,1,-1,1,18,13,642,852,892,4,4,42,False
R,6,0,1,-1,1,18,14,677,852,892,5,5,42,False
R,6,0,1,-1,1,18,15,708,852,892,6,6,42,False
R,6,0,1,-1,1,18,16,737,852,892,7,7,42,False
R,6,0,1,-1,1,18,17,762,852,892,8,8,42,False
R,6,0,1,-1,1,18,18,784,852,892,9,9,42,False
R,6,0,1,-1,1,18,19,793,852,892,14,10,42,False
R,6,0,1,-1,1,18,20,790,852,892,17,11,42,False
R,6,0,1,-1,1,18,21,780,852,892,22,16,42,False
R,6,0,1,-1,1,18,22,764,852,892,32,27,42,False
R,6,0,1,-1,1,18,23,739,852,892,37,33,42,False
R,6,0,1,-1,1,18,24,710,852,892,40,36,42,False
R,6,0,1,-1,1,18,25,679,852,892,39,35,42,False
R,6,0,1,-1,1,18,26,647,852,892,37,34,42,False
R,6,0,1,-1,1,18,27,613,852,892,35,32,42,False
R,6,0,1,-1,1,18,28,579,852,892,33,30,42,False
R,6,0,1,-1,1,19,12,591,852,892,4,4,42,False
R,6,0,1,-1,1,19,13,624,852,892,5,5,42,False
R,6,0,1,-1,1,19,14,657,852,892,6,6,42,False
R,6,0,1,-1,1,19,15,690,852,892,7,7,42,False
R,6,0,1,-1,1,19,16,720,852,892,8,8,42,False
R,6,0,1,-1,1,19,17,748,852,892,9,9,42,False
R,6,0,1,-1,1,19,18,772,852,892,10,10,42,False
R,6,0,1,-1,1,19,19,786,852,892,13,11,42,False
R,6,0,1,-1,1,19,20,792,852,892,20,14,42,False
R,6,0,1,-1,1,19,21,784,852,892,28,21,42,False
R,6,0,1,-1,1,19,22,772,852,892,39,32,42,False
R,6,0,1,-1,1,19,23,755,852,892,41,36,42,False
R,6,0,1,-1,1,19,24,728,852,892,42,37,42,False
R,6,0,1,-1,1,19,25,695,852,892,41,37,42,False
R,6,0,1,-1,1,19,26,661,852,892,41,37,42,False
R,6,0,1,-1,1,19,27,628,852,892,39,35,42,False
R,6,0,1,-1,1,19,28,595,852,892,37,34,42,False
R,6,0,1,-1,1,20,12,570,852,892,6,6,42,False
R,6,0,1,-1,1,20,13,602,852,892,7,7,42,False
R,6,0,1,-1,1,20,14,634,852,892,8,8,42,False
R,6,0,1,-1,1,20,15,664,852,892,9,9,42,False
R,6,0,1,-1,1,20,16,693,852,892,10,10,42,False
R,6,0,1,-1,1,20,17,721,852,892,11,11,42,False
R,6,0,1,-1,1,20,18,748,852,892,12,12,42,False
R,6,0,1,-1,1,20,19,771,852,892,14,14,42,False
R,6,0,1,-1,1,20,20,783,852,892,23,17,42,False
R,6,0,1,-1,1,20,21,784,852,892,33,25,42,False
R,6,0,1,-1,1,20,22,774,852,892,42,34,42,False
R,6,0,1,-1,1,20,23,757,852,892,42,35,42,False
R,6,0,1,-1,1,20,24,731,852,892,42,36,42,False
R,6,0,1,-1,1,20,25,702,852,892,42,37,42,False
R,6,0,1,-1,1,20,26,671,852,892,41,36,42,False
R,6,0,1,-1,1,20,27,639,852,892,41,37,42,False
R,6,0,1,-1,1,20,28,606,852,892,40,36,42,False
R,6,0,1,-1,1,21,12,547,852,892,6,6,42,False
R,6,0,1,-1,1,21,13,578,852,892,7,7,42,False
R,6,0,1,-1,1,21,14,608,852,892,8,8,42,False
R,6,0,1,-1,1,21,15,637,852,892,9,9,42,False
R,6,0,1,-1,1,21,16,665,852,892,10,10,42,False
R,6,0,1,-1,1,21,17,692,852,892,12,12,42,False
R,6,0,1,-1,1,21,18,718,852,892,14,14,42,False
R,6,0,1,-1,1,21,19,741,852,892,17,17,42,False
R,6,0,1,-1,1,21,20,760,852,892,23,20,42,False
R,6,0,1,-1,1,21,21,773,852,892,35,26,42,False
R,6,0,1,-1,1,21,22,771,852,892,42,32,42,False
R,6,0,1,-1,1,21,23,754,852,892,42,33,42,False
R,6,0,1,-1,1,21,24,730,852,892,42,35,42,False
R,6,0,1,-1,1,21,25,702,852,892,42,35,42,False
R,6,0,1,-1,1,21,26,674,852,892,41,35,42,False
R,6,0,1,-1,1,21,27,644,852,892,41,36,42,False
R,6,0,1,-1,1,21,28,613,852,892,41,36,42,False
R,6,0,1,-1,1,22,12,521,852,892,7,7,42,False
R,6,0,1,-1,1,22,13,551,852,892,8,8,42,False
R,6,0,1,-1,1,22,14,580,852,892,9,9,42,False
R,6,0,1,-1,1,22,15,608,852,892,10,10,42,False
R,6,0,1,-1,1,22,16,635,852,892,11,11,42,False
R,6,0,1,-1,1,22,17,661,852,892,13,13,42,False
R,6,0,1,-1,1,22,18,686,852,892,16,16,42,False
R,6,0,1,-1,1,22,19,709,852,892,19,19,42,False
R,6,0,1,-1,1,22,20,730,852,892,22,22,42,False
R,6,0,1,-1,1,22,21,746,852,892,35,27,42,False
R,6,0,1,-1,1,22,22,751,852,892,42,31,42,False
R,6,0,1,-1,1,22,23,745,852,892,42,31,42,False
R,6,0,1,-1,1,22,24,724,852,892,42,33,42,False
R,6,0,1,-1,1,22,25,700,852,892,42,34,42,False
R,6,0,1,-1,1,22,26,673,852,892,42,35,42,False
R,6,0,1,-1,1,22,27,645,852,892,41,34,42,False
R,6,0,1,-1,1,22,28,616,852,892,41,35,42,False
R,6,0,1,-1,1,23,12,495,852,892,8,8,42,False
R,6,0,1,-1,1,23,13,524,852,892,9,9,42,False
R,6,0,1,-1,1,23,14,552,852,892,10,10,42,False
R,6,0,1,-1,1,23,15,579,852,892,11,11,42,False
R,6,0,1,-1,1,23,16,605,852,892,13,13,42,False
R,6,0,1,-1,1,23,17,630,852,892,15,15,42,False
R,6,0,1,-1,1,23,18,654,852,892,18,18,42,False
R,6,0,1,-1,1,23,19,677,852,892,20,20,42,False
R,6,0,1,-1,1,23,20,698,852,892,23,23,42,False
R,6,0,1,-1,1,23,21,714,852,892,32,27,42,False
R,6,0,1,-1,1,23,22,725,852,892,41,30,42,False
R,6,0,1,-1,1,23,23,722,852,892,42,30,42,False
R,6,0,1,-1,1,23,24,709,852,892,42,31,42,False
R,6,0,1,-1,1,23,25,692,852,892,42,32,42,False
R,6,0,1,-1,1,23,26,669,852,892,42,33,42,False
R,6,0,1,-1,1,23,27,643,852,892,42,34,42,False
R,6,0,1,-1,1,23,28,615,852,892,41,34,42,False
R,6,0,1,-1,1,24,12,468,852,892,8,8,42,False
R,6,0,1,-1,1,24,13,496,852,892,9,9,42,False
R,6,0,1,-1,1,24,14,523,852,892,10,10,42,False
R,6,0,1,-1,1,24,15,549,852,892,12,12,42,False
R,6,0,1,-1,1,24,16,574,852,892,14,14,42,False
R,6,0,1,-1,1,24,17,598,852,892,16,16,42,False
R,6,0,1,-1,1,24,18,621,852,892,18,18,42,False
R,6,0,1,-1,1,24,19,644,852,892,20,20,42,False
R,6,0,1,-1,1,24,20,664,852,892,23,23,42,False
R,6,0,1,-1,1,24,21,681,852,892,29,27,42,False
R,6,0,1,-1,1,24,22,695,852,892,40,29,42,False
R,6,0,1,-1,1,24,23,697,852,892,41,29,42,False
R,6,0,1,-1,1,24,24,688,852,892,42,30,42,False
R,6,0,1,-1,1,24,25,674,852,892,42,31,42,False
R,6,0,1,-1,1,24,26,657,852,892,42,31,42,False
R,6,0,1,-1,1,24,27,636,852,892,42,32,42,False
R,6,0,1,-1,1,24,28,612,852,892,42,33,42,False
R,6,0,1,-1,1,25,12,440,852,892,8,8,42,False
R,6,0,1,-1,1,25,13,467,852,892,9,9,42,False
R,6,0,1,-1,1,25,14,493,852,892,10,10,42,False
R,6,0,1,-1,1,25,15,518,852,892,12,12,42,False
R,6,0,1,-1,1,25,16,542,852,892,14,14,42,False
R,6,0,1,-1,1,25,17,565,852,892,16,16,42,False
R,6,0,1,-1,1,25,18,588,852,892,18,18,42,False
R,6,0,1,-1,1,25,19,610,852,892,20,20,42,False
R,6,0,1,-1,1,25,20,630,852,892,23,23,42,False
R,6,0,1,-1,1,25,21,647,852,892,27,26,42,False
R,6,0,1,-1,1,25,22,662,852,892,37,27,42,False
R,6,0,1,-1,1,25,23,670,852,892,40,28,42,False
R,6,0,1,-1,1,25,24,664,852,892,41,29,42,False
R,6,0,1,-1,1,25,25,653,852,892,42,30,42,False
R,6,0,1,-1,1,25,26,639,852,892,42,30,42,False
R,6,0,1,-1,1,25,27,622,852,892,42,31,42,False
R,6,0,1,-1,1,25,28,601,852,892,42,31,42,False
R,6,0,1,-1,1,26,12,412,852,892,8,8,42,False
R,6,0,1,-1,1,26,13,438,852,892,9,9,42,False
R,6,0,1,-1,1,26,14,463,852,892,10,10,42,False
R,6,0,1,-1,1,26,15,487,852,892,12,12,42,False
R,6,0,1,-1,1,26,16,510,852,892,14,14,42,False
R,6,0,1,-1,1,26,17,533,852,892,16,16,42,False
R,6,0,1,-1,1,26,18,555,852,892,18,18,42,False
R,6,0,1,-1,1,26,19,576,852,892,20,20,42,False
R,6,0,1,-1,1,26,20,596,852,892,23,23,42,False
R,6,0,1,-1,1,26,21,613,852,892,27,25,42,False
R,6,0,1,-1,1,26,22,628,852,892,34,25,42,False
R,6,0,1,-1,1,26,23,639,852,892,39,26,42,False
R,6,0,1,-1,1,26,24,638,852,892,40,28,42,False
R,6,0,1,-1,1,26,25,631,852,892,41,29,42,False
R,6,0,1,-1,1,26,26,619,852,892,42,29,42,False
R,6,0,1,-1,1,26,27,604,852,892,42,30,42,False
R,6,0,1,-1,1,26,28,587,852,892,42,30,42,False
R,7,0,1,1,0,10,12,590,852,892,0,0,42,False
R,7,0,1,1,0,10,13,599,852,892,0,0,42,False
R,7,0,1,1,0,10,14,605,852,892,0,0,42,False
R,7,0,1,1,0,10,15,608,852,892,0,0,42,False
R,7,0,1,1,0,10,16,607,852,892,3,3,42,False
R,7,0,1,1,0,10,17,598,852,892,5,5,42,False
R,7,0,1,1,0,10,18,583,852,892,6,6,42,False
R,7,0,1,1,0,10,19,566,852,892,8,8,42,False
R,7,0,1,1,0,10,20,546,852,892,9,9,42,False
R,7,0,1,1,0,10,21,525,852,892,10,10,42,False
R,7,0,1,1,0,10,22,502,852,892,11,11,42,False
R,7,0,1,1,0,10,23,478,852,892,11,11,42,False
R,7,0,1,1,0,10,24,452,852,892,12,12,42,False
R,7,0,1,1,0,10,25,426,852,892,12,12,42,False
R,7,0,1,1,0,10,26,398,852,892,12,12,42,False
R,7,0,1,1,0,10,27,370,852,892,12,12,42,False
R,7,0,1,1,0,10,28,343,852,892,12,12,42,False
R,7,0,1,1,0,11,12,612,852,892,0,0,42,False
R,7,0,1,1,0,11,13,623,852,892,0,0,42,False
R,7,0,1,1,0,11,14,631,852,892,0,0,42,False
R,7,0,1,1,0,11,15,637,852,892,0,0,42,False
R,7,0,1,1,0,11,16,638,852,892,3,3,42,False
R,7,0,1,1,0,11,17,633,852,892,6,6,42,False
R,7,0,1,1,0,11,18,620,852,892,6,6,42,False
R,7,0,1,1,0,11,19,602,852,892,9,9,42,False
R,7,0,1,1,0,11,20,583,852,892,10,10,42,False
R,7,0,1,1,0,11,21,561,852,892,11,11,42,False
R,7,0,1,1,0,11,22,538,852,892,12,12,42,False
R,7,0,1,1,0,11,23,513,852,892,12,12,42,False
R,7,0,1,1,0,11,24,486,852,892,13,13,42,False
R,7,0,1,1,0,11,25,459,852,892,13,13,42,False
R,7,0,1,1,0,11,26,430,852,892,13,13,42,False
R,7,0,1,1,0,11,27,401,852,892,13,13,42,False
R,7,0,1,1,0,11,28,373,852,892,13,13,42,False
R,7,0,1,1,0,12,12,628,852,892,0,0,42,False
R,7,0,1,1,0,12,13,645,852,892,0,0,42,False
R,7,0,1,1,0,12,14,656,852,892,0,0,42,False
R,7,0,1,1,0,12,15,664,852,892,0,0,42,False
R,7,0,1,1,0,12,16,668,852,892,0,0,42,False
R,7,0,1,1,0,12,17,668,852,892,5,5,42,False
R,7,0,1,1,0,12,18,657,852,892,7,7,42,False
R,7,0,1,1,0,12,19,639,852,892,9,9,42,False
R,7,0,1,1,0,12,20,620,852,892,11,11,42,False
R,7,0,1,1,0,12,21,598,852,892,12,12,42,False
R,7,0,1,1,0,12,22,574,852,892,13,13,42,False
R,7,0,1,1,0,12,23,548,852,892,14,14,42,False
R,7,0,1,1,0,12,24,520,852,892,15,15,42,False
R,7,0,1,1,0,12,25,492,852,892,15,15,42,False
R,7,0,1,1,0,12,26,462,852,892,15,15,42,False
R,7,0,1,1,0,12,27,432,852,892,15,15,42,False
R,7,0,1,1,0,12,28,403,852,892,15,15,42,False
R,7,0,1,1,0,13,12,641,852,892,0,0,42,False
R,7,0,1,1,0,13,13,661,852,892,0,0,42,False
R,7,0,1,1,0,13,14,679,852,892,0,0,42,False
R,7,0,1,1,0,13,15,689,852,892,0,0,42,False
R,7,0,1,1,0,13,16,697,852,892,0,0,42,False
R,7,0,1,1,0,13,17,699,852,892,4,4,42,False
R,7,0,1,1,0,13,18,693,852,892,8,8,42,False
R,7,0,1,1,0,13,19,677,852,892,9,9,42,False
R,7,0,1,1,0,13,20,657,852,892,12,12,42,False
R,7,0,1,1,0,13,21,635,852,892,14,14,42,False
R,7,0,1,1,0,13,22,610,852,892,15,15,42,False
R,7,0,1,1,0,13,23,583,852,892,16,16,42,False
R,7,0,1,1,0,13,24,554,852,892,17,17,42,False
R,7,0,1,1,0,13,25,525,852,892,17,17,42,False
R,7,0,1,1,0,13,26,494,852,892,17,17,42,False
R,7,0,1,1,0,13,27,463,852,892,17,17,42,False
R,7,0,1,1,0,13,28,433,852,892,17,17,42,False
R,7,0,1,1,0,14,12,650,852,892,0,0,42,False
R,7,0,1,1,0,14,13,674,852,892,0,0,42,False
R,7,0,1,1,0,14,14,694,852,892,0,0,42,False
R,7,0,1,1,0,14,15,713,852,892,0,0,42,False
R,7,0,1,1,0,14,16,723,852,892,0,0,42,False
R,7,0,1,1,0,14,17,729,852,892,0,0,42,False
R,7,0,1,1,0,14,18,729,852,892,8,8,42,False
R,7,0,1,1,0,14,19,715,852,892,10,10,42,False
R,7,0,1,1,0,14,20,694,852,892,14,14,42,False
R,7,0,1,1,0,14,21,672,852,892,16,16,42,False
R,7,0,1,1,0,14,22,646,852,892,17,17,42,False
R,7,0,1,1,0,14,23,618,852,892,18,18,42,False
R,7,0,1,1,0,14,24,588,852,892,18,18,42,False
R,7,0,1,1,0,14,25,556,852,892,18,18,42,False
R,7,0,1,1,0,14,26,524,852,892,18,18,42,False
R,7,0,1,1,0,14,27,493,852,892,18,18,42,False
R,7,0,1,1,0,14,28,461,852,892,18,18,42,False
R,7,0,1,1,0,15,12,654,852,892,1,1,42,False
R,7,0,1,1,0,15,13,681,852,892,1,1,42,False
R,7,0,1,1,0,15,14,706,852,892,0,0,42,False
R,7,0,1,1,0,15,15,728,852,892,0,0,42,False
R,7,0,1,1,0,15,16,747,852,892,0,0,42,False
R,7,0,1,1,0,15,17,757,852,892,0,0,42,False
R,7,0,1,1,0,15,18,760,852,892,7,7,42,False
R,7,0,1,1,0,15,19,752,852,892,12,12,42,False
R,7,0,1,1,0,15,20,732,852,892,16,16,42,False
R,7,0,1,1,0,15,21,709,852,892,18,18,42,False
R,7,0,1,1,0,15,22,682,852,892,19,19,42,False
R,7,0,1,1,0,15,23,651,852,892,20,20,42,False
R,7,0,1,1,0,15,24,620,852,892,20,20,42,False
R,7,0,1,1,0,15,25,587,852,892,20,20,42,False
R,7,0,1,1,0,15,26,554,852,892,20,20,42,False
R,7,0,1,1,0,15,27,522,852,892,20,20,42,False
R,7,0,1,1,0,15,28,489,852,892,19,19,42,False
R,7,0,1,1,0,16,12,646,852,892,4,4,42,False
R,7,0,1,1,0,16,13,679,852,892,4,4,42,False
R,7,0,1,1,0,16,14,710,852,892,4,4,42,False
R,7,0,1,1,0,16,15,738,852,892,3,3,42,False
R,7,0,1,1,0,16,16,761,852,892,2,2,42,False
R,7,0,1,1,0,16,17,781,852,892,0,0,42,False
R,7,0,1,1,0,16,18,790,852,892,1,1,42,False
R,7,0,1,1,0,16,19,789,852,892,13,13,42,False
R,7,0,1,1,0,16,20,770,852,892,20,20,42,False
R,7,0,1,1,0,16,21,746,852,892,22,22,42,False
R,7,0,1,1,0,16,22,716,852,892,23,23,42,False
R,7,0,1,1,0,16,23,684,852,892,23,23,42,False
R,7,0,1,1,0,16,24,651,852,892,23,23,42,False
R,7,0,1,1,0,16,25,617,852,892,23,23,42,False
R,7,0,1,1,0,16,26,584,852,892,22,22,42,False
R,7,0,1,1,0,16,27,550,852,892,21,21,42,False
R,7,0,1,1,0,16,28,517,852,892,20,20,42,False
R,7,0,1,1,0,17,12,631,852,892,6,6,42,False
R,7,0,1,1,0,17,13,666,852,892,7,7,42,False
R,7,0,1,1,0,17,14,701,852,892,8,8,42,False
R,7,0,1,1,0,17,15,734,852,892,9,9,42,False
R,7,0,1,1,0,17,16,766,852,892,10,10,42,False
R,7,0,1,1,0,17,17,794,852,892,10,10,42,False
R,7,0,1,1,0,17,18,815,852,892,9,9,42,False
R,7,0,1,1,0,17,19,820,852,892,24,24,42,False
R,7,0,1,1,0,17,20,807,852,892,29,29,42,False
R,7,0,1,1,0,17,21,781,852,892,29,29,42,False
R,7,0,1,1,0,17,22,749,852,892,29,29,42,False
R,7,0,1,1,0,17,23,714,852,892,28,28,42,False
R,7,0,1,1,0,17,24,679,852,892,27,27,42,False
R,7,0,1,1,0,17,25,645,852,892,26,26,42,False
R,7,0,1,1,0,17,26,610,852,892,25,25,42,False
R,7,0,1,1,0,17,27,576,852,892,24,24,42,False
R,7,0,1,1,0,17,28,542,852,892,23,23,42,False
R,7,0,1,1,0,18,12,612,852,892,8,8,42,False
R,7,0,1,1,0,18,13,647,852,892,9,9,42,False
R,7,0,1,1,0,18,14,682,852,892,10,10,42,False
R,7,0,1,1,0,18,15,717,852,892,11,11,42,False
R,7,0,1,1,0,18,16,752,852,892,12,12,42,False
R,7,0,1,1,0,18,17,788,852,892,15,15,42,False
R,7,0,1,1,0,18,18,821,852,892,20,20,42,False
R,7,0,1,1,0,18,19,846,852,892,31,31,42,False
R,7,0,1,1,0,18,20,843,852,892,39,39,42,False
R,7,0,1,1,0,18,21,812,852,892,37,37,42,False
R,7,0,1,1,0,18,22,776,852,892,35,35,42,False
R,7,0,1,1,0,18,23,741,852,892,33,33,42,False
R,7,0,1,1,0,18,24,705,852,892,31,31,42,False
R,7,0,1,1,0,18,25,670,852,892,29,29,42,False
R,7,0,1,1,0,18,26,635,852,892,28,28,42,False
R,7,0,1,1,0,18,27,600,852,892,27,27,42,False
R,7,0,1,1,0,18,28,566,852,892,26,26,42,False
R,7,0,1,1,0,19,12,590,852,892,9,9,42,False
R,7,0,1,1,0,19,13,624,852,892,10,10,42,False
R,7,0,1,1,0,19,14,658,852,892,11,11,42,False
R,7,0,1,1,0,19,15,693,852,892,13,13,42,False
R,7,0,1,1,0,19,16,728,852,892,16,16,42,False
R,7,0,1,1,0,19,17,763,852,892,19,19,42,False
R,7,0,1,1,0,19,18,798,852,892,24,24,42,False
R,7,0,1,1,0,19,19,831,852,892,30,30,42,False
R,7,0,1,1,0,19,20,844,852,892,42,42,42,True
R,7,0,1,1,0,19,21,830,852,892,42,42,42,True
R,7,0,1,1,0,19,22,796,852,892,40,40,42,False
R,7,0,1,1,0,19,23,762,852,892,38,38,42,False
R,7,0,1,1,0,19,24,727,852,892,36,36,42,False
R,7,0,1,1,0,19,25,692,852,892,34,34,42,False
R,7,0,1,1,0,19,26,657,852,892,32,32,42,False
R,7,0,1,1,0,19,27,622,852,892,30,30,42,False
R,7,0,1,1,0,19,28,588,852,892,28,28,42,False
R,7,0,1,1,0,20,12,565,852,892,10,10,42,False
R,7,0,1,1,0,20,13,598,852,892,11,11,42,False
R,7,0,1,1,0,20,14,632,852,892,13,13,42,False
R,7,0,1,1,0,20,15,666,852,892,15,15,42,False
R,7,0,1,1,0,20,16,700,852,892,18,18,42,False
R,7,0,1,1,0,20,17,734,852,892,20,20,42,False
R,7,0,1,1,0,20,18,767,852,892,25,25,42,False
R,7,0,1,1,0,20,19,794,852,892,28,28,42,False
R,7,0,1,1,0,20,20,813,852,892,35,35,42,False
R,7,0,1,1,0,20,21,821,852,892,42,42,42,True
R,7,0,1,1,0,20,22,801,852,892,42,42,42,False
R,7,0,1,1,0,20,23,774,852,892,41,41,42,False
R,7,0,1,1,0,20,24,742,852,892,40,40,42,False
R,7,0,1,1,0,20,25,709,852,892,38,38,42,False
R,7,0,1,1,0,20,26,675,852,892,36,36,42,False
R,7,0,1,1,0,20,27,641,852,892,35,35,42,False
R,7,0,1,1,0,20,28,607,852,892,33,33,42,False
R,7,0,1,1,0,21,12,538,852,892,10,10,42,False
R,7,0,1,1,0,21,13,571,852,892,12,12,42,False
R,7,0,1,1,0,21,14,604,852,892,14,14,42,False
R,7,0,1,1,0,21,15,637,852,892,16,16,42,False
R,7,0,1,1,0,21,16,670,852,892,18,18,42,False
R,7,0,1,1,0,21,17,702,852,892,21,21,42,False
R,7,0,1,1,0,21,18,731,852,892,25,25,42,False
R,7,0,1,1,0,21,19,757,852,892,27,27,42,False
R,7,0,1,1,0,21,20,776,852,892,32,32,42,False
R,7,0,1,1,0,21,21,789,852,892,41,41,42,False
R,7,0,1,1,0,21,22,787,852,892,42,41,42,False
R,7,0,1,1,0,21,23,769,852,892,42,42,42,False
R,7,0,1,1,0,21,24,744,852,892,41,41,42,False
R,7,0,1,1,0,21,25,718,852,892,41,41,42,False
R,7,0,1,1,0,21,26,687,852,892,39,39,42,False
R,7,0,1,1,0,21,27,655,852,892,37,36,42,False
R,7,0,1,1,0,21,28,623,852,892,35,34,42,False
R,7,0,1,1,0,22,12,510,852,892,10,10,42,False
R,7,0,1,1,0,22,13,542,852,892,12,12,42,False
R,7,0,1,1,0,22,14,574,852,892,14,14,42,False
R,7,0,1,1,0,22,15,606,852,892,17,17,42,False
R,7,0,1,1,0,22,16,637,852,892,19,19,42,False
R,7,0,1,1,0,22,17,667,852,892,22,22,42,False
R,7,0,1,1,0,22,18,695,852,892,24,24,42,False
R,7,0,1,1,0,22,19,720,852,892,27,27,42,False
R,7,0,1,1,0,22,20,739,852,892,30,30,42,False
R,7,0,1,1,0,22,21,754,852,892,35,35,42,False
R,7,0,1,1,0,22,22,762,852,892,41,41,42,False
R,7,0,1,1,0,22,23,753,852,892,42,41,42,False
R,7,0,1,1,0,22,24,735,852,892,42,41,42,False
R,7,0,1,1,0,22,25,713,852,892,41,40,42,False
R,7,0,1,1,0,22,26,688,852,892,41,40,42,False
R,7,0,1,1,0,22,27,661,852,892,41,40,42,False
R,7,0,1,1,0,22,28,631,852,892,39,38,42,False
R,7,0,1,1,0,23,12,481,852,892,11,11,42,False
R,7,0,1,1,0,23,13,512,852,892,13,13,42,False
R,7,0,1,1,0,23,14,543,852,892,15,15,42,False
R,7,0,1,1,0,23,15,573,852,892,18,18,42,False
R,7,0,1,1,0,23,16,603,852,892,20,20,42,False
R,7,0,1,1,0,23,17,632,852,892,22,22,42,False
R,7,0,1,1,0,23,18,658,852,892,23,23,42,False
R,7,0,1,1,0,23,19,682,852,892,27,27,42,False
R,7,0,1,1,0,23,20,702,852,892,29,29,42,False
R,7,0,1,1,0,23,21,718,852,892,32,32,42,False
R,7,0,1,1,0,23,22,728,852,892,40,40,42,False
R,7,0,1,1,0,23,23,729,852,892,41,40,42,False
R,7,0,1,1,0,23,24,719,852,892,42,41,42,False
R,7,0,1,1,0,23,25,701,852,892,42,41,42,False
R,7,0,1,1,0,23,26,680,852,892,41,40,42,False
R,7,0,1,1,0,23,27,657,852,892,41,40,42,False
R,7,0,1,1,0,23,28,632,852,892,41,39,42,False
R,7,0,1,1,0,24,12,451,852,892,12,12,42,False
R,7,0,1,1,0,24,13,481,852,892,14,14,42,False
R,7,0,1,1,0,24,14,511,852,892,16,16,42,False
R,7,0,1,1,0,24,15,540,852,892,17,17,42,False
R,7,0,1,1,0,24,16,569,852,892,19,19,42,False
R,7,0,1,1,0,24,17,596,852,892,21,21,42,False
R,7,0,1,1,0,24,18,621,852,892,23,23,42,False
R,7,0,1,1,0,24,19,644,852,892,26,26,42,False
R,7,0,1,1,0,24,20,665,852,892,28,28,42,False
R,7,0,1,1,0,24,21,681,852,892,30,30,42,False
R,7,0,1,1,0,24,22,693,852,892,35,35,42,False
R,7,0,1,1,0,24,23,701,852,892,40,40,42,False
R,7,0,1,1,0,24,24,696,852,892,41,40,42,False
R,7,0,1,1,0,24,25,685,852,892,42,40,42,False
R,7,0,1,1,0,24,26,667,852,892,42,40,42,False
R,7,0,1,1,0,24,27,647,852,892,41,39,42,False
R,7,0,1,1,0,24,28,625,852,892,41,39,42,False
R,7,0,1,1,0,25,12,420,852,892,11,11,42,False
R,7,0,1,1,0,25,13,449,852,892,13,13,42,False
R,7,0,1,1,0,25,14,478,852,892,15,15,42,False
R,7,0,1,1,0,25,15,506,852,892,16,16,42,False
R,7,0,1,1,0,25,16,534,852,892,18,18,42,False
R,7,0,1,1,0,25,17,560,852,892,20,20,42,False
R,7,0,1,1,0,25,18,585,852,892,23,23,42,False
R,7,0,1,1,0,25,19,607,852,892,25,25,42,False
R,7,0,1,1,0,25,20,628,852,892,27,27,42,False
R,7,0,1,1,0,25,21,644,852,892,29,29,42,False
R,7,0,1,1,0,25,22,658,852,892,32,32,42,False
R,7,0,1,1,0,25,23,667,852,892,39,39,42,False
R,7,0,1,1,0,25,24,669,852,892,40,39,42,False
R,7,0,1,1,0,25,25,663,852,892,41,40,42,False
R,7,0,1,1,0,25,26,651,852,892,41,40,42,False
R,7,0,1,1,0,25,27,634,852,892,42,40,42,False
R,7,0,1,1,0,25,28,614,852,892,41,39,42,False
R,7,0,1,1,0,26,12,389,852,892,10,10,42,False
R,7,0,1,1,0,26,13,417,852,892,12,12,42,False
R,7,0,1,1,0,26,14,445,852,892,14,14,42,False
R,7,0,1,1,0,26,15,472,852,892,16,16,42,False
R,7,0,1,1,0,26,16,499,852,892,18,18,42,False
R,7,0,1,1,0,26,17,525,852,892,20,20,42,False
R,7,0,1,1,0,26,18,549,852,892,23,23,42,False
R,7,0,1,1,0,26,19,570,852,892,24,24,42,False
R,7,0,1,1,0,26,20,591,852,892,26,26,42,False
R,7,0,1,1,0,26,21,608,852,892,28,28,42,False
R,7,0,1,1,0,26,22,622,852,892,30,30,42,False
R,7,0,1,1,0,26,23,633,852,892,35,35,42,False
R,7,0,1,1,0,26,24,640,852,892,39,39,42,False
R,7,0,1,1,0,26,25,637,852,892,40,39,42,False
R,7,0,1,1,0,26,26,629,852,892,41,39,42,False
R,7,0,1,1,0,26,27,617,852,892,41,38,42,False
R,7,0,1,1,0,26,28,601,852,892,41,38,42,False
R,8,1,-1,0,-1,11,12,575,852,892,0,0,42,False
R,8,1,-1,0,-1,11,13,590,852,892,0,0,42,False
R,8,1,-1,0,-1,11,14,604,852,892,0,0,42,False
R,8,1,-1,0,-1,11,15,613,852,892,0,0,42,False
R,8,1,-1,0,-1,11,16,618,852,892,2,0,42,False
R,8,1,-1,0,-1,11,17,615,852,892,3,0,42,False
R,8,1,-1,0,-1,11,18,607,852,892,3,0,42,False
R,8,1,-1,0,-1,11,19,596,852,892,4,0,42,False
R,8,1,-1,0,-1,11,20,581,852,892,4,0,42,False
R,8,1,-1,0,-1,11,21,564,852,892,6,0,42,False
R,8,1,-1,0,-1,11,22,545,852,892,6,0,42,False
R,8,1,-1,0,-1,11,23,524,852,892,7,0,42,False
R,8,1,-1,0,-1,11,24,501,852,892,8,0,42,False
R,8,1,-1,0,-1,11,25,477,852,892,9,0,42,False
R,8,1,-1,0,-1,11,26,452,852,892,10,0,42,False
R,8,1,-1,0,-1,11,27,427,852,892,11,0,42,False
R,8,1,-1,0,-1,11,28,401,852,892,12,0,42,False
R,8,1,-1,0,-1,12,12,591,852,892,0,0,42,False
R,8,1,-1,0,-1,12,13,609,852,892,0,0,42,False
R,8,1,-1,0,-1,12,14,625,852,892,0,0,42,False
R,8,1,-1,0,-1,12,15,639,852,892,0,0,42,False
R,8,1,-1,0,-1,12,16,648,852,892,2,0,42,False
R,8,1,-1,0,-1,12,17,649,852,892,3,0,42,False
R,8,1,-1,0,-1,12,18,642,852,892,3,0,42,False
R,8,1,-1,0,-1,12,19,631,852,892,4,0,42,False
R,8,1,-1,0,-1,12,20,616,852,892,5,0,42,False
R,8,1,-1,0,-1,12,21,598,852,892,6,0,42,False
R,8,1,-1,0,-1,12,22,579,852,892,7,0,42,False
R,8,1,-1,0,-1,12,23,556,852,892,8,0,42,False
R,8,1,-1,0,-1,12,24,533,852,892,9,0,42,False
R,8,1,-1,0,-1,12,25,508,852,892,10,0,42,False
R,8,1,-1,0,-1,12,26,482,852,892,11,0,42,False
R,8,1,-1,0,-1,12,27,457,852,892,12,0,42,False
R,8,1,-1,0,-1,12,28,430,852,892,13,0,42,False
R,8,1,-1,0,-1,13,12,605,852,892,0,0,42,False
R,8,1,-1,0,-1,13,13,624,852,892,0,0,42,False
R,8,1,-1,0,-1,13,14,643,852,892,0,0,42,False
R,8,1,-1,0,-1,13,15,660,852,892,0,0,42,False
R,8,1,-1,0,-1,13,16,674,852,892,1,0,42,False
R,8,1,-1,0,-1,13,17,681,852,892,3,0,42,False
R,8,1,-1,0,-1,13,18,677,852,892,4,0,42,False
R,8,1,-1,0,-1,13,19,666,852,892,4,0,42,False
R,8,1,-1,0,-1,13,20,651,852,892,6,0,42,False
R,8,1,-1,0,-1,13,21,633,852,892,6,0,42,False
R,8,1,-1,0,-1,13,22,612,852,892,8,0,42,False
R,8,1,-1,0,-1,13,23,589,852,892,9,0,42,False
R,8,1,-1,0,-1,13,24,564,852,892,10,0,42,False
R,8,1,-1,0,-1,13,25,538,852,892,11,0,42,False
R,8,1,-1,0,-1,13,26,513,852,892,12,0,42,False
R,8,1,-1,0,-1,13,27,486,852,892,14,0,42,False
R,8,1,-1,0,-1,13,28,459,852,892,15,0,42,False
R,8,1,-1,0,-1,14,12,615,852,892,1,1,42,False
R,8,1,-1,0,-1,14,13,638,852,892,0,0,42,False
R,8,1,-1,0,-1,14,14,659,852,892,0,0,42,False
R,8,1,-1,0,-1,14,15,677,852,892,0,0,42,False
R,8,1,-1,0,-1,14,16,695,852,892,0,0,42,False
R,8,1,-1,0,-1,14,17,709,852,892,3,0,42,False
R,8,1,-1,0,-1,14,18,712,852,892,4,0,42,False
R,8,1,-1,0,-1,14,19,702,852,892,4,0,42,False
R,8,1,-1,0,-1,14,20,686,852,892,6,0,42,False
R,8,1,-1,0,-1,14,21,667,852,892,7,0,42,False
R,8,1,-1,0,-1,14,22,644,852,892,9,0,42,False
R,8,1,-1,0,-1,14,23,620,852,892,10,0,42,False
R,8,1,-1,0,-1,14,24,594,852,892,11,0,42,False
R,8,1,-1,0,-1,14,25,569,852,892,12,0,42,False
R,8,1,-1,0,-1,14,26,542,852,892,14,0,42,False
R,8,1,-1,0,-1,14,27,515,852,892,16,0,42,False
R,8,1,-1,0,-1,14,28,487,852,892,17,0,42,False
R,8,1,-1,0,-1,15,12,620,852,892,1,1,42,False
R,8,1,-1,0,-1,15,13,647,852,892,1,1,42,False
R,8,1,-1,0,-1,15,14,671,852,892,1,1,42,False
R,8,1,-1,0,-1,15,15,693,852,892,0,0,42,False
R,8,1,-1,0,-1,15,16,713,852,892,0,0,42,False
R,8,1,-1,0,-1,15,17,730,852,892,2,0,42,False
R,8,1,-1,0,-1,15,18,742,852,892,4,0,42,False
R,8,1,-1,0,-1,15,19,738,852,892,5,0,42,False
R,8,1,-1,0,-1,15,20,720,852,892,6,0,42,False
R,8,1,-1,0,-1,15,21,699,852,892,8,0,42,False
R,8,1,-1,0,-1,15,22,676,852,892,9,0,42,False
R,8,1,-1,0,-1,15,23,651,852,892,11,0,42,False
R,8,1,-1,0,-1,15,24,625,852,892,12,0,42,False
R,8,1,-1,0,-1,15,25,599,852,892,14,0,42,False
R,8,1,-1,0,-1,15,26,571,852,892,16,0,42,False
R,8,1,-1,0,-1,15,27,543,852,892,18,0,42,False
R,8,1,-1,0,-1,15,28,514,852,892,18,0,42,False
R,8,1,-1,0,-1,16,12,621,852,892,1,1,42,False
R,8,1,-1,0,-1,16,13,650,852,892,1,1,42,False
R,8,1,-1,0,-1,16,14,678,852,892,1,1,42,False
R,8,1,-1,0,-1,16,15,704,852,892,1,1,42,False
R,8,1,-1,0,-1,16,16,727,852,892,1,1,42,False
R,8,1,-1,0,-1,16,17,748,852,892,0,0,42,False
R,8,1,-1,0,-1,16,18,766,852,892,4,0,42,False
R,8,1,-1,0,-1,16,19,771,852,892,6,0,42,False
R,8,1,-1,0,-1,16,20,753,852,892,6,0,42,False
R,8,1,-1,0,-1,16,21,730,852,892,9,0,42,False
R,8,1,-1,0,-1,16,22,706,852,892,10,0,42,False
R,8,1,-1,0,-1,16,23,681,852,892,12,0,42,False
R,8,1,-1,0,-1,16,24,655,852,892,14,0,42,False
R,8,1,-1,0,-1,16,25,628,852,892,16,0,42,False
R,8,1,-1,0,-1,16,26,600,852,892,19,0,42,False
R,8,1,-1,0,-1,16,27,571,852,892,20,0,42,False
R,8,1,-1,0,-1,16,28,540,852,892,20,0,42,False
R,8,1,-1,0,-1,17,12,617,852,892,1,1,42,False
R,8,1,-1,0,-1,17,13,648,852,892,2,1,42,False
R,8,1,-1,0,-1,17,14,679,852,892,3,1,42,False
R,8,1,-1,0,-1,17,15,708,852,892,4,1,42,False
R,8,1,-1,0,-1,17,16,736,852,892,4,1,42,False
R,8,1,-1,0,-1,17,17,761,852,892,4,2,42,False
R,8,1,-1,0,-1,17,18,783,852,892,7,3,42,False
R,8,1,-1,0,-1,17,19,793,852,892,8,2,42,False
R,8,1,-1,0,-1,17,20,781,852,892,8,1,42,False
R,8,1,-1,0,-1,17,21,759,852,892,9,0,42,False
R,8,1,-1,0,-1,17,22,736,852,892,11,0,42,False
R,8,1,-1,0,-1,17,23,710,852,892,14,0,42,False
R,8,1,-1,0,-1,17,24,684,852,892,17,0,42,False
R,8,1,-1,0,-1,17,25,656,852,892,21,0,42,False
R,8,1,-1,0,-1,17,26,627,852,892,23,0,42,False
R,8,1,-1,0,-1,17,27,596,852,892,23,0,42,False
R,8,1,-1,0,-1,17,28,565,852,892,23,1,42,False
R,8,1,-1,0,-1,18,12,602,852,892,2,1,42,False
R,8,1,-1,0,-1,18,13,636,852,892,3,1,42,False
R,8,1,-1,0,-1,18,14,670,852,892,4,1,42,False
R,8,1,-1,0,-1,18,15,703,852,892,5,1,42,False
R,8,1,-1,0,-1,18,16,734,852,892,6,2,42,False
R,8,1,-1,0,-1,18,17,763,852,892,7,3,42,False
R,8,1,-1,0,-1,18,18,787,852,892,8,4,42,False
R,8,1,-1,0,-1,18,19,804,852,892,15,5,42,False
R,8,1,-1,0,-1,18,20,801,852,892,18,6,42,False
R,8,1,-1,0,-1,18,21,786,852,892,17,4,42,False
R,8,1,-1,0,-1,18,22,764,852,892,20,3,42,False
R,8,1,-1,0,-1,18,23,739,852,892,23,2,42,False
R,8,1,-1,0,-1,18,24,712,852,892,27,2,42,False
R,8,1,-1,0,-1,18,25,683,852,892,29,2,42,False
R,8,1,-1,0,-1,18,26,652,852,892,29,2,42,False
R,8,1,-1,0,-1,18,27,620,852,892,28,3,42,False
R,8,1,-1,0,-1,18,28,587,852,892,27,4,42,False
R,8,1,-1,0,-1,19,12,584,852,892,3,1,42,False
R,8,1,-1,0,-1,19,13,617,852,892,4,1,42,False
R,8,1,-1,0,-1,19,14,650,852,892,5,1,42,False
R,8,1,-1,0,-1,19,15,683,852,892,6,1,42,False
R,8,1,-1,0,-1,19,16,717,852,892,7,2,42,False
R,8,1,-1,0,-1,19,17,748,852,892,8,3,42,False
R,8,1,-1,0,-1,19,18,774,852,892,9,5,42,False
R,8,1,-1,0,-1,19,19,796,852,892,14,6,42,False
R,8,1,-1,0,-1,19,20,810,852,892,20,7,42,False
R,8,1,-1,0,-1,19,21,803,852,892,23,8,42,False
R,8,1,-1,0,-1,19,22,788,852,892,31,9,42,False
R,8,1,-1,0,-1,19,23,765,852,892,35,7,42,False
R,8,1,-1,0,-1,19,24,738,852,892,36,6,42,False
R,8,1,-1,0,-1,19,25,708,852,892,35,6,42,False
R,8,1,-1,0,-1,19,26,675,852,892,34,7,42,False
R,8,1,-1,0,-1,19,27,641,852,892,32,8,42,False
R,8,1,-1,0,-1,19,28,607,852,892,30,8,42,False
R,8,1,-1,0,-1,20,12,564,852,892,4,1,42,False
R,8,1,-1,0,-1,20,13,596,852,892,5,1,42,False
R,8,1,-1,0,-1,20,14,628,852,892,6,1,42,False
R,8,1,-1,0,-1,20,15,661,852,892,7,1,42,False
R,8,1,-1,0,-1,20,16,692,852,892,8,2,42,False
R,8,1,-1,0,-1,20,17,721,852,892,9,3,42,False
R,8,1,-1,0,-1,20,18,749,852,892,10,5,42,False
R,8,1,-1,0,-1,20,19,775,852,892,11,6,42,False
R,8,1,-1,0,-1,20,20,796,852,892,22,7,42,False
R,8,1,-1,0,-1,20,21,802,852,892,28,8,42,False
R,8,1,-1,0,-1,20,22,795,852,892,37,9,42,False
R,8,1,-1,0,-1,20,23,782,852,892,41,10,42,False
R,8,1,-1,0,-1,20,24,755,852,892,42,12,42,False
R,8,1,-1,0,-1,20,25,723,852,892,39,11,42,False
R,8,1,-1,0,-1,20,26,690,852,892,37,11,42,False
R,8,1,-1,0,-1,20,27,657,852,892,35,11,42,False
R,8,1,-1,0,-1,20,28,624,852,892,34,12,42,False
R,8,1,-1,0,-1,21,12,542,852,892,5,1,42,False
R,8,1,-1,0,-1,21,13,573,852,892,6,1,42,False
R,8,1,-1,0,-1,21,14,605,852,892,7,1,42,False
R,8,1,-1,0,-1,21,15,635,852,892,8,1,42,False
R,8,1,-1,0,-1,21,16,665,852,892,9,2,42,False
R,8,1,-1,0,-1,21,17,693,852,892,10,3,42,False
R,8,1,-1,0,-1,21,18,720,852,892,11,5,42,False
R,8,1,-1,0,-1,21,19,745,852,892,13,6,42,False
R,8,1,-1,0,-1,21,20,768,852,892,22,7,42,False
R,8,1,-1,0,-1,21,21,786,852,892,34,8,42,False
R,8,1,-1,0,-1,21,22,788,852,892,41,9,42,False
R,8,1,-1,0,-1,21,23,779,852,892,42,10,42,False
R,8,1,-1,0,-1,21,24,760,852,892,42,12,42,False
R,8,1,-1,0,-1,21,25,732,852,892,42,14,42,False
R,8,1,-1,0,-1,21,26,700,852,892,41,15,42,False
R,8,1,-1,0,-1,21,27,668,852,892,39,15,42,False
R,8,1,-1,0,-1,21,28,636,852,892,37,15,42,False
R,8,1,-1,0,-1,22,12,518,852,892,6,1,42,False
R,8,1,-1,0,-1,22,13,549,852,892,7,1,42,False
R,8,1,-1,0,-1,22,14,579,852,892,8,1,42,False
R,8,1,-1,0,-1,22,15,608,852,892,9,1,42,False
R,8,1,-1,0,-1,22,16,637,852,892,10,1,42,False
R,8,1,-1,0,-1,22,17,664,852,892,11,2,42,False
R,8,1,-1,0,-1,22,18,690,852,892,13,4,42,False
R,8,1,-1,0,-1,22,19,714,852,892,16,6,42,False
R,8,1,-1,0,-1,22,20,737,852,892,21,7,42,False
R,8,1,-1,0,-1,22,21,758,852,892,37,8,42,False
R,8,1,-1,0,-1,22,22,767,852,892,42,9,42,False
R,8,1,-1,0,-1,22,23,764,852,892,42,10,42,False
R,8,1,-1,0,-1,22,24,749,852,892,42,12,42,False
R,8,1,-1,0,-1,22,25,729,852,892,42,14,42,False
R,8,1,-1,0,-1,22,26,705,852,892,42,16,42,False
R,8,1,-1,0,-1,22,27,675,852,892,41,16,42,False
R,8,1,-1,0,-1,22,28,644,852,892,41,18,42,False
R,8,1,-1,0,-1,23,12,493,852,892,7,1,42,False
R,8,1,-1,0,-1,23,13,523,852,892,8,1,42,False
R,8,1,-1,0,-1,23,14,552,852,892,9,1,42,False
R,8,1,-1,0,-1,23,15,580,852,892,10,1,42,False
R,8,1,-1,0,-1,23,16,608,852,892,11,1,42,False
R,8,1,-1,0,-1,23,17,634,852,892,13,2,42,False
R,8,1,-1,0,-1,23,18,659,852,892,15,3,42,False
R,8,1,-1,0,-1,23,19,682,852,892,18,5,42,False
R,8,1,-1,0,-1,23,20,705,852,892,22,6,42,False
R,8,1,-1,0,-1,23,21,726,852,892,37,7,42,False
R,8,1,-1,0,-1,23,22,740,852,892,41,8,42,False
R,8,1,-1,0,-1,23,23,737,852,892,42,9,42,False
R,8,1,-1,0,-1,23,24,729,852,892,42,11,42,False
R,8,1,-1,0,-1,23,25,716,852,892,42,13,42,False
R,8,1,-1,0,-1,23,26,697,852,892,42,15,42,False
R,8,1,-1,0,-1,23,27,674,852,892,42,16,42,False
R,8,1,-1,0,-1,23,28,647,852,892,42,18,42,False
R,8,1,-1,0,-1,24,12,467,852,892,7,1,42,False
R,8,1,-1,0,-1,24,13,496,852,892,8,1,42,False
R,8,1,-1,0,-1,24,14,524,852,892,9,1,42,False
R,8,1,-1,0,-1,24,15,551,852,892,10,1,42,False
R,8,1,-1,0,-1,24,16,578,852,892,12,1,42,False
R,8,1,-1,0,-1,24,17,603,852,892,14,2,42,False
R,8,1,-1,0,-1,24,18,627,852,892,17,3,42,False
R,8,1,-1,0,-1,24,19,650,852,892,19,5,42,False
R,8,1,-1,0,-1,24,20,672,852,892,24,6,42,False
R,8,1,-1,0,-1,24,21,692,852,892,34,7,42,False
R,8,1,-1,0,-1,24,22,709,852,892,40,8,42,False
R,8,1,-1,0,-1,24,23,709,852,892,41,9,42,False
R,8,1,-1,0,-1,24,24,703,852,892,42,10,42,False
R,8,1,-1,0,-1,24,25,694,852,892,42,12,42,False
R,8,1,-1,0,-1,24,26,681,852,892,42,14,42,False
R,8,1,-1,0,-1,24,27,663,852,892,42,16,42,False
R,8,1,-1,0,-1,24,28,641,852,892,42,18,42,False
R,8,1,-1,0,-1,25,12,440,852,892,8,0,42,False
R,8,1,-1,0,-1,25,13,468,852,892,9,1,42,False
R,8,1,-1,0,-1,25,14,495,852,892,10,1,42,False
R,8,1,-1,0,-1,25,15,521,852,892,11,1,42,False
R,8,1,-1,0,-1,25,16,547,852,892,13,1,42,False
R,8,1,-1,0,-1,25,17,571,852,892,15,1,42,False
R,8,1,-1,0,-1,25,18,594,852,892,18,2,42,False
R,8,1,-1,0,-1,25,19,617,852,892,20,4,42,False
R,8,1,-1,0,-1,25,20,638,852,892,26,6,42,False
R,8,1,-1,0,-1,25,21,657,852,892,31,7,42,False
R,8,1,-1,0,-1,25,22,673,852,892,38,8,42,False
R,8,1,-1,0,-1,25,23,679,852,892,40,9,42,False
R,8,1,-1,0,-1,25,24,676,852,892,41,10,42,False
R,8,1,-1,0,-1,25,25,669,852,892,42,12,42,False
R,8,1,-1,0,-1,25,26,659,852,892,42,14,42,False
R,8,1,-1,0,-1,25,27,645,852,892,42,16,42,False
R,8,1,-1,0,-1,25,28,628,852,892,42,17,42,False
R,8,1,-1,0,-1,26,12,413,852,892,8,0,42,False
R,8,1,-1,0,-1,26,13,440,852,892,9,1,42,False
R,8,1,-1,0,-1,26,14,466,852,892,10,1,42,False
R,8,1,-1,0,-1,26,15,491,852,892,12,1,42,False
R,8,1,-1,0,-1,26,16,516,852,892,14,1,42,False
R,8,1,-1,0,-1,26,17,539,852,892,16,1,42,False
R,8,1,-1,0,-1,26,18,562,852,892,18,2,42,False
R,8,1,-1,0,-1,26,19,584,852,892,21,3,42,False
R,8,1,-1,0,-1,26,20,604,852,892,27,5,42,False
R,8,1,-1,0,-1,26,21,622,852,892,29,6,42,False
R,8,1,-1,0,-1,26,22,637,852,892,35,7,42,False
R,8,1,-1,0,-1,26,23,647,852,892,39,8,42,False
R,8,1,-1,0,-1,26,24,647,852,892,40,9,42,False
R,8,1,-1,0,-1,26,25,643,852,892,41,11,42,False
R,8,1,-1,0,-1,26,26,635,852,892,42,13,42,False
R,8,1,-1,0,-1,26,27,624,852,892,42,15,42,False
R,8,1,-1,0,-1,26,28,610,852,892,42,16,42,False
R,8,1,-1,0,-1,27,12,385,852,892,8,0,42,False
R,8,1,-1,0,-1,27,13,411,852,892,9,0,42,False
R,8,1,-1,0,-1,27,14,436,852,892,10,1,42,False
R,8,1,-1,0,-1,27,15,460,852,892,12,1,42,False
R,8,1,-1,0,-1,27,16,484,852,892,14,1,42,False
R,8,1,-1,0,-1,27,17,507,852,892,17,1,42,False
R,8,1,-1,0,-1,27,18,529,852,892,19,2,42,False
R,8,1,-1,0,-1,27,19,550,852,892,22,3,42,False
R,8,1,-1,0,-1,27,20,570,852,892,26,5,42,False
R,8,1,-1,0,-1,27,21,587,852,892,28,6,42,False
R,8,1,-1,0,-1,27,22,601,852,892,32,7,42,False
R,8,1,-1,0,-1,27,23,612,852,892,37,8,42,False
R,8,1,-1,0,-1,27,24,617,852,892,39,9,42,False
R,8,1,-1,0,-1,27,25,615,852,892,40,10,42,False
R,8,1,-1,0,-1,27,26,610,852,892,41,12,42,False
R,8,1,-1,0,-1,27,27,601,852,892,41,14,42,False
R,8,1,-1,0,-1,27,28,589,852,892,42,16,42,False
R,9,1,-1,1,0,11,12,597,852,892,0,0,42,False
R,9,1,-1,1,0,11,13,607,852,892,0,0,42,False
R,9,1,-1,1,0,11,14,615,852,892,1,1,42,False
R,9,1,-1,1,0,11,15,618,852,892,3,3,42,False
R,9,1,-1,1,0,11,16,613,852,892,3,3,42,False
R,9,1,-1,1,0,11,17,604,852,892,4,4,42,False
R,9,1,-1,1,0,11,18,592,852,892,5,5,42,False
R,9,1,-1,1,0,11,19,575,852,892,6,6,42,False
R,9,1,-1,1,0,11,20,558,852,892,6,6,42,False
R,9,1,-1,1,0,11,21,539,852,892,7,7,42,False
R,9,1,-1,1,0,11,22,518,852,892,8,8,42,False
R,9,1,-1,1,0,11,23,496,852,892,9,9,42,False
R,9,1,-1,1,0,11,24,472,852,892,10,10,42,False
R,9,1,-1,1,0,11,25,447,852,892,11,11,42,False
R,9,1,-1,1,0,11,26,421,852,892,12,12,42,False
R,9,1,-1,1,0,11,27,394,852,892,12,12,42,False
R,9,1,-1,1,0,11,28,367,852,892,12,11,42,False
R,9,1,-1,1,0,12,12,617,852,892,0,0,42,False
R,9,1,-1,1,0,12,13,631,852,892,0,0,42,False
R,9,1,-1,1,0,12,14,642,852,892,0,0,42,False
R,9,1,-1,1,0,12,15,649,852,892,2,2,42,False
R,9,1,-1,1,0,12,16,648,852,892,4,4,42,False
R,9,1,-1,1,0,12,17,639,852,892,4,4,42,False
R,9,1,-1,1,0,12,18,628,852,892,6,6,42,False
R,9,1,-1,1,0,12,19,612,852,892,6,6,42,False
R,9,1,-1,1,0,12,20,594,852,892,7,7,42,False
R,9,1,-1,1,0,12,21,574,852,892,8,8,42,False
R,9,1,-1,1,0,12,22,553,852,892,9,9,42,False
R,9,1,-1,1,0,12,23,530,852,892,10,10,42,False
R,9,1,-1,1,0,12,24,505,852,892,11,11,42,False
R,9,1,-1,1,0,12,25,480,852,892,12,12,42,False
R,9,1,-1,1,0,12,26,453,852,892,13,13,42,False
R,9,1,-1,1,0,12,27,425,852,892,13,13,42,False
R,9,1,-1,1,0,12,28,397,852,892,13,12,42,False
R,9,1,-1,1,0,13,12,633,852,892,0,0,42,False
R,9,1,-1,1,0,13,13,651,852,892,0,0,42,False
R,9,1,-1,1,0,13,14,666,852,892,0,0,42,False
R,9,1,-1,1,0,13,15,677,852,892,2,2,42,False
R,9,1,-1,1,0,13,16,681,852,892,4,4,42,False
R,9,1,-1,1,0,13,17,675,852,892,4,4,42,False
R,9,1,-1,1,0,13,18,664,852,892,6,6,42,False
R,9,1,-1,1,0,13,19,649,852,892,7,7,42,False
R,9,1,-1,1,0,13,20,630,852,892,8,8,42,False
R,9,1,-1,1,0,13,21,610,852,892,9,9,42,False
R,9,1,-1,1,0,13,22,588,852,892,10,10,42,False
R,9,1,-1,1,0,13,23,564,852,892,11,11,42,False
R,9,1,-1,1,0,13,24,539,852,892,12,12,42,False
R,9,1,-1,1,0,13,25,513,852,892,14,14,42,False
R,9,1,-1,1,0,13,26,485,852,892,15,15,42,False
R,9,1,-1,1,0,13,27,456,852,892,15,14,42,False
R,9,1,-1,1,0,13,28,427,852,892,15,13,42,False
R,9,1,-1,1,0,14,12,646,852,892,0,0,42,False
R,9,1,-1,1,0,14,13,666,852,892,0,0,42,False
R,9,1,-1,1,0,14,14,685,852,892,0,0,42,False
R,9,1,-1,1,0,14,15,701,852,892,0,0,42,False
R,9,1,-1,1,0,14,16,712,852,892,3,3,42,False
R,9,1,-1,1,0,14,17,711,852,892,5,5,42,False
R,9,1,-1,1,0,14,18,700,852,892,6,6,42,False
R,9,1,-1,1,0,14,19,686,852,892,8,8,42,False
R,9,1,-1,1,0,14,20,667,852,892,9,9,42,False
R,9,1,-1,1,0,14,21,646,852,892,10,10,42,False
R,9,1,-1,1,0,14,22,623,852,892,11,11,42,False
R,9,1,-1,1,0,14,23,599,852,892,12,12,42,False
R,9,1,-1,1,0,14,24,573,852,892,14,14,42,False
R,9,1,-1,1,0,14,25,545,852,892,16,16,42,False
R,9,1,-1,1,0,14,26,516,852,892,17,17,42,False
R,9,1,-1,1,0,14,27,487,852,892,17,16,42,False
R,9,1,-1,1,0,14,28,456,852,892,17,15,42,False
R,9,1,-1,1,0,15,12,653,852,892,1,0,42,False
R,9,1,-1,1,0,15,13,678,852,892,0,0,42,False
R,9,1,-1,1,0,15,14,700,852,892,0,0,42,False
R,9,1,-1,1,0,15,15,719,852,892,0,0,42,False
R,9,1,-1,1,0,15,16,736,852,892,3,3,42,False
R,9,1,-1,1,0,15,17,744,852,892,6,6,42,False
R,9,1,-1,1,0,15,18,737,852,892,6,6,42,False
R,9,1,-1,1,0,15,19,723,852,892,9,9,42,False
R,9,1,-1,1,0,15,20,704,852,892,10,10,42,False
R,9,1,-1,1,0,15,21,682,852,892,11,11,42,False
R,9,1,-1,1,0,15,22,659,852,892,12,12,42,False
R,9,1,-1,1,0,15,23,633,852,892,14,14,42,False
R,9,1,-1,1,0,15,24,606,852,892,16,16,42,False
R,9,1,-1,1,0,15,25,577,852,892,18,18,42,False
R,9,1,-1,1,0,15,26,547,852,892,18,18,42,False
R,9,1,-1,1,0,15,27,516,852,892,18,17,42,False
R,9,1,-1,1,0,15,28,484,852,892,18,17,42,False
R,9,1,-1,1,0,16,12,652,852,892,1,0,42,False
R,9,1,-1,1,0,16,13,682,852,892,1,0,42,False
R,9,1,-1,1,0,16,14,709,852,892,1,0,42,False
R,9,1,-1,1,0,16,15,733,852,892,0,0,42,False
R,9,1,-1,1,0,16,16,753,852,892,0,0,42,False
R,9,1,-1,1,0,16,17,771,852,892,5,5,42,False
R,9,1,-1,1,0,16,18,774,852,892,7,7,42,False
R,9,1,-1,1,0,16,19,760,852,892,9,9,42,False
R,9,1,-1,1,0,16,20,741,852,892,11,11,42,False
R,9,1,-1,1,0,16,21,719,852,892,12,12,42,False
R,9,1,-1,1,0,16,22,694,852,892,14,14,42,False
R,9,1,-1,1,0,16,23,667,852,892,16,16,42,False
R,9,1,-1,1,0,16,24,638,852,892,19,19,42,False
R,9,1,-1,1,0,16,25,608,852,892,20,20,42,False
R,9,1,-1,1,0,16,26,577,852,892,20,19,42,False
R,9,1,-1,1,0,16,27,544,852,892,20,18,42,False
R,9,1,-1,1,0,16,28,512,852,892,20,18,42,False
R,9,1,-1,1,0,17,12,641,852,892,3,2,42,False
R,9,1,-1,1,0,17,13,674,852,892,4,2,42,False
R,9,1,-1,1,0,17,14,708,852,892,4,1,42,False
R,9,1,-1,1,0,17,15,738,852,892,4,0,42,False
R,9,1,-1,1,0,17,16,765,852,892,4,0,42,False
R,9,1,-1,1,0,17,17,788,852,892,5,3,42,False
R,9,1,-1,1,0,17,18,803,852,892,9,8,42,False
R,9,1,-1,1,0,17,19,798,852,892,9,9,42,False
R,9,1,-1,1,0,17,20,778,852,892,12,12,42,False
R,9,1,-1,1,0,17,21,755,852,892,14,14,42,False
R,9,1,-1,1,0,17,22,727,852,892,17,17,42,False
R,9,1,-1,1,0,17,23,698,852,892,21,21,42,False
R,9,1,-1,1,0,17,24,669,852,892,23,22,42,False
R,9,1,-1,1,0,17,25,637,852,892,23,21,42,False
R,9,1,-1,1,0,17,26,605,852,892,23,20,42,False
R,9,1,-1,1,0,17,27,572,852,892,23,20,42,False
R,9,1,-1,1,0,17,28,539,852,892,22,19,42,False
R,9,1,-1,1,0,18,12,625,852,892,4,3,42,False
R,9,1,-1,1,0,18,13,659,852,892,5,4,42,False
R,9,1,-1,1,0,18,14,693,852,892,6,5,42,False
R,9,1,-1,1,0,18,15,727,852,892,7,4,42,False
R,9,1,-1,1,0,18,16,761,852,892,8,3,42,False
R,9,1,-1,1,0,18,17,792,852,892,9,2,42,False
R,9,1,-1,1,0,18,18,818,852,892,18,10,42,False
R,9,1,-1,1,0,18,19,829,852,892,18,12,42,False
R,9,1,-1,1,0,18,20,810,852,892,21,16,42,False
R,9,1,-1,1,0,18,21,785,852,892,23,19,42,False
R,9,1,-1,1,0,18,22,757,852,892,27,23,42,False
R,9,1,-1,1,0,18,23,728,852,892,29,25,42,False
R,9,1,-1,1,0,18,24,697,852,892,29,25,42,False
R,9,1,-1,1,0,18,25,664,852,892,28,24,42,False
R,9,1,-1,1,0,18,26,630,852,892,27,22,42,False
R,9,1,-1,1,0,18,27,596,852,892,26,21,42,False
R,9,1,-1,1,0,18,28,562,852,892,25,20,42,False
R,9,1,-1,1,0,19,12,605,852,892,5,4,42,False
R,9,1,-1,1,0,19,13,638,852,892,6,5,42,False
R,9,1,-1,1,0,19,14,672,852,892,7,6,42,False
R,9,1,-1,1,0,19,15,706,852,892,8,7,42,False
R,9,1,-1,1,0,19,16,740,852,892,9,7,42,False
R,9,1,-1,1,0,19,17,774,852,892,10,6,42,False
R,9,1,-1,1,0,19,18,808,852,892,16,10,42,False
R,9,1,-1,1,0,19,19,834,852,892,25,18,42,False
R,9,1,-1,1,0,19,20,831,852,892,32,24,42,False
R,9,1,-1,1,0,19,21,811,852,892,35,28,42,False
R,9,1,-1,1,0,19,22,783,852,892,36,29,42,False
R,9,1,-1,1,0,19,23,753,852,892,35,28,42,False
R,9,1,-1,1,0,19,24,720,852,892,34,27,42,False
R,9,1,-1,1,0,19,25,686,852,892,32,26,42,False
R,9,1,-1,1,0,19,26,652,852,892,30,25,42,False
R,9,1,-1,1,0,19,27,618,852,892,28,23,42,False
R,9,1,-1,1,0,19,28,584,852,892,27,21,42,False
R,9,1,-1,1,0,20,12,583,852,892,6,6,42,False
R,9,1,-1,1,0,20,13,616,852,892,7,6,42,False
R,9,1,-1,1,0,20,14,649,852,892,8,7,42,False
R,9,1,-1,1,0,20,15,682,852,892,9,8,42,False
R,9,1,-1,1,0,20,16,715,852,892,10,9,42,False
R,9,1,-1,1,0,20,17,748,852,892,11,9,42,False
R,9,1,-1,1,0,20,18,780,852,892,14,10,42,False
R,9,1,-1,1,0,20,19,809,852,892,28,22,42,False
R,9,1,-1,1,0,20,20,823,852,892,38,31,42,False
R,9,1,-1,1,0,20,21,820,852,892,41,33,42,False
R,9,1,-1,1,0,20,22,800,852,892,41,33,42,False
R,9,1,-1,1,0,20,23,768,852,892,39,31,42,False
R,9,1,-1,1,0,20,24,735,852,892,37,29,42,False
R,9,1,-1,1,0,20,25,702,852,892,35,27,42,False
R,9,1,-1,1,0,20,26,669,852,892,34,26,42,False
R,9,1,-1,1,0,20,27,636,852,892,32,25,42,False
R,9,1,-1,1,0,20,28,603,852,892,30,23,42,False
R,9,1,-1,1,0,21,12,560,852,892,7,7,42,False
R,9,1,-1,1,0,21,13,592,852,892,8,8,42,False
R,9,1,-1,1,0,21,14,624,852,892,9,8,42,False
R,9,1,-1,1,0,21,15,656,852,892,10,9,42,False
R,9,1,-1,1,0,21,16,688,852,892,11,10,42,False
R,9,1,-1,1,0,21,17,719,852,892,13,12,42,False
R,9,1,-1,1,0,21,18,749,852,892,16,14,42,False
R,9,1,-1,1,0,21,19,777,852,892,31,27,42,False
R,9,1,-1,1,0,21,20,797,852,892,40,34,42,False
R,9,1,-1,1,0,21,21,801,852,892,42,35,42,False
R,9,1,-1,1,0,21,22,794,852,892,42,34,42,False
R,9,1,-1,1,0,21,23,773,852,892,42,33,42,False
R,9,1,-1,1,0,21,24,745,852,892,41,31,42,False
R,9,1,-1,1,0,21,25,713,852,892,39,29,42,False
R,9,1,-1,1,0,21,26,681,852,892,37,27,42,False
R,9,1,-1,1,0,21,27,649,852,892,35,26,42,False
R,9,1,-1,1,0,21,28,617,852,892,34,25,42,False
R,9,1,-1,1,0,22,12,535,852,892,8,8,42,False
R,9,1,-1,1,0,22,13,566,852,892,9,9,42,False
R,9,1,-1,1,0,22,14,597,852,892,10,9,42,False
R,9,1,-1,1,0,22,15,628,852,892,11,10,42,False
R,9,1,-1,1,0,22,16,658,852,892,13,12,42,False
R,9,1,-1,1,0,22,17,688,852,892,16,15,42,False
R,9,1,-1,1,0,22,18,717,852,892,21,19,42,False
R,9,1,-1,1,0,22,19,744,852,892,31,28,42,False
R,9,1,-1,1,0,22,20,767,852,892,40,35,42,False
R,9,1,-1,1,0,22,21,773,852,892,41,35,42,False
R,9,1,-1,1,0,22,22,768,852,892,42,35,42,False
R,9,1,-1,1,0,22,23,759,852,892,42,34,42,False
R,9,1,-1,1,0,22,24,742,852,892,42,33,42,False
R,9,1,-1,1,0,22,25,717,852,892,41,31,42,False
R,9,1,-1,1,0,22,26,689,852,892,41,29,42,False
R,9,1,-1,1,0,22,27,658,852,892,39,27,42,False
R,9,1,-1,1,0,22,28,627,852,892,37,26,42,False
R,9,1,-1,1,0,23,12,508,852,892,9,9,42,False
R,9,1,-1,1,0,23,13,538,852,892,10,10,42,False
R,9,1,-1,1,0,23,14,568,852,892,11,11,42,False
R,9,1,-1,1,0,23,15,598,852,892,13,12,42,False
R,9,1,-1,1,0,23,16,627,852,892,16,15,42,False
R,9,1,-1,1,0,23,17,656,852,892,19,18,42,False
R,9,1,-1,1,0,23,18,684,852,892,24,23,42,False
R,9,1,-1,1,0,23,19,710,852,892,30,28,42,False
R,9,1,-1,1,0,23,20,731,852,892,38,34,42,False
R,9,1,-1,1,0,23,21,742,852,892,40,34,42,False
R,9,1,-1,1,0,23,22,740,852,892,41,34,42,False
R,9,1,-1,1,0,23,23,734,852,892,42,34,42,False
R,9,1,-1,1,0,23,24,724,852,892,42,33,42,False
R,9,1,-1,1,0,23,25,709,852,892,42,32,42,False
R,9,1,-1,1,0,23,26,686,852,892,41,30,42,False
R,9,1,-1,1,0,23,27,661,852,892,41,28,42,False
R,9,1,-1,1,0,23,28,633,852,892,40,26,42,False
R,9,1,-1,1,0,24,12,480,852,892,10,10,42,False
R,9,1,-1,1,0,24,13,509,852,892,11,11,42,False
R,9,1,-1,1,0,24,14,538,852,892,13,13,42,False
R,9,1,-1,1,0,24,15,567,852,892,15,15,42,False
R,9,1,-1,1,0,24,16,595,852,892,18,17,42,False
R,9,1,-1,1,0,24,17,623,852,892,20,19,42,False
R,9,1,-1,1,0,24,18,650,852,892,25,24,42,False
R,9,1,-1,1,0,24,19,673,852,892,28,27,42,False
R,9,1,-1,1,0,24,20,693,852,892,35,33,42,False
R,9,1,-1,1,0,24,21,708,852,892,39,35,42,False
R,9,1,-1,1,0,24,22,710,852,892,40,34,42,False
R,9,1,-1,1,0,24,23,707,852,892,41,34,42,False
R,9,1,-1,1,0,24,24,700,852,892,41,33,42,False
R,9,1,-1,1,0,24,25,689,852,892,42,33,42,False
R,9,1,-1,1,0,24,26,675,852,892,42,31,42,False
R,9,1,-1,1,0,24,27,654,852,892,42,29,42,False
R,9,1,-1,1,0,24,28,630,852,892,41,27,42,False
R,9,1,-1,1,0,25,12,451,852,892,10,10,42,False
R,9,1,-1,1,0,25,13,479,852,892,12,12,42,False
R,9,1,-1,1,0,25,14,507,852,892,14,14,42,False
R,9,1,-1,1,0,25,15,535,852,892,16,16,42,False
R,9,1,-1,1,0,25,16,562,852,892,18,17,42,False
R,9,1,-1,1,0,25,17,589,852,892,21,20,42,False
R,9,1,-1,1,0,25,18,614,852,892,25,24,42,False
R,9,1,-1,1,0,25,19,636,852,892,27,26,42,False
R,9,1,-1,1,0,25,20,655,852,892,32,30,42,False
R,9,1,-1,1,0,25,21,671,852,892,37,34,42,False
R,9,1,-1,1,0,25,22,679,852,892,39,34,42,False
R,9,1,-1,1,0,25,23,678,852,892,40,34,42,False
R,9,1,-1,1,0,25,24,674,852,892,41,34,42,False
R,9,1,-1,1,0,25,25,666,852,892,41,33,42,False
R,9,1,-1,1,0,25,26,655,852,892,42,33,42,False
R,9,1,-1,1,0,25,27,640,852,892,42,31,42,False
R,9,1,-1,1,0,25,28,621,852,892,42,29,42,False
R,9,1,-1,1,0,26,12,421,852,892,10,10,42,False
R,9,1,-1,1,0,26,13,448,852,892,12,12,42,False
R,9,1,-1,1,0,26,14,475,852,892,14,14,42,False
R,9,1,-1,1,0,26,15,502,852,892,17,17,42,False
R,9,1,-1,1,0,26,16,528,852,892,19,19,42,False
R,9,1,-1,1,0,26,17,554,852,892,22,21,42,False
R,9,1,-1,1,0,26,18,578,852,892,24,23,42,False
R,9,1,-1,1,0,26,19,599,852,892,27,26,42,False
R,9,1,-1,1,0,26,20,618,852,892,30,29,42,False
R,9,1,-1,1,0,26,21,634,852,892,34,32,42,False
R,9,1,-1,1,0,26,22,645,852,892,38,34,42,False
R,9,1,-1,1,0,26,23,648,852,892,39,33,42,False
R,9,1,-1,1,0,26,24,646,852,892,40,33,42,False
R,9,1,-1,1,0,26,25,641,852,892,40,32,42,False
R,9,1,-1,1,0,26,26,633,852,892,41,32,42,False
R,9,1,-1,1,0,26,27,621,852,892,41,31,42,False
R,9,1,-1,1,0,26,28,606,852,892,42,30,42,False
R,9,1,-1,1,0,27,12,391,852,892,11,11,42,False
R,9,1,-1,1,0,27,13,417,852,892,13,13,42,False
R,9,1,-1,1,0,27,14,443,852,892,15,15,42,False
R,9,1,-1,1,0,27,15,469,852,892,18,18,42,False
R,9,1,-1,1,0,27,16,494,852,892,20,20,42,False
R,9,1,-1,1,0,27,17,519,852,892,22,21,42,False
R,9,1,-1,1,0,27,18,541,852,892,23,22,42,False
R,9,1,-1,1,0,27,19,562,852,892,27,26,42,False
R,9,1,-1,1,0,27,20,581,852,892,29,28,42,False
R,9,1,-1,1,0,27,21,597,852,892,32,31,42,False
R,9,1,-1,1,0,27,22,609,852,892,36,34,42,False
R,9,1,-1,1,0,27,23,616,852,892,38,34,42,False
R,9,1,-1,1,0,27,24,617,852,892,39,33,42,False
R,9,1,-1,1,0,27,25,614,852,892,40,33,42,False
R,9,1,-1,1,0,27,26,608,852,892,40,32,42,False
R,9,1,-1,1,0,27,27,599,852,892,41,32,42,False
R,9,1,-1,1,0,27,28,587,852,892,41,30,42,False
R,10,1,0,0,1,11,11,594,852,892,0,0,42,False
R,10,1,0,0,1,11,12,612,852,892,0,0,42,False
R,10,1,0,0,1,11,13,628,852,892,0,0,42,False
R,10,1,0,0,1,11,14,636,852,892,0,0,42,False
R,10,1,0,0,1,11,15,638,852,892,0,0,42,False
R,10,1,0,0,1,11,16,637,852,892,0,0,42,False
R,10,1,0,0,1,11,17,630,852,892,4,4,42,False
R,10,1,0,0,1,11,18,616,852,892,6,6,42,False
R,10,1,0,0,1,11,19,598,852,892,8,8,42,False
R,10,1,0,0,1,11,20,577,852,892,9,9,42,False
R,10,1,0,0,1,11,21,554,852,892,11,11,42,False
R,10,1,0,0,1,11,22,529,852,892,12,12,42,False
R,10,1,0,0,1,11,23,503,852,892,13,13,42,False
R,10,1,0,0,1,11,24,476,852,892,13,13,42,False
R,10,1,0,0,1,11,25,447,852,892,14,14,42,False
R,10,1,0,0,1,11,26,418,852,892,15,15,42,False
R,10,1,0,0,1,11,27,390,852,892,14,14,42,False
R,10,1,0,0,1,12,11,605,852,892,0,0,42,False
R,10,1,0,0,1,12,12,626,852,892,0,0,42,False
R,10,1,0,0,1,12,13,645,852,892,0,0,42,False
R,10,1,0,0,1,12,14,662,852,892,0,0,42,False
R,10,1,0,0,1,12,15,665,852,892,0,0,42,False
R,10,1,0,0,1,12,16,666,852,892,0,0,42,False
R,10,1,0,0,1,12,17,662,852,892,3,3,42,False
R,10,1,0,0,1,12,18,651,852,892,6,6,42,False
R,10,1,0,0,1,12,19,633,852,892,9,9,42,False
R,10,1,0,0,1,12,20,612,852,892,10,10,42,False
R,10,1,0,0,1,12,21,588,852,892,12,12,42,False
R,10,1,0,0,1,12,22,564,852,892,14,14,42,False
R,10,1,0,0,1,12,23,537,852,892,15,15,42,False
R,10,1,0,0,1,12,24,509,852,892,15,15,42,False
R,10,1,0,0,1,12,25,479,852,892,16,16,42,False
R,10,1,0,0,1,12,26,449,852,892,17,17,42,False
R,10,1,0,0,1,12,27,420,852,892,16,16,42,False
R,10,1,0,0,1,13,11,613,852,892,0,0,42,False
R,10,1,0,0,1,13,12,637,852,892,0,0,42,False
R,10,1,0,0,1,13,13,658,852,892,0,0,42,False
R,10,1,0,0,1,13,14,678,852,892,0,0,42,False
R,10,1,0,0,1,13,15,692,852,892,0,0,42,False
R,10,1,0,0,1,13,16,694,852,892,0,0,42,False
R,10,1,0,0,1,13,17,692,852,892,1,1,42,False
R,10,1,0,0,1,13,18,685,852,892,6,6,42,False
R,10,1,0,0,1,13,19,668,852,892,9,9,42,False
R,10,1,0,0,1,13,20,647,852,892,11,11,42,False
R,10,1,0,0,1,13,21,624,852,892,14,14,42,False
R,10,1,0,0,1,13,22,599,852,892,16,16,42,False
R,10,1,0,0,1,13,23,571,852,892,17,17,42,False
R,10,1,0,0,1,13,24,542,852,892,17,17,42,False
R,10,1,0,0,1,13,25,511,852,892,18,18,42,False
R,10,1,0,0,1,13,26,480,852,892,18,18,42,False
R,10,1,0,0,1,13,27,449,852,892,17,17,42,False
R,10,1,0,0,1,14,11,616,852,892,1,1,42,False
R,10,1,0,0,1,14,12,643,852,892,1,1,42,False
R,10,1,0,0,1,14,13,668,852,892,0,0,42,False
R,10,1,0,0,1,14,14,691,852,892,0,0,42,False
R,10,1,0,0,1,14,15,711,852,892,0,0,42,False
R,10,1,0,0,1,14,16,721,852,892,0,0,42,False
R,10,1,0,0,1,14,17,721,852,892,0,0,42,False
R,10,1,0,0,1,14,18,716,852,892,5,5,42,False
R,10,1,0,0,1,14,19,703,852,892,9,9,42,False
R,10,1,0,0,1,14,20,683,852,892,13,13,42,False
R,10,1,0,0,1,14,21,660,852,892,16,16,42,False
R,10,1,0,0,1,14,22,634,852,892,18,18,42,False
R,10,1,0,0,1,14,23,605,852,892,18,18,42,False
R,10,1,0,0,1,14,24,574,852,892,19,19,42,False
R,10,1,0,0,1,14,25,542,852,892,20,20,42,False
R,10,1,0,0,1,14,26,510,852,892,19,19,42,False
R,10,1,0,0,1,14,27,478,852,892,18,18,42,False
R,10,1,0,0,1,15,11,614,852,892,2,2,42,False
R,10,1,0,0,1,15,12,644,852,892,3,3,42,False
R,10,1,0,0,1,15,13,673,852,892,3,3,42,False
R,10,1,0,0,1,15,14,699,852,892,2,2,42,False
R,10,1,0,0,1,15,15,723,852,892,0,0,42,False
R,10,1,0,0,1,15,16,741,852,892,0,0,42,False
R,10,1,0,0,1,15,17,748,852,892,0,0,42,False
R,10,1,0,0,1,15,18,745,852,892,1,1,42,False
R,10,1,0,0,1,15,19,738,852,892,9,9,42,False
R,10,1,0,0,1,15,20,719,852,892,15,15,42,False
R,10,1,0,0,1,15,21,696,852,892,19,19,42,False
R,10,1,0,0,1,15,22,669,852,892,21,21,42,False
R,10,1,0,0,1,15,23,638,852,892,22,22,42,False
R,10,1,0,0,1,15,24,605,852,892,22,22,42,False
R,10,1,0,0,1,15,25,572,852,892,21,21,42,False
R,10,1,0,0,1,15,26,540,852,892,20,20,42,False
R,10,1,0,0,1,15,27,506,852,892,20,20,42,False
R,10,1,0,0,1,16,11,607,852,892,4,4,42,False
R,10,1,0,0,1,16,12,640,852,892,4,4,42,False
R,10,1,0,0,1,16,13,671,852,892,5,5,42,False
R,10,1,0,0,1,16,14,702,852,892,6,6,42,False
R,10,1,0,0,1,16,15,730,852,892,6,6,42,False
R,10,1,0,0,1,16,16,755,852,892,6,6,42,False
R,10,1,0,0,1,16,17,768,852,892,4,4,42,False
R,10,1,0,0,1,16,18,772,852,892,3,3,42,False
R,10,1,0,0,1,16,19,769,852,892,12,12,42,False
R,10,1,0,0,1,16,20,755,852,892,22,22,42,False
R,10,1,0,0,1,16,21,732,852,892,25,25,42,False
R,10,1,0,0,1,16,22,702,852,892,25,25,42,False
R,10,1,0,0,1,16,23,670,852,892,25,25,42,False
R,10,1,0,0,1,16,24,636,852,892,25,25,42,False
R,10,1,0,0,1,16,25,601,852,892,24,24,42,False
R,10,1,0,0,1,16,26,567,852,892,23,23,42,False
R,10,1,0,0,1,16,27,533,852,892,23,23,42,False
R,10,1,0,0,1,17,11,595,852,892,6,6,42,False
R,10,1,0,0,1,17,12,629,852,892,7,7,42,False
R,10,1,0,0,1,17,13,663,852,892,8,8,42,False
R,10,1,0,0,1,17,14,696,852,892,9,9,42,False
R,10,1,0,0,1,17,15,729,852,892,10,10,42,False
R,10,1,0,0,1,17,16,760,852,892,11,11,42,False
R,10,1,0,0,1,17,17,782,852,892,12,12,42,False
R,10,1,0,0,1,17,18,792,852,892,14,14,42,False
R,10,1,0,0,1,17,19,795,852,892,20,20,42,False
R,10,1,0,0,1,17,20,790,852,892,35,35,42,False
R,10,1,0,0,1,17,21,767,852,892,34,34,42,False
R,10,1,0,0,1,17,22,734,852,892,32,32,42,False
R,10,1,0,0,1,17,23,699,852,892,30,30,42,False
R,10,1,0,0,1,17,24,663,852,892,29,29,42,False
R,10,1,0,0,1,17,25,628,852,892,28,28,42,False
R,10,1,0,0,1,17,26,593,852,892,27,27,42,False
R,10,1,0,0,1,17,27,559,852,892,26,26,42,False
R,10,1,0,0,1,18,11,579,852,892,7,7,42,False
R,10,1,0,0,1,18,12,614,852,892,8,8,42,False
R,10,1,0,0,1,18,13,650,852,892,9,9,42,False
R,10,1,0,0,1,18,14,685,852,892,10,10,42,False
R,10,1,0,0,1,18,15,719,852,892,11,11,42,False
R,10,1,0,0,1,18,16,752,852,892,13,13,42,False
R,10,1,0,0,1,18,17,783,852,892,16,16,42,False
R,10,1,0,0,1,18,18,802,852,892,19,19,42,False
R,10,1,0,0,1,18,19,812,852,892,25,25,42,False
R,10,1,0,0,1,18,20,813,852,892,41,41,42,False
R,10,1,0,0,1,18,21,796,852,892,39,39,42,False
R,10,1,0,0,1,18,22,760,852,892,37,37,42,False
R,10,1,0,0,1,18,23,724,852,892,35,35,42,False
R,10,1,0,0,1,18,24,689,852,892,34,34,42,False
R,10,1,0,0,1,18,25,653,852,892,32,32,42,False
R,10,1,0,0,1,18,26,618,852,892,30,30,42,False
R,10,1,0,0,1,18,27,583,852,892,28,28,42,False
R,10,1,0,0,1,19,11,559,852,892,8,8,42,False
R,10,1,0,0,1,19,12,594,852,892,9,9,42,False
R,10,1,0,0,1,19,13,630,852,892,10,10,42,False
R,10,1,0,0,1,19,14,666,852,892,11,11,42,False
R,10,1,0,0,1,19,15,701,852,892,13,13,42,False
R,10,1,0,0,1,19,16,737,852,892,15,15,42,False
R,10,1,0,0,1,19,17,770,852,892,18,18,42,False
R,10,1,0,0,1,19,18,795,852,892,21,21,42,False
R,10,1,0,0,1,19,19,809,852,892,27,27,42,False
R,10,1,0,0,1,19,20,814,852,892,35,35,42,False
R,10,1,0,0,1,19,21,809,852,892,42,42,42,False
R,10,1,0,0,1,19,22,780,852,892,42,42,42,False
R,10,1,0,0,1,19,23,744,852,892,39,39,42,False
R,10,1,0,0,1,19,24,709,852,892,37,37,42,False
R,10,1,0,0,1,19,25,674,852,892,35,35,42,False
R,10,1,0,0,1,19,26,639,852,892,34,34,42,False
R,10,1,0,0,1,19,27,604,852,892,32,32,42,False
R,10,1,0,0,1,20,11,537,852,892,8,8,42,False
R,10,1,0,0,1,20,12,572,852,892,9,9,42,False
R,10,1,0,0,1,20,13,607,852,892,10,10,42,False
R,10,1,0,0,1,20,14,642,852,892,12,12,42,False
R,10,1,0,0,1,20,15,677,852,892,14,14,42,False
R,10,1,0,0,1,20,16,712,852,892,17,17,42,False
R,10,1,0,0,1,20,17,747,852,892,19,19,42,False
R,10,1,0,0,1,20,18,776,852,892,22,22,42,False
R,10,1,0,0,1,20,19,790,852,892,27,27,42,False
R,10,1,0,0,1,20,20,799,852,892,31,31,42,False
R,10,1,0,0,1,20,21,801,852,892,41,41,42,False
R,10,1,0,0,1,20,22,789,852,892,42,42,42,False
R,10,1,0,0,1,20,23,761,852,892,42,42,42,False
R,10,1,0,0,1,20,24,726,852,892,41,41,42,False
R,10,1,0,0,1,20,25,691,852,892,39,39,42,False
R,10,1,0,0,1,20,26,656,852,892,37,37,42,False
R,10,1,0,0,1,20,27,622,852,892,35,35,42,False
R,10,1,0,0,1,21,11,513,852,892,9,9,42,False
R,10,1,0,0,1,21,12,547,852,892,10,10,42,False
R,10,1,0,0,1,21,13,581,852,892,11,11,42,False
R,10,1,0,0,1,21,14,615,852,892,13,13,42,False
R,10,1,0,0,1,21,15,649,852,892,15,15,42,False
R,10,1,0,0,1,21,16,683,852,892,18,18,42,False
R,10,1,0,0,1,21,17,716,852,892,20,20,42,False
R,10,1,0,0,1,21,18,743,852,892,23,23,42,False
R,10,1,0,0,1,21,19,759,852,892,27,27,42,False
R,10,1,0,0,1,21,20,772,852,892,29,29,42,False
R,10,1,0,0,1,21,21,780,852,892,36,36,42,False
R,10,1,0,0,1,21,22,779,852,892,41,41,42,False
R,10,1,0,0,1,21,23,762,852,892,42,42,42,False
R,10,1,0,0,1,21,24,738,852,892,42,41,42,False
R,10,1,0,0,1,21,25,705,852,892,41,41,42,False
R,10,1,0,0,1,21,26,671,852,892,41,41,42,False
R,10,1,0,0,1,21,27,637,852,892,39,39,42,False
R,10,1,0,0,1,22,11,488,852,892,9,9,42,False
R,10,1,0,0,1,22,12,521,852,892,10,10,42,False
R,10,1,0,0,1,22,13,554,852,892,12,12,42,False
R,10,1,0,0,1,22,14,587,852,892,14,14,42,False
R,10,1,0,0,1,22,15,620,852,892,16,16,42,False
R,10,1,0,0,1,22,16,652,852,892,18,18,42,False
R,10,1,0,0,1,22,17,682,852,892,20,20,42,False
R,10,1,0,0,1,22,18,708,852,892,23,23,42,False
R,10,1,0,0,1,22,19,726,852,892,26,26,42,False
R,10,1,0,0,1,22,20,740,852,892,28,28,42,False
R,10,1,0,0,1,22,21,749,852,892,33,33,42,False
R,10,1,0,0,1,22,22,755,852,892,40,40,42,False
R,10,1,0,0,1,22,23,749,852,892,41,41,42,False
R,10,1,0,0,1,22,24,734,852,892,42,42,42,False
R,10,1,0,0,1,22,25,711,852,892,42,41,42,False
R,10,1,0,0,1,22,26,681,852,892,41,41,42,False
R,10,1,0,0,1,22,27,649,852,892,41,41,42,False
R,10,1,0,0,1,23,11,461,852,892,9,9,42,False
R,10,1,0,0,1,23,12,493,852,892,10,10,42,False
R,10,1,0,0,1,23,13,525,852,892,12,12,42,False
R,10,1,0,0,1,23,14,557,852,892,14,14,42,False
R,10,1,0,0,1,23,15,588,852,892,16,16,42,False
R,10,1,0,0,1,23,16,618,852,892,18,18,42,False
R,10,1,0,0,1,23,17,647,852,892,20,20,42,False
R,10,1,0,0,1,23,18,673,852,892,23,23,42,False
R,10,1,0,0,1,23,19,692,852,892,25,25,42,False
R,10,1,0,0,1,23,20,707,852,892,27,27,42,False
R,10,1,0,0,1,23,21,717,852,892,30,30,42,False
R,10,1,0,0,1,23,22,725,852,892,36,36,42,False
R,10,1,0,0,1,23,23,726,852,892,40,40,42,False
R,10,1,0,0,1,23,24,716,852,892,41,41,42,False
R,10,1,0,0,1,23,25,702,852,892,42,41,42,False
R,10,1,0,0,1,23,26,682,852,892,42,41,42,False
R,10,1,0,0,1,23,27,653,852,892,41,41,42,False
R,10,1,0,0,1,24,11,433,852,892,9,9,42,False
R,10,1,0,0,1,24,12,464,852,892,10,10,42,False
R,10,1,0,0,1,24,13,495,852,892,12,12,42,False
R,10,1,0,0,1,24,14,525,852,892,14,14,42,False
R,10,1,0,0,1,24,15,555,852,892,16,16,42,False
R,10,1,0,0,1,24,16,584,852,892,18,18,42,False
R,10,1,0,0,1,24,17,612,852,892,20,20,42,False
R,10,1,0,0,1,24,18,637,852,892,23,23,42,False
R,10,1,0,0,1,24,19,657,852,892,24,24,42,False
R,10,1,0,0,1,24,20,673,852,892,27,27,42,False
R,10,1,0,0,1,24,21,685,852,892,29,29,42,False
R,10,1,0,0,1,24,22,694,852,892,33,33,42,False
R,10,1,0,0,1,24,23,699,852,892,39,39,42,False
R,10,1,0,0,1,24,24,694,852,892,40,40,42,False
R,10,1,0,0,1,24,25,683,852,892,41,40,42,False
R,10,1,0,0,1,24,26,668,852,892,42,41,42,False
R,10,1,0,0,1,24,27,650,852,892,42,40,42,False
R,10,1,0,0,1,25,11,404,852,892,9,9,42,False
R,10,1,0,0,1,25,12,434,852,892,10,10,42,False
R,10,1,0,0,1,25,13,464,852,892,12,12,42,False
R,10,1,0,0,1,25,14,493,852,892,14,14,42,False
R,10,1,0,0,1,25,15,522,852,892,16,16,42,False
R,10,1,0,0,1,25,16,550,852,892,18,18,42,False
R,10,1,0,0,1,25,17,577,852,892,20,20,42,False
R,10,1,0,0,1,25,18,601,852,892,22,22,42,False
R,10,1,0,0,1,25,19,622,852,892,23,23,42,False
R,10,1,0,0,1,25,20,639,852,892,26,26,42,False
R,10,1,0,0,1,25,21,652,852,892,28,28,42,False
R,10,1,0,0,1,25,22,662,852,892,31,31,42,False
R,10,1,0,0,1,25,23,669,852,892,36,36,42,False
R,10,1,0,0,1,25,24,670,852,892,39,39,42,False
R,10,1,0,0,1,25,25,662,852,892,40,39,42,False
R,10,1,0,0,1,25,26,650,852,892,41,40,42,False
R,10,1,0,0,1,25,27,634,852,892,42,40,42,False
R,10,1,0,0,1,26,11,375,852,892,9,9,42,False
R,10,1,0,0,1,26,12,404,852,892,10,10,42,False
R,10,1,0,0,1,26,13,433,852,892,12,12,42,False
R,10,1,0,0,1,26,14,461,852,892,14,14,42,False
R,10,1,0,0,1,26,15,489,852,892,16,16,42,False
R,10,1,0,0,1,26,16,516,852,892,17,17,42,False
R,10,1,0,0,1,26,17,542,852,892,19,19,42,False
R,10,1,0,0,1,26,18,565,852,892,21,21,42,False
R,10,1,0,0,1,26,19,586,852,892,23,23,42,False
R,10,1,0,0,1,26,20,604,852,892,25,25,42,False
R,10,1,0,0,1,26,21,619,852,892,27,27,42,False
R,10,1,0,0,1,26,22,629,852,892,29,29,42,False
R,10,1,0,0,1,26,23,638,852,892,33,33,42,False
R,10,1,0,0,1,26,24,643,852,892,38,37,42,False
R,10,1,0,0,1,26,25,639,852,892,39,38,42,False
R,10,1,0,0,1,26,26,630,852,892,40,39,42,False
R,10,1,0,0,1,26,27,617,852,892,41,40,42,False
R,10,1,0,0,1,27,11,346,852,892,8,8,42,False
R,10,1,0,0,1,27,12,374,852,892,9,9,42,False
R,10,1,0,0,1,27,13,402,852,892,11,11,42,False
R,10,1,0,0,1,27,14,429,852,892,13,13,42,False
R,10,1,0,0,1,27,15,456,852,892,15,15,42,False
R,10,1,0,0,1,27,16,482,852,892,16,16,42,False
R,10,1,0,0,1,27,17,507,852,892,18,18,42,False
R,10,1,0,0,1,27,18,529,852,892,20,20,42,False
R,10,1,0,0,1,27,19,551,852,892,23,23,42,False
R,10,1,0,0,1,27,20,570,852,892,24,24,42,False
R,10,1,0,0,1,27,21,585,852,892,26,26,42,False
R,10,1,0,0,1,27,22,597,852,892,28,28,42,False
R,10,1,0,0,1,27,23,606,852,892,31,31,42,False
R,10,1,0,0,1,27,24,613,852,892,35,34,42,False
R,10,1,0,0,1,27,25,614,852,892,38,37,42,False
R,10,1,0,0,1,27,26,608,852,892,39,38,42,False
R,10,1,0,0,1,27,27,598,852,892,40,39,42,False
R,11,1,0,1,-1,11,12,596,852,892,0,0,42,False
R,11,1,0,1,-1,11,13,616,852,892,0,0,42,False
R,11,1,0,1,-1,11,14,633,852,892,0,0,42,False
R,11,1,0,1,-1,11,15,637,852,892,0,0,42,False
R,11,1,0,1,-1,11,16,638,852,892,0,0,42,False
R,11,1,0,1,-1,11,17,635,852,892,3,0,42,False
R,11,1,0,1,-1,11,18,625,852,892,4,0,42,False
R,11,1,0,1,-1,11,19,609,852,892,6,3,42,False
R,11,1,0,1,-1,11,20,590,852,892,6,4,42,False
R,11,1,0,1,-1,11,21,569,852,892,7,5,42,False
R,11,1,0,1,-1,11,22,546,852,892,8,7,42,False
R,11,1,0,1,-1,11,23,523,852,892,9,8,42,False
R,11,1,0,1,-1,11,24,498,852,892,10,10,42,False
R,11,1,0,1,-1,11,25,472,852,892,11,11,42,False
R,11,1,0,1,-1,11,26,447,852,892,12,12,42,False
R,11,1,0,1,-1,11,27,420,852,892,13,13,42,False
R,11,1,0,1,-1,11,28,393,852,892,13,13,42,False
R,11,1,0,1,-1,12,12,605,852,892,0,0,42,False
R,11,1,0,1,-1,12,13,628,852,892,0,0,42,False
R,11,1,0,1,-1,12,14,649,852,892,0,0,42,False
R,11,1,0,1,-1,12,15,664,852,892,0,0,42,False
R,11,1,0,1,-1,12,16,666,852,892,0,0,42,False
R,11,1,0,1,-1,12,17,665,852,892,0,0,42,False
R,11,1,0,1,-1,12,18,659,852,892,4,0,42,False
R,11,1,0,1,-1,12,19,643,852,892,6,1,42,False
R,11,1,0,1,-1,12,20,624,852,892,7,4,42,False
R,11,1,0,1,-1,12,21,602,852,892,8,6,42,False
R,11,1,0,1,-1,12,22,579,852,892,9,7,42,False
R,11,1,0,1,-1,12,23,555,852,892,10,9,42,False
R,11,1,0,1,-1,12,24,529,852,892,11,10,42,False
R,11,1,0,1,-1,12,25,503,852,892,12,12,42,False
R,11,1,0,1,-1,12,26,477,852,892,14,14,42,False
R,11,1,0,1,-1,12,27,449,852,892,15,15,42,False
R,11,1,0,1,-1,12,28,421,852,892,15,15,42,False
R,11,1,0,1,-1,13,12,611,852,892,1,1,42,False
R,11,1,0,1,-1,13,13,637,852,892,1,1,42,False
R,11,1,0,1,-1,13,14,661,852,892,1,1,42,False
R,11,1,0,1,-1,13,15,683,852,892,0,0,42,False
R,11,1,0,1,-1,13,16,693,852,892,0,0,42,False
R,11,1,0,1,-1,13,17,694,852,892,0,0,42,False
R,11,1,0,1,-1,13,18,689,852,892,4,0,42,False
R,11,1,0,1,-1,13,19,677,852,892,6,0,42,False
R,11,1,0,1,-1,13,20,658,852,892,8,4,42,False
R,11,1,0,1,-1,13,21,636,852,892,9,6,42,False
R,11,1,0,1,-1,13,22,612,852,892,10,7,42,False
R,11,1,0,1,-1,13,23,587,852,892,11,9,42,False
R,11,1,0,1,-1,13,24,561,852,892,12,10,42,False
R,11,1,0,1,-1,13,25,534,852,892,14,13,42,False
R,11,1,0,1,-1,13,26,507,852,892,16,15,42,False
R,11,1,0,1,-1,13,27,478,852,892,17,17,42,False
R,11,1,0,1,-1,13,28,449,852,892,17,17,42,False
R,11,1,0,1,-1,14,12,613,852,892,1,1,42,False
R,11,1,0,1,-1,14,13,641,852,892,1,1,42,False
R,11,1,0,1,-1,14,14,668,852,892,1,1,42,False
R,11,1,0,1,-1,14,15,694,852,892,1,1,42,False
R,11,1,0,1,-1,14,16,714,852,892,1,1,42,False
R,11,1,0,1,-1,14,17,721,852,892,0,0,42,False
R,11,1,0,1,-1,14,18,718,852,892,0,0,42,False
R,11,1,0,1,-1,14,19,711,852,892,6,0,42,False
R,11,1,0,1,-1,14,20,692,852,892,9,3,42,False
R,11,1,0,1,-1,14,21,670,852,892,10,6,42,False
R,11,1,0,1,-1,14,22,645,852,892,11,8,42,False
R,11,1,0,1,-1,14,23,620,852,892,12,9,42,False
R,11,1,0,1,-1,14,24,593,852,892,14,12,42,False
R,11,1,0,1,-1,14,25,565,852,892,16,14,42,False
R,11,1,0,1,-1,14,26,537,852,892,18,17,42,False
R,11,1,0,1,-1,14,27,507,852,892,18,17,42,False
R,11,1,0,1,-1,14,28,476,852,892,19,18,42,False
R,11,1,0,1,-1,15,12,612,852,892,1,1,42,False
R,11,1,0,1,-1,15,13,642,852,892,1,1,42,False
R,11,1,0,1,-1,15,14,671,852,892,1,1,42,False
R,11,1,0,1,-1,15,15,699,852,892,2,2,42,False
R,11,1,0,1,-1,15,16,726,852,892,3,3,42,False
R,11,1,0,1,-1,15,17,743,852,892,3,3,42,False
R,11,1,0,1,-1,15,18,745,852,892,2,2,42,False
R,11,1,0,1,-1,15,19,740,852,892,6,0,42,False
R,11,1,0,1,-1,15,20,726,852,892,9,1,42,False
R,11,1,0,1,-1,15,21,704,852,892,11,6,42,False
R,11,1,0,1,-1,15,22,679,852,892,12,8,42,False
R,11,1,0,1,-1,15,23,653,852,892,14,10,42,False
R,11,1,0,1,-1,15,24,625,852,892,16,13,42,False
R,11,1,0,1,-1,15,25,596,852,892,19,16,42,False
R,11,1,0,1,-1,15,26,567,852,892,21,19,42,False
R,11,1,0,1,-1,15,27,535,852,892,22,20,42,False
R,11,1,0,1,-1,15,28,503,852,892,22,21,42,False
R,11,1,0,1,-1,16,12,609,852,892,2,2,42,False
R,11,1,0,1,-1,16,13,640,852,892,3,3,42,False
R,11,1,0,1,-1,16,14,670,852,892,4,4,42,False
R,11,1,0,1,-1,16,15,700,852,892,4,4,42,False
R,11,1,0,1,-1,16,16,729,852,892,4,4,42,False
R,11,1,0,1,-1,16,17,754,852,892,5,5,42,False
R,11,1,0,1,-1,16,18,765,852,892,6,6,42,False
R,11,1,0,1,-1,16,19,767,852,892,7,6,42,False
R,11,1,0,1,-1,16,20,760,852,892,14,5,42,False
R,11,1,0,1,-1,16,21,738,852,892,16,8,42,False
R,11,1,0,1,-1,16,22,713,852,892,17,12,42,False
R,11,1,0,1,-1,16,23,685,852,892,19,15,42,False
R,11,1,0,1,-1,16,24,656,852,892,23,19,42,False
R,11,1,0,1,-1,16,25,627,852,892,25,22,42,False
R,11,1,0,1,-1,16,26,595,852,892,25,22,42,False
R,11,1,0,1,-1,16,27,563,852,892,25,23,42,False
R,11,1,0,1,-1,16,28,530,852,892,25,23,42,False
R,11,1,0,1,-1,17,12,602,852,892,3,3,42,False
R,11,1,0,1,-1,17,13,635,852,892,4,4,42,False
R,11,1,0,1,-1,17,14,667,852,892,5,5,42,False
R,11,1,0,1,-1,17,15,698,852,892,6,6,42,False
R,11,1,0,1,-1,17,16,728,852,892,7,7,42,False
R,11,1,0,1,-1,17,17,757,852,892,8,8,42,False
R,11,1,0,1,-1,17,18,772,852,892,9,9,42,False
R,11,1,0,1,-1,17,19,783,852,892,10,10,42,False
R,11,1,0,1,-1,17,20,787,852,892,20,11,42,False
R,11,1,0,1,-1,17,21,771,852,892,26,16,42,False
R,11,1,0,1,-1,17,22,746,852,892,29,22,42,False
R,11,1,0,1,-1,17,23,717,852,892,33,28,42,False
R,11,1,0,1,-1,17,24,687,852,892,35,30,42,False
R,11,1,0,1,-1,17,25,656,852,892,34,30,42,False
R,11,1,0,1,-1,17,26,622,852,892,32,28,42,False
R,11,1,0,1,-1,17,27,588,852,892,30,27,42,False
R,11,1,0,1,-1,17,28,553,852,892,29,26,42,False
R,11,1,0,1,-1,18,12,589,852,892,4,4,42,False
R,11,1,0,1,-1,18,13,624,852,892,5,5,42,False
R,11,1,0,1,-1,18,14,658,852,892,6,6,42,False
R,11,1,0,1,-1,18,15,691,852,892,7,7,42,False
R,11,1,0,1,-1,18,16,724,852,892,8,8,42,False
R,11,1,0,1,-1,18,17,755,852,892,9,9,42,False
R,11,1,0,1,-1,18,18,775,852,892,10,10,42,False
R,11,1,0,1,-1,18,19,787,852,892,11,11,42,False
R,11,1,0,1,-1,18,20,794,852,892,17,14,42,False
R,11,1,0,1,-1,18,21,796,852,892,32,20,42,False
R,11,1,0,1,-1,18,22,775,852,892,38,29,42,False
R,11,1,0,1,-1,18,23,746,852,892,40,33,42,False
R,11,1,0,1,-1,18,24,715,852,892,41,35,42,False
R,11,1,0,1,-1,18,25,680,852,892,39,34,42,False
R,11,1,0,1,-1,18,26,645,852,892,37,33,42,False
R,11,1,0,1,-1,18,27,610,852,892,35,31,42,False
R,11,1,0,1,-1,18,28,575,852,892,34,31,42,False
R,11,1,0,1,-1,19,12,572,852,892,5,5,42,False
R,11,1,0,1,-1,19,13,607,852,892,6,6,42,False
R,11,1,0,1,-1,19,14,643,852,892,7,7,42,False
R,11,1,0,1,-1,19,15,678,852,892,8,8,42,False
R,11,1,0,1,-1,19,16,714,852,892,9,9,42,False
R,11,1,0,1,-1,19,17,747,852,892,10,10,42,False
R,11,1,0,1,-1,19,18,771,852,892,11,11,42,False
R,11,1,0,1,-1,19,19,785,852,892,13,13,42,False
R,11,1,0,1,-1,19,20,792,852,892,19,18,42,False
R,11,1,0,1,-1,19,21,795,852,892,37,25,42,False
R,11,1,0,1,-1,19,22,790,852,892,41,30,42,False
R,11,1,0,1,-1,19,23,763,852,892,42,33,42,False
R,11,1,0,1,-1,19,24,731,852,892,41,34,42,False
R,11,1,0,1,-1,19,25,697,852,892,41,34,42,False
R,11,1,0,1,-1,19,26,662,852,892,40,35,42,False
R,11,1,0,1,-1,19,27,627,852,892,38,33,42,False
R,11,1,0,1,-1,19,28,592,852,892,36,32,42,False
R,11,1,0,1,-1,20,12,553,852,892,6,6,42,False
R,11,1,0,1,-1,20,13,588,852,892,7,7,42,False
R,11,1,0,1,-1,20,14,623,852,892,8,8,42,False
R,11,1,0,1,-1,20,15,658,852,892,9,9,42,False
R,11,1,0,1,-1,20,16,693,852,892,10,10,42,False
R,11,1,0,1,-1,20,17,728,852,892,11,11,42,False
R,11,1,0,1,-1,20,18,753,852,892,13,13,42,False
R,11,1,0,1,-1,20,19,771,852,892,16,16,42,False
R,11,1,0,1,-1,20,20,783,852,892,23,22,42,False
R,11,1,0,1,-1,20,21,790,852,892,34,27,42,False
R,11,1,0,1,-1,20,22,792,852,892,42,30,42,False
R,11,1,0,1,-1,20,23,770,852,892,42,31,42,False
R,11,1,0,1,-1,20,24,740,852,892,42,33,42,False
R,11,1,0,1,-1,20,25,708,852,892,41,33,42,False
R,11,1,0,1,-1,20,26,674,852,892,41,34,42,False
R,11,1,0,1,-1,20,27,641,852,892,41,35,42,False
R,11,1,0,1,-1,20,28,607,852,892,39,34,42,False
R,11,1,0,1,-1,21,12,532,852,892,7,7,42,False
R,11,1,0,1,-1,21,13,566,852,892,8,8,42,False
R,11,1,0,1,-1,21,14,600,852,892,9,9,42,False
R,11,1,0,1,-1,21,15,634,852,892,10,10,42,False
R,11,1,0,1,-1,21,16,668,852,892,11,11,42,False
R,11,1,0,1,-1,21,17,700,852,892,13,13,42,False
R,11,1,0,1,-1,21,18,723,852,892,16,16,42,False
R,11,1,0,1,-1,21,19,744,852,892,20,20,42,False
R,11,1,0,1,-1,21,20,760,852,892,26,24,42,False
R,11,1,0,1,-1,21,21,775,852,892,32,27,42,False
R,11,1,0,1,-1,21,22,779,852,892,40,29,42,False
R,11,1,0,1,-1,21,23,768,852,892,42,30,42,False
R,11,1,0,1,-1,21,24,743,852,892,42,31,42,False
R,11,1,0,1,-1,21,25,714,852,892,42,32,42,False
R,11,1,0,1,-1,21,26,683,852,892,41,32,42,False
R,11,1,0,1,-1,21,27,651,852,892,41,34,42,False
R,11,1,0,1,-1,21,28,618,852,892,41,34,42,False
R,11,1,0,1,-1,22,12,509,852,892,8,8,42,False
R,11,1,0,1,-1,22,13,542,852,892,9,9,42,False
R,11,1,0,1,-1,22,14,575,852,892,10,10,42,False
R,11,1,0,1,-1,22,15,608,852,892,11,11,42,False
R,11,1,0,1,-1,22,16,640,852,892,13,13,42,False
R,11,1,0,1,-1,22,17,669,852,892,16,16,42,False
R,11,1,0,1,-1,22,18,692,852,892,19,19,42,False
R,11,1,0,1,-1,22,19,713,852,892,22,22,42,False
R,11,1,0,1,-1,22,20,731,852,892,27,24,42,False
R,11,1,0,1,-1,22,21,744,852,892,30,26,42,False
R,11,1,0,1,-1,22,22,753,852,892,35,28,42,False
R,11,1,0,1,-1,22,23,755,852,892,41,29,42,False
R,11,1,0,1,-1,22,24,741,852,892,42,30,42,False
R,11,1,0,1,-1,22,25,715,852,892,42,31,42,False
R,11,1,0,1,-1,22,26,687,852,892,42,31,42,False
R,11,1,0,1,-1,22,27,657,852,892,41,32,42,False
R,11,1,0,1,-1,22,28,626,852,892,41,33,42,False
R,11,1,0,1,-1,23,12,484,852,892,9,9,42,False
R,11,1,0,1,-1,23,13,516,852,892,10,10,42,False
R,11,1,0,1,-1,23,14,548,852,892,11,11,42,False
R,11,1,0,1,-1,23,15,579,852,892,13,13,42,False
R,11,1,0,1,-1,23,16,609,852,892,15,15,42,False
R,11,1,0,1,-1,23,17,637,852,892,18,18,42,False
R,11,1,0,1,-1,23,18,660,852,892,20,20,42,False
R,11,1,0,1,-1,23,19,681,852,892,23,22,42,False
R,11,1,0,1,-1,23,20,698,852,892,27,23,42,False
R,11,1,0,1,-1,23,21,712,852,892,29,25,42,False
R,11,1,0,1,-1,23,22,721,852,892,32,26,42,False
R,11,1,0,1,-1,23,23,727,852,892,39,28,42,False
R,11,1,0,1,-1,23,24,723,852,892,41,29,42,False
R,11,1,0,1,-1,23,25,710,852,892,42,30,42,False
R,11,1,0,1,-1,23,26,685,852,892,42,30,42,False
R,11,1,0,1,-1,23,27,658,852,892,41,30,42,False
R,11,1,0,1,-1,23,28,629,852,892,41,31,42,False
R,11,1,0,1,-1,24,12,457,852,892,9,9,42,False
R,11,1,0,1,-1,24,13,488,852,892,10,10,42,False
R,11,1,0,1,-1,24,14,518,852,892,12,12,42,False
R,11,1,0,1,-1,24,15,548,852,892,14,14,42,False
R,11,1,0,1,-1,24,16,577,852,892,16,16,42,False
R,11,1,0,1,-1,24,17,604,852,892,18,17,42,False
R,11,1,0,1,-1,24,18,627,852,892,20,19,42,False
R,11,1,0,1,-1,24,19,647,852,892,23,21,42,False
R,11,1,0,1,-1,24,20,664,852,892,26,23,42,False
R,11,1,0,1,-1,24,21,679,852,892,28,24,42,False
R,11,1,0,1,-1,24,22,689,852,892,30,25,42,False
R,11,1,0,1,-1,24,23,696,852,892,35,26,42,False
R,11,1,0,1,-1,24,24,699,852,892,40,28,42,False
R,11,1,0,1,-1,24,25,690,852,892,42,29,42,False
R,11,1,0,1,-1,24,26,675,852,892,42,29,42,False
R,11,1,0,1,-1,24,27,654,852,892,42,30,42,False
R,11,1,0,1,-1,24,28,628,852,892,41,30,42,False
R,11,1,0,1,-1,25,12,428,852,892,9,8,42,False
R,11,1,0,1,-1,25,13,458,852,892,10,9,42,False
R,11,1,0,1,-1,25,14,487,852,892,12,11,42,False
R,11,1,0,1,-1,25,15,516,852,892,14,13,42,False
R,11,1,0,1,-1,25,16,544,852,892,16,15,42,False
R,11,1,0,1,-1,25,17,570,852,892,18,16,42,False
R,11,1,0,1,-1,25,18,593,852,892,20,18,42,False
R,11,1,0,1,-1,25,19,613,852,892,23,20,42,False
R,11,1,0,1,-1,25,20,630,852,892,25,22,42,False
R,11,1,0,1,-1,25,21,645,852,892,27,23,42,False
R,11,1,0,1,-1,25,22,656,852,892,29,24,42,False
R,11,1,0,1,-1,25,23,665,852,892,32,25,42,False
R,11,1,0,1,-1,25,24,670,852,892,38,26,42,False
R,11,1,0,1,-1,25,25,668,852,892,40,27,42,False
R,11,1,0,1,-1,25,26,657,852,892,42,28,42,False
R,11,1,0,1,-1,25,27,640,852,892,42,29,42,False
R,11,1,0,1,-1,25,28,620,852,892,42,30,42,False
R,11,1,0,1,-1,26,12,399,852,892,9,8,42,False
R,11,1,0,1,-1,26,13,428,852,892,10,9,42,False
R,11,1,0,1,-1,26,14,456,852,892,12,10,42,False
R,11,1,0,1,-1,26,15,484,852,892,14,12,42,False
R,11,1,0,1,-1,26,16,511,852,892,16,14,42,False
R,11,1,0,1,-1,26,17,536,852,892,18,16,42,False
R,11,1,0,1,-1,26,18,559,852,892,20,17,42,False
R,11,1,0,1,-1,26,19,579,852,892,23,19,42,False
R,11,1,0,1,-1,26,20,596,852,892,24,21,42,False
R,11,1,0,1,-1,26,21,611,852,892,26,22,42,False
R,11,1,0,1,-1,26,22,623,852,892,28,23,42,False
R,11,1,0,1,-1,26,23,633,852,892,30,24,42,False
R,11,1,0,1,-1,26,24,640,852,892,35,25,42,False
R,11,1,0,1,-1,26,25,643,852,892,39,25,42,False
R,11,1,0,1,-1,26,26,636,852,892,41,26,42,False
R,11,1,0,1,-1,26,27,623,852,892,42,28,42,False
R,11,1,0,1,-1,26,28,605,852,892,42,29,42,False
R,11,1,0,1,-1,27,12,370,852,892,9,7,42,False
R,11,1,0,1,-1,27,13,398,852,892,10,8,42,False
R,11,1,0,1,-1,27,14,425,852,892,12,9,42,False
R,11,1,0,1,-1,27,15,452,852,892,14,11,42,False
R,11,1,0,1,-1,27,16,478,852,892,16,13,42,False
R,11,1,0,1,-1,27,17,502,852,892,18,15,42,False
R,11,1,0,1,-1,27,18,525,852,892,20,16,42,False
R,11,1,0,1,-1,27,19,545,852,892,22,17,42,False
R,11,1,0,1,-1,27,20,562,852,892,23,19,42,False
R,11,1,0,1,-1,27,21,577,852,892,25,21,42,False
R,11,1,0,1,-1,27,22,590,852,892,27,22,42,False
R,11,1,0,1,-1,27,23,600,852,892,29,23,42,False
R,11,1,0,1,-1,27,24,609,852,892,32,24,42,False
R,11,1,0,1,-1,27,25,614,852,892,37,24,42,False
R,11,1,0,1,-1,27,26,612,852,892,39,25,42,False
R,11,1,0,1,-1,27,27,604,852,892,41,26,42,False
R,11,1,0,1,-1,27,28,589,852,892,42,27,42,False
