eye,candidate_rank,male_hex1,male_hex2,female_lens_id,ray_x,ray_y,ray_z,male_column_region
L,1,2,6,46,0.07251993,0.28859007,-0.95470238,boundary
L,1,2,7,59,0.01185607,0.35638417,-0.93426428,boundary
L,1,2,8,75,-0.05199028,0.42328234,-0.90450487,interior
L,1,2,9,90,-0.10355054,0.46065860,-0.88151628,boundary
L,1,2,10,110,-0.20270158,0.48861602,-0.84862622,boundary
L,1,2,11,129,-0.25880908,0.51551914,-0.81685854,boundary
L,1,3,5,29,0.18078018,0.27111649,-0.94541757,boundary
L,1,3,6,42,0.13209518,0.33487792,-0.93295640,boundary
L,1,3,7,55,0.07125537,0.39396836,-0.91635779,interior
L,1,3,8,67,0.01107525,0.45202679,-0.89193560,interior
L,1,3,9,84,-0.04797294,0.50704699,-0.86058233,interior
L,1,3,10,101,-0.11193576,0.54674387,-0.82978402,interior
L,1,3,11,121,-0.17906095,0.57014468,-0.80179313,interior
L,1,3,12,142,-0.25780256,0.57018407,-0.78001792,interior
L,1,3,13,162,-0.33089517,0.56566158,-0.75533791,interior
L,1,3,14,183,-0.38278917,0.59039401,-0.71056834,boundary
L,1,4,3,9,0.29103310,0.16301553,-0.94272248,boundary
L,1,4,4,19,0.27718725,0.22624673,-0.93379850,boundary
L,1,4,5,27,0.24338578,0.29653376,-0.92348854,boundary
L,1,4,6,39,0.19959526,0.36673635,-0.90866175,interior
L,1,4,7,53,0.14025875,0.43434321,-0.88976034,interior
L,1,4,8,66,0.07985016,0.49315636,-0.86626829,interior
L,1,4,9,82,0.02455065,0.54639064,-0.83717055,interior
L,1,4,10,99,-0.03708721,0.59639021,-0.80183742,interior
L,1,4,11,119,-0.09881263,0.63004751,-0.77024425,interior
L,1,4,12,139,-0.16937701,0.64273862,-0.74712683,interior
L,1,4,13,156,-0.24641163,0.65104810,-0.71792596,interior
L,1,4,14,176,-0.31904242,0.65223654,-0.68760412,interior
L,1,4,15,198,-0.42139309,0.62088393,-0.66100757,interior
L,1,4,16,217,-0.44952218,0.61111718,-0.65151025,boundary
L,1,4,17,243,-0.50942467,0.60710335,-0.60984591,boundary
L,1,5,2,3,0.38175523,0.08713387,-0.92014707,boundary
L,1,5,3,8,0.36903371,0.17773844,-0.91226266,boundary
L,1,5,4,17,0.34719686,0.24946516,-0.90400303,interior
L,1,5,5,28,0.31512687,0.31802633,-0.89417801,interior
L,1,5,6,41,0.27784092,0.38999547,-0.87789974,interior
L,1,5,7,54,0.22922507,0.46352578,-0.85592039,interior
L,1,5,8,68,0.16857836,0.53104413,-0.83040560,interior
L,1,5,9,85,0.11339124,0.58630654,-0.80211413,interior
L,1,5,10,102,0.05459714,0.63403807,-0.77137207,interior
L,1,5,11,120,-0.01334532,0.67388300,-0.73871754,interior
L,1,5,12,140,-0.08083751,0.70029184,-0.70926485,interior
L,1,5,13,157,-0.15200157,0.71859983,-0.67860873,interior
L,1,5,14,177,-0.22812638,0.72689122,-0.64775575,interior
L,1,5,15,196,-0.30895776,0.72124937,-0.61995520,interior
L,1,5,16,214,-0.38736674,0.70312184,-0.59629413,interior
L,1,5,17,237,-0.45421670,0.68779956,-0.56623224,interior
L,1,5,18,262,-0.53450524,0.66006076,-0.52784840,interior
L,1,5,19,283,-0.57781106,0.63979323,-0.50675340,boundary
L,1,6,1,1,0.40626247,0.02071833,-0.91352152,boundary
L,1,6,2,4,0.45081917,0.12419923,-0.88393248,boundary
L,1,6,3,12,0.43772515,0.19213654,-0.87833948,interior
L,1,6,4,20,0.42099120,0.26712856,-0.86683836,interior
L,1,6,5,30,0.39325347,0.33923538,-0.85455899,interior
L,1,6,6,43,0.35663809,0.40507551,-0.84185694,interior
L,1,6,7,57,0.31678528,0.47366181,-0.82176126,interior
L,1,6,8,73,0.26827186,0.54507510,-0.79430684,interior
L,1,6,9,89,0.21472100,0.60880137,-0.76371184,interior
L,1,6,10,104,0.15875398,0.66051401,-0.73383814,interior
L,1,6,11,124,0.08684269,0.70715177,-0.70170843,interior
L,1,6,12,141,0.01449839,0.74476321,-0.66717131,interior
L,1,6,13,159,-0.05319257,0.77157697,-0.63390815,interior
L,1,6,14,179,-0.12514057,0.78564345,-0.60589125,interior
L,1,6,15,199,-0.20372127,0.78842170,-0.58042128,interior
L,1,6,16,218,-0.28170063,0.78494752,-0.55181713,interior
L,1,6,17,240,-0.36511591,0.77294707,-0.51888650,interior
L,1,6,18,261,-0.44208116,0.75051747,-0.49121052,interior
L,1,6,19,280,-0.51376694,0.72216453,-0.46316511,interior
L,1,6,20,303,-0.58899147,0.68514430,-0.42856310,interior
L,1,6,21,323,-0.61197621,0.66576544,-0.42689753,boundary
L,1,7,1,2,0.47043628,0.01920187,-0.88222502,boundary
L,1,7,2,7,0.49436724,0.11256349,-0.86193416,interior
L,1,7,3,14,0.49993891,0.19820478,-0.84307529,interior
L,1,7,4,22,0.48461345,0.27238146,-0.83123892,interior
L,1,7,5,35,0.46142974,0.34418077,-0.81769321,interior
L,1,7,6,47,0.43204196,0.41746849,-0.79941217,interior
L,1,7,7,60,0.39437169,0.48221098,-0.78226821,interior
L,1,7,8,76,0.35454934,0.54618351,-0.75893236,interior
L,1,7,9,92,0.30747357,0.61539211,-0.72577721,interior
L,1,7,10,109,0.25460718,0.67584347,-0.69167245,interior
L,1,7,11,126,0.18759670,0.72541430,-0.66225492,interior
L,1,7,12,144,0.11843725,0.77045535,-0.62639539,interior
L,1,7,13,166,0.05092527,0.80661812,-0.58887506,interior
L,1,7,14,184,-0.01918196,0.83172953,-0.55484956,interior
L,1,7,15,203,-0.09415738,0.84381955,-0.52830195,interior
L,1,7,16,223,-0.17487661,0.84373064,-0.50748082,interior
L,1,7,17,244,-0.25516909,0.84231847,-0.47475081,interior
L,1,7,18,263,-0.34129715,0.82760015,-0.44563914,interior
L,1,7,19,284,-0.41674975,0.80515358,-0.42195658,interior
L,1,7,20,305,-0.49132739,0.77498092,-0.39749461,interior
L,1,7,21,324,-0.55804362,0.74005898,-0.37536652,interior
L,1,7,22,343,-0.62722013,0.69356451,-0.35434894,interior
L,1,7,23,367,-0.69599309,0.64365365,-0.31828227,boundary
L,1,8,1,6,0.52507250,0.03310948,-0.85041321,boundary
L,1,8,2,11,0.54949687,0.11236419,-0.82790548,interior
L,1,8,3,18,0.55511610,0.19151045,-0.80942564,interior
L,1,8,4,26,0.54761266,0.26707637,-0.79296317,interior
L,1,8,5,36,0.52633747,0.33960714,-0.77951001,interior
L,1,8,6,50,0.50258549,0.41361552,-0.75916403,interior
L,1,8,7,65,0.47084648,0.48192153,-0.73895550,interior
L,1,8,8,79,0.43129783,0.54712830,-0.71737912,interior
L,1,8,9,96,0.38874912,0.61477502,-0.68624034,interior
L,1,8,10,113,0.34062547,0.67940719,-0.64990781,interior
L,1,8,11,131,0.28452959,0.72946859,-0.62202773,interior
L,1,8,12,150,0.21865319,0.77695354,-0.59036766,interior
L,1,8,13,168,0.15137380,0.82084038,-0.55073319,interior
L,1,8,14,186,0.08189145,0.85535345,-0.51153130,interior
L,1,8,15,207,0.00833415,0.87831413,-0.47801133,interior
L,1,8,16,226,-0.07184281,0.88927639,-0.45169250,interior
L,1,8,17,247,-0.14802716,0.89344838,-0.42407304,interior
L,1,8,18,267,-0.23130781,0.88755033,-0.39843582,interior
L,1,8,19,288,-0.30868434,0.87435532,-0.37445528,interior
L,1,8,20,308,-0.38718078,0.85251530,-0.35115338,interior
L,1,8,21,327,-0.46316282,0.82490624,-0.32405230,interior
L,1,8,22,349,-0.53622109,0.78896408,-0.30000437,interior
L,1,8,23,369,-0.60969806,0.74198129,-0.27880466,interior
L,1,8,24,389,-0.69871805,0.66698965,-0.25868495,interior
L,1,8,25,411,-0.77675949,0.58208299,-0.24046640,boundary
L,1,9,1,10,0.60032076,0.02117987,-0.79947883,boundary
L,1,9,2,15,0.60818800,0.10680735,-0.78657457,interior
L,1,9,3,24,0.61687601,0.18569796,-0.76484002,interior
L,1,9,4,33,0.61017708,0.26160460,-0.74782817,interior
L,1,9,5,45,0.59030751,0.33153331,-0.73595021,interior
L,1,9,6,58,0.57097450,0.40534595,-0.71392071,interior
L,1,9,7,72,0.54684236,0.47327090,-0.69063600,interior
L,1,9,8,86,0.51155738,0.53899376,-0.66917469,interior
L,1,9,9,100,0.47051457,0.60919688,-0.63835350,interior
L,1,9,10,118,0.42366923,0.67481313,-0.60426122,interior
L,1,9,11,136,0.37398564,0.72839268,-0.57408958,interior
L,1,9,12,154,0.31385796,0.77537694,-0.54798155,interior
L,1,9,13,173,0.24814339,0.82176289,-0.51296258,interior
L,1,9,14,194,0.17588099,0.86386682,-0.47201694,interior
L,1,9,15,212,0.10553573,0.89271143,-0.43809646,interior
L,1,9,16,231,0.03408862,0.91426081,-0.40368940,interior
L,1,9,17,253,-0.04929702,0.92723270,-0.37122677,interior
L,1,9,18,273,-0.12632254,0.93038420,-0.34413347,interior
L,1,9,19,294,-0.20093359,0.92614215,-0.31919651,interior
L,1,9,20,313,-0.27828082,0.91443500,-0.29388503,interior
L,1,9,21,336,-0.35928255,0.89321125,-0.27035110,interior
L,1,9,22,355,-0.43502148,0.86660045,-0.24445851,interior
L,1,9,23,376,-0.51251709,0.82879565,-0.22455288,interior
L,1,9,24,396,-0.59313647,0.77817346,-0.20648292,interior
L,1,9,25,417,-0.67962951,0.70964634,-0.18575735,interior
L,1,9,26,437,-0.76589728,0.61898287,-0.17395851,interior
L,1,9,27,457,-0.84117393,0.52172777,-0.14222008,boundary
L,1,10,1,16,0.64992099,0.01734627,-0.75980380,boundary
L,1,10,2,23,0.66240472,0.09111025,-0.74358517,interior
L,1,10,3,31,0.66898519,0.16473019,-0.72479154,interior
L,1,10,4,40,0.66953398,0.24278164,-0.70198385,interior
L,1,10,5,51,0.65390767,0.31487224,-0.68793912,interior
L,1,10,6,64,0.63784210,0.38811481,-0.66522504,interior
L,1,10,7,78,0.61753929,0.45964391,-0.63825756,interior
L,1,10,8,94,0.58709798,0.52471194,-0.61643599,interior
L,1,10,9,111,0.54854726,0.59631507,-0.58609235,interior
L,1,10,10,127,0.50503976,0.66269912,-0.55295996,interior
L,1,10,11,145,0.45582770,0.71991992,-0.52338936,interior
L,1,10,12,163,0.40039755,0.77030490,-0.49629846,interior
L,1,10,13,182,0.34095311,0.81636970,-0.46614535,interior
L,1,10,14,201,0.26973322,0.86203740,-0.42911014,interior
L,1,10,15,221,0.19795966,0.89837968,-0.39207898,interior
L,1,10,16,239,0.12709098,0.92550873,-0.35676529,interior
L,1,10,17,259,0.05436906,0.94442537,-0.32419859,interior
L,1,10,18,278,-0.02655650,0.95505693,-0.29523045,interior
L,1,10,19,301,-0.09519370,0.96057762,-0.26120642,interior
L,1,10,20,322,-0.17219956,0.95814261,-0.22871389,interior
L,1,10,21,341,-0.25227619,0.94616645,-0.20279489,interior
L,1,10,22,361,-0.33085590,0.92570470,-0.18331715,interior
L,1,10,23,384,-0.40875474,0.89736814,-0.16628286,interior
L,1,10,24,404,-0.48942731,0.85992429,-0.14488314,interior
L,1,10,25,426,-0.57367747,0.81026281,-0.11986800,interior
L,1,10,26,445,-0.67070531,0.73465251,-0.10217670,interior
L,1,10,27,466,-0.76362423,0.63966540,-0.08778503,interior
L,1,10,28,487,-0.84910905,0.52291500,-0.07465739,interior
L,1,11,1,25,0.69687902,-0.02488855,-0.71675672,boundary
L,1,11,2,32,0.70986343,0.06518216,-0.70131676,interior
L,1,11,3,38,0.71520579,0.14231991,-0.68427021,interior
L,1,11,4,48,0.71784153,0.21753707,-0.66134799,interior
L,1,11,5,62,0.71106442,0.29312343,-0.63911349,interior
L,1,11,6,74,0.69635430,0.36753102,-0.61645084,interior
L,1,11,7,88,0.67956696,0.43618939,-0.58985385,interior
L,1,11,8,103,0.65240543,0.50310310,-0.56679311,interior
L,1,11,9,117,0.61829276,0.57328207,-0.53764462,interior
L,1,11,10,135,0.57966188,0.64133483,-0.50267459,interior
L,1,11,11,152,0.53551764,0.70001964,-0.47243345,interior
L,1,11,12,169,0.48206509,0.75734492,-0.44050188,interior
L,1,11,13,189,0.42071019,0.80986500,-0.40880511,interior
L,1,11,14,208,0.35812339,0.85440813,-0.37647628,interior
L,1,11,15,229,0.28957213,0.89434431,-0.34102233,interior
L,1,11,16,248,0.21985935,0.92748007,-0.30239475,interior
L,1,11,17,268,0.14481985,0.95164791,-0.27091229,interior
L,1,11,18,290,0.06636724,0.96606965,-0.24960932,interior
L,1,11,19,310,-0.00141018,0.97575575,-0.21885776,interior
L,1,11,20,329,-0.07643593,0.98067969,-0.18006913,interior
L,1,11,21,351,-0.15520878,0.97702044,-0.14608658,interior
L,1,11,22,372,-0.23058024,0.96546085,-0.12131822,interior
L,1,11,23,390,-0.30870602,0.94509133,-0.10725189,interior
L,1,11,24,412,-0.38800272,0.91752874,-0.08714870,interior
L,1,11,25,435,-0.47397112,0.87833386,-0.06229765,interior
L,1,11,26,456,-0.56902353,0.82147365,-0.03732651,interior
L,1,11,27,476,-0.66717757,0.74448109,-0.02493989,interior
L,1,11,28,496,-0.76373364,0.64523936,-0.01941915,interior
L,1,11,29,515,-0.85232751,0.52297349,-0.00604579,interior
L,1,12,1,37,0.73455025,-0.05878152,-0.67600345,boundary
L,1,12,2,44,0.75467006,0.02752891,-0.65552671,interior
L,1,12,3,49,0.76111240,0.10979601,-0.63925953,interior
L,1,12,4,61,0.76418841,0.18684830,-0.61733604,interior
L,1,12,5,70,0.75710879,0.26319784,-0.59792406,interior
L,1,12,6,81,0.74787585,0.33594337,-0.57255896,interior
L,1,12,7,98,0.73270431,0.40962690,-0.54346131,interior
L,1,12,8,112,0.70975149,0.47579553,-0.51949152,interior
L,1,12,9,128,0.67866974,0.54423617,-0.49316769,interior
L,1,12,10,143,0.64267363,0.61317314,-0.45933572,interior
L,1,12,11,164,0.60579542,0.67470292,-0.42164899,interior
L,1,12,12,181,0.55834408,0.73371010,-0.38719681,interior
L,1,12,13,200,0.50071849,0.79140703,-0.35065069,interior
L,1,12,14,219,0.43976164,0.84001080,-0.31779168,interior
L,1,12,15,238,0.37160107,0.88323144,-0.28603299,interior
L,1,12,16,257,0.30387183,0.91979825,-0.24826012,interior
L,1,12,17,276,0.23708286,0.94707976,-0.21640623,interior
L,1,12,18,297,0.16288547,0.96737435,-0.19404943,interior
L,1,12,19,318,0.09192900,0.98121256,-0.16962008,interior
L,1,12,20,339,0.02088230,0.99043871,-0.13636384,interior
L,1,12,21,359,-0.05993521,0.99306168,-0.10117449,interior
L,1,12,22,382,-0.14060283,0.98760169,-0.06981221,interior
L,1,12,23,402,-0.21572816,0.97536650,-0.04606031,interior
L,1,12,24,424,-0.29173977,0.95617005,-0.02503481,interior
L,1,12,25,446,-0.37080267,0.92871113,0.00100801,interior
L,1,12,26,467,-0.46584410,0.88461708,0.02102153,interior
L,1,12,27,489,-0.56224845,0.82622077,0.03515579,interior
L,1,12,28,509,-0.66009032,0.75008506,0.04065920,interior
L,1,12,29,526,-0.75911899,0.65013036,0.03269365,interior
L,1,12,30,543,-0.86423346,0.50297707,0.01070487,interior
L,1,13,1,52,0.77903726,-0.07707030,-0.62222272,boundary
L,1,13,2,56,0.79159852,-0.00940048,-0.61096924,interior
L,1,13,3,63,0.80325057,0.07126171,-0.59136307,interior
L,1,13,4,71,0.80661280,0.15048793,-0.57160229,interior
L,1,13,5,80,0.80375601,0.22352924,-0.55137188,interior
L,1,13,6,95,0.79655116,0.29739667,-0.52636628,interior
L,1,13,7,108,0.78172855,0.37608071,-0.49745731,interior
L,1,13,8,123,0.75892954,0.44815650,-0.47242111,interior
L,1,13,9,138,0.73352795,0.51234937,-0.44658131,interior
L,1,13,10,155,0.70128632,0.58174278,-0.41203499,interior
L,1,13,11,171,0.66520836,0.64295448,-0.37961476,interior
L,1,13,12,192,0.62285826,0.70442947,-0.34033323,interior
L,1,13,13,211,0.57357254,0.76091265,-0.30335866,interior
L,1,13,14,230,0.52161038,0.80879557,-0.27161063,interior
L,1,13,15,249,0.45724348,0.85725123,-0.23674615,interior
L,1,13,16,270,0.38718301,0.89931952,-0.20325774,interior
L,1,13,17,291,0.32367599,0.93034534,-0.17231192,interior
L,1,13,18,309,0.25657463,0.95581947,-0.14345244,interior
L,1,13,19,328,0.18169232,0.97664865,-0.11465303,interior
L,1,13,20,350,0.11074460,0.99003348,-0.08700194,interior
L,1,13,21,371,0.03662215,0.99772061,-0.05667813,interior
L,1,13,22,392,-0.04909504,0.99854316,-0.02238848,interior
L,1,13,23,416,-0.12603020,0.99201207,0.00533397,interior
L,1,13,24,436,-0.20305400,0.97879544,0.02699200,interior
L,1,13,25,458,-0.27932401,0.95868021,0.05394762,interior
L,1,13,26,480,-0.36354566,0.92819905,0.07925324,interior
L,1,13,27,500,-0.45590000,0.88579769,0.08670429,interior
L,1,13,28,521,-0.55366490,0.82752359,0.09305851,interior
L,1,13,29,538,-0.65575565,0.74910941,0.09391287,interior
L,1,13,30,557,-0.76147466,0.64150592,0.09287898,interior
L,1,13,31,572,-0.87144192,0.48252409,0.08808791,interior
L,1,14,2,69,0.81887025,-0.05739801,-0.57110154,boundary
L,1,14,3,77,0.83612299,0.02651865,-0.54790064,interior
L,1,14,4,83,0.84509390,0.10351009,-0.52450163,interior
L,1,14,5,93,0.84443577,0.18342304,-0.50327350,interior
L,1,14,6,105,0.83982939,0.25944859,-0.47683647,interior
L,1,14,7,115,0.82574011,0.33865460,-0.45107242,interior
L,1,14,8,134,0.80637581,0.41262878,-0.42366915,interior
L,1,14,9,151,0.78359041,0.47827936,-0.39652858,interior
L,1,14,10,167,0.75563279,0.54851563,-0.35798001,interior
L,1,14,11,185,0.72053909,0.61076623,-0.32831088,interior
L,1,14,12,202,0.68007037,0.67050656,-0.29652192,interior
L,1,14,13,224,0.63371153,0.72933557,-0.25783584,interior
L,1,14,14,242,0.58917029,0.77472003,-0.22953701,interior
L,1,14,15,260,0.53831721,0.81962024,-0.19605418,interior
L,1,14,16,279,0.47442819,0.86569725,-0.15964385,interior
L,1,14,17,300,0.40273758,0.90609447,-0.12959652,interior
L,1,14,18,320,0.33351040,0.93765799,-0.09781769,interior
L,1,14,19,342,0.26193328,0.96308608,-0.06209793,interior
L,1,14,20,360,0.19521042,0.98006068,-0.03706694,interior
L,1,14,21,383,0.12874461,0.99162883,-0.00985299,interior
L,1,14,22,405,0.05022159,0.99852351,0.02070269,interior
L,1,14,23,428,-0.03344786,0.99827222,0.04830951,interior
L,1,14,24,450,-0.11632244,0.99085289,0.06840790,interior
L,1,14,25,471,-0.20066264,0.97531474,0.09217191,interior
L,1,14,26,491,-0.28118333,0.95163465,0.12380403,interior
L,1,14,27,512,-0.36772432,0.91876622,0.14369227,interior
L,1,14,28,533,-0.46037005,0.87468174,0.15162874,interior
L,1,14,29,552,-0.55696423,0.81475970,0.16111322,interior
L,1,14,30,571,-0.65405800,0.73781058,0.16686427,interior
L,1,14,31,588,-0.76377073,0.62173197,0.17350394,interior
L,1,14,32,601,-0.86372307,0.47184336,0.17704885,boundary
L,1,15,2,87,0.84285893,-0.11325788,-0.52608125,boundary
L,1,15,3,91,0.86454400,-0.01869781,-0.50220918,interior
L,1,15,4,97,0.87390539,0.06088941,-0.48226741,interior
L,1,15,5,107,0.87710485,0.13714886,-0.46030129,interior
L,1,15,6,116,0.87649571,0.21389677,-0.43128117,interior
L,1,15,7,132,0.86734226,0.29188269,-0.40314005,interior
L,1,15,8,147,0.85062837,0.36815251,-0.37535997,interior
L,1,15,9,161,0.82998056,0.43711341,-0.34650273,interior
L,1,15,10,178,0.80497817,0.50419203,-0.31273079,interior
L,1,15,11,195,0.77163286,0.57158270,-0.27906261,interior
L,1,15,12,213,0.73260840,0.63311845,-0.24989188,interior
L,1,15,13,233,0.68996107,0.69148255,-0.21402244,interior
L,1,15,14,254,0.64889977,0.73802806,-0.18505046,interior
L,1,15,15,272,0.60034313,0.78422406,-0.15678253,interior
L,1,15,16,292,0.54312430,0.83115985,-0.11911881,interior
L,1,15,17,312,0.47612866,0.87525631,-0.08501703,interior
L,1,15,18,335,0.40776578,0.91160002,-0.05208136,interior
L,1,15,19,354,0.33932756,0.94049204,-0.01820770,interior
L,1,15,20,375,0.27472085,0.96146555,0.01060437,interior
L,1,15,21,397,0.21097473,0.97682857,0.03599457,interior
L,1,15,22,418,0.14130655,0.98819417,0.05920087,interior
L,1,15,23,439,0.05759471,0.99507063,0.08072976,interior
L,1,15,24,461,-0.03359656,0.99392536,0.10480291,interior
L,1,15,25,481,-0.12213492,0.98374222,0.13165980,interior
L,1,15,26,503,-0.20635334,0.96413588,0.16691404,interior
L,1,15,27,525,-0.29103250,0.93593917,0.19828757,interior
L,1,15,28,546,-0.37921174,0.90042718,0.21314164,interior
L,1,15,29,565,-0.47268160,0.85313498,0.22075508,interior
L,1,15,30,584,-0.56443921,0.79149038,0.23441707,interior
L,1,15,31,603,-0.66254217,0.70808935,0.24422805,interior
L,1,15,32,618,-0.77251958,0.58160659,0.25484754,interior
L,1,16,3,106,0.89013727,-0.07077572,-0.45016267,boundary
L,1,16,4,114,0.90040142,0.01527706,-0.43479179,interior
L,1,16,5,122,0.90567405,0.09239645,-0.41378427,interior
L,1,16,6,133,0.90508878,0.16798757,-0.39063344,interior
L,1,16,7,146,0.90131360,0.24099500,-0.35993778,interior
L,1,16,8,160,0.88986576,0.31865006,-0.32649821,interior
L,1,16,9,175,0.87029473,0.39371920,-0.29592614,interior
L,1,16,10,193,0.84501241,0.46211405,-0.26908109,interior
L,1,16,11,210,0.81717325,0.52503202,-0.23784292,interior
L,1,16,12,228,0.78412682,0.58456443,-0.20839760,interior
L,1,16,13,246,0.74187679,0.64732615,-0.17489335,interior
L,1,16,14,265,0.70074505,0.69880885,-0.14360559,interior
L,1,16,15,286,0.65730812,0.74515551,-0.11264676,interior
L,1,16,16,306,0.59821988,0.79778035,-0.07536241,interior
L,1,16,17,325,0.53975812,0.84097427,-0.03772856,interior
L,1,16,18,344,0.47857849,0.87804127,-0.00248128,interior
L,1,16,19,368,0.41446010,0.90963302,0.02811736,interior
L,1,16,20,387,0.35232065,0.93428238,0.05464973,interior
L,1,16,21,409,0.28813010,0.95457801,0.07590697,interior
L,1,16,22,431,0.21721657,0.97179180,0.09185670,interior
L,1,16,23,451,0.14007593,0.98330882,0.11611416,interior
L,1,16,24,474,0.04922914,0.98823036,0.14483525,interior
L,1,16,25,495,-0.04489225,0.98399555,0.17244551,interior
L,1,16,26,516,-0.13108866,0.96961910,0.20652984,interior
L,1,16,27,537,-0.21499040,0.94635474,0.24122984,interior
L,1,16,28,559,-0.30146425,0.91500288,0.26812131,interior
L,1,16,29,579,-0.39000394,0.87764867,0.27862113,interior
L,1,16,30,597,-0.48149155,0.82618004,0.29256184,interior
L,1,16,31,616,-0.57865035,0.75545241,0.30733602,interior
L,1,16,32,631,-0.68344541,0.66075657,0.31032745,interior
L,1,16,33,642,-0.80746152,0.51294604,0.29136276,boundary
L,1,17,3,125,0.89742190,-0.13047495,-0.42143827,boundary
L,1,17,4,130,0.91536747,-0.03759068,-0.40086074,interior
L,1,17,5,137,0.92660431,0.04603817,-0.37320896,interior
L,1,17,6,148,0.92980749,0.11908211,-0.34824917,interior
L,1,17,7,158,0.92802351,0.18998397,-0.32043479,interior
L,1,17,8,172,0.92039547,0.26503242,-0.28745434,interior
L,1,17,9,188,0.90429371,0.34369868,-0.25322738,interior
L,1,17,10,206,0.88207350,0.41385052,-0.22510908,interior
L,1,17,11,225,0.85517977,0.47796895,-0.20053239,interior
L,1,17,12,241,0.82946334,0.53206019,-0.17000741,interior
L,1,17,13,258,0.79368818,0.59239921,-0.13828322,interior
L,1,17,14,277,0.75171678,0.65116894,-0.10440734,interior
L,1,17,15,296,0.70762470,0.70313367,-0.06978767,interior
L,1,17,16,319,0.65626917,0.75375192,-0.03418812,interior
L,1,17,17,338,0.59614863,0.80284658,0.00664683,interior
L,1,17,18,357,0.54218122,0.83926722,0.04086638,interior
L,1,17,19,380,0.48424490,0.87238179,0.06675994,interior
L,1,17,20,401,0.42296175,0.90152370,0.09142416,interior
L,1,17,21,421,0.35707843,0.92786531,0.10752195,interior
L,1,17,22,442,0.28627734,0.94991433,0.12533179,interior
L,1,17,23,465,0.20771679,0.96635342,0.15170631,interior
L,1,17,24,486,0.12522707,0.97488392,0.18417251,interior
L,1,17,25,508,0.03240940,0.97608350,0.21496659,interior
L,1,17,26,530,-0.05563297,0.96774374,0.24571735,interior
L,1,17,27,551,-0.14144572,0.94946306,0.28020172,interior
L,1,17,28,573,-0.23127707,0.92329354,0.30665934,interior
L,1,17,29,592,-0.31449653,0.89099188,0.32745290,interior
L,1,17,30,613,-0.40336851,0.84703829,0.34615021,interior
L,1,17,31,629,-0.49999256,0.78531144,0.36509365,interior
L,1,17,32,647,-0.59859935,0.70808833,0.37455271,interior
L,1,17,33,660,-0.70786946,0.60420909,0.36585818,boundary
L,1,18,4,149,0.92118751,-0.11706758,-0.37109130,boundary
L,1,18,5,153,0.93966882,-0.00662697,-0.34202134,interior
L,1,18,6,165,0.94692879,0.07540810,-0.31247317,interior
L,1,18,7,174,0.94709033,0.14385363,-0.28692514,interior
L,1,18,8,187,0.94326251,0.21229922,-0.25531332,interior
L,1,18,9,204,0.93197412,0.28634810,-0.22232634,interior
L,1,18,10,220,0.91551969,0.35771161,-0.18402746,interior
L,1,18,11,235,0.89089379,0.42633106,-0.15668465,interior
L,1,18,12,255,0.86495379,0.48513650,-0.12844269,interior
L,1,18,13,274,0.83592834,0.54022748,-0.09684048,interior
L,1,18,14,293,0.80054021,0.59611029,-0.06154582,interior
L,1,18,15,311,0.75676367,0.65325642,-0.02376541,interior
L,1,18,16,332,0.71363640,0.70043460,0.01069889,interior
L,1,18,17,353,0.65933382,0.75043064,0.04618190,interior
L,1,18,18,373,0.60033915,0.79602416,0.07706126,interior
L,1,18,19,393,0.54795640,0.83055926,0.09957461,interior
L,1,18,20,413,0.48569213,0.86633239,0.11649610,interior
L,1,18,21,434,0.41633619,0.89897291,0.13605835,interior
L,1,18,22,455,0.34256496,0.92602303,0.15852633,interior
L,1,18,23,477,0.26843576,0.94446488,0.18954768,interior
L,1,18,24,501,0.18598772,0.95757307,0.22014174,interior
L,1,18,25,522,0.10216036,0.96087273,0.25746233,interior
L,1,18,26,544,0.01495629,0.95635427,0.29182670,interior
L,1,18,27,564,-0.07094501,0.94175329,0.32873630,interior
L,1,18,28,585,-0.16294423,0.91960194,0.35746531,interior
L,1,18,29,606,-0.25005217,0.89232330,0.37580983,interior
L,1,18,30,625,-0.32927044,0.85807693,0.39406212,interior
L,1,18,31,644,-0.42327841,0.80247826,0.42055204,interior
L,1,18,32,661,-0.52510769,0.72907308,0.43899244,interior
L,1,18,33,673,-0.62932121,0.63896805,0.44235126,interior
L,1,18,34,680,-0.73171508,0.52767171,0.43145753,boundary
L,1,19,5,170,0.94876672,-0.06906829,-0.30833632,interior
L,1,19,6,180,0.95962205,0.01777548,-0.28073039,interior
L,1,19,7,191,0.96450147,0.09070160,-0.24801237,interior
L,1,19,8,205,0.96315077,0.15786517,-0.21775946,interior
L,1,19,9,215,0.95567734,0.22846877,-0.18569555,interior
L,1,19,10,234,0.94272279,0.29744262,-0.15100207,interior
L,1,19,11,251,0.92403145,0.36557524,-0.11189558,interior
L,1,19,12,269,0.89849961,0.43077702,-0.08443700,interior
L,1,19,13,289,0.86932019,0.49113439,-0.05540237,interior
L,1,19,14,307,0.83670069,0.54725634,-0.02103458,interior
L,1,19,15,326,0.79880409,0.60143381,0.01376226,interior
L,1,19,16,345,0.76052167,0.64757690,0.04744417,interior
L,1,19,17,365,0.71252519,0.69742398,0.07686116,interior
L,1,19,18,386,0.65886861,0.74492289,0.10479523,interior
L,1,19,19,406,0.60392190,0.78734522,0.12395903,interior
L,1,19,20,427,0.54317134,0.82666328,0.14694460,interior
L,1,19,21,448,0.47212412,0.86425470,0.17367390,interior
L,1,19,22,470,0.39960663,0.89478723,0.19917420,interior
L,1,19,23,492,0.32892911,0.91569485,0.23088652,interior
L,1,19,24,514,0.25305552,0.93108809,0.26275060,interior
L,1,19,25,535,0.17178993,0.93974936,0.29556616,interior
L,1,19,26,558,0.08797602,0.93808733,0.33504085,interior
L,1,19,27,578,0.00087377,0.92872353,0.37077195,interior
L,1,19,28,598,-0.09328475,0.91079529,0.40218143,interior
L,1,19,29,620,-0.18300701,0.88440720,0.42933942,interior
L,1,19,30,638,-0.26462650,0.85332976,0.44922281,interior
L,1,19,31,655,-0.34989988,0.81187249,0.46736831,interior
L,1,19,32,671,-0.45012966,0.74672842,0.48967332,interior
L,1,19,33,687,-0.55353762,0.66776794,0.49767668,interior
L,1,19,34,696,-0.65720298,0.56242529,0.50175894,boundary
L,1,20,5,190,0.93992173,-0.13261354,-0.31458034,boundary
L,1,20,6,197,0.96482218,-0.05114276,-0.25788094,interior
L,1,20,7,209,0.97699896,0.02705026,-0.21152145,interior
L,1,20,8,222,0.97903969,0.09397976,-0.18069057,interior
L,1,20,9,232,0.97458390,0.16613776,-0.15028128,interior
L,1,20,10,250,0.96467476,0.23516801,-0.11873757,interior
L,1,20,11,266,0.94972134,0.30283690,-0.07949336,interior
L,1,20,12,285,0.92816832,0.36972880,-0.04247571,interior
L,1,20,13,302,0.90115737,0.43333163,-0.01179409,interior
L,1,20,14,321,0.86937270,0.49387665,0.01664210,interior
L,1,20,15,340,0.83354079,0.55038343,0.04783132,interior
L,1,20,16,358,0.79678639,0.59936667,0.07675314,interior
L,1,20,17,379,0.75569375,0.64723711,0.10005539,interior
L,1,20,18,400,0.70563010,0.69836188,0.11990353,interior
L,1,20,19,420,0.65238474,0.74330634,0.14795215,interior
L,1,20,20,440,0.59764045,0.78131562,0.17992166,interior
L,1,20,21,462,0.53062797,0.81982486,0.21522349,interior
L,1,20,22,483,0.45654524,0.85475210,0.24691150,interior
L,1,20,23,505,0.38533444,0.88020613,0.27704609,interior
L,1,20,24,528,0.31765035,0.89598421,0.31033940,interior
L,1,20,25,549,0.24088959,0.90786332,0.34315651,interior
L,1,20,26,570,0.15974193,0.91289741,0.37563392,interior
L,1,20,27,591,0.07642044,0.90821928,0.41145796,interior
L,1,20,28,612,-0.01916557,0.89776596,0.44005563,interior
L,1,20,29,633,-0.11500148,0.87599931,0.46840140,interior
L,1,20,30,652,-0.20543727,0.84302432,0.49709710,interior
L,1,20,31,670,-0.28907705,0.80435025,0.51909068,interior
L,1,20,32,685,-0.37787155,0.75454442,0.53654059,interior
L,1,20,33,699,-0.47610862,0.68767763,0.54810588,interior
L,1,20,34,711,-0.57923018,0.60240916,0.54917720,interior
L,1,20,35,717,-0.67715534,0.48351994,0.55467928,boundary
L,1,21,6,216,0.96482683,-0.12626376,-0.23057895,boundary
L,1,21,7,227,0.98119125,-0.03883974,-0.18909046,interior
L,1,21,8,236,0.98790535,0.03294105,-0.15151866,interior
L,1,21,9,252,0.98864784,0.09852157,-0.11344140,interior
L,1,21,10,264,0.98191104,0.17082758,-0.08166179,interior
L,1,21,11,281,0.97035691,0.23630401,-0.05067432,interior
L,1,21,12,299,0.95343111,0.30149928,-0.00820332,interior
L,1,21,13,317,0.92866964,0.36985516,0.02792590,interior
L,1,21,14,337,0.90031641,0.43157799,0.05630989,interior
L,1,21,15,356,0.86795184,0.49015282,0.08006140,interior
L,1,21,16,374,0.82955380,0.54907472,0.10177151,interior
L,1,21,17,395,0.79166542,0.59913609,0.11959015,interior
L,1,21,18,414,0.74603016,0.65053552,0.14227628,interior
L,1,21,19,433,0.69709649,0.69574169,0.17320506,interior
L,1,21,20,454,0.64280871,0.73542851,0.21434053,interior
L,1,21,21,475,0.58267952,0.77167718,0.25494885,interior
L,1,21,22,497,0.51382486,0.80684577,0.29152000,interior
L,1,21,23,520,0.44374180,0.83475323,0.32600653,interior
L,1,21,24,541,0.37505581,0.85584590,0.35617541,interior
L,1,21,25,562,0.30350498,0.87013820,0.38825796,interior
L,1,21,26,583,0.22279915,0.88004140,0.41938964,interior
L,1,21,27,604,0.14131877,0.88123407,0.45106043,interior
L,1,21,28,626,0.05456452,0.87381589,0.48318578,interior
L,1,21,29,645,-0.04029002,0.85655724,0.51447683,interior
L,1,21,30,664,-0.13589710,0.83204124,0.53780977,interior
L,1,21,31,682,-0.22822364,0.79225266,0.56590608,interior
L,1,21,32,697,-0.31245023,0.74699121,0.58683813,interior
L,1,21,33,712,-0.40362529,0.69148533,0.59911156,interior
L,1,21,34,723,-0.50388244,0.62234540,0.59898972,interior
L,1,21,35,731,-0.61744620,0.53702839,0.57477013,interior
L,1,22,7,245,0.97752585,-0.12413985,-0.17038928,boundary
L,1,22,8,256,0.99010560,-0.04009297,-0.13447471,interior
L,1,22,9,271,0.99589620,0.03169709,-0.08477057,interior
L,1,22,10,282,0.99361978,0.10209588,-0.04791837,interior
L,1,22,11,295,0.98570444,0.16761441,-0.01709290,interior
L,1,22,12,315,0.97330881,0.22886331,0.01707474,interior
L,1,22,13,333,0.95072939,0.30540784,0.05328871,interior
L,1,22,14,352,0.92553078,0.36967890,0.08203830,interior
L,1,22,15,370,0.89696871,0.42871842,0.10792431,interior
L,1,22,16,388,0.86101920,0.49264032,0.12629906,interior
L,1,22,17,407,0.82285623,0.54907614,0.14636604,interior
L,1,22,18,429,0.78088819,0.60057588,0.17182040,interior
L,1,22,19,447,0.73602885,0.64430663,0.20767884,interior
L,1,22,20,469,0.68343271,0.68592966,0.24984040,interior
L,1,22,21,490,0.62771336,0.72252604,0.28971031,interior
L,1,22,22,510,0.56546738,0.75673579,0.32802072,interior
L,1,22,23,532,0.49853759,0.78572392,0.36619420,interior
L,1,22,24,554,0.43290159,0.80777146,0.40012683,interior
L,1,22,25,576,0.36366347,0.82625097,0.43018393,interior
L,1,22,26,596,0.28571209,0.83881089,0.46342734,interior
L,1,22,27,617,0.20220883,0.84725729,0.49118903,interior
L,1,22,28,637,0.11898511,0.84233427,0.52565722,interior
L,1,22,29,656,0.02632663,0.82822145,0.55978222,interior
L,1,22,30,675,-0.06826421,0.80882983,0.58406704,interior
L,1,22,31,694,-0.16344372,0.77641638,0.60865734,interior
L,1,22,32,710,-0.25466756,0.72983055,0.63442241,interior
L,1,22,33,724,-0.34027735,0.68021412,0.64924577,interior
L,1,22,34,736,-0.42702989,0.62134174,0.65694742,interior
L,1,22,35,744,-0.51961481,0.55434925,0.65015180,interior
L,1,22,36,750,-0.59167756,0.48688917,0.64253918,boundary
L,1,23,8,275,0.98078519,-0.13938116,-0.13650387,boundary
L,1,23,9,287,0.99663298,-0.03457812,-0.07434415,interior
L,1,23,10,298,0.99877725,0.03952673,-0.02969256,interior
L,1,23,11,314,0.99469212,0.10251859,0.00880496,interior
L,1,23,12,331,0.98578620,0.16318392,0.03995720,interior
L,1,23,13,348,0.97019057,0.23248331,0.06842344,interior
L,1,23,14,366,0.94759071,0.30368614,0.09922992,interior
L,1,23,15,385,0.92306179,0.36291072,0.12748623,interior
L,1,23,16,403,0.89074416,0.42723430,0.15506677,interior
L,1,23,17,422,0.85191144,0.49041935,0.18367296,interior
L,1,23,18,443,0.80996967,0.54652540,0.21274190,interior
L,1,23,19,463,0.76579331,0.59368323,0.24718583,interior
L,1,23,20,484,0.71773975,0.63465725,0.28646086,interior
L,1,23,21,504,0.66560923,0.67210339,0.32440930,interior
L,1,23,22,524,0.60932025,0.70641560,0.36014697,interior
L,1,23,23,547,0.54365025,0.73791023,0.39991611,interior
L,1,23,24,568,0.48085728,0.76001029,0.43721920,interior
L,1,23,25,590,0.41560924,0.77939063,0.46884882,interior
L,1,23,26,609,0.34345962,0.79272324,0.50361230,interior
L,1,23,27,628,0.26054210,0.80464116,0.53354514,interior
L,1,23,28,649,0.17737701,0.80513542,0.56594554,interior
L,1,23,29,668,0.08832610,0.79760085,0.59668366,interior
L,1,23,30,689,-0.00627719,0.78206579,0.62316426,interior
L,1,23,31,705,-0.10100565,0.75413047,0.64891070,interior
L,1,23,32,721,-0.19318125,0.71404783,0.67291657,interior
L,1,23,33,737,-0.28456013,0.66586823,0.68967024,interior
L,1,23,34,749,-0.36328744,0.61198630,0.70249200,interior
L,1,23,35,757,-0.44835954,0.54695460,0.70697552,interior
L,1,23,36,764,-0.54825042,0.47788774,0.68632703,interior
L,1,24,9,304,0.99365609,-0.08832101,-0.06962019,boundary
L,1,24,10,316,0.99931719,-0.02507662,-0.02713524,interior
L,1,24,11,330,0.99893512,0.04131463,0.02053589,interior
L,1,24,12,347,0.99382126,0.09699189,0.05396181,interior
L,1,24,13,364,0.98316299,0.16305741,0.08247919,interior
L,1,24,14,381,0.96532455,0.23716772,0.10908708,interior
L,1,24,15,399,0.94027857,0.30623676,0.14864477,interior
L,1,24,16,419,0.91215021,0.36722735,0.18200568,interior
L,1,24,17,438,0.87492467,0.43239171,0.21804639,interior
L,1,24,18,459,0.83493557,0.48838976,0.25368884,interior
L,1,24,19,479,0.79197327,0.53836458,0.28799640,interior
L,1,24,20,499,0.74618671,0.58216820,0.32293280,interior
L,1,24,21,519,0.69834103,0.61851391,0.36022263,interior
L,1,24,22,540,0.64420481,0.65375549,0.39699360,interior
L,1,24,23,560,0.58659774,0.68148156,0.43759110,interior
L,1,24,24,581,0.52153285,0.70910523,0.47452425,interior
L,1,24,25,602,0.45911332,0.72854837,0.50836230,interior
L,1,24,26,622,0.39142860,0.74412276,0.54135475,interior
L,1,24,27,641,0.31336308,0.75392985,0.57740225,interior
L,1,24,28,662,0.23350064,0.75653080,0.61085072,interior
L,1,24,29,681,0.14957357,0.75219889,0.64173559,interior
L,1,24,30,700,0.05841570,0.74708831,0.66215305,interior
L,1,24,31,716,-0.03371415,0.72848723,0.68422928,interior
L,1,24,32,733,-0.12720567,0.68947028,0.71305641,interior
L,1,24,33,747,-0.22213777,0.64704537,0.72937446,interior
L,1,24,34,761,-0.30529152,0.59886390,0.74037768,interior
L,1,24,35,770,-0.38584644,0.53476702,0.75176243,interior
L,1,24,36,776,-0.47239164,0.46102446,0.75120076,interior
L,1,24,37,779,-0.56625862,0.36675487,0.73813416,boundary
L,1,25,10,334,0.99332240,-0.10921350,-0.03718911,boundary
L,1,25,11,346,0.99943677,-0.02651628,0.02056780,interior
L,1,25,12,362,0.99738181,0.03544527,0.06303301,interior
L,1,25,13,378,0.99169784,0.09030875,0.09154080,interior
L,1,25,14,398,0.97823609,0.16323572,0.12809469,interior
L,1,25,15,415,0.95565106,0.23909218,0.17194762,interior
L,1,25,16,432,0.92814897,0.30693406,0.21054920,interior
L,1,25,17,452,0.89631578,0.36797784,0.24740723,interior
L,1,25,18,472,0.85893139,0.42440366,0.28656309,interior
L,1,25,19,494,0.81771287,0.47696228,0.32226177,interior
L,1,25,20,513,0.77304469,0.52450877,0.35678068,interior
L,1,25,21,534,0.72650862,0.56306860,0.39387685,interior
L,1,25,22,553,0.67624218,0.59518112,0.43411513,interior
L,1,25,23,574,0.62384567,0.62085288,0.47471915,interior
L,1,25,24,594,0.56469705,0.64691457,0.51246343,interior
L,1,25,25,615,0.49943022,0.67171031,0.54715145,interior
L,1,25,26,635,0.43683524,0.68507067,0.58296925,interior
L,1,25,27,653,0.36461476,0.69520089,0.61947704,interior
L,1,25,28,674,0.28851585,0.69802903,0.65537323,interior
L,1,25,29,691,0.20647410,0.69819225,0.68548963,interior
L,1,25,30,709,0.11523134,0.69908234,0.70569514,interior
L,1,25,31,728,0.02586399,0.68831666,0.72494913,interior
L,1,25,32,743,-0.06232714,0.66034389,0.74837241,interior
L,1,25,33,760,-0.15733881,0.61633002,0.77160988,interior
L,1,25,34,771,-0.24630847,0.57557220,0.77977482,interior
L,1,25,35,785,-0.32927879,0.52363346,0.78573754,interior
L,1,25,36,790,-0.41212114,0.45249091,0.79082751,interior
L,1,25,37,794,-0.50265204,0.36516743,0.78357748,interior
L,1,26,11,363,0.99422141,-0.10595423,0.01724805,boundary
L,1,26,12,377,0.99732391,-0.03093519,0.06624217,interior
L,1,26,13,394,0.99443133,0.02903918,0.10130671,interior
L,1,26,14,410,0.98496810,0.09223819,0.14604777,interior
L,1,26,15,430,0.96699776,0.16179947,0.19681531,interior
L,1,26,16,449,0.94447448,0.22678249,0.23777649,interior
L,1,26,17,468,0.91488456,0.29623436,0.27428353,interior
L,1,26,18,488,0.88134856,0.35153817,0.31566695,interior
L,1,26,19,507,0.84219823,0.40532330,0.35554911,interior
L,1,26,20,529,0.79820395,0.45755279,0.39181106,interior
L,1,26,21,548,0.75311636,0.49839108,0.42944393,interior
L,1,26,22,566,0.70576761,0.53213917,0.46767508,interior
L,1,26,23,587,0.65426395,0.55703767,0.51151512,interior
L,1,26,24,608,0.59883093,0.58002144,0.55224692,interior
L,1,26,25,627,0.53652477,0.60730638,0.58593526,interior
L,1,26,26,646,0.47352421,0.62550056,0.62009989,interior
L,1,26,27,665,0.41192193,0.63069200,0.65768376,interior
L,1,26,28,684,0.34065722,0.63543887,0.69294308,interior
L,1,26,29,703,0.25905046,0.63960088,0.72374275,interior
L,1,26,30,720,0.17120671,0.64249044,0.74692322,interior
L,1,26,31,738,0.08125102,0.63368297,0.76931409,interior
L,1,26,32,754,-0.00984656,0.61498809,0.78847492,interior
L,1,26,33,769,-0.10330589,0.58135840,0.80706276,interior
L,1,26,34,784,-0.18905870,0.54147868,0.81918108,interior
L,1,26,35,792,-0.27437625,0.49822535,0.82248962,interior
L,1,26,36,800,-0.36140028,0.43828450,0.82298027,interior
L,1,26,37,806,-0.44996667,0.35804336,0.81812893,interior
L,1,26,38,805,-0.53517090,0.27367477,0.79918348,boundary
L,1,27,12,391,0.99364811,-0.09516953,0.06005160,boundary
L,1,27,13,408,0.99303228,-0.03517127,0.11247169,interior
L,1,27,14,425,0.98706610,0.02997382,0.15748677,interior
L,1,27,15,444,0.97326777,0.09457117,0.20929917,interior
L,1,27,16,464,0.95440094,0.15128185,0.25735703,interior
L,1,27,17,482,0.93072155,0.21468864,0.29608476,interior
L,1,27,18,502,0.89888673,0.27651927,0.33991136,interior
L,1,27,19,523,0.86286823,0.33085287,0.38209265,interior
L,1,27,20,542,0.82003169,0.38530289,0.42318992,interior
L,1,27,21,561,0.77694398,0.42722469,0.46242525,interior
L,1,27,22,580,0.72917294,0.46852464,0.49879002,interior
L,1,27,23,599,0.67775776,0.50099596,0.53818906,interior
L,1,27,24,621,0.62133990,0.52425126,0.58232065,interior
L,1,27,25,639,0.56624791,0.54128260,0.62159186,interior
L,1,27,26,658,0.50628680,0.56187964,0.65419030,interior
L,1,27,27,677,0.44729301,0.57322191,0.68654614,interior
L,1,27,28,695,0.38558361,0.57770376,0.71943286,interior
L,1,27,29,714,0.30857420,0.58473666,0.75024330,interior
L,1,27,30,730,0.22425469,0.58822594,0.77698139,interior
L,1,27,31,748,0.13229318,0.58390927,0.80096721,interior
L,1,27,32,763,0.04107216,0.56792564,0.82205447,interior
L,1,27,33,777,-0.04976317,0.54223238,0.83875364,interior
L,1,27,34,791,-0.13783811,0.50512006,0.85197088,interior
L,1,27,35,802,-0.21963868,0.46961792,0.85511277,interior
L,1,27,36,812,-0.30737168,0.41626315,0.85571469,interior
L,1,27,37,817,-0.39899265,0.33630375,0.85305606,interior
L,1,27,38,818,-0.48545855,0.23965460,0.84077088,interior
L,1,28,13,423,0.98672932,-0.10022272,0.12775228,boundary
L,1,28,14,441,0.98516142,-0.03865548,0.16722059,interior
L,1,28,15,460,0.97630480,0.03072436,0.21420771,interior
L,1,28,16,478,0.95933620,0.09384145,0.26621013,interior
L,1,28,17,498,0.93848088,0.14701840,0.31247275,interior
L,1,28,18,517,0.91163841,0.20218160,0.35782399,interior
L,1,28,19,536,0.87959999,0.25357121,0.40249905,interior
L,1,28,20,555,0.83879191,0.31162054,0.44645356,interior
L,1,28,21,575,0.79283586,0.36635180,0.48702942,interior
L,1,28,22,593,0.75003134,0.40204735,0.52517703,interior
L,1,28,23,611,0.69921184,0.43668338,0.56604807,interior
L,1,28,24,632,0.63977133,0.46752884,0.61000773,interior
L,1,28,25,650,0.58681882,0.48501349,0.64838691,interior
L,1,28,26,669,0.53004102,0.50122202,0.68398319,interior
L,1,28,27,688,0.46983959,0.51763073,0.71505887,interior
L,1,28,28,704,0.41303232,0.52919707,0.74118471,interior
L,1,28,29,722,0.34593658,0.53586381,0.77018041,interior
L,1,28,30,739,0.26532857,0.53766098,0.80032582,interior
L,1,28,31,755,0.17644647,0.52984466,0.82953678,interior
L,1,28,32,772,0.08707389,0.51736055,0.85132614,interior
L,1,28,33,786,0.00425625,0.49642939,0.86806667,interior
L,1,28,34,799,-0.08885429,0.46279932,0.88199870,interior
L,1,28,35,813,-0.18050590,0.42454550,0.88723094,interior
L,1,28,36,822,-0.25902986,0.38032476,0.88783817,interior
L,1,28,37,825,-0.34242903,0.31033676,0.88681083,interior
L,1,28,38,829,-0.42704444,0.23623456,0.87282660,interior
L,1,29,14,453,0.97659400,-0.11615434,0.18103131,boundary
L,1,29,15,473,0.97428772,-0.03638157,0.22235066,interior
L,1,29,16,493,0.96075545,0.03320485,0.27540225,interior
L,1,29,17,511,0.93959889,0.09181869,0.32973208,interior
L,1,29,18,531,0.91572412,0.14072271,0.37635946,interior
L,1,29,19,550,0.88653872,0.19169402,0.42107303,interior
L,1,29,20,569,0.85125940,0.24132044,0.46596339,interior
L,1,29,21,589,0.80707777,0.29916365,0.50904477,interior
L,1,29,22,607,0.76383061,0.34364830,0.54632284,interior
L,1,29,23,624,0.71915664,0.37331867,0.58604343,interior
L,1,29,24,643,0.65953354,0.40404569,0.63384745,interior
L,1,29,25,663,0.60034695,0.42849402,0.67526026,interior
L,1,29,26,679,0.55186956,0.44428836,0.70572505,interior
L,1,29,27,698,0.48904386,0.45938617,0.74148530,interior
L,1,29,28,715,0.42884508,0.47099960,0.77087695,interior
L,1,29,29,732,0.37010729,0.47943072,0.79571777,interior
L,1,29,30,751,0.29692631,0.48384237,0.82324439,interior
L,1,29,31,766,0.21718513,0.47601898,0.85219514,interior
L,1,29,32,780,0.12993598,0.46441429,0.87603425,interior
L,1,29,33,795,0.05012455,0.44925436,0.89199667,interior
L,1,29,34,808,-0.03670866,0.42047827,0.90655970,interior
L,1,29,35,820,-0.13384318,0.37870534,0.91578833,interior
L,1,29,36,830,-0.22285846,0.33301647,0.91620638,interior
L,1,29,37,835,-0.29464818,0.27505341,0.91516560,interior
L,1,29,38,837,-0.35167271,0.19161810,0.91630170,interior
L,1,30,15,485,0.96895677,-0.09939713,0.22636916,boundary
L,1,30,16,506,0.95897428,-0.02834652,0.28207235,interior
L,1,30,17,527,0.93845815,0.03274218,0.34383752,interior
L,1,30,18,545,0.91650310,0.08222185,0.39148645,interior
L,1,30,19,563,0.89059538,0.12654337,0.43683710,interior
L,1,30,20,582,0.86093479,0.17379799,0.47810620,interior
L,1,30,21,600,0.82217662,0.22428881,0.52318269,interior
L,1,30,22,619,0.77899151,0.27179324,0.56506696,interior
L,1,30,23,636,0.73162128,0.30979339,0.60725476,interior
L,1,30,24,654,0.67848291,0.33978870,0.65130990,interior
L,1,30,25,672,0.61548695,0.36551117,0.69826742,interior
L,1,30,26,690,0.56518914,0.37846711,0.73302380,interior
L,1,30,27,706,0.51487991,0.39318405,0.76177751,interior
L,1,30,28,725,0.45139596,0.40898330,0.79307903,interior
L,1,30,29,740,0.38765160,0.41987977,0.82062611,interior
L,1,30,30,756,0.31892153,0.42709708,0.84609523,interior
L,1,30,31,774,0.25047235,0.41887941,0.87281363,interior
L,1,30,32,787,0.17121360,0.40729736,0.89710354,interior
L,1,30,33,803,0.08987889,0.39547396,0.91406900,interior
L,1,30,34,815,0.00932834,0.37433143,0.92724806,interior
L,1,30,35,827,-0.07889284,0.33418163,0.93920102,interior
L,1,30,36,836,-0.17411672,0.28377395,0.94295053,interior
L,1,30,37,843,-0.25323439,0.22979548,0.93971612,interior
L,1,30,38,845,-0.32125052,0.19605294,0.92647793,boundary
L,1,31,16,518,0.95517534,-0.08857847,0.28247818,boundary
L,1,31,17,539,0.93023474,-0.02956293,0.36577228,boundary
L,1,31,18,556,0.91518544,0.01722645,0.40266470,interior
L,1,31,19,577,0.89131617,0.06549065,0.44862730,interior
L,1,31,20,595,0.86475507,0.10496047,0.49110281,interior
L,1,31,21,610,0.83261084,0.14853652,0.53356920,interior
L,1,31,22,630,0.79090190,0.19308832,0.58068156,interior
L,1,31,23,648,0.74238536,0.23750995,0.62646069,interior
L,1,31,24,666,0.69083769,0.27062114,0.67045319,interior
L,1,31,25,683,0.63190584,0.29959413,0.71479953,interior
L,1,31,26,701,0.57660105,0.31439983,0.75411139,interior
L,1,31,27,718,0.53008339,0.32613671,0.78271734,interior
L,1,31,28,734,0.47541103,0.34344960,0.80995477,interior
L,1,31,29,752,0.41012274,0.35678778,0.83934607,interior
L,1,31,30,767,0.34706407,0.36545224,0.86370782,interior
L,1,31,31,782,0.27938986,0.36140803,0.88956481,interior
L,1,31,32,796,0.20409512,0.34982364,0.91431319,interior
L,1,31,33,811,0.12220431,0.33350928,0.93479285,interior
L,1,31,34,823,0.04415428,0.31428276,0.94830203,interior
L,1,31,35,833,-0.03689792,0.27881169,0.95963669,interior
L,1,31,36,842,-0.12155984,0.22755299,0.96614846,interior
L,1,31,37,849,-0.20023754,0.17531930,0.96393364,interior
L,1,31,38,850,-0.26279576,0.11938390,0.95743714,boundary
L,1,32,18,567,0.90557945,-0.07268827,0.41790223,boundary
L,1,32,19,586,0.88781720,-0.00275649,0.46018804,interior
L,1,32,20,605,0.86466194,0.03479789,0.50114752,interior
L,1,32,21,623,0.83627499,0.07307139,0.54341946,interior
L,1,32,22,640,0.80088600,0.11154261,0.58833652,interior
L,1,32,23,659,0.75758907,0.15592564,0.63383436,interior
L,1,32,24,676,0.70724149,0.19598770,0.67926306,interior
L,1,32,25,692,0.65086974,0.22593102,0.72479221,interior
L,1,32,26,708,0.58965705,0.25182844,0.76738974,interior
L,1,32,27,727,0.53846796,0.26564373,0.79967848,interior
L,1,32,28,742,0.49047314,0.27965330,0.82536666,interior
L,1,32,29,759,0.43016510,0.29329495,0.85377752,interior
L,1,32,30,775,0.36825084,0.30165894,0.87942777,interior
L,1,32,31,789,0.30812555,0.30388803,0.90150469,interior
L,1,32,32,804,0.23213756,0.29189217,0.92785296,interior
L,1,32,33,816,0.15519357,0.27114560,0.94994474,interior
L,1,32,34,828,0.07940559,0.24593332,0.96602875,interior
L,1,32,35,839,-0.00203429,0.20920952,0.97786872,interior
L,1,32,36,846,-0.08196254,0.16662272,0.98260827,interior
L,1,32,37,853,-0.14508810,0.12026314,0.98208259,boundary
L,1,32,38,855,-0.21265128,0.06105011,0.97521911,boundary
L,1,33,20,614,0.86154043,-0.04451731,0.50573342,boundary
L,1,33,21,634,0.82554483,-0.01173195,0.56421459,boundary
L,1,33,22,651,0.80098481,0.03091385,0.59788600,interior
L,1,33,23,667,0.76341284,0.06995906,0.64211102,interior
L,1,33,24,686,0.72039141,0.11256693,0.68437191,interior
L,1,33,25,702,0.66540373,0.14586288,0.73209419,interior
L,1,33,26,719,0.60512707,0.17493502,0.77667173,interior
L,1,33,27,735,0.55200793,0.19502974,0.81070996,interior
L,1,33,28,753,0.49859020,0.21071425,0.84083727,interior
L,1,33,29,768,0.43994319,0.22630154,0.86904407,interior
L,1,33,30,783,0.38183050,0.23263848,0.89447460,interior
L,1,33,31,797,0.32275422,0.23874496,0.91587694,interior
L,1,33,32,810,0.25547827,0.22979634,0.93910835,interior
L,1,33,33,824,0.18313309,0.20642938,0.96117074,interior
L,1,33,34,834,0.11005867,0.17501656,0.97839475,interior
L,1,33,35,844,0.02298255,0.12972108,0.99128414,interior
L,1,33,36,851,-0.05347881,0.08801000,0.99468299,interior
L,1,33,37,856,-0.14185020,0.05736970,0.98822429,boundary
L,1,34,22,657,0.80191301,-0.05364258,0.59502772,boundary
L,1,34,23,678,0.75993673,-0.02650952,0.64945625,boundary
L,1,34,24,693,0.72435885,0.02501200,0.68896927,interior
L,1,34,25,707,0.68065117,0.05573440,0.73048454,interior
L,1,34,26,726,0.62286501,0.08621289,0.77756448,interior
L,1,34,27,741,0.56753474,0.11086252,0.81585159,interior
L,1,34,28,758,0.51156126,0.12769043,0.84970597,interior
L,1,34,29,773,0.44954819,0.14426858,0.88152879,interior
L,1,34,30,788,0.38897743,0.15385245,0.90830941,interior
L,1,34,31,801,0.33210136,0.16185012,0.92925412,interior
L,1,34,32,814,0.26801032,0.15831634,0.95031911,interior
L,1,34,33,826,0.19874524,0.13624139,0.97053522,interior
L,1,34,34,838,0.12731419,0.09878541,0.98693087,interior
L,1,34,35,847,0.04433840,0.05372780,0.99757076,interior
L,1,34,36,854,-0.05251483,-0.00935094,0.99857636,boundary
L,1,34,37,857,-0.07088315,-0.03604078,0.99683331,boundary
L,1,35,25,713,0.69776681,-0.04509024,0.71490443,boundary
L,1,35,26,729,0.62712455,-0.00989373,0.77885616,boundary
L,1,35,27,745,0.57884542,0.02593907,0.81502463,interior
L,1,35,28,762,0.52376230,0.04383772,0.85073574,interior
L,1,35,29,778,0.46397316,0.05539920,0.88411529,interior
L,1,35,30,793,0.39841532,0.06899496,0.91460643,interior
L,1,35,31,807,0.34245354,0.08001684,0.93612119,interior
L,1,35,32,819,0.27782235,0.08154541,0.95716513,interior
L,1,35,33,831,0.20439698,0.06422753,0.97677874,interior
L,1,35,34,841,0.14883424,0.02108354,0.98863737,boundary
L,1,35,35,848,0.05927388,-0.03165291,0.99773980,boundary
L,1,35,36,852,-0.01112229,-0.05293456,0.99853604,boundary
L,1,36,27,746,0.59746094,-0.05953301,0.79968509,boundary
L,1,36,28,765,0.53096280,-0.05683586,0.84548695,boundary
L,1,36,29,781,0.47465894,-0.03684806,0.87939815,boundary
L,1,36,30,798,0.40718928,-0.01846632,0.91315710,boundary
L,1,36,31,809,0.32983045,0.00698029,0.94401438,boundary
L,1,36,32,821,0.28728065,0.00715606,0.95781972,boundary
L,1,36,33,832,0.21877114,0.00668897,0.97575327,boundary
L,1,36,34,840,0.12822003,-0.03080691,0.99126715,boundary
L,2,2,6,34,0.14078100,0.23008464,-0.96293394,boundary
L,2,2,7,46,0.07251993,0.28859007,-0.95470238,boundary
L,2,2,8,59,0.01185607,0.35638417,-0.93426428,interior
L,2,2,9,75,-0.05199028,0.42328234,-0.90450487,boundary
L,2,2,10,90,-0.10355054,0.46065860,-0.88151628,boundary
L,2,2,11,110,-0.20270158,0.48861602,-0.84862622,boundary
L,2,2,12,129,-0.25880908,0.51551914,-0.81685854,boundary
L,2,3,5,21,0.20695695,0.21478084,-0.95448311,boundary
L,2,3,6,29,0.18078018,0.27111649,-0.94541757,boundary
L,2,3,7,42,0.13209518,0.33487792,-0.93295640,interior
L,2,3,8,55,0.07125537,0.39396836,-0.91635779,interior
L,2,3,9,67,0.01107525,0.45202679,-0.89193560,interior
L,2,3,10,84,-0.04797294,0.50704699,-0.86058233,interior
L,2,3,11,101,-0.11193576,0.54674387,-0.82978402,interior
L,2,3,12,121,-0.17906095,0.57014468,-0.80179313,interior
L,2,3,13,142,-0.25780256,0.57018407,-0.78001792,interior
L,2,3,14,162,-0.33089517,0.56566158,-0.75533791,boundary
L,2,3,15,183,-0.38278917,0.59039401,-0.71056834,boundary
L,2,4,3,5,0.29836999,0.09690813,-0.94951786,boundary
L,2,4,4,9,0.29103310,0.16301553,-0.94272248,boundary
L,2,4,5,19,0.27718725,0.22624673,-0.93379850,boundary
L,2,4,6,27,0.24338578,0.29653376,-0.92348854,interior
L,2,4,7,39,0.19959526,0.36673635,-0.90866175,interior
L,2,4,8,53,0.14025875,0.43434321,-0.88976034,interior
L,2,4,9,66,0.07985016,0.49315636,-0.86626829,interior
L,2,4,10,82,0.02455065,0.54639064,-0.83717055,interior
L,2,4,11,99,-0.03708721,0.59639021,-0.80183742,interior
L,2,4,12,119,-0.09881263,0.63004751,-0.77024425,interior
L,2,4,13,139,-0.16937701,0.64273862,-0.74712683,interior
L,2,4,14,156,-0.24641163,0.65104810,-0.71792596,interior
L,2,4,15,176,-0.31904242,0.65223654,-0.68760412,interior
L,2,4,16,198,-0.42139309,0.62088393,-0.66100757,boundary
L,2,4,17,217,-0.44952218,0.61111718,-0.65151025,boundary
L,2,4,18,243,-0.50942467,0.60710335,-0.60984591,boundary
L,2,5,3,3,0.38175523,0.08713387,-0.92014707,boundary
L,2,5,4,8,0.36903371,0.17773844,-0.91226266,interior
L,2,5,5,17,0.34719686,0.24946516,-0.90400303,interior
L,2,5,6,28,0.31512687,0.31802633,-0.89417801,interior
L,2,5,7,41,0.27784092,0.38999547,-0.87789974,interior
L,2,5,8,54,0.22922507,0.46352578,-0.85592039,interior
L,2,5,9,68,0.16857836,0.53104413,-0.83040560,interior
L,2,5,10,85,0.11339124,0.58630654,-0.80211413,interior
L,2,5,11,102,0.05459714,0.63403807,-0.77137207,interior
L,2,5,12,120,-0.01334532,0.67388300,-0.73871754,interior
L,2,5,13,140,-0.08083751,0.70029184,-0.70926485,interior
L,2,5,14,157,-0.15200157,0.71859983,-0.67860873,interior
L,2,5,15,177,-0.22812638,0.72689122,-0.64775575,interior
L,2,5,16,196,-0.30895776,0.72124937,-0.61995520,interior
L,2,5,17,214,-0.38736674,0.70312184,-0.59629413,interior
L,2,5,18,237,-0.45421670,0.68779956,-0.56623224,interior
L,2,5,19,262,-0.53450524,0.66006076,-0.52784840,boundary
L,2,5,20,283,-0.57781106,0.63979323,-0.50675340,boundary
L,2,6,2,1,0.40626247,0.02071833,-0.91352152,boundary
L,2,6,3,4,0.45081917,0.12419923,-0.88393248,interior
L,2,6,4,12,0.43772515,0.19213654,-0.87833948,interior
L,2,6,5,20,0.42099120,0.26712856,-0.86683836,interior
L,2,6,6,30,0.39325347,0.33923538,-0.85455899,interior
L,2,6,7,43,0.35663809,0.40507551,-0.84185694,interior
L,2,6,8,57,0.31678528,0.47366181,-0.82176126,interior
L,2,6,9,73,0.26827186,0.54507510,-0.79430684,interior
L,2,6,10,89,0.21472100,0.60880137,-0.76371184,interior
L,2,6,11,104,0.15875398,0.66051401,-0.73383814,interior
L,2,6,12,124,0.08684269,0.70715177,-0.70170843,interior
L,2,6,13,141,0.01449839,0.74476321,-0.66717131,interior
L,2,6,14,159,-0.05319257,0.77157697,-0.63390815,interior
L,2,6,15,179,-0.12514057,0.78564345,-0.60589125,interior
L,2,6,16,199,-0.20372127,0.78842170,-0.58042128,interior
L,2,6,17,218,-0.28170063,0.78494752,-0.55181713,interior
L,2,6,18,240,-0.36511591,0.77294707,-0.51888650,interior
L,2,6,19,261,-0.44208116,0.75051747,-0.49121052,interior
L,2,6,20,280,-0.51376694,0.72216453,-0.46316511,interior
L,2,6,21,303,-0.58899147,0.68514430,-0.42856310,boundary
L,2,6,22,323,-0.61197621,0.66576544,-0.42689753,boundary
L,2,7,2,2,0.47043628,0.01920187,-0.88222502,interior
L,2,7,3,7,0.49436724,0.11256349,-0.86193416,interior
L,2,7,4,14,0.49993891,0.19820478,-0.84307529,interior
L,2,7,5,22,0.48461345,0.27238146,-0.83123892,interior
L,2,7,6,35,0.46142974,0.34418077,-0.81769321,interior
L,2,7,7,47,0.43204196,0.41746849,-0.79941217,interior
L,2,7,8,60,0.39437169,0.48221098,-0.78226821,interior
L,2,7,9,76,0.35454934,0.54618351,-0.75893236,interior
L,2,7,10,92,0.30747357,0.61539211,-0.72577721,interior
L,2,7,11,109,0.25460718,0.67584347,-0.69167245,interior
L,2,7,12,126,0.18759670,0.72541430,-0.66225492,interior
L,2,7,13,144,0.11843725,0.77045535,-0.62639539,interior
L,2,7,14,166,0.05092527,0.80661812,-0.58887506,interior
L,2,7,15,184,-0.01918196,0.83172953,-0.55484956,interior
L,2,7,16,203,-0.09415738,0.84381955,-0.52830195,interior
L,2,7,17,223,-0.17487661,0.84373064,-0.50748082,interior
L,2,7,18,244,-0.25516909,0.84231847,-0.47475081,interior
L,2,7,19,263,-0.34129715,0.82760015,-0.44563914,interior
L,2,7,20,284,-0.41674975,0.80515358,-0.42195658,interior
L,2,7,21,305,-0.49132739,0.77498092,-0.39749461,interior
L,2,7,22,324,-0.55804362,0.74005898,-0.37536652,interior
L,2,7,23,343,-0.62722013,0.69356451,-0.35434894,boundary
L,2,7,24,367,-0.69599309,0.64365365,-0.31828227,boundary
L,2,8,2,6,0.52507250,0.03310948,-0.85041321,interior
L,2,8,3,11,0.54949687,0.11236419,-0.82790548,interior
L,2,8,4,18,0.55511610,0.19151045,-0.80942564,interior
L,2,8,5,26,0.54761266,0.26707637,-0.79296317,interior
L,2,8,6,36,0.52633747,0.33960714,-0.77951001,interior
L,2,8,7,50,0.50258549,0.41361552,-0.75916403,interior
L,2,8,8,65,0.47084648,0.48192153,-0.73895550,interior
L,2,8,9,79,0.43129783,0.54712830,-0.71737912,interior
L,2,8,10,96,0.38874912,0.61477502,-0.68624034,interior
L,2,8,11,113,0.34062547,0.67940719,-0.64990781,interior
L,2,8,12,131,0.28452959,0.72946859,-0.62202773,interior
L,2,8,13,150,0.21865319,0.77695354,-0.59036766,interior
L,2,8,14,168,0.15137380,0.82084038,-0.55073319,interior
L,2,8,15,186,0.08189145,0.85535345,-0.51153130,interior
L,2,8,16,207,0.00833415,0.87831413,-0.47801133,interior
L,2,8,17,226,-0.07184281,0.88927639,-0.45169250,interior
L,2,8,18,247,-0.14802716,0.89344838,-0.42407304,interior
L,2,8,19,267,-0.23130781,0.88755033,-0.39843582,interior
L,2,8,20,288,-0.30868434,0.87435532,-0.37445528,interior
L,2,8,21,308,-0.38718078,0.85251530,-0.35115338,interior
L,2,8,22,327,-0.46316282,0.82490624,-0.32405230,interior
L,2,8,23,349,-0.53622109,0.78896408,-0.30000437,interior
L,2,8,24,369,-0.60969806,0.74198129,-0.27880466,interior
L,2,8,25,389,-0.69871805,0.66698965,-0.25868495,boundary
L,2,8,26,411,-0.77675949,0.58208299,-0.24046640,boundary
L,2,9,2,10,0.60032076,0.02117987,-0.79947883,interior
L,2,9,3,15,0.60818800,0.10680735,-0.78657457,interior
L,2,9,4,24,0.61687601,0.18569796,-0.76484002,interior
L,2,9,5,33,0.61017708,0.26160460,-0.74782817,interior
L,2,9,6,45,0.59030751,0.33153331,-0.73595021,interior
L,2,9,7,58,0.57097450,0.40534595,-0.71392071,interior
L,2,9,8,72,0.54684236,0.47327090,-0.69063600,interior
L,2,9,9,86,0.51155738,0.53899376,-0.66917469,interior
L,2,9,10,100,0.47051457,0.60919688,-0.63835350,interior
L,2,9,11,118,0.42366923,0.67481313,-0.60426122,interior
L,2,9,12,136,0.37398564,0.72839268,-0.57408958,interior
L,2,9,13,154,0.31385796,0.77537694,-0.54798155,interior
L,2,9,14,173,0.24814339,0.82176289,-0.51296258,interior
L,2,9,15,194,0.17588099,0.86386682,-0.47201694,interior
L,2,9,16,212,0.10553573,0.89271143,-0.43809646,interior
L,2,9,17,231,0.03408862,0.91426081,-0.40368940,interior
L,2,9,18,253,-0.04929702,0.92723270,-0.37122677,interior
L,2,9,19,273,-0.12632254,0.93038420,-0.34413347,interior
L,2,9,20,294,-0.20093359,0.92614215,-0.31919651,interior
L,2,9,21,313,-0.27828082,0.91443500,-0.29388503,interior
L,2,9,22,336,-0.35928255,0.89321125,-0.27035110,interior
L,2,9,23,355,-0.43502148,0.86660045,-0.24445851,interior
L,2,9,24,376,-0.51251709,0.82879565,-0.22455288,interior
L,2,9,25,396,-0.59313647,0.77817346,-0.20648292,interior
L,2,9,26,417,-0.67962951,0.70964634,-0.18575735,interior
L,2,9,27,437,-0.76589728,0.61898287,-0.17395851,boundary
L,2,9,28,457,-0.84117393,0.52172777,-0.14222008,boundary
L,2,10,2,16,0.64992099,0.01734627,-0.75980380,interior
L,2,10,3,23,0.66240472,0.09111025,-0.74358517,interior
L,2,10,4,31,0.66898519,0.16473019,-0.72479154,interior
L,2,10,5,40,0.66953398,0.24278164,-0.70198385,interior
L,2,10,6,51,0.65390767,0.31487224,-0.68793912,interior
L,2,10,7,64,0.63784210,0.38811481,-0.66522504,interior
L,2,10,8,78,0.61753929,0.45964391,-0.63825756,interior
L,2,10,9,94,0.58709798,0.52471194,-0.61643599,interior
L,2,10,10,111,0.54854726,0.59631507,-0.58609235,interior
L,2,10,11,127,0.50503976,0.66269912,-0.55295996,interior
L,2,10,12,145,0.45582770,0.71991992,-0.52338936,interior
L,2,10,13,163,0.40039755,0.77030490,-0.49629846,interior
L,2,10,14,182,0.34095311,0.81636970,-0.46614535,interior
L,2,10,15,201,0.26973322,0.86203740,-0.42911014,interior
L,2,10,16,221,0.19795966,0.89837968,-0.39207898,interior
L,2,10,17,239,0.12709098,0.92550873,-0.35676529,interior
L,2,10,18,259,0.05436906,0.94442537,-0.32419859,interior
L,2,10,19,278,-0.02655650,0.95505693,-0.29523045,interior
L,2,10,20,301,-0.09519370,0.96057762,-0.26120642,interior
L,2,10,21,322,-0.17219956,0.95814261,-0.22871389,interior
L,2,10,22,341,-0.25227619,0.94616645,-0.20279489,interior
L,2,10,23,361,-0.33085590,0.92570470,-0.18331715,interior
L,2,10,24,384,-0.40875474,0.89736814,-0.16628286,interior
L,2,10,25,404,-0.48942731,0.85992429,-0.14488314,interior
L,2,10,26,426,-0.57367747,0.81026281,-0.11986800,interior
L,2,10,27,445,-0.67070531,0.73465251,-0.10217670,interior
L,2,10,28,466,-0.76362423,0.63966540,-0.08778503,interior
L,2,10,29,487,-0.84910905,0.52291500,-0.07465739,boundary
L,2,11,2,25,0.69687902,-0.02488855,-0.71675672,interior
L,2,11,3,32,0.70986343,0.06518216,-0.70131676,interior
L,2,11,4,38,0.71520579,0.14231991,-0.68427021,interior
L,2,11,5,48,0.71784153,0.21753707,-0.66134799,interior
L,2,11,6,62,0.71106442,0.29312343,-0.63911349,interior
L,2,11,7,74,0.69635430,0.36753102,-0.61645084,interior
L,2,11,8,88,0.67956696,0.43618939,-0.58985385,interior
L,2,11,9,103,0.65240543,0.50310310,-0.56679311,interior
L,2,11,10,117,0.61829276,0.57328207,-0.53764462,interior
L,2,11,11,135,0.57966188,0.64133483,-0.50267459,interior
L,2,11,12,152,0.53551764,0.70001964,-0.47243345,interior
L,2,11,13,169,0.48206509,0.75734492,-0.44050188,interior
L,2,11,14,189,0.42071019,0.80986500,-0.40880511,interior
L,2,11,15,208,0.35812339,0.85440813,-0.37647628,interior
L,2,11,16,229,0.28957213,0.89434431,-0.34102233,interior
L,2,11,17,248,0.21985935,0.92748007,-0.30239475,interior
L,2,11,18,268,0.14481985,0.95164791,-0.27091229,interior
L,2,11,19,290,0.06636724,0.96606965,-0.24960932,interior
L,2,11,20,310,-0.00141018,0.97575575,-0.21885776,interior
L,2,11,21,329,-0.07643593,0.98067969,-0.18006913,interior
L,2,11,22,351,-0.15520878,0.97702044,-0.14608658,interior
L,2,11,23,372,-0.23058024,0.96546085,-0.12131822,interior
L,2,11,24,390,-0.30870602,0.94509133,-0.10725189,interior
L,2,11,25,412,-0.38800272,0.91752874,-0.08714870,interior
L,2,11,26,435,-0.47397112,0.87833386,-0.06229765,interior
L,2,11,27,456,-0.56902353,0.82147365,-0.03732651,interior
L,2,11,28,476,-0.66717757,0.74448109,-0.02493989,interior
L,2,11,29,496,-0.76373364,0.64523936,-0.01941915,interior
L,2,11,30,515,-0.85232751,0.52297349,-0.00604579,boundary
L,2,12,2,37,0.73455025,-0.05878152,-0.67600345,interior
L,2,12,3,44,0.75467006,0.02752891,-0.65552671,interior
L,2,12,4,49,0.76111240,0.10979601,-0.63925953,interior
L,2,12,5,61,0.76418841,0.18684830,-0.61733604,interior
L,2,12,6,70,0.75710879,0.26319784,-0.59792406,interior
L,2,12,7,81,0.74787585,0.33594337,-0.57255896,interior
L,2,12,8,98,0.73270431,0.40962690,-0.54346131,interior
L,2,12,9,112,0.70975149,0.47579553,-0.51949152,interior
L,2,12,10,128,0.67866974,0.54423617,-0.49316769,interior
L,2,12,11,143,0.64267363,0.61317314,-0.45933572,interior
L,2,12,12,164,0.60579542,0.67470292,-0.42164899,interior
L,2,12,13,181,0.55834408,0.73371010,-0.38719681,interior
L,2,12,14,200,0.50071849,0.79140703,-0.35065069,interior
L,2,12,15,219,0.43976164,0.84001080,-0.31779168,interior
L,2,12,16,238,0.37160107,0.88323144,-0.28603299,interior
L,2,12,17,257,0.30387183,0.91979825,-0.24826012,interior
L,2,12,18,276,0.23708286,0.94707976,-0.21640623,interior
L,2,12,19,297,0.16288547,0.96737435,-0.19404943,interior
L,2,12,20,318,0.09192900,0.98121256,-0.16962008,interior
L,2,12,21,339,0.02088230,0.99043871,-0.13636384,interior
L,2,12,22,359,-0.05993521,0.99306168,-0.10117449,interior
L,2,12,23,382,-0.14060283,0.98760169,-0.06981221,interior
L,2,12,24,402,-0.21572816,0.97536650,-0.04606031,interior
L,2,12,25,424,-0.29173977,0.95617005,-0.02503481,interior
L,2,12,26,446,-0.37080267,0.92871113,0.00100801,interior
L,2,12,27,467,-0.46584410,0.88461708,0.02102153,interior
L,2,12,28,489,-0.56224845,0.82622077,0.03515579,interior
L,2,12,29,509,-0.66009032,0.75008506,0.04065920,interior
L,2,12,30,526,-0.75911899,0.65013036,0.03269365,interior
L,2,12,31,543,-0.86423346,0.50297707,0.01070487,boundary
L,2,13,2,52,0.77903726,-0.07707030,-0.62222272,interior
L,2,13,3,56,0.79159852,-0.00940048,-0.61096924,interior
L,2,13,4,63,0.80325057,0.07126171,-0.59136307,interior
L,2,13,5,71,0.80661280,0.15048793,-0.57160229,interior
L,2,13,6,80,0.80375601,0.22352924,-0.55137188,interior
L,2,13,7,95,0.79655116,0.29739667,-0.52636628,interior
L,2,13,8,108,0.78172855,0.37608071,-0.49745731,interior
L,2,13,9,123,0.75892954,0.44815650,-0.47242111,interior
L,2,13,10,138,0.73352795,0.51234937,-0.44658131,interior
L,2,13,11,155,0.70128632,0.58174278,-0.41203499,interior
L,2,13,12,171,0.66520836,0.64295448,-0.37961476,interior
L,2,13,13,192,0.62285826,0.70442947,-0.34033323,interior
L,2,13,14,211,0.57357254,0.76091265,-0.30335866,interior
L,2,13,15,230,0.52161038,0.80879557,-0.27161063,interior
L,2,13,16,249,0.45724348,0.85725123,-0.23674615,interior
L,2,13,17,270,0.38718301,0.89931952,-0.20325774,interior
L,2,13,18,291,0.32367599,0.93034534,-0.17231192,interior
L,2,13,19,309,0.25657463,0.95581947,-0.14345244,interior
L,2,13,20,328,0.18169232,0.97664865,-0.11465303,interior
L,2,13,21,350,0.11074460,0.99003348,-0.08700194,interior
L,2,13,22,371,0.03662215,0.99772061,-0.05667813,interior
L,2,13,23,392,-0.04909504,0.99854316,-0.02238848,interior
L,2,13,24,416,-0.12603020,0.99201207,0.00533397,interior
L,2,13,25,436,-0.20305400,0.97879544,0.02699200,interior
L,2,13,26,458,-0.27932401,0.95868021,0.05394762,interior
L,2,13,27,480,-0.36354566,0.92819905,0.07925324,interior
L,2,13,28,500,-0.45590000,0.88579769,0.08670429,interior
L,2,13,29,521,-0.55366490,0.82752359,0.09305851,interior
L,2,13,30,538,-0.65575565,0.74910941,0.09391287,interior
L,2,13,31,557,-0.76147466,0.64150592,0.09287898,interior
L,2,13,32,572,-0.87144192,0.48252409,0.08808791,boundary
L,2,14,3,69,0.81887025,-0.05739801,-0.57110154,interior
L,2,14,4,77,0.83612299,0.02651865,-0.54790064,interior
L,2,14,5,83,0.84509390,0.10351009,-0.52450163,interior
L,2,14,6,93,0.84443577,0.18342304,-0.50327350,interior
L,2,14,7,105,0.83982939,0.25944859,-0.47683647,interior
L,2,14,8,115,0.82574011,0.33865460,-0.45107242,interior
L,2,14,9,134,0.80637581,0.41262878,-0.42366915,interior
L,2,14,10,151,0.78359041,0.47827936,-0.39652858,interior
L,2,14,11,167,0.75563279,0.54851563,-0.35798001,interior
L,2,14,12,185,0.72053909,0.61076623,-0.32831088,interior
L,2,14,13,202,0.68007037,0.67050656,-0.29652192,interior
L,2,14,14,224,0.63371153,0.72933557,-0.25783584,interior
L,2,14,15,242,0.58917029,0.77472003,-0.22953701,interior
L,2,14,16,260,0.53831721,0.81962024,-0.19605418,interior
L,2,14,17,279,0.47442819,0.86569725,-0.15964385,interior
L,2,14,18,300,0.40273758,0.90609447,-0.12959652,interior
L,2,14,19,320,0.33351040,0.93765799,-0.09781769,interior
L,2,14,20,342,0.26193328,0.96308608,-0.06209793,interior
L,2,14,21,360,0.19521042,0.98006068,-0.03706694,interior
L,2,14,22,383,0.12874461,0.99162883,-0.00985299,interior
L,2,14,23,405,0.05022159,0.99852351,0.02070269,interior
L,2,14,24,428,-0.03344786,0.99827222,0.04830951,interior
L,2,14,25,450,-0.11632244,0.99085289,0.06840790,interior
L,2,14,26,471,-0.20066264,0.97531474,0.09217191,interior
L,2,14,27,491,-0.28118333,0.95163465,0.12380403,interior
L,2,14,28,512,-0.36772432,0.91876622,0.14369227,interior
L,2,14,29,533,-0.46037005,0.87468174,0.15162874,interior
L,2,14,30,552,-0.55696423,0.81475970,0.16111322,interior
L,2,14,31,571,-0.65405800,0.73781058,0.16686427,interior
L,2,14,32,588,-0.76377073,0.62173197,0.17350394,boundary
L,2,15,3,87,0.84285893,-0.11325788,-0.52608125,interior
L,2,15,4,91,0.86454400,-0.01869781,-0.50220918,interior
L,2,15,5,97,0.87390539,0.06088941,-0.48226741,interior
L,2,15,6,107,0.87710485,0.13714886,-0.46030129,interior
L,2,15,7,116,0.87649571,0.21389677,-0.43128117,interior
L,2,15,8,132,0.86734226,0.29188269,-0.40314005,interior
L,2,15,9,147,0.85062837,0.36815251,-0.37535997,interior
L,2,15,10,161,0.82998056,0.43711341,-0.34650273,interior
L,2,15,11,178,0.80497817,0.50419203,-0.31273079,interior
L,2,15,12,195,0.77163286,0.57158270,-0.27906261,interior
L,2,15,13,213,0.73260840,0.63311845,-0.24989188,interior
L,2,15,14,233,0.68996107,0.69148255,-0.21402244,interior
L,2,15,15,254,0.64889977,0.73802806,-0.18505046,interior
L,2,15,16,272,0.60034313,0.78422406,-0.15678253,interior
L,2,15,17,292,0.54312430,0.83115985,-0.11911881,interior
L,2,15,18,312,0.47612866,0.87525631,-0.08501703,interior
L,2,15,19,335,0.40776578,0.91160002,-0.05208136,interior
L,2,15,20,354,0.33932756,0.94049204,-0.01820770,interior
L,2,15,21,375,0.27472085,0.96146555,0.01060437,interior
L,2,15,22,397,0.21097473,0.97682857,0.03599457,interior
L,2,15,23,418,0.14130655,0.98819417,0.05920087,interior
L,2,15,24,439,0.05759471,0.99507063,0.08072976,interior
L,2,15,25,461,-0.03359656,0.99392536,0.10480291,interior
L,2,15,26,481,-0.12213492,0.98374222,0.13165980,interior
L,2,15,27,503,-0.20635334,0.96413588,0.16691404,interior
L,2,15,28,525,-0.29103250,0.93593917,0.19828757,interior
L,2,15,29,546,-0.37921174,0.90042718,0.21314164,interior
L,2,15,30,565,-0.47268160,0.85313498,0.22075508,interior
L,2,15,31,584,-0.56443921,0.79149038,0.23441707,interior
L,2,15,32,603,-0.66254217,0.70808935,0.24422805,interior
L,2,15,33,618,-0.77251958,0.58160659,0.25484754,boundary
L,2,16,4,106,0.89013727,-0.07077572,-0.45016267,interior
L,2,16,5,114,0.90040142,0.01527706,-0.43479179,interior
L,2,16,6,122,0.90567405,0.09239645,-0.41378427,interior
L,2,16,7,133,0.90508878,0.16798757,-0.39063344,interior
L,2,16,8,146,0.90131360,0.24099500,-0.35993778,interior
L,2,16,9,160,0.88986576,0.31865006,-0.32649821,interior
L,2,16,10,175,0.87029473,0.39371920,-0.29592614,interior
L,2,16,11,193,0.84501241,0.46211405,-0.26908109,interior
L,2,16,12,210,0.81717325,0.52503202,-0.23784292,interior
L,2,16,13,228,0.78412682,0.58456443,-0.20839760,interior
L,2,16,14,246,0.74187679,0.64732615,-0.17489335,interior
L,2,16,15,265,0.70074505,0.69880885,-0.14360559,interior
L,2,16,16,286,0.65730812,0.74515551,-0.11264676,interior
L,2,16,17,306,0.59821988,0.79778035,-0.07536241,interior
L,2,16,18,325,0.53975812,0.84097427,-0.03772856,interior
L,2,16,19,344,0.47857849,0.87804127,-0.00248128,interior
L,2,16,20,368,0.41446010,0.90963302,0.02811736,interior
L,2,16,21,387,0.35232065,0.93428238,0.05464973,interior
L,2,16,22,409,0.28813010,0.95457801,0.07590697,interior
L,2,16,23,431,0.21721657,0.97179180,0.09185670,interior
L,2,16,24,451,0.14007593,0.98330882,0.11611416,interior
L,2,16,25,474,0.04922914,0.98823036,0.14483525,interior
L,2,16,26,495,-0.04489225,0.98399555,0.17244551,interior
L,2,16,27,516,-0.13108866,0.96961910,0.20652984,interior
L,2,16,28,537,-0.21499040,0.94635474,0.24122984,interior
L,2,16,29,559,-0.30146425,0.91500288,0.26812131,interior
L,2,16,30,579,-0.39000394,0.87764867,0.27862113,interior
L,2,16,31,597,-0.48149155,0.82618004,0.29256184,interior
L,2,16,32,616,-0.57865035,0.75545241,0.30733602,interior
L,2,16,33,631,-0.68344541,0.66075657,0.31032745,boundary
L,2,17,4,125,0.89742190,-0.13047495,-0.42143827,interior
L,2,17,5,130,0.91536747,-0.03759068,-0.40086074,interior
L,2,17,6,137,0.92660431,0.04603817,-0.37320896,interior
L,2,17,7,148,0.92980749,0.11908211,-0.34824917,interior
L,2,17,8,158,0.92802351,0.18998397,-0.32043479,interior
L,2,17,9,172,0.92039547,0.26503242,-0.28745434,interior
L,2,17,10,188,0.90429371,0.34369868,-0.25322738,interior
L,2,17,11,206,0.88207350,0.41385052,-0.22510908,interior
L,2,17,12,225,0.85517977,0.47796895,-0.20053239,interior
L,2,17,13,241,0.82946334,0.53206019,-0.17000741,interior
L,2,17,14,258,0.79368818,0.59239921,-0.13828322,interior
L,2,17,15,277,0.75171678,0.65116894,-0.10440734,interior
L,2,17,16,296,0.70762470,0.70313367,-0.06978767,interior
L,2,17,17,319,0.65626917,0.75375192,-0.03418812,interior
L,2,17,18,338,0.59614863,0.80284658,0.00664683,interior
L,2,17,19,357,0.54218122,0.83926722,0.04086638,interior
L,2,17,20,380,0.48424490,0.87238179,0.06675994,interior
L,2,17,21,401,0.42296175,0.90152370,0.09142416,interior
L,2,17,22,421,0.35707843,0.92786531,0.10752195,interior
L,2,17,23,442,0.28627734,0.94991433,0.12533179,interior
L,2,17,24,465,0.20771679,0.96635342,0.15170631,interior
L,2,17,25,486,0.12522707,0.97488392,0.18417251,interior
L,2,17,26,508,0.03240940,0.97608350,0.21496659,interior
L,2,17,27,530,-0.05563297,0.96774374,0.24571735,interior
L,2,17,28,551,-0.14144572,0.94946306,0.28020172,interior
L,2,17,29,573,-0.23127707,0.92329354,0.30665934,interior
L,2,17,30,592,-0.31449653,0.89099188,0.32745290,interior
L,2,17,31,613,-0.40336851,0.84703829,0.34615021,interior
L,2,17,32,629,-0.49999256,0.78531144,0.36509365,interior
L,2,17,33,647,-0.59859935,0.70808833,0.37455271,boundary
L,2,18,5,149,0.92118751,-0.11706758,-0.37109130,interior
L,2,18,6,153,0.93966882,-0.00662697,-0.34202134,interior
L,2,18,7,165,0.94692879,0.07540810,-0.31247317,interior
L,2,18,8,174,0.94709033,0.14385363,-0.28692514,interior
L,2,18,9,187,0.94326251,0.21229922,-0.25531332,interior
L,2,18,10,204,0.93197412,0.28634810,-0.22232634,interior
L,2,18,11,220,0.91551969,0.35771161,-0.18402746,interior
L,2,18,12,235,0.89089379,0.42633106,-0.15668465,interior
L,2,18,13,255,0.86495379,0.48513650,-0.12844269,interior
L,2,18,14,274,0.83592834,0.54022748,-0.09684048,interior
L,2,18,15,293,0.80054021,0.59611029,-0.06154582,interior
L,2,18,16,311,0.75676367,0.65325642,-0.02376541,interior
L,2,18,17,332,0.71363640,0.70043460,0.01069889,interior
L,2,18,18,353,0.65933382,0.75043064,0.04618190,interior
L,2,18,19,373,0.60033915,0.79602416,0.07706126,interior
L,2,18,20,393,0.54795640,0.83055926,0.09957461,interior
L,2,18,21,413,0.48569213,0.86633239,0.11649610,interior
L,2,18,22,434,0.41633619,0.89897291,0.13605835,interior
L,2,18,23,455,0.34256496,0.92602303,0.15852633,interior
L,2,18,24,477,0.26843576,0.94446488,0.18954768,interior
L,2,18,25,501,0.18598772,0.95757307,0.22014174,interior
L,2,18,26,522,0.10216036,0.96087273,0.25746233,interior
L,2,18,27,544,0.01495629,0.95635427,0.29182670,interior
L,2,18,28,564,-0.07094501,0.94175329,0.32873630,interior
L,2,18,29,585,-0.16294423,0.91960194,0.35746531,interior
L,2,18,30,606,-0.25005217,0.89232330,0.37580983,interior
L,2,18,31,625,-0.32927044,0.85807693,0.39406212,interior
L,2,18,32,644,-0.42327841,0.80247826,0.42055204,interior
L,2,18,33,661,-0.52510769,0.72907308,0.43899244,interior
L,2,18,34,673,-0.62932121,0.63896805,0.44235126,boundary
L,2,19,6,170,0.94876672,-0.06906829,-0.30833632,interior
L,2,19,7,180,0.95962205,0.01777548,-0.28073039,interior
L,2,19,8,191,0.96450147,0.09070160,-0.24801237,interior
L,2,19,9,205,0.96315077,0.15786517,-0.21775946,interior
L,2,19,10,215,0.95567734,0.22846877,-0.18569555,interior
L,2,19,11,234,0.94272279,0.29744262,-0.15100207,interior
L,2,19,12,251,0.92403145,0.36557524,-0.11189558,interior
L,2,19,13,269,0.89849961,0.43077702,-0.08443700,interior
L,2,19,14,289,0.86932019,0.49113439,-0.05540237,interior
L,2,19,15,307,0.83670069,0.54725634,-0.02103458,interior
L,2,19,16,326,0.79880409,0.60143381,0.01376226,interior
L,2,19,17,345,0.76052167,0.64757690,0.04744417,interior
L,2,19,18,365,0.71252519,0.69742398,0.07686116,interior
L,2,19,19,386,0.65886861,0.74492289,0.10479523,interior
L,2,19,20,406,0.60392190,0.78734522,0.12395903,interior
L,2,19,21,427,0.54317134,0.82666328,0.14694460,interior
L,2,19,22,448,0.47212412,0.86425470,0.17367390,interior
L,2,19,23,470,0.39960663,0.89478723,0.19917420,interior
L,2,19,24,492,0.32892911,0.91569485,0.23088652,interior
L,2,19,25,514,0.25305552,0.93108809,0.26275060,interior
L,2,19,26,535,0.17178993,0.93974936,0.29556616,interior
L,2,19,27,558,0.08797602,0.93808733,0.33504085,interior
L,2,19,28,578,0.00087377,0.92872353,0.37077195,interior
L,2,19,29,598,-0.09328475,0.91079529,0.40218143,interior
L,2,19,30,620,-0.18300701,0.88440720,0.42933942,interior
L,2,19,31,638,-0.26462650,0.85332976,0.44922281,interior
L,2,19,32,655,-0.34989988,0.81187249,0.46736831,interior
L,2,19,33,671,-0.45012966,0.74672842,0.48967332,interior
L,2,19,34,687,-0.55353762,0.66776794,0.49767668,boundary
L,2,20,6,190,0.93992173,-0.13261354,-0.31458034,interior
L,2,20,7,197,0.96482218,-0.05114276,-0.25788094,interior
L,2,20,8,209,0.97699896,0.02705026,-0.21152145,interior
L,2,20,9,222,0.97903969,0.09397976,-0.18069057,interior
L,2,20,10,232,0.97458390,0.16613776,-0.15028128,interior
L,2,20,11,250,0.96467476,0.23516801,-0.11873757,interior
L,2,20,12,266,0.94972134,0.30283690,-0.07949336,interior
L,2,20,13,285,0.92816832,0.36972880,-0.04247571,interior
L,2,20,14,302,0.90115737,0.43333163,-0.01179409,interior
L,2,20,15,321,0.86937270,0.49387665,0.01664210,interior
L,2,20,16,340,0.83354079,0.55038343,0.04783132,interior
L,2,20,17,358,0.79678639,0.59936667,0.07675314,interior
L,2,20,18,379,0.75569375,0.64723711,0.10005539,interior
L,2,20,19,400,0.70563010,0.69836188,0.11990353,interior
L,2,20,20,420,0.65238474,0.74330634,0.14795215,interior
L,2,20,21,440,0.59764045,0.78131562,0.17992166,interior
L,2,20,22,462,0.53062797,0.81982486,0.21522349,interior
L,2,20,23,483,0.45654524,0.85475210,0.24691150,interior
L,2,20,24,505,0.38533444,0.88020613,0.27704609,interior
L,2,20,25,528,0.31765035,0.89598421,0.31033940,interior
L,2,20,26,549,0.24088959,0.90786332,0.34315651,interior
L,2,20,27,570,0.15974193,0.91289741,0.37563392,interior
L,2,20,28,591,0.07642044,0.90821928,0.41145796,interior
L,2,20,29,612,-0.01916557,0.89776596,0.44005563,interior
L,2,20,30,633,-0.11500148,0.87599931,0.46840140,interior
L,2,20,31,652,-0.20543727,0.84302432,0.49709710,interior
L,2,20,32,670,-0.28907705,0.80435025,0.51909068,interior
L,2,20,33,685,-0.37787155,0.75454442,0.53654059,interior
L,2,20,34,699,-0.47610862,0.68767763,0.54810588,interior
L,2,20,35,711,-0.57923018,0.60240916,0.54917720,boundary
L,2,21,7,216,0.96482683,-0.12626376,-0.23057895,interior
L,2,21,8,227,0.98119125,-0.03883974,-0.18909046,interior
L,2,21,9,236,0.98790535,0.03294105,-0.15151866,interior
L,2,21,10,252,0.98864784,0.09852157,-0.11344140,interior
L,2,21,11,264,0.98191104,0.17082758,-0.08166179,interior
L,2,21,12,281,0.97035691,0.23630401,-0.05067432,interior
L,2,21,13,299,0.95343111,0.30149928,-0.00820332,interior
L,2,21,14,317,0.92866964,0.36985516,0.02792590,interior
L,2,21,15,337,0.90031641,0.43157799,0.05630989,interior
L,2,21,16,356,0.86795184,0.49015282,0.08006140,interior
L,2,21,17,374,0.82955380,0.54907472,0.10177151,interior
L,2,21,18,395,0.79166542,0.59913609,0.11959015,interior
L,2,21,19,414,0.74603016,0.65053552,0.14227628,interior
L,2,21,20,433,0.69709649,0.69574169,0.17320506,interior
L,2,21,21,454,0.64280871,0.73542851,0.21434053,interior
L,2,21,22,475,0.58267952,0.77167718,0.25494885,interior
L,2,21,23,497,0.51382486,0.80684577,0.29152000,interior
L,2,21,24,520,0.44374180,0.83475323,0.32600653,interior
L,2,21,25,541,0.37505581,0.85584590,0.35617541,interior
L,2,21,26,562,0.30350498,0.87013820,0.38825796,interior
L,2,21,27,583,0.22279915,0.88004140,0.41938964,interior
L,2,21,28,604,0.14131877,0.88123407,0.45106043,interior
L,2,21,29,626,0.05456452,0.87381589,0.48318578,interior
L,2,21,30,645,-0.04029002,0.85655724,0.51447683,interior
L,2,21,31,664,-0.13589710,0.83204124,0.53780977,interior
L,2,21,32,682,-0.22822364,0.79225266,0.56590608,interior
L,2,21,33,697,-0.31245023,0.74699121,0.58683813,interior
L,2,21,34,712,-0.40362529,0.69148533,0.59911156,interior
L,2,21,35,723,-0.50388244,0.62234540,0.59898972,interior
L,2,21,36,731,-0.61744620,0.53702839,0.57477013,boundary
L,2,22,8,245,0.97752585,-0.12413985,-0.17038928,interior
L,2,22,9,256,0.99010560,-0.04009297,-0.13447471,interior
L,2,22,10,271,0.99589620,0.03169709,-0.08477057,interior
L,2,22,11,282,0.99361978,0.10209588,-0.04791837,interior
L,2,22,12,295,0.98570444,0.16761441,-0.01709290,interior
L,2,22,13,315,0.97330881,0.22886331,0.01707474,interior
L,2,22,14,333,0.95072939,0.30540784,0.05328871,interior
L,2,22,15,352,0.92553078,0.36967890,0.08203830,interior
L,2,22,16,370,0.89696871,0.42871842,0.10792431,interior
L,2,22,17,388,0.86101920,0.49264032,0.12629906,interior
L,2,22,18,407,0.82285623,0.54907614,0.14636604,interior
L,2,22,19,429,0.78088819,0.60057588,0.17182040,interior
L,2,22,20,447,0.73602885,0.64430663,0.20767884,interior
L,2,22,21,469,0.68343271,0.68592966,0.24984040,interior
L,2,22,22,490,0.62771336,0.72252604,0.28971031,interior
L,2,22,23,510,0.56546738,0.75673579,0.32802072,interior
L,2,22,24,532,0.49853759,0.78572392,0.36619420,interior
L,2,22,25,554,0.43290159,0.80777146,0.40012683,interior
L,2,22,26,576,0.36366347,0.82625097,0.43018393,interior
L,2,22,27,596,0.28571209,0.83881089,0.46342734,interior
L,2,22,28,617,0.20220883,0.84725729,0.49118903,interior
L,2,22,29,637,0.11898511,0.84233427,0.52565722,interior
L,2,22,30,656,0.02632663,0.82822145,0.55978222,interior
L,2,22,31,675,-0.06826421,0.80882983,0.58406704,interior
L,2,22,32,694,-0.16344372,0.77641638,0.60865734,interior
L,2,22,33,710,-0.25466756,0.72983055,0.63442241,interior
L,2,22,34,724,-0.34027735,0.68021412,0.64924577,interior
L,2,22,35,736,-0.42702989,0.62134174,0.65694742,interior
L,2,22,36,744,-0.51961481,0.55434925,0.65015180,boundary
L,2,23,9,275,0.98078519,-0.13938116,-0.13650387,interior
L,2,23,10,287,0.99663298,-0.03457812,-0.07434415,interior
L,2,23,11,298,0.99877725,0.03952673,-0.02969256,interior
L,2,23,12,314,0.99469212,0.10251859,0.00880496,interior
L,2,23,13,331,0.98578620,0.16318392,0.03995720,interior
L,2,23,14,348,0.97019057,0.23248331,0.06842344,interior
L,2,23,15,366,0.94759071,0.30368614,0.09922992,interior
L,2,23,16,385,0.92306179,0.36291072,0.12748623,interior
L,2,23,17,403,0.89074416,0.42723430,0.15506677,interior
L,2,23,18,422,0.85191144,0.49041935,0.18367296,interior
L,2,23,19,443,0.80996967,0.54652540,0.21274190,interior
L,2,23,20,463,0.76579331,0.59368323,0.24718583,interior
L,2,23,21,484,0.71773975,0.63465725,0.28646086,interior
L,2,23,22,504,0.66560923,0.67210339,0.32440930,interior
L,2,23,23,524,0.60932025,0.70641560,0.36014697,interior
L,2,23,24,547,0.54365025,0.73791023,0.39991611,interior
L,2,23,25,568,0.48085728,0.76001029,0.43721920,interior
L,2,23,26,590,0.41560924,0.77939063,0.46884882,interior
L,2,23,27,609,0.34345962,0.79272324,0.50361230,interior
L,2,23,28,628,0.26054210,0.80464116,0.53354514,interior
L,2,23,29,649,0.17737701,0.80513542,0.56594554,interior
L,2,23,30,668,0.08832610,0.79760085,0.59668366,interior
L,2,23,31,689,-0.00627719,0.78206579,0.62316426,interior
L,2,23,32,705,-0.10100565,0.75413047,0.64891070,interior
L,2,23,33,721,-0.19318125,0.71404783,0.67291657,interior
L,2,23,34,737,-0.28456013,0.66586823,0.68967024,interior
L,2,23,35,749,-0.36328744,0.61198630,0.70249200,interior
L,2,23,36,757,-0.44835954,0.54695460,0.70697552,interior
L,2,23,37,764,-0.54825042,0.47788774,0.68632703,boundary
L,2,24,10,304,0.99365609,-0.08832101,-0.06962019,interior
L,2,24,11,316,0.99931719,-0.02507662,-0.02713524,interior
L,2,24,12,330,0.99893512,0.04131463,0.02053589,interior
L,2,24,13,347,0.99382126,0.09699189,0.05396181,interior
L,2,24,14,364,0.98316299,0.16305741,0.08247919,interior
L,2,24,15,381,0.96532455,0.23716772,0.10908708,interior
L,2,24,16,399,0.94027857,0.30623676,0.14864477,interior
L,2,24,17,419,0.91215021,0.36722735,0.18200568,interior
L,2,24,18,438,0.87492467,0.43239171,0.21804639,interior
L,2,24,19,459,0.83493557,0.48838976,0.25368884,interior
L,2,24,20,479,0.79197327,0.53836458,0.28799640,interior
L,2,24,21,499,0.74618671,0.58216820,0.32293280,interior
L,2,24,22,519,0.69834103,0.61851391,0.36022263,interior
L,2,24,23,540,0.64420481,0.65375549,0.39699360,interior
L,2,24,24,560,0.58659774,0.68148156,0.43759110,interior
L,2,24,25,581,0.52153285,0.70910523,0.47452425,interior
L,2,24,26,602,0.45911332,0.72854837,0.50836230,interior
L,2,24,27,622,0.39142860,0.74412276,0.54135475,interior
L,2,24,28,641,0.31336308,0.75392985,0.57740225,interior
L,2,24,29,662,0.23350064,0.75653080,0.61085072,interior
L,2,24,30,681,0.14957357,0.75219889,0.64173559,interior
L,2,24,31,700,0.05841570,0.74708831,0.66215305,interior
L,2,24,32,716,-0.03371415,0.72848723,0.68422928,interior
L,2,24,33,733,-0.12720567,0.68947028,0.71305641,interior
L,2,24,34,747,-0.22213777,0.64704537,0.72937446,interior
L,2,24,35,761,-0.30529152,0.59886390,0.74037768,interior
L,2,24,36,770,-0.38584644,0.53476702,0.75176243,interior
L,2,24,37,776,-0.47239164,0.46102446,0.75120076,boundary
L,2,25,11,334,0.99332240,-0.10921350,-0.03718911,interior
L,2,25,12,346,0.99943677,-0.02651628,0.02056780,interior
L,2,25,13,362,0.99738181,0.03544527,0.06303301,interior
L,2,25,14,378,0.99169784,0.09030875,0.09154080,interior
L,2,25,15,398,0.97823609,0.16323572,0.12809469,interior
L,2,25,16,415,0.95565106,0.23909218,0.17194762,interior
L,2,25,17,432,0.92814897,0.30693406,0.21054920,interior
L,2,25,18,452,0.89631578,0.36797784,0.24740723,interior
L,2,25,19,472,0.85893139,0.42440366,0.28656309,interior
L,2,25,20,494,0.81771287,0.47696228,0.32226177,interior
L,2,25,21,513,0.77304469,0.52450877,0.35678068,interior
L,2,25,22,534,0.72650862,0.56306860,0.39387685,interior
L,2,25,23,553,0.67624218,0.59518112,0.43411513,interior
L,2,25,24,574,0.62384567,0.62085288,0.47471915,interior
L,2,25,25,594,0.56469705,0.64691457,0.51246343,interior
L,2,25,26,615,0.49943022,0.67171031,0.54715145,interior
L,2,25,27,635,0.43683524,0.68507067,0.58296925,interior
L,2,25,28,653,0.36461476,0.69520089,0.61947704,interior
L,2,25,29,674,0.28851585,0.69802903,0.65537323,interior
L,2,25,30,691,0.20647410,0.69819225,0.68548963,interior
L,2,25,31,709,0.11523134,0.69908234,0.70569514,interior
L,2,25,32,728,0.02586399,0.68831666,0.72494913,interior
L,2,25,33,743,-0.06232714,0.66034389,0.74837241,interior
L,2,25,34,760,-0.15733881,0.61633002,0.77160988,interior
L,2,25,35,771,-0.24630847,0.57557220,0.77977482,interior
L,2,25,36,785,-0.32927879,0.52363346,0.78573754,interior
L,2,25,37,790,-0.41212114,0.45249091,0.79082751,interior
L,2,25,38,794,-0.50265204,0.36516743,0.78357748,boundary
L,2,26,12,363,0.99422141,-0.10595423,0.01724805,interior
L,2,26,13,377,0.99732391,-0.03093519,0.06624217,interior
L,2,26,14,394,0.99443133,0.02903918,0.10130671,interior
L,2,26,15,410,0.98496810,0.09223819,0.14604777,interior
L,2,26,16,430,0.96699776,0.16179947,0.19681531,interior
L,2,26,17,449,0.94447448,0.22678249,0.23777649,interior
L,2,26,18,468,0.91488456,0.29623436,0.27428353,interior
L,2,26,19,488,0.88134856,0.35153817,0.31566695,interior
L,2,26,20,507,0.84219823,0.40532330,0.35554911,interior
L,2,26,21,529,0.79820395,0.45755279,0.39181106,interior
L,2,26,22,548,0.75311636,0.49839108,0.42944393,interior
L,2,26,23,566,0.70576761,0.53213917,0.46767508,interior
L,2,26,24,587,0.65426395,0.55703767,0.51151512,interior
L,2,26,25,608,0.59883093,0.58002144,0.55224692,interior
L,2,26,26,627,0.53652477,0.60730638,0.58593526,interior
L,2,26,27,646,0.47352421,0.62550056,0.62009989,interior
L,2,26,28,665,0.41192193,0.63069200,0.65768376,interior
L,2,26,29,684,0.34065722,0.63543887,0.69294308,interior
L,2,26,30,703,0.25905046,0.63960088,0.72374275,interior
L,2,26,31,720,0.17120671,0.64249044,0.74692322,interior
L,2,26,32,738,0.08125102,0.63368297,0.76931409,interior
L,2,26,33,754,-0.00984656,0.61498809,0.78847492,interior
L,2,26,34,769,-0.10330589,0.58135840,0.80706276,interior
L,2,26,35,784,-0.18905870,0.54147868,0.81918108,interior
L,2,26,36,792,-0.27437625,0.49822535,0.82248962,interior
L,2,26,37,800,-0.36140028,0.43828450,0.82298027,interior
L,2,26,38,806,-0.44996667,0.35804336,0.81812893,boundary
L,2,27,13,391,0.99364811,-0.09516953,0.06005160,interior
L,2,27,14,408,0.99303228,-0.03517127,0.11247169,interior
L,2,27,15,425,0.98706610,0.02997382,0.15748677,interior
L,2,27,16,444,0.97326777,0.09457117,0.20929917,interior
L,2,27,17,464,0.95440094,0.15128185,0.25735703,interior
L,2,27,18,482,0.93072155,0.21468864,0.29608476,interior
L,2,27,19,502,0.89888673,0.27651927,0.33991136,interior
L,2,27,20,523,0.86286823,0.33085287,0.38209265,interior
L,2,27,21,542,0.82003169,0.38530289,0.42318992,interior
L,2,27,22,561,0.77694398,0.42722469,0.46242525,interior
L,2,27,23,580,0.72917294,0.46852464,0.49879002,interior
L,2,27,24,599,0.67775776,0.50099596,0.53818906,interior
L,2,27,25,621,0.62133990,0.52425126,0.58232065,interior
L,2,27,26,639,0.56624791,0.54128260,0.62159186,interior
L,2,27,27,658,0.50628680,0.56187964,0.65419030,interior
L,2,27,28,677,0.44729301,0.57322191,0.68654614,interior
L,2,27,29,695,0.38558361,0.57770376,0.71943286,interior
L,2,27,30,714,0.30857420,0.58473666,0.75024330,interior
L,2,27,31,730,0.22425469,0.58822594,0.77698139,interior
L,2,27,32,748,0.13229318,0.58390927,0.80096721,interior
L,2,27,33,763,0.04107216,0.56792564,0.82205447,interior
L,2,27,34,777,-0.04976317,0.54223238,0.83875364,interior
L,2,27,35,791,-0.13783811,0.50512006,0.85197088,interior
L,2,27,36,802,-0.21963868,0.46961792,0.85511277,interior
L,2,27,37,812,-0.30737168,0.41626315,0.85571469,interior
L,2,27,38,817,-0.39899265,0.33630375,0.85305606,interior
L,2,27,39,818,-0.48545855,0.23965460,0.84077088,boundary
L,2,28,14,423,0.98672932,-0.10022272,0.12775228,interior
L,2,28,15,441,0.98516142,-0.03865548,0.16722059,interior
L,2,28,16,460,0.97630480,0.03072436,0.21420771,interior
L,2,28,17,478,0.95933620,0.09384145,0.26621013,interior
L,2,28,18,498,0.93848088,0.14701840,0.31247275,interior
L,2,28,19,517,0.91163841,0.20218160,0.35782399,interior
L,2,28,20,536,0.87959999,0.25357121,0.40249905,interior
L,2,28,21,555,0.83879191,0.31162054,0.44645356,interior
L,2,28,22,575,0.79283586,0.36635180,0.48702942,interior
L,2,28,23,593,0.75003134,0.40204735,0.52517703,interior
L,2,28,24,611,0.69921184,0.43668338,0.56604807,interior
L,2,28,25,632,0.63977133,0.46752884,0.61000773,interior
L,2,28,26,650,0.58681882,0.48501349,0.64838691,interior
L,2,28,27,669,0.53004102,0.50122202,0.68398319,interior
L,2,28,28,688,0.46983959,0.51763073,0.71505887,interior
L,2,28,29,704,0.41303232,0.52919707,0.74118471,interior
L,2,28,30,722,0.34593658,0.53586381,0.77018041,interior
L,2,28,31,739,0.26532857,0.53766098,0.80032582,interior
L,2,28,32,755,0.17644647,0.52984466,0.82953678,interior
L,2,28,33,772,0.08707389,0.51736055,0.85132614,interior
L,2,28,34,786,0.00425625,0.49642939,0.86806667,interior
L,2,28,35,799,-0.08885429,0.46279932,0.88199870,interior
L,2,28,36,813,-0.18050590,0.42454550,0.88723094,interior
L,2,28,37,822,-0.25902986,0.38032476,0.88783817,interior
L,2,28,38,825,-0.34242903,0.31033676,0.88681083,interior
L,2,28,39,829,-0.42704444,0.23623456,0.87282660,boundary
L,2,29,15,453,0.97659400,-0.11615434,0.18103131,interior
L,2,29,16,473,0.97428772,-0.03638157,0.22235066,interior
L,2,29,17,493,0.96075545,0.03320485,0.27540225,interior
L,2,29,18,511,0.93959889,0.09181869,0.32973208,interior
L,2,29,19,531,0.91572412,0.14072271,0.37635946,interior
L,2,29,20,550,0.88653872,0.19169402,0.42107303,interior
L,2,29,21,569,0.85125940,0.24132044,0.46596339,interior
L,2,29,22,589,0.80707777,0.29916365,0.50904477,interior
L,2,29,23,607,0.76383061,0.34364830,0.54632284,interior
L,2,29,24,624,0.71915664,0.37331867,0.58604343,interior
L,2,29,25,643,0.65953354,0.40404569,0.63384745,interior
L,2,29,26,663,0.60034695,0.42849402,0.67526026,interior
L,2,29,27,679,0.55186956,0.44428836,0.70572505,interior
L,2,29,28,698,0.48904386,0.45938617,0.74148530,interior
L,2,29,29,715,0.42884508,0.47099960,0.77087695,interior
L,2,29,30,732,0.37010729,0.47943072,0.79571777,interior
L,2,29,31,751,0.29692631,0.48384237,0.82324439,interior
L,2,29,32,766,0.21718513,0.47601898,0.85219514,interior
L,2,29,33,780,0.12993598,0.46441429,0.87603425,interior
L,2,29,34,795,0.05012455,0.44925436,0.89199667,interior
L,2,29,35,808,-0.03670866,0.42047827,0.90655970,interior
L,2,29,36,820,-0.13384318,0.37870534,0.91578833,interior
L,2,29,37,830,-0.22285846,0.33301647,0.91620638,interior
L,2,29,38,835,-0.29464818,0.27505341,0.91516560,interior
L,2,29,39,837,-0.35167271,0.19161810,0.91630170,boundary
L,2,30,16,485,0.96895677,-0.09939713,0.22636916,interior
L,2,30,17,506,0.95897428,-0.02834652,0.28207235,interior
L,2,30,18,527,0.93845815,0.03274218,0.34383752,interior
L,2,30,19,545,0.91650310,0.08222185,0.39148645,interior
L,2,30,20,563,0.89059538,0.12654337,0.43683710,interior
L,2,30,21,582,0.86093479,0.17379799,0.47810620,interior
L,2,30,22,600,0.82217662,0.22428881,0.52318269,interior
L,2,30,23,619,0.77899151,0.27179324,0.56506696,interior
L,2,30,24,636,0.73162128,0.30979339,0.60725476,interior
L,2,30,25,654,0.67848291,0.33978870,0.65130990,interior
L,2,30,26,672,0.61548695,0.36551117,0.69826742,interior
L,2,30,27,690,0.56518914,0.37846711,0.73302380,interior
L,2,30,28,706,0.51487991,0.39318405,0.76177751,interior
L,2,30,29,725,0.45139596,0.40898330,0.79307903,interior
L,2,30,30,740,0.38765160,0.41987977,0.82062611,interior
L,2,30,31,756,0.31892153,0.42709708,0.84609523,interior
L,2,30,32,774,0.25047235,0.41887941,0.87281363,interior
L,2,30,33,787,0.17121360,0.40729736,0.89710354,interior
L,2,30,34,803,0.08987889,0.39547396,0.91406900,interior
L,2,30,35,815,0.00932834,0.37433143,0.92724806,interior
L,2,30,36,827,-0.07889284,0.33418163,0.93920102,interior
L,2,30,37,836,-0.17411672,0.28377395,0.94295053,interior
L,2,30,38,843,-0.25323439,0.22979548,0.93971612,boundary
L,2,30,39,845,-0.32125052,0.19605294,0.92647793,boundary
L,2,31,17,518,0.95517534,-0.08857847,0.28247818,boundary
L,2,31,18,539,0.93023474,-0.02956293,0.36577228,interior
L,2,31,19,556,0.91518544,0.01722645,0.40266470,interior
L,2,31,20,577,0.89131617,0.06549065,0.44862730,interior
L,2,31,21,595,0.86475507,0.10496047,0.49110281,interior
L,2,31,22,610,0.83261084,0.14853652,0.53356920,interior
L,2,31,23,630,0.79090190,0.19308832,0.58068156,interior
L,2,31,24,648,0.74238536,0.23750995,0.62646069,interior
L,2,31,25,666,0.69083769,0.27062114,0.67045319,interior
L,2,31,26,683,0.63190584,0.29959413,0.71479953,interior
L,2,31,27,701,0.57660105,0.31439983,0.75411139,interior
L,2,31,28,718,0.53008339,0.32613671,0.78271734,interior
L,2,31,29,734,0.47541103,0.34344960,0.80995477,interior
L,2,31,30,752,0.41012274,0.35678778,0.83934607,interior
L,2,31,31,767,0.34706407,0.36545224,0.86370782,interior
L,2,31,32,782,0.27938986,0.36140803,0.88956481,interior
L,2,31,33,796,0.20409512,0.34982364,0.91431319,interior
L,2,31,34,811,0.12220431,0.33350928,0.93479285,interior
L,2,31,35,823,0.04415428,0.31428276,0.94830203,interior
L,2,31,36,833,-0.03689792,0.27881169,0.95963669,interior
L,2,31,37,842,-0.12155984,0.22755299,0.96614846,interior
L,2,31,38,849,-0.20023754,0.17531930,0.96393364,boundary
L,2,32,19,567,0.90557945,-0.07268827,0.41790223,interior
L,2,32,20,586,0.88781720,-0.00275649,0.46018804,interior
L,2,32,21,605,0.86466194,0.03479789,0.50114752,interior
L,2,32,22,623,0.83627499,0.07307139,0.54341946,interior
L,2,32,23,640,0.80088600,0.11154261,0.58833652,interior
L,2,32,24,659,0.75758907,0.15592564,0.63383436,interior
L,2,32,25,676,0.70724149,0.19598770,0.67926306,interior
L,2,32,26,692,0.65086974,0.22593102,0.72479221,interior
L,2,32,27,708,0.58965705,0.25182844,0.76738974,interior
L,2,32,28,727,0.53846796,0.26564373,0.79967848,interior
L,2,32,29,742,0.49047314,0.27965330,0.82536666,interior
L,2,32,30,759,0.43016510,0.29329495,0.85377752,interior
L,2,32,31,775,0.36825084,0.30165894,0.87942777,interior
L,2,32,32,789,0.30812555,0.30388803,0.90150469,interior
L,2,32,33,804,0.23213756,0.29189217,0.92785296,interior
L,2,32,34,816,0.15519357,0.27114560,0.94994474,interior
L,2,32,35,828,0.07940559,0.24593332,0.96602875,interior
L,2,32,36,839,-0.00203429,0.20920952,0.97786872,interior
L,2,32,37,846,-0.08196254,0.16662272,0.98260827,boundary
L,2,32,38,853,-0.14508810,0.12026314,0.98208259,boundary
L,2,33,21,614,0.86154043,-0.04451731,0.50573342,boundary
L,2,33,22,634,0.82554483,-0.01173195,0.56421459,interior
L,2,33,23,651,0.80098481,0.03091385,0.59788600,interior
L,2,33,24,667,0.76341284,0.06995906,0.64211102,interior
L,2,33,25,686,0.72039141,0.11256693,0.68437191,interior
L,2,33,26,702,0.66540373,0.14586288,0.73209419,interior
L,2,33,27,719,0.60512707,0.17493502,0.77667173,interior
L,2,33,28,735,0.55200793,0.19502974,0.81070996,interior
L,2,33,29,753,0.49859020,0.21071425,0.84083727,interior
L,2,33,30,768,0.43994319,0.22630154,0.86904407,interior
L,2,33,31,783,0.38183050,0.23263848,0.89447460,interior
L,2,33,32,797,0.32275422,0.23874496,0.91587694,interior
L,2,33,33,810,0.25547827,0.22979634,0.93910835,interior
L,2,33,34,824,0.18313309,0.20642938,0.96117074,interior
L,2,33,35,834,0.11005867,0.17501656,0.97839475,interior
L,2,33,36,844,0.02298255,0.12972108,0.99128414,interior
L,2,33,37,851,-0.05347881,0.08801000,0.99468299,boundary
L,2,34,23,657,0.80191301,-0.05364258,0.59502772,boundary
L,2,34,24,678,0.75993673,-0.02650952,0.64945625,interior
L,2,34,25,693,0.72435885,0.02501200,0.68896927,interior
L,2,34,26,707,0.68065117,0.05573440,0.73048454,interior
L,2,34,27,726,0.62286501,0.08621289,0.77756448,interior
L,2,34,28,741,0.56753474,0.11086252,0.81585159,interior
L,2,34,29,758,0.51156126,0.12769043,0.84970597,interior
L,2,34,30,773,0.44954819,0.14426858,0.88152879,interior
L,2,34,31,788,0.38897743,0.15385245,0.90830941,interior
L,2,34,32,801,0.33210136,0.16185012,0.92925412,interior
L,2,34,33,814,0.26801032,0.15831634,0.95031911,interior
L,2,34,34,826,0.19874524,0.13624139,0.97053522,interior
L,2,34,35,838,0.12731419,0.09878541,0.98693087,interior
L,2,34,36,847,0.04433840,0.05372780,0.99757076,boundary
L,2,34,37,854,-0.05251483,-0.00935094,0.99857636,boundary
L,2,35,26,713,0.69776681,-0.04509024,0.71490443,boundary
L,2,35,27,729,0.62712455,-0.00989373,0.77885616,interior
L,2,35,28,745,0.57884542,0.02593907,0.81502463,interior
L,2,35,29,762,0.52376230,0.04383772,0.85073574,interior
L,2,35,30,778,0.46397316,0.05539920,0.88411529,interior
L,2,35,31,793,0.39841532,0.06899496,0.91460643,interior
L,2,35,32,807,0.34245354,0.08001684,0.93612119,interior
L,2,35,33,819,0.27782235,0.08154541,0.95716513,interior
L,2,35,34,831,0.20439698,0.06422753,0.97677874,boundary
L,2,35,35,841,0.14883424,0.02108354,0.98863737,boundary
L,2,35,36,848,0.05927388,-0.03165291,0.99773980,boundary
L,2,36,28,746,0.59746094,-0.05953301,0.79968509,boundary
L,2,36,29,765,0.53096280,-0.05683586,0.84548695,boundary
L,2,36,30,781,0.47465894,-0.03684806,0.87939815,boundary
L,2,36,31,798,0.40718928,-0.01846632,0.91315710,boundary
L,2,36,32,809,0.32983045,0.00698029,0.94401438,boundary
L,2,36,33,821,0.28728065,0.00715606,0.95781972,boundary
L,2,36,34,832,0.21877114,0.00668897,0.97575327,boundary
L,3,3,6,34,0.14078100,0.23008464,-0.96293394,boundary
L,3,3,7,46,0.07251993,0.28859007,-0.95470238,interior
L,3,3,8,59,0.01185607,0.35638417,-0.93426428,interior
L,3,3,9,75,-0.05199028,0.42328234,-0.90450487,interior
L,3,3,10,90,-0.10355054,0.46065860,-0.88151628,interior
L,3,3,11,110,-0.20270158,0.48861602,-0.84862622,interior
L,3,3,12,129,-0.25880908,0.51551914,-0.81685854,interior
L,3,4,4,13,0.24912573,0.12712451,-0.96009152,boundary
L,3,4,5,21,0.20695695,0.21478084,-0.95448311,boundary
L,3,4,6,29,0.18078018,0.27111649,-0.94541757,interior
L,3,4,7,42,0.13209518,0.33487792,-0.93295640,interior
L,3,4,8,55,0.07125537,0.39396836,-0.91635779,interior
L,3,4,9,67,0.01107525,0.45202679,-0.89193560,interior
L,3,4,10,84,-0.04797294,0.50704699,-0.86058233,interior
L,3,4,11,101,-0.11193576,0.54674387,-0.82978402,interior
L,3,4,12,121,-0.17906095,0.57014468,-0.80179313,interior
L,3,4,13,142,-0.25780256,0.57018407,-0.78001792,interior
L,3,4,14,162,-0.33089517,0.56566158,-0.75533791,interior
L,3,4,15,183,-0.38278917,0.59039401,-0.71056834,interior
L,3,5,3,5,0.29836999,0.09690813,-0.94951786,boundary
L,3,5,4,9,0.29103310,0.16301553,-0.94272248,interior
L,3,5,5,19,0.27718725,0.22624673,-0.93379850,interior
L,3,5,6,27,0.24338578,0.29653376,-0.92348854,interior
L,3,5,7,39,0.19959526,0.36673635,-0.90866175,interior
L,3,5,8,53,0.14025875,0.43434321,-0.88976034,interior
L,3,5,9,66,0.07985016,0.49315636,-0.86626829,interior
L,3,5,10,82,0.02455065,0.54639064,-0.83717055,interior
L,3,5,11,99,-0.03708721,0.59639021,-0.80183742,interior
L,3,5,12,119,-0.09881263,0.63004751,-0.77024425,interior
L,3,5,13,139,-0.16937701,0.64273862,-0.74712683,interior
L,3,5,14,156,-0.24641163,0.65104810,-0.71792596,interior
L,3,5,15,176,-0.31904242,0.65223654,-0.68760412,interior
L,3,5,16,198,-0.42139309,0.62088393,-0.66100757,interior
L,3,5,17,217,-0.44952218,0.61111718,-0.65151025,interior
L,3,5,18,243,-0.50942467,0.60710335,-0.60984591,interior
L,3,6,3,3,0.38175523,0.08713387,-0.92014707,interior
L,3,6,4,8,0.36903371,0.17773844,-0.91226266,interior
L,3,6,5,17,0.34719686,0.24946516,-0.90400303,interior
L,3,6,6,28,0.31512687,0.31802633,-0.89417801,interior
L,3,6,7,41,0.27784092,0.38999547,-0.87789974,interior
L,3,6,8,54,0.22922507,0.46352578,-0.85592039,interior
L,3,6,9,68,0.16857836,0.53104413,-0.83040560,interior
L,3,6,10,85,0.11339124,0.58630654,-0.80211413,interior
L,3,6,11,102,0.05459714,0.63403807,-0.77137207,interior
L,3,6,12,120,-0.01334532,0.67388300,-0.73871754,interior
L,3,6,13,140,-0.08083751,0.70029184,-0.70926485,interior
L,3,6,14,157,-0.15200157,0.71859983,-0.67860873,interior
L,3,6,15,177,-0.22812638,0.72689122,-0.64775575,interior
L,3,6,16,196,-0.30895776,0.72124937,-0.61995520,interior
L,3,6,17,214,-0.38736674,0.70312184,-0.59629413,interior
L,3,6,18,237,-0.45421670,0.68779956,-0.56623224,interior
L,3,6,19,262,-0.53450524,0.66006076,-0.52784840,interior
L,3,6,20,283,-0.57781106,0.63979323,-0.50675340,interior
L,3,7,2,1,0.40626247,0.02071833,-0.91352152,interior
L,3,7,3,4,0.45081917,0.12419923,-0.88393248,interior
L,3,7,4,12,0.43772515,0.19213654,-0.87833948,interior
L,3,7,5,20,0.42099120,0.26712856,-0.86683836,interior
L,3,7,6,30,0.39325347,0.33923538,-0.85455899,interior
L,3,7,7,43,0.35663809,0.40507551,-0.84185694,interior
L,3,7,8,57,0.31678528,0.47366181,-0.82176126,interior
L,3,7,9,73,0.26827186,0.54507510,-0.79430684,interior
L,3,7,10,89,0.21472100,0.60880137,-0.76371184,interior
L,3,7,11,104,0.15875398,0.66051401,-0.73383814,interior
L,3,7,12,124,0.08684269,0.70715177,-0.70170843,interior
L,3,7,13,141,0.01449839,0.74476321,-0.66717131,interior
L,3,7,14,159,-0.05319257,0.77157697,-0.63390815,interior
L,3,7,15,179,-0.12514057,0.78564345,-0.60589125,interior
L,3,7,16,199,-0.20372127,0.78842170,-0.58042128,interior
L,3,7,17,218,-0.28170063,0.78494752,-0.55181713,interior
L,3,7,18,240,-0.36511591,0.77294707,-0.51888650,interior
L,3,7,19,261,-0.44208116,0.75051747,-0.49121052,interior
L,3,7,20,280,-0.51376694,0.72216453,-0.46316511,interior
L,3,7,21,303,-0.58899147,0.68514430,-0.42856310,interior
L,3,7,22,323,-0.61197621,0.66576544,-0.42689753,interior
L,3,8,2,2,0.47043628,0.01920187,-0.88222502,interior
L,3,8,3,7,0.49436724,0.11256349,-0.86193416,interior
L,3,8,4,14,0.49993891,0.19820478,-0.84307529,interior
L,3,8,5,22,0.48461345,0.27238146,-0.83123892,interior
L,3,8,6,35,0.46142974,0.34418077,-0.81769321,interior
L,3,8,7,47,0.43204196,0.41746849,-0.79941217,interior
L,3,8,8,60,0.39437169,0.48221098,-0.78226821,interior
L,3,8,9,76,0.35454934,0.54618351,-0.75893236,interior
L,3,8,10,92,0.30747357,0.61539211,-0.72577721,interior
L,3,8,11,109,0.25460718,0.67584347,-0.69167245,interior
L,3,8,12,126,0.18759670,0.72541430,-0.66225492,interior
L,3,8,13,144,0.11843725,0.77045535,-0.62639539,interior
L,3,8,14,166,0.05092527,0.80661812,-0.58887506,interior
L,3,8,15,184,-0.01918196,0.83172953,-0.55484956,interior
L,3,8,16,203,-0.09415738,0.84381955,-0.52830195,interior
L,3,8,17,223,-0.17487661,0.84373064,-0.50748082,interior
L,3,8,18,244,-0.25516909,0.84231847,-0.47475081,interior
L,3,8,19,263,-0.34129715,0.82760015,-0.44563914,interior
L,3,8,20,284,-0.41674975,0.80515358,-0.42195658,interior
L,3,8,21,305,-0.49132739,0.77498092,-0.39749461,interior
L,3,8,22,324,-0.55804362,0.74005898,-0.37536652,interior
L,3,8,23,343,-0.62722013,0.69356451,-0.35434894,interior
L,3,8,24,367,-0.69599309,0.64365365,-0.31828227,interior
L,3,9,2,6,0.52507250,0.03310948,-0.85041321,interior
L,3,9,3,11,0.54949687,0.11236419,-0.82790548,interior
L,3,9,4,18,0.55511610,0.19151045,-0.80942564,interior
L,3,9,5,26,0.54761266,0.26707637,-0.79296317,interior
L,3,9,6,36,0.52633747,0.33960714,-0.77951001,interior
L,3,9,7,50,0.50258549,0.41361552,-0.75916403,interior
L,3,9,8,65,0.47084648,0.48192153,-0.73895550,interior
L,3,9,9,79,0.43129783,0.54712830,-0.71737912,interior
L,3,9,10,96,0.38874912,0.61477502,-0.68624034,interior
L,3,9,11,113,0.34062547,0.67940719,-0.64990781,interior
L,3,9,12,131,0.28452959,0.72946859,-0.62202773,interior
L,3,9,13,150,0.21865319,0.77695354,-0.59036766,interior
L,3,9,14,168,0.15137380,0.82084038,-0.55073319,interior
L,3,9,15,186,0.08189145,0.85535345,-0.51153130,interior
L,3,9,16,207,0.00833415,0.87831413,-0.47801133,interior
L,3,9,17,226,-0.07184281,0.88927639,-0.45169250,interior
L,3,9,18,247,-0.14802716,0.89344838,-0.42407304,interior
L,3,9,19,267,-0.23130781,0.88755033,-0.39843582,interior
L,3,9,20,288,-0.30868434,0.87435532,-0.37445528,interior
L,3,9,21,308,-0.38718078,0.85251530,-0.35115338,interior
L,3,9,22,327,-0.46316282,0.82490624,-0.32405230,interior
L,3,9,23,349,-0.53622109,0.78896408,-0.30000437,interior
L,3,9,24,369,-0.60969806,0.74198129,-0.27880466,interior
L,3,9,25,389,-0.69871805,0.66698965,-0.25868495,interior
L,3,9,26,411,-0.77675949,0.58208299,-0.24046640,interior
L,3,10,2,10,0.60032076,0.02117987,-0.79947883,interior
L,3,10,3,15,0.60818800,0.10680735,-0.78657457,interior
L,3,10,4,24,0.61687601,0.18569796,-0.76484002,interior
L,3,10,5,33,0.61017708,0.26160460,-0.74782817,interior
L,3,10,6,45,0.59030751,0.33153331,-0.73595021,interior
L,3,10,7,58,0.57097450,0.40534595,-0.71392071,interior
L,3,10,8,72,0.54684236,0.47327090,-0.69063600,interior
L,3,10,9,86,0.51155738,0.53899376,-0.66917469,interior
L,3,10,10,100,0.47051457,0.60919688,-0.63835350,interior
L,3,10,11,118,0.42366923,0.67481313,-0.60426122,interior
L,3,10,12,136,0.37398564,0.72839268,-0.57408958,interior
L,3,10,13,154,0.31385796,0.77537694,-0.54798155,interior
L,3,10,14,173,0.24814339,0.82176289,-0.51296258,interior
L,3,10,15,194,0.17588099,0.86386682,-0.47201694,interior
L,3,10,16,212,0.10553573,0.89271143,-0.43809646,interior
L,3,10,17,231,0.03408862,0.91426081,-0.40368940,interior
L,3,10,18,253,-0.04929702,0.92723270,-0.37122677,interior
L,3,10,19,273,-0.12632254,0.93038420,-0.34413347,interior
L,3,10,20,294,-0.20093359,0.92614215,-0.31919651,interior
L,3,10,21,313,-0.27828082,0.91443500,-0.29388503,interior
L,3,10,22,336,-0.35928255,0.89321125,-0.27035110,interior
L,3,10,23,355,-0.43502148,0.86660045,-0.24445851,interior
L,3,10,24,376,-0.51251709,0.82879565,-0.22455288,interior
L,3,10,25,396,-0.59313647,0.77817346,-0.20648292,interior
L,3,10,26,417,-0.67962951,0.70964634,-0.18575735,interior
L,3,10,27,437,-0.76589728,0.61898287,-0.17395851,interior
L,3,10,28,457,-0.84117393,0.52172777,-0.14222008,interior
L,3,11,2,16,0.64992099,0.01734627,-0.75980380,interior
L,3,11,3,23,0.66240472,0.09111025,-0.74358517,interior
L,3,11,4,31,0.66898519,0.16473019,-0.72479154,interior
L,3,11,5,40,0.66953398,0.24278164,-0.70198385,interior
L,3,11,6,51,0.65390767,0.31487224,-0.68793912,interior
L,3,11,7,64,0.63784210,0.38811481,-0.66522504,interior
L,3,11,8,78,0.61753929,0.45964391,-0.63825756,interior
L,3,11,9,94,0.58709798,0.52471194,-0.61643599,interior
L,3,11,10,111,0.54854726,0.59631507,-0.58609235,interior
L,3,11,11,127,0.50503976,0.66269912,-0.55295996,interior
L,3,11,12,145,0.45582770,0.71991992,-0.52338936,interior
L,3,11,13,163,0.40039755,0.77030490,-0.49629846,interior
L,3,11,14,182,0.34095311,0.81636970,-0.46614535,interior
L,3,11,15,201,0.26973322,0.86203740,-0.42911014,interior
L,3,11,16,221,0.19795966,0.89837968,-0.39207898,interior
L,3,11,17,239,0.12709098,0.92550873,-0.35676529,interior
L,3,11,18,259,0.05436906,0.94442537,-0.32419859,interior
L,3,11,19,278,-0.02655650,0.95505693,-0.29523045,interior
L,3,11,20,301,-0.09519370,0.96057762,-0.26120642,interior
L,3,11,21,322,-0.17219956,0.95814261,-0.22871389,interior
L,3,11,22,341,-0.25227619,0.94616645,-0.20279489,interior
L,3,11,23,361,-0.33085590,0.92570470,-0.18331715,interior
L,3,11,24,384,-0.40875474,0.89736814,-0.16628286,interior
L,3,11,25,404,-0.48942731,0.85992429,-0.14488314,interior
L,3,11,26,426,-0.57367747,0.81026281,-0.11986800,interior
L,3,11,27,445,-0.67070531,0.73465251,-0.10217670,interior
L,3,11,28,466,-0.76362423,0.63966540,-0.08778503,interior
L,3,11,29,487,-0.84910905,0.52291500,-0.07465739,interior
L,3,12,2,25,0.69687902,-0.02488855,-0.71675672,interior
L,3,12,3,32,0.70986343,0.06518216,-0.70131676,interior
L,3,12,4,38,0.71520579,0.14231991,-0.68427021,interior
L,3,12,5,48,0.71784153,0.21753707,-0.66134799,interior
L,3,12,6,62,0.71106442,0.29312343,-0.63911349,interior
L,3,12,7,74,0.69635430,0.36753102,-0.61645084,interior
L,3,12,8,88,0.67956696,0.43618939,-0.58985385,interior
L,3,12,9,103,0.65240543,0.50310310,-0.56679311,interior
L,3,12,10,117,0.61829276,0.57328207,-0.53764462,interior
L,3,12,11,135,0.57966188,0.64133483,-0.50267459,interior
L,3,12,12,152,0.53551764,0.70001964,-0.47243345,interior
L,3,12,13,169,0.48206509,0.75734492,-0.44050188,interior
L,3,12,14,189,0.42071019,0.80986500,-0.40880511,interior
L,3,12,15,208,0.35812339,0.85440813,-0.37647628,interior
L,3,12,16,229,0.28957213,0.89434431,-0.34102233,interior
L,3,12,17,248,0.21985935,0.92748007,-0.30239475,interior
L,3,12,18,268,0.14481985,0.95164791,-0.27091229,interior
L,3,12,19,290,0.06636724,0.96606965,-0.24960932,interior
L,3,12,20,310,-0.00141018,0.97575575,-0.21885776,interior
L,3,12,21,329,-0.07643593,0.98067969,-0.18006913,interior
L,3,12,22,351,-0.15520878,0.97702044,-0.14608658,interior
L,3,12,23,372,-0.23058024,0.96546085,-0.12131822,interior
L,3,12,24,390,-0.30870602,0.94509133,-0.10725189,interior
L,3,12,25,412,-0.38800272,0.91752874,-0.08714870,interior
L,3,12,26,435,-0.47397112,0.87833386,-0.06229765,interior
L,3,12,27,456,-0.56902353,0.82147365,-0.03732651,interior
L,3,12,28,476,-0.66717757,0.74448109,-0.02493989,interior
L,3,12,29,496,-0.76373364,0.64523936,-0.01941915,interior
L,3,12,30,515,-0.85232751,0.52297349,-0.00604579,interior
L,3,13,2,37,0.73455025,-0.05878152,-0.67600345,interior
L,3,13,3,44,0.75467006,0.02752891,-0.65552671,interior
L,3,13,4,49,0.76111240,0.10979601,-0.63925953,interior
L,3,13,5,61,0.76418841,0.18684830,-0.61733604,interior
L,3,13,6,70,0.75710879,0.26319784,-0.59792406,interior
L,3,13,7,81,0.74787585,0.33594337,-0.57255896,interior
L,3,13,8,98,0.73270431,0.40962690,-0.54346131,interior
L,3,13,9,112,0.70975149,0.47579553,-0.51949152,interior
L,3,13,10,128,0.67866974,0.54423617,-0.49316769,interior
L,3,13,11,143,0.64267363,0.61317314,-0.45933572,interior
L,3,13,12,164,0.60579542,0.67470292,-0.42164899,interior
L,3,13,13,181,0.55834408,0.73371010,-0.38719681,interior
L,3,13,14,200,0.50071849,0.79140703,-0.35065069,interior
L,3,13,15,219,0.43976164,0.84001080,-0.31779168,interior
L,3,13,16,238,0.37160107,0.88323144,-0.28603299,interior
L,3,13,17,257,0.30387183,0.91979825,-0.24826012,interior
L,3,13,18,276,0.23708286,0.94707976,-0.21640623,interior
L,3,13,19,297,0.16288547,0.96737435,-0.19404943,interior
L,3,13,20,318,0.09192900,0.98121256,-0.16962008,interior
L,3,13,21,339,0.02088230,0.99043871,-0.13636384,interior
L,3,13,22,359,-0.05993521,0.99306168,-0.10117449,interior
L,3,13,23,382,-0.14060283,0.98760169,-0.06981221,interior
L,3,13,24,402,-0.21572816,0.97536650,-0.04606031,interior
L,3,13,25,424,-0.29173977,0.95617005,-0.02503481,interior
L,3,13,26,446,-0.37080267,0.92871113,0.00100801,interior
L,3,13,27,467,-0.46584410,0.88461708,0.02102153,interior
L,3,13,28,489,-0.56224845,0.82622077,0.03515579,interior
L,3,13,29,509,-0.66009032,0.75008506,0.04065920,interior
L,3,13,30,526,-0.75911899,0.65013036,0.03269365,interior
L,3,13,31,543,-0.86423346,0.50297707,0.01070487,interior
L,3,14,2,52,0.77903726,-0.07707030,-0.62222272,boundary
L,3,14,3,56,0.79159852,-0.00940048,-0.61096924,interior
L,3,14,4,63,0.80325057,0.07126171,-0.59136307,interior
L,3,14,5,71,0.80661280,0.15048793,-0.57160229,interior
L,3,14,6,80,0.80375601,0.22352924,-0.55137188,interior
L,3,14,7,95,0.79655116,0.29739667,-0.52636628,interior
L,3,14,8,108,0.78172855,0.37608071,-0.49745731,interior
L,3,14,9,123,0.75892954,0.44815650,-0.47242111,interior
L,3,14,10,138,0.73352795,0.51234937,-0.44658131,interior
L,3,14,11,155,0.70128632,0.58174278,-0.41203499,interior
L,3,14,12,171,0.66520836,0.64295448,-0.37961476,interior
L,3,14,13,192,0.62285826,0.70442947,-0.34033323,interior
L,3,14,14,211,0.57357254,0.76091265,-0.30335866,interior
L,3,14,15,230,0.52161038,0.80879557,-0.27161063,interior
L,3,14,16,249,0.45724348,0.85725123,-0.23674615,interior
L,3,14,17,270,0.38718301,0.89931952,-0.20325774,interior
L,3,14,18,291,0.32367599,0.93034534,-0.17231192,interior
L,3,14,19,309,0.25657463,0.95581947,-0.14345244,interior
L,3,14,20,328,0.18169232,0.97664865,-0.11465303,interior
L,3,14,21,350,0.11074460,0.99003348,-0.08700194,interior
L,3,14,22,371,0.03662215,0.99772061,-0.05667813,interior
L,3,14,23,392,-0.04909504,0.99854316,-0.02238848,interior
L,3,14,24,416,-0.12603020,0.99201207,0.00533397,interior
L,3,14,25,436,-0.20305400,0.97879544,0.02699200,interior
L,3,14,26,458,-0.27932401,0.95868021,0.05394762,interior
L,3,14,27,480,-0.36354566,0.92819905,0.07925324,interior
L,3,14,28,500,-0.45590000,0.88579769,0.08670429,interior
L,3,14,29,521,-0.55366490,0.82752359,0.09305851,interior
L,3,14,30,538,-0.65575565,0.74910941,0.09391287,interior
L,3,14,31,557,-0.76147466,0.64150592,0.09287898,interior
L,3,14,32,572,-0.87144192,0.48252409,0.08808791,boundary
L,3,15,3,69,0.81887025,-0.05739801,-0.57110154,interior
L,3,15,4,77,0.83612299,0.02651865,-0.54790064,interior
L,3,15,5,83,0.84509390,0.10351009,-0.52450163,interior
L,3,15,6,93,0.84443577,0.18342304,-0.50327350,interior
L,3,15,7,105,0.83982939,0.25944859,-0.47683647,interior
L,3,15,8,115,0.82574011,0.33865460,-0.45107242,interior
L,3,15,9,134,0.80637581,0.41262878,-0.42366915,interior
L,3,15,10,151,0.78359041,0.47827936,-0.39652858,interior
L,3,15,11,167,0.75563279,0.54851563,-0.35798001,interior
L,3,15,12,185,0.72053909,0.61076623,-0.32831088,interior
L,3,15,13,202,0.68007037,0.67050656,-0.29652192,interior
L,3,15,14,224,0.63371153,0.72933557,-0.25783584,interior
L,3,15,15,242,0.58917029,0.77472003,-0.22953701,interior
L,3,15,16,260,0.53831721,0.81962024,-0.19605418,interior
L,3,15,17,279,0.47442819,0.86569725,-0.15964385,interior
L,3,15,18,300,0.40273758,0.90609447,-0.12959652,interior
L,3,15,19,320,0.33351040,0.93765799,-0.09781769,interior
L,3,15,20,342,0.26193328,0.96308608,-0.06209793,interior
L,3,15,21,360,0.19521042,0.98006068,-0.03706694,interior
L,3,15,22,383,0.12874461,0.99162883,-0.00985299,interior
L,3,15,23,405,0.05022159,0.99852351,0.02070269,interior
L,3,15,24,428,-0.03344786,0.99827222,0.04830951,interior
L,3,15,25,450,-0.11632244,0.99085289,0.06840790,interior
L,3,15,26,471,-0.20066264,0.97531474,0.09217191,interior
L,3,15,27,491,-0.28118333,0.95163465,0.12380403,interior
L,3,15,28,512,-0.36772432,0.91876622,0.14369227,interior
L,3,15,29,533,-0.46037005,0.87468174,0.15162874,interior
L,3,15,30,552,-0.55696423,0.81475970,0.16111322,interior
L,3,15,31,571,-0.65405800,0.73781058,0.16686427,interior
L,3,15,32,588,-0.76377073,0.62173197,0.17350394,interior
L,3,15,33,601,-0.86372307,0.47184336,0.17704885,boundary
L,3,16,3,87,0.84285893,-0.11325788,-0.52608125,boundary
L,3,16,4,91,0.86454400,-0.01869781,-0.50220918,interior
L,3,16,5,97,0.87390539,0.06088941,-0.48226741,interior
L,3,16,6,107,0.87710485,0.13714886,-0.46030129,interior
L,3,16,7,116,0.87649571,0.21389677,-0.43128117,interior
L,3,16,8,132,0.86734226,0.29188269,-0.40314005,interior
L,3,16,9,147,0.85062837,0.36815251,-0.37535997,interior
L,3,16,10,161,0.82998056,0.43711341,-0.34650273,interior
L,3,16,11,178,0.80497817,0.50419203,-0.31273079,interior
L,3,16,12,195,0.77163286,0.57158270,-0.27906261,interior
L,3,16,13,213,0.73260840,0.63311845,-0.24989188,interior
L,3,16,14,233,0.68996107,0.69148255,-0.21402244,interior
L,3,16,15,254,0.64889977,0.73802806,-0.18505046,interior
L,3,16,16,272,0.60034313,0.78422406,-0.15678253,interior
L,3,16,17,292,0.54312430,0.83115985,-0.11911881,interior
L,3,16,18,312,0.47612866,0.87525631,-0.08501703,interior
L,3,16,19,335,0.40776578,0.91160002,-0.05208136,interior
L,3,16,20,354,0.33932756,0.94049204,-0.01820770,interior
L,3,16,21,375,0.27472085,0.96146555,0.01060437,interior
L,3,16,22,397,0.21097473,0.97682857,0.03599457,interior
L,3,16,23,418,0.14130655,0.98819417,0.05920087,interior
L,3,16,24,439,0.05759471,0.99507063,0.08072976,interior
L,3,16,25,461,-0.03359656,0.99392536,0.10480291,interior
L,3,16,26,481,-0.12213492,0.98374222,0.13165980,interior
L,3,16,27,503,-0.20635334,0.96413588,0.16691404,interior
L,3,16,28,525,-0.29103250,0.93593917,0.19828757,interior
L,3,16,29,546,-0.37921174,0.90042718,0.21314164,interior
L,3,16,30,565,-0.47268160,0.85313498,0.22075508,interior
L,3,16,31,584,-0.56443921,0.79149038,0.23441707,interior
L,3,16,32,603,-0.66254217,0.70808935,0.24422805,interior
L,3,16,33,618,-0.77251958,0.58160659,0.25484754,boundary
L,3,17,4,106,0.89013727,-0.07077572,-0.45016267,interior
L,3,17,5,114,0.90040142,0.01527706,-0.43479179,interior
L,3,17,6,122,0.90567405,0.09239645,-0.41378427,interior
L,3,17,7,133,0.90508878,0.16798757,-0.39063344,interior
L,3,17,8,146,0.90131360,0.24099500,-0.35993778,interior
L,3,17,9,160,0.88986576,0.31865006,-0.32649821,interior
L,3,17,10,175,0.87029473,0.39371920,-0.29592614,interior
L,3,17,11,193,0.84501241,0.46211405,-0.26908109,interior
L,3,17,12,210,0.81717325,0.52503202,-0.23784292,interior
L,3,17,13,228,0.78412682,0.58456443,-0.20839760,interior
L,3,17,14,246,0.74187679,0.64732615,-0.17489335,interior
L,3,17,15,265,0.70074505,0.69880885,-0.14360559,interior
L,3,17,16,286,0.65730812,0.74515551,-0.11264676,interior
L,3,17,17,306,0.59821988,0.79778035,-0.07536241,interior
L,3,17,18,325,0.53975812,0.84097427,-0.03772856,interior
L,3,17,19,344,0.47857849,0.87804127,-0.00248128,interior
L,3,17,20,368,0.41446010,0.90963302,0.02811736,interior
L,3,17,21,387,0.35232065,0.93428238,0.05464973,interior
L,3,17,22,409,0.28813010,0.95457801,0.07590697,interior
L,3,17,23,431,0.21721657,0.97179180,0.09185670,interior
L,3,17,24,451,0.14007593,0.98330882,0.11611416,interior
L,3,17,25,474,0.04922914,0.98823036,0.14483525,interior
L,3,17,26,495,-0.04489225,0.98399555,0.17244551,interior
L,3,17,27,516,-0.13108866,0.96961910,0.20652984,interior
L,3,17,28,537,-0.21499040,0.94635474,0.24122984,interior
L,3,17,29,559,-0.30146425,0.91500288,0.26812131,interior
L,3,17,30,579,-0.39000394,0.87764867,0.27862113,interior
L,3,17,31,597,-0.48149155,0.82618004,0.29256184,interior
L,3,17,32,616,-0.57865035,0.75545241,0.30733602,interior
L,3,17,33,631,-0.68344541,0.66075657,0.31032745,boundary
L,3,18,4,125,0.89742190,-0.13047495,-0.42143827,boundary
L,3,18,5,130,0.91536747,-0.03759068,-0.40086074,interior
L,3,18,6,137,0.92660431,0.04603817,-0.37320896,interior
L,3,18,7,148,0.92980749,0.11908211,-0.34824917,interior
L,3,18,8,158,0.92802351,0.18998397,-0.32043479,interior
L,3,18,9,172,0.92039547,0.26503242,-0.28745434,interior
L,3,18,10,188,0.90429371,0.34369868,-0.25322738,interior
L,3,18,11,206,0.88207350,0.41385052,-0.22510908,interior
L,3,18,12,225,0.85517977,0.47796895,-0.20053239,interior
L,3,18,13,241,0.82946334,0.53206019,-0.17000741,interior
L,3,18,14,258,0.79368818,0.59239921,-0.13828322,interior
L,3,18,15,277,0.75171678,0.65116894,-0.10440734,interior
L,3,18,16,296,0.70762470,0.70313367,-0.06978767,interior
L,3,18,17,319,0.65626917,0.75375192,-0.03418812,interior
L,3,18,18,338,0.59614863,0.80284658,0.00664683,interior
L,3,18,19,357,0.54218122,0.83926722,0.04086638,interior
L,3,18,20,380,0.48424490,0.87238179,0.06675994,interior
L,3,18,21,401,0.42296175,0.90152370,0.09142416,interior
L,3,18,22,421,0.35707843,0.92786531,0.10752195,interior
L,3,18,23,442,0.28627734,0.94991433,0.12533179,interior
L,3,18,24,465,0.20771679,0.96635342,0.15170631,interior
L,3,18,25,486,0.12522707,0.97488392,0.18417251,interior
L,3,18,26,508,0.03240940,0.97608350,0.21496659,interior
L,3,18,27,530,-0.05563297,0.96774374,0.24571735,interior
L,3,18,28,551,-0.14144572,0.94946306,0.28020172,interior
L,3,18,29,573,-0.23127707,0.92329354,0.30665934,interior
L,3,18,30,592,-0.31449653,0.89099188,0.32745290,interior
L,3,18,31,613,-0.40336851,0.84703829,0.34615021,interior
L,3,18,32,629,-0.49999256,0.78531144,0.36509365,interior
L,3,18,33,647,-0.59859935,0.70808833,0.37455271,interior
L,3,18,34,660,-0.70786946,0.60420909,0.36585818,boundary
L,3,19,5,149,0.92118751,-0.11706758,-0.37109130,interior
L,3,19,6,153,0.93966882,-0.00662697,-0.34202134,interior
L,3,19,7,165,0.94692879,0.07540810,-0.31247317,interior
L,3,19,8,174,0.94709033,0.14385363,-0.28692514,interior
L,3,19,9,187,0.94326251,0.21229922,-0.25531332,interior
L,3,19,10,204,0.93197412,0.28634810,-0.22232634,interior
L,3,19,11,220,0.91551969,0.35771161,-0.18402746,interior
L,3,19,12,235,0.89089379,0.42633106,-0.15668465,interior
L,3,19,13,255,0.86495379,0.48513650,-0.12844269,interior
L,3,19,14,274,0.83592834,0.54022748,-0.09684048,interior
L,3,19,15,293,0.80054021,0.59611029,-0.06154582,interior
L,3,19,16,311,0.75676367,0.65325642,-0.02376541,interior
L,3,19,17,332,0.71363640,0.70043460,0.01069889,interior
L,3,19,18,353,0.65933382,0.75043064,0.04618190,interior
L,3,19,19,373,0.60033915,0.79602416,0.07706126,interior
L,3,19,20,393,0.54795640,0.83055926,0.09957461,interior
L,3,19,21,413,0.48569213,0.86633239,0.11649610,interior
L,3,19,22,434,0.41633619,0.89897291,0.13605835,interior
L,3,19,23,455,0.34256496,0.92602303,0.15852633,interior
L,3,19,24,477,0.26843576,0.94446488,0.18954768,interior
L,3,19,25,501,0.18598772,0.95757307,0.22014174,interior
L,3,19,26,522,0.10216036,0.96087273,0.25746233,interior
L,3,19,27,544,0.01495629,0.95635427,0.29182670,interior
L,3,19,28,564,-0.07094501,0.94175329,0.32873630,interior
L,3,19,29,585,-0.16294423,0.91960194,0.35746531,interior
L,3,19,30,606,-0.25005217,0.89232330,0.37580983,interior
L,3,19,31,625,-0.32927044,0.85807693,0.39406212,interior
L,3,19,32,644,-0.42327841,0.80247826,0.42055204,interior
L,3,19,33,661,-0.52510769,0.72907308,0.43899244,interior
L,3,19,34,673,-0.62932121,0.63896805,0.44235126,boundary
L,3,20,6,170,0.94876672,-0.06906829,-0.30833632,interior
L,3,20,7,180,0.95962205,0.01777548,-0.28073039,interior
L,3,20,8,191,0.96450147,0.09070160,-0.24801237,interior
L,3,20,9,205,0.96315077,0.15786517,-0.21775946,interior
L,3,20,10,215,0.95567734,0.22846877,-0.18569555,interior
L,3,20,11,234,0.94272279,0.29744262,-0.15100207,interior
L,3,20,12,251,0.92403145,0.36557524,-0.11189558,interior
L,3,20,13,269,0.89849961,0.43077702,-0.08443700,interior
L,3,20,14,289,0.86932019,0.49113439,-0.05540237,interior
L,3,20,15,307,0.83670069,0.54725634,-0.02103458,interior
L,3,20,16,326,0.79880409,0.60143381,0.01376226,interior
L,3,20,17,345,0.76052167,0.64757690,0.04744417,interior
L,3,20,18,365,0.71252519,0.69742398,0.07686116,interior
L,3,20,19,386,0.65886861,0.74492289,0.10479523,interior
L,3,20,20,406,0.60392190,0.78734522,0.12395903,interior
L,3,20,21,427,0.54317134,0.82666328,0.14694460,interior
L,3,20,22,448,0.47212412,0.86425470,0.17367390,interior
L,3,20,23,470,0.39960663,0.89478723,0.19917420,interior
L,3,20,24,492,0.32892911,0.91569485,0.23088652,interior
L,3,20,25,514,0.25305552,0.93108809,0.26275060,interior
L,3,20,26,535,0.17178993,0.93974936,0.29556616,interior
L,3,20,27,558,0.08797602,0.93808733,0.33504085,interior
L,3,20,28,578,0.00087377,0.92872353,0.37077195,interior
L,3,20,29,598,-0.09328475,0.91079529,0.40218143,interior
L,3,20,30,620,-0.18300701,0.88440720,0.42933942,interior
L,3,20,31,638,-0.26462650,0.85332976,0.44922281,interior
L,3,20,32,655,-0.34989988,0.81187249,0.46736831,interior
L,3,20,33,671,-0.45012966,0.74672842,0.48967332,interior
L,3,20,34,687,-0.55353762,0.66776794,0.49767668,interior
L,3,20,35,696,-0.65720298,0.56242529,0.50175894,boundary
L,3,21,6,190,0.93992173,-0.13261354,-0.31458034,boundary
L,3,21,7,197,0.96482218,-0.05114276,-0.25788094,interior
L,3,21,8,209,0.97699896,0.02705026,-0.21152145,interior
L,3,21,9,222,0.97903969,0.09397976,-0.18069057,interior
L,3,21,10,232,0.97458390,0.16613776,-0.15028128,interior
L,3,21,11,250,0.96467476,0.23516801,-0.11873757,interior
L,3,21,12,266,0.94972134,0.30283690,-0.07949336,interior
L,3,21,13,285,0.92816832,0.36972880,-0.04247571,interior
L,3,21,14,302,0.90115737,0.43333163,-0.01179409,interior
L,3,21,15,321,0.86937270,0.49387665,0.01664210,interior
L,3,21,16,340,0.83354079,0.55038343,0.04783132,interior
L,3,21,17,358,0.79678639,0.59936667,0.07675314,interior
L,3,21,18,379,0.75569375,0.64723711,0.10005539,interior
L,3,21,19,400,0.70563010,0.69836188,0.11990353,interior
L,3,21,20,420,0.65238474,0.74330634,0.14795215,interior
L,3,21,21,440,0.59764045,0.78131562,0.17992166,interior
L,3,21,22,462,0.53062797,0.81982486,0.21522349,interior
L,3,21,23,483,0.45654524,0.85475210,0.24691150,interior
L,3,21,24,505,0.38533444,0.88020613,0.27704609,interior
L,3,21,25,528,0.31765035,0.89598421,0.31033940,interior
L,3,21,26,549,0.24088959,0.90786332,0.34315651,interior
L,3,21,27,570,0.15974193,0.91289741,0.37563392,interior
L,3,21,28,591,0.07642044,0.90821928,0.41145796,interior
L,3,21,29,612,-0.01916557,0.89776596,0.44005563,interior
L,3,21,30,633,-0.11500148,0.87599931,0.46840140,interior
L,3,21,31,652,-0.20543727,0.84302432,0.49709710,interior
L,3,21,32,670,-0.28907705,0.80435025,0.51909068,interior
L,3,21,33,685,-0.37787155,0.75454442,0.53654059,interior
L,3,21,34,699,-0.47610862,0.68767763,0.54810588,interior
L,3,21,35,711,-0.57923018,0.60240916,0.54917720,interior
L,3,21,36,717,-0.67715534,0.48351994,0.55467928,boundary
L,3,22,7,216,0.96482683,-0.12626376,-0.23057895,boundary
L,3,22,8,227,0.98119125,-0.03883974,-0.18909046,interior
L,3,22,9,236,0.98790535,0.03294105,-0.15151866,interior
L,3,22,10,252,0.98864784,0.09852157,-0.11344140,interior
L,3,22,11,264,0.98191104,0.17082758,-0.08166179,interior
L,3,22,12,281,0.97035691,0.23630401,-0.05067432,interior
L,3,22,13,299,0.95343111,0.30149928,-0.00820332,interior
L,3,22,14,317,0.92866964,0.36985516,0.02792590,interior
L,3,22,15,337,0.90031641,0.43157799,0.05630989,interior
L,3,22,16,356,0.86795184,0.49015282,0.08006140,interior
L,3,22,17,374,0.82955380,0.54907472,0.10177151,interior
L,3,22,18,395,0.79166542,0.59913609,0.11959015,interior
L,3,22,19,414,0.74603016,0.65053552,0.14227628,interior
L,3,22,20,433,0.69709649,0.69574169,0.17320506,interior
L,3,22,21,454,0.64280871,0.73542851,0.21434053,interior
L,3,22,22,475,0.58267952,0.77167718,0.25494885,interior
L,3,22,23,497,0.51382486,0.80684577,0.29152000,interior
L,3,22,24,520,0.44374180,0.83475323,0.32600653,interior
L,3,22,25,541,0.37505581,0.85584590,0.35617541,interior
L,3,22,26,562,0.30350498,0.87013820,0.38825796,interior
L,3,22,27,583,0.22279915,0.88004140,0.41938964,interior
L,3,22,28,604,0.14131877,0.88123407,0.45106043,interior
L,3,22,29,626,0.05456452,0.87381589,0.48318578,interior
L,3,22,30,645,-0.04029002,0.85655724,0.51447683,interior
L,3,22,31,664,-0.13589710,0.83204124,0.53780977,interior
L,3,22,32,682,-0.22822364,0.79225266,0.56590608,interior
L,3,22,33,697,-0.31245023,0.74699121,0.58683813,interior
L,3,22,34,712,-0.40362529,0.69148533,0.59911156,interior
L,3,22,35,723,-0.50388244,0.62234540,0.59898972,interior
L,3,22,36,731,-0.61744620,0.53702839,0.57477013,boundary
L,3,23,8,245,0.97752585,-0.12413985,-0.17038928,boundary
L,3,23,9,256,0.99010560,-0.04009297,-0.13447471,interior
L,3,23,10,271,0.99589620,0.03169709,-0.08477057,interior
L,3,23,11,282,0.99361978,0.10209588,-0.04791837,interior
L,3,23,12,295,0.98570444,0.16761441,-0.01709290,interior
L,3,23,13,315,0.97330881,0.22886331,0.01707474,interior
L,3,23,14,333,0.95072939,0.30540784,0.05328871,interior
L,3,23,15,352,0.92553078,0.36967890,0.08203830,interior
L,3,23,16,370,0.89696871,0.42871842,0.10792431,interior
L,3,23,17,388,0.86101920,0.49264032,0.12629906,interior
L,3,23,18,407,0.82285623,0.54907614,0.14636604,interior
L,3,23,19,429,0.78088819,0.60057588,0.17182040,interior
L,3,23,20,447,0.73602885,0.64430663,0.20767884,interior
L,3,23,21,469,0.68343271,0.68592966,0.24984040,interior
L,3,23,22,490,0.62771336,0.72252604,0.28971031,interior
L,3,23,23,510,0.56546738,0.75673579,0.32802072,interior
L,3,23,24,532,0.49853759,0.78572392,0.36619420,interior
L,3,23,25,554,0.43290159,0.80777146,0.40012683,interior
L,3,23,26,576,0.36366347,0.82625097,0.43018393,interior
L,3,23,27,596,0.28571209,0.83881089,0.46342734,interior
L,3,23,28,617,0.20220883,0.84725729,0.49118903,interior
L,3,23,29,637,0.11898511,0.84233427,0.52565722,interior
L,3,23,30,656,0.02632663,0.82822145,0.55978222,interior
L,3,23,31,675,-0.06826421,0.80882983,0.58406704,interior
L,3,23,32,694,-0.16344372,0.77641638,0.60865734,interior
L,3,23,33,710,-0.25466756,0.72983055,0.63442241,interior
L,3,23,34,724,-0.34027735,0.68021412,0.64924577,interior
L,3,23,35,736,-0.42702989,0.62134174,0.65694742,interior
L,3,23,36,744,-0.51961481,0.55434925,0.65015180,interior
L,3,23,37,750,-0.59167756,0.48688917,0.64253918,boundary
L,3,24,9,275,0.98078519,-0.13938116,-0.13650387,boundary
L,3,24,10,287,0.99663298,-0.03457812,-0.07434415,interior
L,3,24,11,298,0.99877725,0.03952673,-0.02969256,interior
L,3,24,12,314,0.99469212,0.10251859,0.00880496,interior
L,3,24,13,331,0.98578620,0.16318392,0.03995720,interior
L,3,24,14,348,0.97019057,0.23248331,0.06842344,interior
L,3,24,15,366,0.94759071,0.30368614,0.09922992,interior
L,3,24,16,385,0.92306179,0.36291072,0.12748623,interior
L,3,24,17,403,0.89074416,0.42723430,0.15506677,interior
L,3,24,18,422,0.85191144,0.49041935,0.18367296,interior
L,3,24,19,443,0.80996967,0.54652540,0.21274190,interior
L,3,24,20,463,0.76579331,0.59368323,0.24718583,interior
L,3,24,21,484,0.71773975,0.63465725,0.28646086,interior
L,3,24,22,504,0.66560923,0.67210339,0.32440930,interior
L,3,24,23,524,0.60932025,0.70641560,0.36014697,interior
L,3,24,24,547,0.54365025,0.73791023,0.39991611,interior
L,3,24,25,568,0.48085728,0.76001029,0.43721920,interior
L,3,24,26,590,0.41560924,0.77939063,0.46884882,interior
L,3,24,27,609,0.34345962,0.79272324,0.50361230,interior
L,3,24,28,628,0.26054210,0.80464116,0.53354514,interior
L,3,24,29,649,0.17737701,0.80513542,0.56594554,interior
L,3,24,30,668,0.08832610,0.79760085,0.59668366,interior
L,3,24,31,689,-0.00627719,0.78206579,0.62316426,interior
L,3,24,32,705,-0.10100565,0.75413047,0.64891070,interior
L,3,24,33,721,-0.19318125,0.71404783,0.67291657,interior
L,3,24,34,737,-0.28456013,0.66586823,0.68967024,interior
L,3,24,35,749,-0.36328744,0.61198630,0.70249200,interior
L,3,24,36,757,-0.44835954,0.54695460,0.70697552,interior
L,3,24,37,764,-0.54825042,0.47788774,0.68632703,boundary
L,3,25,10,304,0.99365609,-0.08832101,-0.06962019,boundary
L,3,25,11,316,0.99931719,-0.02507662,-0.02713524,interior
L,3,25,12,330,0.99893512,0.04131463,0.02053589,interior
L,3,25,13,347,0.99382126,0.09699189,0.05396181,interior
L,3,25,14,364,0.98316299,0.16305741,0.08247919,interior
L,3,25,15,381,0.96532455,0.23716772,0.10908708,interior
L,3,25,16,399,0.94027857,0.30623676,0.14864477,interior
L,3,25,17,419,0.91215021,0.36722735,0.18200568,interior
L,3,25,18,438,0.87492467,0.43239171,0.21804639,interior
L,3,25,19,459,0.83493557,0.48838976,0.25368884,interior
L,3,25,20,479,0.79197327,0.53836458,0.28799640,interior
L,3,25,21,499,0.74618671,0.58216820,0.32293280,interior
L,3,25,22,519,0.69834103,0.61851391,0.36022263,interior
L,3,25,23,540,0.64420481,0.65375549,0.39699360,interior
L,3,25,24,560,0.58659774,0.68148156,0.43759110,interior
L,3,25,25,581,0.52153285,0.70910523,0.47452425,interior
L,3,25,26,602,0.45911332,0.72854837,0.50836230,interior
L,3,25,27,622,0.39142860,0.74412276,0.54135475,interior
L,3,25,28,641,0.31336308,0.75392985,0.57740225,interior
L,3,25,29,662,0.23350064,0.75653080,0.61085072,interior
L,3,25,30,681,0.14957357,0.75219889,0.64173559,interior
L,3,25,31,700,0.05841570,0.74708831,0.66215305,interior
L,3,25,32,716,-0.03371415,0.72848723,0.68422928,interior
L,3,25,33,733,-0.12720567,0.68947028,0.71305641,interior
L,3,25,34,747,-0.22213777,0.64704537,0.72937446,interior
L,3,25,35,761,-0.30529152,0.59886390,0.74037768,interior
L,3,25,36,770,-0.38584644,0.53476702,0.75176243,interior
L,3,25,37,776,-0.47239164,0.46102446,0.75120076,interior
L,3,25,38,779,-0.56625862,0.36675487,0.73813416,boundary
L,3,26,11,334,0.99332240,-0.10921350,-0.03718911,boundary
L,3,26,12,346,0.99943677,-0.02651628,0.02056780,interior
L,3,26,13,362,0.99738181,0.03544527,0.06303301,interior
L,3,26,14,378,0.99169784,0.09030875,0.09154080,interior
L,3,26,15,398,0.97823609,0.16323572,0.12809469,interior
L,3,26,16,415,0.95565106,0.23909218,0.17194762,interior
L,3,26,17,432,0.92814897,0.30693406,0.21054920,interior
L,3,26,18,452,0.89631578,0.36797784,0.24740723,interior
L,3,26,19,472,0.85893139,0.42440366,0.28656309,interior
L,3,26,20,494,0.81771287,0.47696228,0.32226177,interior
L,3,26,21,513,0.77304469,0.52450877,0.35678068,interior
L,3,26,22,534,0.72650862,0.56306860,0.39387685,interior
L,3,26,23,553,0.67624218,0.59518112,0.43411513,interior
L,3,26,24,574,0.62384567,0.62085288,0.47471915,interior
L,3,26,25,594,0.56469705,0.64691457,0.51246343,interior
L,3,26,26,615,0.49943022,0.67171031,0.54715145,interior
L,3,26,27,635,0.43683524,0.68507067,0.58296925,interior
L,3,26,28,653,0.36461476,0.69520089,0.61947704,interior
L,3,26,29,674,0.28851585,0.69802903,0.65537323,interior
L,3,26,30,691,0.20647410,0.69819225,0.68548963,interior
L,3,26,31,709,0.11523134,0.69908234,0.70569514,interior
L,3,26,32,728,0.02586399,0.68831666,0.72494913,interior
L,3,26,33,743,-0.06232714,0.66034389,0.74837241,interior
L,3,26,34,760,-0.15733881,0.61633002,0.77160988,interior
L,3,26,35,771,-0.24630847,0.57557220,0.77977482,interior
L,3,26,36,785,-0.32927879,0.52363346,0.78573754,interior
L,3,26,37,790,-0.41212114,0.45249091,0.79082751,interior
L,3,26,38,794,-0.50265204,0.36516743,0.78357748,boundary
L,3,27,12,363,0.99422141,-0.10595423,0.01724805,boundary
L,3,27,13,377,0.99732391,-0.03093519,0.06624217,interior
L,3,27,14,394,0.99443133,0.02903918,0.10130671,interior
L,3,27,15,410,0.98496810,0.09223819,0.14604777,interior
L,3,27,16,430,0.96699776,0.16179947,0.19681531,interior
L,3,27,17,449,0.94447448,0.22678249,0.23777649,interior
L,3,27,18,468,0.91488456,0.29623436,0.27428353,interior
L,3,27,19,488,0.88134856,0.35153817,0.31566695,interior
L,3,27,20,507,0.84219823,0.40532330,0.35554911,interior
L,3,27,21,529,0.79820395,0.45755279,0.39181106,interior
L,3,27,22,548,0.75311636,0.49839108,0.42944393,interior
L,3,27,23,566,0.70576761,0.53213917,0.46767508,interior
L,3,27,24,587,0.65426395,0.55703767,0.51151512,interior
L,3,27,25,608,0.59883093,0.58002144,0.55224692,interior
L,3,27,26,627,0.53652477,0.60730638,0.58593526,interior
L,3,27,27,646,0.47352421,0.62550056,0.62009989,interior
L,3,27,28,665,0.41192193,0.63069200,0.65768376,interior
L,3,27,29,684,0.34065722,0.63543887,0.69294308,interior
L,3,27,30,703,0.25905046,0.63960088,0.72374275,interior
L,3,27,31,720,0.17120671,0.64249044,0.74692322,interior
L,3,27,32,738,0.08125102,0.63368297,0.76931409,interior
L,3,27,33,754,-0.00984656,0.61498809,0.78847492,interior
L,3,27,34,769,-0.10330589,0.58135840,0.80706276,interior
L,3,27,35,784,-0.18905870,0.54147868,0.81918108,interior
L,3,27,36,792,-0.27437625,0.49822535,0.82248962,interior
L,3,27,37,800,-0.36140028,0.43828450,0.82298027,interior
L,3,27,38,806,-0.44996667,0.35804336,0.81812893,interior
L,3,27,39,805,-0.53517090,0.27367477,0.79918348,boundary
L,3,28,13,391,0.99364811,-0.09516953,0.06005160,boundary
L,3,28,14,408,0.99303228,-0.03517127,0.11247169,interior
L,3,28,15,425,0.98706610,0.02997382,0.15748677,interior
L,3,28,16,444,0.97326777,0.09457117,0.20929917,interior
L,3,28,17,464,0.95440094,0.15128185,0.25735703,interior
L,3,28,18,482,0.93072155,0.21468864,0.29608476,interior
L,3,28,19,502,0.89888673,0.27651927,0.33991136,interior
L,3,28,20,523,0.86286823,0.33085287,0.38209265,interior
L,3,28,21,542,0.82003169,0.38530289,0.42318992,interior
L,3,28,22,561,0.77694398,0.42722469,0.46242525,interior
L,3,28,23,580,0.72917294,0.46852464,0.49879002,interior
L,3,28,24,599,0.67775776,0.50099596,0.53818906,interior
L,3,28,25,621,0.62133990,0.52425126,0.58232065,interior
L,3,28,26,639,0.56624791,0.54128260,0.62159186,interior
L,3,28,27,658,0.50628680,0.56187964,0.65419030,interior
L,3,28,28,677,0.44729301,0.57322191,0.68654614,interior
L,3,28,29,695,0.38558361,0.57770376,0.71943286,interior
L,3,28,30,714,0.30857420,0.58473666,0.75024330,interior
L,3,28,31,730,0.22425469,0.58822594,0.77698139,interior
L,3,28,32,748,0.13229318,0.58390927,0.80096721,interior
L,3,28,33,763,0.04107216,0.56792564,0.82205447,interior
L,3,28,34,777,-0.04976317,0.54223238,0.83875364,interior
L,3,28,35,791,-0.13783811,0.50512006,0.85197088,interior
L,3,28,36,802,-0.21963868,0.46961792,0.85511277,interior
L,3,28,37,812,-0.30737168,0.41626315,0.85571469,interior
L,3,28,38,817,-0.39899265,0.33630375,0.85305606,interior
L,3,28,39,818,-0.48545855,0.23965460,0.84077088,boundary
L,3,29,14,423,0.98672932,-0.10022272,0.12775228,boundary
L,3,29,15,441,0.98516142,-0.03865548,0.16722059,interior
L,3,29,16,460,0.97630480,0.03072436,0.21420771,interior
L,3,29,17,478,0.95933620,0.09384145,0.26621013,interior
L,3,29,18,498,0.93848088,0.14701840,0.31247275,interior
L,3,29,19,517,0.91163841,0.20218160,0.35782399,interior
L,3,29,20,536,0.87959999,0.25357121,0.40249905,interior
L,3,29,21,555,0.83879191,0.31162054,0.44645356,interior
L,3,29,22,575,0.79283586,0.36635180,0.48702942,interior
L,3,29,23,593,0.75003134,0.40204735,0.52517703,interior
L,3,29,24,611,0.69921184,0.43668338,0.56604807,interior
L,3,29,25,632,0.63977133,0.46752884,0.61000773,interior
L,3,29,26,650,0.58681882,0.48501349,0.64838691,interior
L,3,29,27,669,0.53004102,0.50122202,0.68398319,interior
L,3,29,28,688,0.46983959,0.51763073,0.71505887,interior
L,3,29,29,704,0.41303232,0.52919707,0.74118471,interior
L,3,29,30,722,0.34593658,0.53586381,0.77018041,interior
L,3,29,31,739,0.26532857,0.53766098,0.80032582,interior
L,3,29,32,755,0.17644647,0.52984466,0.82953678,interior
L,3,29,33,772,0.08707389,0.51736055,0.85132614,interior
L,3,29,34,786,0.00425625,0.49642939,0.86806667,interior
L,3,29,35,799,-0.08885429,0.46279932,0.88199870,interior
L,3,29,36,813,-0.18050590,0.42454550,0.88723094,interior
L,3,29,37,822,-0.25902986,0.38032476,0.88783817,interior
L,3,29,38,825,-0.34242903,0.31033676,0.88681083,interior
L,3,29,39,829,-0.42704444,0.23623456,0.87282660,boundary
L,3,30,15,453,0.97659400,-0.11615434,0.18103131,boundary
L,3,30,16,473,0.97428772,-0.03638157,0.22235066,interior
L,3,30,17,493,0.96075545,0.03320485,0.27540225,interior
L,3,30,18,511,0.93959889,0.09181869,0.32973208,interior
L,3,30,19,531,0.91572412,0.14072271,0.37635946,interior
L,3,30,20,550,0.88653872,0.19169402,0.42107303,interior
L,3,30,21,569,0.85125940,0.24132044,0.46596339,interior
L,3,30,22,589,0.80707777,0.29916365,0.50904477,interior
L,3,30,23,607,0.76383061,0.34364830,0.54632284,interior
L,3,30,24,624,0.71915664,0.37331867,0.58604343,interior
L,3,30,25,643,0.65953354,0.40404569,0.63384745,interior
L,3,30,26,663,0.60034695,0.42849402,0.67526026,interior
L,3,30,27,679,0.55186956,0.44428836,0.70572505,interior
L,3,30,28,698,0.48904386,0.45938617,0.74148530,interior
L,3,30,29,715,0.42884508,0.47099960,0.77087695,interior
L,3,30,30,732,0.37010729,0.47943072,0.79571777,interior
L,3,30,31,751,0.29692631,0.48384237,0.82324439,interior
L,3,30,32,766,0.21718513,0.47601898,0.85219514,interior
L,3,30,33,780,0.12993598,0.46441429,0.87603425,interior
L,3,30,34,795,0.05012455,0.44925436,0.89199667,interior
L,3,30,35,808,-0.03670866,0.42047827,0.90655970,interior
L,3,30,36,820,-0.13384318,0.37870534,0.91578833,interior
L,3,30,37,830,-0.22285846,0.33301647,0.91620638,interior
L,3,30,38,835,-0.29464818,0.27505341,0.91516560,boundary
L,3,30,39,837,-0.35167271,0.19161810,0.91630170,boundary
L,3,31,16,485,0.96895677,-0.09939713,0.22636916,boundary
L,3,31,17,506,0.95897428,-0.02834652,0.28207235,boundary
L,3,31,18,527,0.93845815,0.03274218,0.34383752,interior
L,3,31,19,545,0.91650310,0.08222185,0.39148645,interior
L,3,31,20,563,0.89059538,0.12654337,0.43683710,interior
L,3,31,21,582,0.86093479,0.17379799,0.47810620,interior
L,3,31,22,600,0.82217662,0.22428881,0.52318269,interior
L,3,31,23,619,0.77899151,0.27179324,0.56506696,interior
L,3,31,24,636,0.73162128,0.30979339,0.60725476,interior
L,3,31,25,654,0.67848291,0.33978870,0.65130990,interior
L,3,31,26,672,0.61548695,0.36551117,0.69826742,interior
L,3,31,27,690,0.56518914,0.37846711,0.73302380,interior
L,3,31,28,706,0.51487991,0.39318405,0.76177751,interior
L,3,31,29,725,0.45139596,0.40898330,0.79307903,interior
L,3,31,30,740,0.38765160,0.41987977,0.82062611,interior
L,3,31,31,756,0.31892153,0.42709708,0.84609523,interior
L,3,31,32,774,0.25047235,0.41887941,0.87281363,interior
L,3,31,33,787,0.17121360,0.40729736,0.89710354,interior
L,3,31,34,803,0.08987889,0.39547396,0.91406900,interior
L,3,31,35,815,0.00932834,0.37433143,0.92724806,interior
L,3,31,36,827,-0.07889284,0.33418163,0.93920102,interior
L,3,31,37,836,-0.17411672,0.28377395,0.94295053,interior
L,3,31,38,843,-0.25323439,0.22979548,0.93971612,boundary
L,3,32,18,539,0.93023474,-0.02956293,0.36577228,boundary
L,3,32,19,556,0.91518544,0.01722645,0.40266470,interior
L,3,32,20,577,0.89131617,0.06549065,0.44862730,interior
L,3,32,21,595,0.86475507,0.10496047,0.49110281,interior
L,3,32,22,610,0.83261084,0.14853652,0.53356920,interior
L,3,32,23,630,0.79090190,0.19308832,0.58068156,interior
L,3,32,24,648,0.74238536,0.23750995,0.62646069,interior
L,3,32,25,666,0.69083769,0.27062114,0.67045319,interior
L,3,32,26,683,0.63190584,0.29959413,0.71479953,interior
L,3,32,27,701,0.57660105,0.31439983,0.75411139,interior
L,3,32,28,718,0.53008339,0.32613671,0.78271734,interior
L,3,32,29,734,0.47541103,0.34344960,0.80995477,interior
L,3,32,30,752,0.41012274,0.35678778,0.83934607,interior
L,3,32,31,767,0.34706407,0.36545224,0.86370782,interior
L,3,32,32,782,0.27938986,0.36140803,0.88956481,interior
L,3,32,33,796,0.20409512,0.34982364,0.91431319,interior
L,3,32,34,811,0.12220431,0.33350928,0.93479285,interior
L,3,32,35,823,0.04415428,0.31428276,0.94830203,interior
L,3,32,36,833,-0.03689792,0.27881169,0.95963669,interior
L,3,32,37,842,-0.12155984,0.22755299,0.96614846,boundary
L,3,32,38,849,-0.20023754,0.17531930,0.96393364,boundary
L,3,33,19,567,0.90557945,-0.07268827,0.41790223,boundary
L,3,33,20,586,0.88781720,-0.00275649,0.46018804,boundary
L,3,33,21,605,0.86466194,0.03479789,0.50114752,boundary
L,3,33,22,623,0.83627499,0.07307139,0.54341946,interior
L,3,33,23,640,0.80088600,0.11154261,0.58833652,interior
L,3,33,24,659,0.75758907,0.15592564,0.63383436,interior
L,3,33,25,676,0.70724149,0.19598770,0.67926306,interior
L,3,33,26,692,0.65086974,0.22593102,0.72479221,interior
L,3,33,27,708,0.58965705,0.25182844,0.76738974,interior
L,3,33,28,727,0.53846796,0.26564373,0.79967848,interior
L,3,33,29,742,0.49047314,0.27965330,0.82536666,interior
L,3,33,30,759,0.43016510,0.29329495,0.85377752,interior
L,3,33,31,775,0.36825084,0.30165894,0.87942777,interior
L,3,33,32,789,0.30812555,0.30388803,0.90150469,interior
L,3,33,33,804,0.23213756,0.29189217,0.92785296,interior
L,3,33,34,816,0.15519357,0.27114560,0.94994474,interior
L,3,33,35,828,0.07940559,0.24593332,0.96602875,interior
L,3,33,36,839,-0.00203429,0.20920952,0.97786872,interior
L,3,33,37,846,-0.08196254,0.16662272,0.98260827,boundary
L,3,34,22,634,0.82554483,-0.01173195,0.56421459,boundary
L,3,34,23,651,0.80098481,0.03091385,0.59788600,boundary
L,3,34,24,667,0.76341284,0.06995906,0.64211102,interior
L,3,34,25,686,0.72039141,0.11256693,0.68437191,interior
L,3,34,26,702,0.66540373,0.14586288,0.73209419,interior
L,3,34,27,719,0.60512707,0.17493502,0.77667173,interior
L,3,34,28,735,0.55200793,0.19502974,0.81070996,interior
L,3,34,29,753,0.49859020,0.21071425,0.84083727,interior
L,3,34,30,768,0.43994319,0.22630154,0.86904407,interior
L,3,34,31,783,0.38183050,0.23263848,0.89447460,interior
L,3,34,32,797,0.32275422,0.23874496,0.91587694,interior
L,3,34,33,810,0.25547827,0.22979634,0.93910835,interior
L,3,34,34,824,0.18313309,0.20642938,0.96117074,interior
L,3,34,35,834,0.11005867,0.17501656,0.97839475,interior
L,3,34,36,844,0.02298255,0.12972108,0.99128414,boundary
L,3,34,37,851,-0.05347881,0.08801000,0.99468299,boundary
L,3,35,24,678,0.75993673,-0.02650952,0.64945625,boundary
L,3,35,25,693,0.72435885,0.02501200,0.68896927,boundary
L,3,35,26,707,0.68065117,0.05573440,0.73048454,boundary
L,3,35,27,726,0.62286501,0.08621289,0.77756448,interior
L,3,35,28,741,0.56753474,0.11086252,0.81585159,interior
L,3,35,29,758,0.51156126,0.12769043,0.84970597,interior
L,3,35,30,773,0.44954819,0.14426858,0.88152879,interior
L,3,35,31,788,0.38897743,0.15385245,0.90830941,interior
L,3,35,32,801,0.33210136,0.16185012,0.92925412,interior
L,3,35,33,814,0.26801032,0.15831634,0.95031911,interior
L,3,35,34,826,0.19874524,0.13624139,0.97053522,boundary
L,3,35,35,838,0.12731419,0.09878541,0.98693087,boundary
L,3,35,36,847,0.04433840,0.05372780,0.99757076,boundary
L,3,36,27,729,0.62712455,-0.00989373,0.77885616,boundary
L,3,36,28,745,0.57884542,0.02593907,0.81502463,boundary
L,3,36,29,762,0.52376230,0.04383772,0.85073574,boundary
L,3,36,30,778,0.46397316,0.05539920,0.88411529,boundary
L,3,36,31,793,0.39841532,0.06899496,0.91460643,boundary
L,3,36,32,807,0.34245354,0.08001684,0.93612119,boundary
L,3,36,33,819,0.27782235,0.08154541,0.95716513,boundary
L,3,36,34,831,0.20439698,0.06422753,0.97677874,boundary
R,1,2,7,51,0.01660104,-0.29699670,-0.95473419,boundary
R,1,2,8,67,-0.05466889,-0.35959027,-0.93150746,interior
R,1,2,9,83,-0.11019683,-0.40258995,-0.90872328,boundary
R,1,2,10,101,-0.15978850,-0.44517612,-0.88107086,boundary
R,1,3,5,23,0.15775304,-0.18815838,-0.96938661,boundary
R,1,3,6,34,0.08547601,-0.26225686,-0.96120507,interior
R,1,3,7,46,0.06551523,-0.33802478,-0.93885409,interior
R,1,3,8,63,0.00414860,-0.40530527,-0.91417199,interior
R,1,3,9,78,-0.06021278,-0.45801728,-0.88690168,interior
R,1,3,10,95,-0.11973806,-0.49916204,-0.85819581,interior
R,1,3,11,114,-0.18481474,-0.52196909,-0.83270149,interior
R,1,3,12,129,-0.23788327,-0.52077963,-0.81987812,interior
R,1,3,13,148,-0.32496072,-0.55082551,-0.76875990,interior
R,1,3,14,170,-0.38691232,-0.57323423,-0.72228899,boundary
R,1,4,4,12,0.23936957,-0.16037223,-0.95759227,boundary
R,1,4,5,20,0.23274493,-0.24327519,-0.94161934,interior
R,1,4,6,31,0.18110968,-0.30187992,-0.93598494,interior
R,1,4,7,44,0.13022783,-0.37550671,-0.91762488,interior
R,1,4,8,60,0.07922705,-0.44524551,-0.89189658,interior
R,1,4,9,75,0.01592729,-0.50408611,-0.86350652,interior
R,1,4,10,97,-0.04674154,-0.55608745,-0.82980840,interior
R,1,4,11,113,-0.10856817,-0.58563116,-0.80327399,interior
R,1,4,12,132,-0.17594913,-0.60643761,-0.77541945,interior
R,1,4,13,149,-0.24585867,-0.62299690,-0.74258223,interior
R,1,4,14,168,-0.31304653,-0.63429537,-0.70687429,interior
R,1,4,15,188,-0.39815849,-0.61341684,-0.68204809,interior
R,1,4,16,207,-0.46539514,-0.59680339,-0.65363069,boundary
R,1,4,17,228,-0.51095550,-0.61306044,-0.60256234,boundary
R,1,5,3,5,0.32961496,-0.08223113,-0.94052752,boundary
R,1,5,4,10,0.30969096,-0.18018428,-0.93360866,interior
R,1,5,5,21,0.29761074,-0.26329473,-0.91766210,interior
R,1,5,6,32,0.26340127,-0.33713636,-0.90385776,interior
R,1,5,7,45,0.21750998,-0.40731907,-0.88700653,interior
R,1,5,8,61,0.16492773,-0.48251017,-0.86022252,interior
R,1,5,9,79,0.10988157,-0.54402952,-0.83184008,interior
R,1,5,10,98,0.04345300,-0.59560630,-0.80210035,interior
R,1,5,11,115,-0.01914762,-0.63364308,-0.77338853,interior
R,1,5,12,134,-0.08836241,-0.66219854,-0.74410025,interior
R,1,5,13,153,-0.16109134,-0.68990198,-0.70575125,interior
R,1,5,14,172,-0.22973777,-0.70349414,-0.67254484,interior
R,1,5,15,191,-0.30355080,-0.70517014,-0.64077452,interior
R,1,5,16,210,-0.38388195,-0.69079935,-0.61272416,interior
R,1,5,17,230,-0.44847484,-0.67881325,-0.58144896,interior
R,1,5,18,250,-0.51362742,-0.65472807,-0.55454308,interior
R,1,5,19,270,-0.58749496,-0.62116612,-0.51865434,boundary
R,1,6,3,4,0.40335906,-0.04715768,-0.91382582,interior
R,1,6,4,11,0.38779205,-0.18836208,-0.90229544,interior
R,1,6,5,22,0.36771761,-0.27982531,-0.88683795,interior
R,1,6,6,33,0.34293403,-0.35873566,-0.86816184,interior
R,1,6,7,47,0.30615583,-0.42955625,-0.84955873,interior
R,1,6,8,65,0.25894867,-0.50328585,-0.82440824,interior
R,1,6,9,82,0.20578703,-0.57256980,-0.79360918,interior
R,1,6,10,99,0.14391913,-0.62665173,-0.76589483,interior
R,1,6,11,118,0.07928230,-0.67285694,-0.73551197,interior
R,1,6,12,135,0.00955815,-0.70816592,-0.70598135,interior
R,1,6,13,155,-0.06210697,-0.73697481,-0.67306081,interior
R,1,6,14,174,-0.13735083,-0.75788891,-0.63776104,interior
R,1,6,15,194,-0.20887086,-0.77082790,-0.60182831,interior
R,1,6,16,214,-0.28852959,-0.77107221,-0.56762516,interior
R,1,6,17,234,-0.36355890,-0.75779446,-0.54182330,interior
R,1,6,18,253,-0.43443337,-0.73646793,-0.51853895,interior
R,1,6,19,273,-0.50728320,-0.71068354,-0.48743478,interior
R,1,6,20,292,-0.59497336,-0.66356528,-0.45352819,interior
R,1,6,21,312,-0.63023865,-0.65735593,-0.41313730,boundary
R,1,7,2,1,0.40418472,0.00228069,-0.91467454,interior
R,1,7,3,6,0.45806756,-0.12799091,-0.87965473,interior
R,1,7,4,14,0.45746608,-0.20002334,-0.86643837,interior
R,1,7,5,25,0.44096464,-0.28782563,-0.85012152,interior
R,1,7,6,38,0.41845687,-0.37071755,-0.82913349,interior
R,1,7,7,53,0.38801732,-0.44854263,-0.80514103,interior
R,1,7,8,68,0.34727272,-0.52040535,-0.78011533,interior
R,1,7,9,85,0.29879522,-0.59018856,-0.74993258,interior
R,1,7,10,105,0.24235165,-0.65292063,-0.71760736,interior
R,1,7,11,123,0.18192676,-0.70322033,-0.68730184,interior
R,1,7,12,141,0.11428186,-0.74470922,-0.65753162,interior
R,1,7,13,160,0.04748179,-0.77635886,-0.62850012,interior
R,1,7,14,180,-0.02967255,-0.80373053,-0.59425312,interior
R,1,7,15,200,-0.10705553,-0.81978106,-0.56258167,interior
R,1,7,16,219,-0.18188185,-0.83011600,-0.52709243,interior
R,1,7,17,241,-0.25826386,-0.83027892,-0.49389948,interior
R,1,7,18,259,-0.33559677,-0.81578356,-0.47103290,interior
R,1,7,19,278,-0.41617869,-0.79179613,-0.44705055,interior
R,1,7,20,298,-0.49217578,-0.76422700,-0.41679743,interior
R,1,7,21,317,-0.56366161,-0.73045607,-0.38564168,interior
R,1,7,22,336,-0.63155936,-0.69056360,-0.35249779,interior
R,1,7,23,357,-0.71991075,-0.60010105,-0.34872229,boundary
R,1,8,2,2,0.47896902,-0.03644413,-0.87707497,interior
R,1,8,3,8,0.51128755,-0.12023072,-0.85095805,interior
R,1,8,4,16,0.52591627,-0.21141559,-0.82384193,interior
R,1,8,5,27,0.51360540,-0.29259882,-0.80659496,interior
R,1,8,6,39,0.49181507,-0.37321594,-0.78665609,interior
R,1,8,7,54,0.46469428,-0.45437862,-0.75999953,interior
R,1,8,8,72,0.42621768,-0.52562701,-0.73624367,interior
R,1,8,9,89,0.38402544,-0.59591473,-0.70527307,interior
R,1,8,10,108,0.33293445,-0.66404035,-0.66948119,interior
R,1,8,11,125,0.27306906,-0.72217831,-0.63552480,interior
R,1,8,12,144,0.21529897,-0.76480932,-0.60721747,interior
R,1,8,13,163,0.15077140,-0.80149806,-0.57867854,interior
R,1,8,14,183,0.08103402,-0.83530053,-0.54378903,interior
R,1,8,15,203,-0.00043793,-0.86196639,-0.50696524,interior
R,1,8,16,223,-0.07802877,-0.87478169,-0.47819296,interior
R,1,8,17,244,-0.14879293,-0.88106949,-0.44897351,interior
R,1,8,18,265,-0.22549285,-0.88123288,-0.41542940,interior
R,1,8,19,285,-0.30852274,-0.86705399,-0.39119189,interior
R,1,8,20,304,-0.39165233,-0.84282044,-0.36913704,interior
R,1,8,21,325,-0.47253668,-0.81229703,-0.34188100,interior
R,1,8,22,346,-0.54678599,-0.77727778,-0.31123035,interior
R,1,8,23,363,-0.62340874,-0.72803699,-0.28517309,interior
R,1,8,24,381,-0.71316137,-0.64705584,-0.26966571,interior
R,1,8,25,402,-0.79254532,-0.54645871,-0.27065624,boundary
R,1,9,2,3,0.55352616,-0.03097971,-0.83225540,interior
R,1,9,3,9,0.57540613,-0.12086464,-0.80888783,interior
R,1,9,4,19,0.58675315,-0.20569662,-0.78320473,interior
R,1,9,5,30,0.58242584,-0.29226899,-0.75852421,interior
R,1,9,6,43,0.56257368,-0.37319476,-0.73772388,interior
R,1,9,7,58,0.53592019,-0.44961814,-0.71458595,interior
R,1,9,8,74,0.50026079,-0.52281206,-0.69022221,interior
R,1,9,9,93,0.46355476,-0.58552913,-0.66503581,interior
R,1,9,10,111,0.42152017,-0.65252483,-0.62970794,interior
R,1,9,11,131,0.36181954,-0.71962594,-0.59264250,interior
R,1,9,12,151,0.30348868,-0.77326051,-0.55674303,interior
R,1,9,13,171,0.24786816,-0.81129355,-0.52949424,interior
R,1,9,14,190,0.17946145,-0.84985851,-0.49551397,interior
R,1,9,15,212,0.10216420,-0.88355329,-0.45705149,interior
R,1,9,16,233,0.02051295,-0.90577896,-0.42325370,interior
R,1,9,17,252,-0.04957069,-0.91589642,-0.39834218,interior
R,1,9,18,274,-0.11935715,-0.92412395,-0.36297218,interior
R,1,9,19,293,-0.19811421,-0.92260461,-0.33098564,interior
R,1,9,20,314,-0.27873801,-0.90933896,-0.30888148,interior
R,1,9,21,333,-0.36555267,-0.88599322,-0.28528454,interior
R,1,9,22,353,-0.44959188,-0.85546368,-0.25700006,interior
R,1,9,23,373,-0.52326438,-0.82091262,-0.22868505,interior
R,1,9,24,393,-0.60576958,-0.76811505,-0.20746685,interior
R,1,9,25,413,-0.69507831,-0.68929140,-0.20431230,interior
R,1,9,26,428,-0.78440084,-0.57998071,-0.21985838,interior
R,1,9,27,447,-0.85768450,-0.47615832,-0.19403748,boundary
R,1,10,2,7,0.62851899,-0.01837602,-0.77757713,interior
R,1,10,3,15,0.64195136,-0.11282167,-0.75839945,interior
R,1,10,4,24,0.64821934,-0.19543271,-0.73594683,interior
R,1,10,5,36,0.64218806,-0.27627965,-0.71502731,interior
R,1,10,6,50,0.62696716,-0.36016311,-0.69079281,interior
R,1,10,7,66,0.60248170,-0.43760766,-0.66746936,interior
R,1,10,8,84,0.56978768,-0.50969757,-0.64463198,interior
R,1,10,9,100,0.53451995,-0.57262552,-0.62160151,interior
R,1,10,10,119,0.49633209,-0.64010400,-0.58644806,interior
R,1,10,11,136,0.44648829,-0.70637095,-0.54926159,interior
R,1,10,12,158,0.38805225,-0.76761583,-0.51007979,interior
R,1,10,13,178,0.33006105,-0.81331069,-0.47915074,interior
R,1,10,14,197,0.26870901,-0.85248474,-0.44840298,interior
R,1,10,15,218,0.19803799,-0.89067740,-0.40923677,interior
R,1,10,16,240,0.12061583,-0.91996963,-0.37297145,interior
R,1,10,17,261,0.04206298,-0.93793129,-0.34426096,interior
R,1,10,18,281,-0.02587413,-0.94867025,-0.31520674,interior
R,1,10,19,302,-0.09827552,-0.95598865,-0.27645547,interior
R,1,10,20,323,-0.17716591,-0.95215913,-0.24900851,interior
R,1,10,21,345,-0.25900856,-0.93934386,-0.22482810,interior
R,1,10,22,364,-0.34769606,-0.91713480,-0.19486204,interior
R,1,10,23,384,-0.42425738,-0.88973921,-0.16843338,interior
R,1,10,24,405,-0.50461966,-0.85068162,-0.14730848,interior
R,1,10,25,425,-0.59296959,-0.79487722,-0.12867505,interior
R,1,10,26,443,-0.68342996,-0.71930253,-0.12460884,interior
R,1,10,27,461,-0.77266589,-0.62347766,-0.11942794,interior
R,1,10,28,478,-0.85885763,-0.50005393,-0.11094884,interior
R,1,11,2,13,0.68731664,-0.00550233,-0.72633708,interior
R,1,11,3,18,0.69584981,-0.09861418,-0.71138476,interior
R,1,11,4,29,0.70055452,-0.18160200,-0.69010439,interior
R,1,11,5,41,0.69772426,-0.26127774,-0.66701934,interior
R,1,11,6,55,0.68321450,-0.34020577,-0.64612536,interior
R,1,11,7,71,0.66055857,-0.42127552,-0.62144131,interior
R,1,11,8,88,0.63398550,-0.49754484,-0.59204013,interior
R,1,11,9,107,0.60163897,-0.56167438,-0.56793701,interior
R,1,11,10,124,0.56585371,-0.62533037,-0.53737464,interior
R,1,11,11,143,0.51905776,-0.69321335,-0.50003429,interior
R,1,11,12,164,0.46751143,-0.75316489,-0.46279122,interior
R,1,11,13,184,0.40983757,-0.80524550,-0.42850069,interior
R,1,11,14,205,0.34851663,-0.84952484,-0.39603497,interior
R,1,11,15,224,0.28318517,-0.88752169,-0.36347133,interior
R,1,11,16,245,0.21195876,-0.92007826,-0.32943812,interior
R,1,11,17,268,0.13163461,-0.94698529,-0.29307200,interior
R,1,11,18,289,0.05787647,-0.96223057,-0.26601249,interior
R,1,11,19,310,-0.01040862,-0.97286928,-0.23112124,interior
R,1,11,20,332,-0.08590918,-0.97698242,-0.19525615,interior
R,1,11,21,355,-0.16136519,-0.97295870,-0.16526534,interior
R,1,11,22,376,-0.24440220,-0.96023389,-0.13497570,interior
R,1,11,23,396,-0.32770613,-0.93804502,-0.11260654,interior
R,1,11,24,417,-0.40335570,-0.91083639,-0.08764272,interior
R,1,11,25,438,-0.48678026,-0.87113315,-0.06459105,interior
R,1,11,26,459,-0.58045345,-0.81298049,-0.04622251,interior
R,1,11,27,476,-0.67278736,-0.73873912,-0.04027011,interior
R,1,11,28,494,-0.76893759,-0.63806420,-0.04011299,interior
R,1,11,29,508,-0.87150275,-0.48905796,-0.03612841,interior
R,1,12,2,17,0.73328155,0.00571165,-0.67990113,interior
R,1,12,3,26,0.74489345,-0.07749914,-0.66266706,interior
R,1,12,4,37,0.74468505,-0.16432884,-0.64686955,interior
R,1,12,5,48,0.74222064,-0.24137217,-0.62517838,interior
R,1,12,6,62,0.73282743,-0.32033470,-0.60029129,interior
R,1,12,7,77,0.71297977,-0.40130352,-0.57499159,interior
R,1,12,8,94,0.68844284,-0.47850941,-0.54504606,interior
R,1,12,9,112,0.66201356,-0.54426866,-0.51527631,interior
R,1,12,10,133,0.62896899,-0.60688163,-0.48589371,interior
R,1,12,11,152,0.58881886,-0.67041158,-0.45148717,interior
R,1,12,12,173,0.53919402,-0.73203720,-0.41640287,interior
R,1,12,13,193,0.48488299,-0.78756785,-0.38029643,interior
R,1,12,14,213,0.42603611,-0.83593608,-0.34598282,interior
R,1,12,15,235,0.36430772,-0.87709234,-0.31303181,interior
R,1,12,16,255,0.29730705,-0.91297310,-0.27944343,interior
R,1,12,17,277,0.22372201,-0.94326287,-0.24536428,interior
R,1,12,18,300,0.14680759,-0.96615683,-0.21210498,interior
R,1,12,19,321,0.07451341,-0.98050558,-0.18181462,interior
R,1,12,20,343,0.00128513,-0.98894382,-0.14828507,interior
R,1,12,21,366,-0.07595040,-0.99031721,-0.11620397,interior
R,1,12,22,387,-0.15228565,-0.98490561,-0.08228012,interior
R,1,12,23,408,-0.22733943,-0.97213315,-0.05721823,interior
R,1,12,24,431,-0.30068554,-0.95311965,-0.03392839,interior
R,1,12,25,452,-0.38249337,-0.92389709,-0.01062944,interior
R,1,12,26,472,-0.47601560,-0.87937502,0.01042715,interior
R,1,12,27,491,-0.57370963,-0.81884356,0.01877465,interior
R,1,12,28,509,-0.66935903,-0.74271151,0.01838782,interior
R,1,12,29,522,-0.76731521,-0.64108222,0.01552270,interior
R,1,12,30,534,-0.86436296,-0.50278568,-0.00912325,interior
R,1,13,2,28,0.78006563,0.03793108,-0.62454691,interior
R,1,13,3,35,0.78814773,-0.04804056,-0.61360839,interior
R,1,13,4,42,0.79093208,-0.13572310,-0.59666212,interior
R,1,13,5,56,0.78667867,-0.21371755,-0.57919037,interior
R,1,13,6,70,0.77995080,-0.29169158,-0.55370820,interior
R,1,13,7,86,0.76425884,-0.37334420,-0.52585410,interior
R,1,13,8,103,0.74092690,-0.45130682,-0.49734241,interior
R,1,13,9,121,0.71550865,-0.51735454,-0.46945889,interior
R,1,13,10,140,0.68596243,-0.58040714,-0.43884291,interior
R,1,13,11,161,0.64693931,-0.64797649,-0.40199005,interior
R,1,13,12,182,0.60312635,-0.70847202,-0.36647783,interior
R,1,13,13,201,0.55482974,-0.76289290,-0.33190116,interior
R,1,13,14,222,0.49898402,-0.81408217,-0.29712819,interior
R,1,13,15,243,0.44215271,-0.85712571,-0.26426597,interior
R,1,13,16,264,0.37927955,-0.89666915,-0.22832316,interior
R,1,13,17,287,0.31037339,-0.93032951,-0.19533398,interior
R,1,13,18,309,0.23872924,-0.95728219,-0.16315376,interior
R,1,13,19,331,0.16474222,-0.97793074,-0.12849694,interior
R,1,13,20,354,0.08944911,-0.99101322,-0.09945681,interior
R,1,13,21,378,0.01470475,-0.99774863,-0.06543267,interior
R,1,13,22,397,-0.06279265,-0.99740734,-0.03515238,interior
R,1,13,23,421,-0.13856661,-0.99034277,-0.00452594,interior
R,1,13,24,442,-0.20695433,-0.97821764,0.01612956,interior
R,1,13,25,463,-0.28459409,-0.95799049,0.03550251,interior
R,1,13,26,485,-0.37520142,-0.92514387,0.05772964,interior
R,1,13,27,506,-0.46993197,-0.88023610,0.06594197,interior
R,1,13,28,521,-0.56911137,-0.81929488,0.06977210,interior
R,1,13,29,541,-0.66853068,-0.73991018,0.07483078,interior
R,1,13,30,553,-0.77546597,-0.62740995,0.07077632,interior
R,1,13,31,562,-0.87562416,-0.48011451,0.05265348,interior
R,1,14,3,40,0.82181440,0.00290120,-0.56974790,interior
R,1,14,4,52,0.82725945,-0.09496159,-0.55373648,interior
R,1,14,5,64,0.82902021,-0.17695466,-0.53048332,interior
R,1,14,6,76,0.82449453,-0.25352568,-0.50589870,interior
R,1,14,7,92,0.81318226,-0.33292667,-0.47738291,interior
R,1,14,8,109,0.79235603,-0.41713191,-0.44516614,interior
R,1,14,9,128,0.76806118,-0.48722620,-0.41556306,interior
R,1,14,10,147,0.73672691,-0.55287706,-0.38930762,interior
R,1,14,11,167,0.69980089,-0.62016753,-0.35450099,interior
R,1,14,12,189,0.65850084,-0.68168654,-0.31887318,interior
R,1,14,13,211,0.61393262,-0.73548369,-0.28661903,interior
R,1,14,14,232,0.56871153,-0.78360661,-0.25005575,interior
R,1,14,15,254,0.51323656,-0.83066299,-0.21584075,interior
R,1,14,16,275,0.45666698,-0.87117966,-0.18028110,interior
R,1,14,17,296,0.39042376,-0.90895537,-0.14618282,interior
R,1,14,18,320,0.31873696,-0.94035183,-0.11893355,interior
R,1,14,19,342,0.24596373,-0.96550360,-0.08546719,interior
R,1,14,20,367,0.17475357,-0.98326530,-0.05148332,interior
R,1,14,21,389,0.10525228,-0.99422686,-0.02085443,interior
R,1,14,22,412,0.03075958,-0.99951019,0.00576353,interior
R,1,14,23,436,-0.04917426,-0.99829817,0.03134730,interior
R,1,14,24,457,-0.12937534,-0.98996380,0.05686555,interior
R,1,14,25,475,-0.20062550,-0.97721761,0.06924705,interior
R,1,14,26,498,-0.28439595,-0.95396304,0.09525469,interior
R,1,14,27,517,-0.37780900,-0.91920404,0.11101481,interior
R,1,14,28,538,-0.46994421,-0.87416270,0.12244189,interior
R,1,14,29,557,-0.57295211,-0.80862057,0.13363626,interior
R,1,14,30,571,-0.67955455,-0.72004888,0.14048215,interior
R,1,14,31,582,-0.78991834,-0.59814377,0.13510382,interior
R,1,14,32,590,-0.87296012,-0.46816747,0.13696661,boundary
R,1,15,3,49,0.82772355,0.05532522,-0.55840205,interior
R,1,15,4,57,0.85517817,-0.04523647,-0.51635643,interior
R,1,15,5,73,0.86183550,-0.13589808,-0.48864229,interior
R,1,15,6,87,0.86294076,-0.21476068,-0.45739599,interior
R,1,15,7,102,0.85544026,-0.29255060,-0.42735947,interior
R,1,15,8,120,0.83675117,-0.37501787,-0.39901012,interior
R,1,15,9,139,0.81341278,-0.45294707,-0.36496383,interior
R,1,15,10,157,0.78544417,-0.52100016,-0.33412018,interior
R,1,15,11,179,0.75031608,-0.58681626,-0.30442151,interior
R,1,15,12,199,0.71129340,-0.64758643,-0.27330113,interior
R,1,15,13,221,0.66617527,-0.70513329,-0.24289410,interior
R,1,15,14,242,0.62189700,-0.75423427,-0.21065325,interior
R,1,15,15,263,0.57860614,-0.79746564,-0.17106576,interior
R,1,15,16,284,0.52571175,-0.83989487,-0.13492130,interior
R,1,15,17,307,0.46526874,-0.87918384,-0.10276558,interior
R,1,15,18,329,0.40085893,-0.91322304,-0.07304660,interior
R,1,15,19,352,0.32691957,-0.94401895,-0.04417939,interior
R,1,15,20,377,0.25416639,-0.96702933,-0.01592876,interior
R,1,15,21,401,0.18583875,-0.98248860,0.01342038,interior
R,1,15,22,423,0.11748428,-0.99232842,0.03849346,interior
R,1,15,23,446,0.03679007,-0.99776951,0.05570014,interior
R,1,15,24,468,-0.04786000,-0.99562087,0.08030263,interior
R,1,15,25,488,-0.13182548,-0.98595004,0.10258931,interior
R,1,15,26,511,-0.20752273,-0.96943454,0.13088540,interior
R,1,15,27,532,-0.29846479,-0.94058739,0.16190777,interior
R,1,15,28,551,-0.38958322,-0.90319070,0.18019844,interior
R,1,15,29,569,-0.48213831,-0.85416597,0.19479000,interior
R,1,15,30,588,-0.58932565,-0.78134724,0.20540634,interior
R,1,15,31,602,-0.69707506,-0.68646633,0.20700320,interior
R,1,15,32,610,-0.80362272,-0.56357995,0.19122804,interior
R,1,16,3,59,0.86584110,0.09240391,-0.49171201,boundary
R,1,16,4,69,0.88231915,0.00165947,-0.47064867,interior
R,1,16,5,81,0.89094174,-0.08986686,-0.44513679,interior
R,1,16,6,96,0.89309256,-0.17412369,-0.41480914,interior
R,1,16,7,110,0.88880659,-0.25235229,-0.38254564,interior
R,1,16,8,127,0.87563439,-0.33203546,-0.35073759,interior
R,1,16,9,146,0.85467453,-0.40979610,-0.31874536,interior
R,1,16,10,165,0.82837267,-0.48031314,-0.28826727,interior
R,1,16,11,187,0.79620652,-0.54770549,-0.25704840,interior
R,1,16,12,208,0.76154225,-0.60644665,-0.22863917,interior
R,1,16,13,229,0.72147931,-0.66348936,-0.19811479,interior
R,1,16,14,251,0.67349771,-0.72046750,-0.16531005,interior
R,1,16,15,272,0.63133985,-0.76451418,-0.13010786,interior
R,1,16,16,295,0.58464595,-0.80595306,-0.09289117,interior
R,1,16,17,319,0.53084456,-0.84536079,-0.05974270,interior
R,1,16,18,340,0.47069988,-0.88178810,-0.02985582,interior
R,1,16,19,365,0.40919186,-0.91244627,0.00195733,interior
R,1,16,20,388,0.33702820,-0.94116575,0.02488032,interior
R,1,16,21,411,0.26390375,-0.96353882,0.04413338,interior
R,1,16,22,435,0.19350704,-0.97895085,0.06488651,interior
R,1,16,23,455,0.11123366,-0.99009610,0.08565502,interior
R,1,16,24,480,0.02737050,-0.99339606,0.11142318,interior
R,1,16,25,501,-0.05664235,-0.98840510,0.14087938,interior
R,1,16,26,525,-0.14580245,-0.97431781,0.17159965,interior
R,1,16,27,545,-0.23021974,-0.95043950,0.20895844,interior
R,1,16,28,566,-0.31779895,-0.91812038,0.23676740,interior
R,1,16,29,587,-0.40598539,-0.87695928,0.25713474,interior
R,1,16,30,604,-0.51087303,-0.81581858,0.27101437,interior
R,1,16,31,618,-0.61006674,-0.74153847,0.27917605,interior
R,1,16,32,630,-0.71214338,-0.64486170,0.27749809,interior
R,1,16,33,634,-0.82213903,-0.50434282,0.26405629,boundary
R,1,17,4,80,0.90307845,0.04626610,-0.42697630,interior
R,1,17,5,90,0.91541621,-0.04202363,-0.40030885,interior
R,1,17,6,106,0.91749840,-0.12558107,-0.37739380,interior
R,1,17,7,122,0.91507330,-0.20716026,-0.34601370,interior
R,1,17,8,137,0.90558038,-0.28694882,-0.31238526,interior
R,1,17,9,156,0.88915346,-0.36436150,-0.27685162,interior
R,1,17,10,175,0.86447485,-0.43631842,-0.24961863,interior
R,1,17,11,196,0.83615057,-0.50372189,-0.21706330,interior
R,1,17,12,217,0.80181711,-0.56850855,-0.18408515,interior
R,1,17,13,239,0.76875116,-0.62072776,-0.15400878,interior
R,1,17,14,262,0.72722403,-0.67561426,-0.12120468,interior
R,1,17,15,283,0.68179554,-0.72620280,-0.08822886,interior
R,1,17,16,306,0.63624279,-0.76942058,-0.05645428,interior
R,1,17,17,328,0.58910515,-0.80780993,-0.01995580,interior
R,1,17,18,350,0.53593274,-0.84422397,0.00787272,interior
R,1,17,19,375,0.47841740,-0.87741233,0.03555845,interior
R,1,17,20,398,0.41474888,-0.90791050,0.06067851,interior
R,1,17,21,420,0.34055996,-0.93742974,0.07241821,interior
R,1,17,22,445,0.26470605,-0.95941153,0.09726370,interior
R,1,17,23,469,0.18441984,-0.97452901,0.12760303,interior
R,1,17,24,493,0.09880146,-0.98352573,0.15137839,interior
R,1,17,25,515,0.01322279,-0.98386525,0.17842176,interior
R,1,17,26,535,-0.07444450,-0.97495876,0.20955532,interior
R,1,17,27,559,-0.16529122,-0.95393787,0.25036243,interior
R,1,17,28,579,-0.25118989,-0.92557826,0.28321109,interior
R,1,17,29,598,-0.33420008,-0.89009047,0.30991814,interior
R,1,17,30,619,-0.43504904,-0.83581855,0.33487264,interior
R,1,17,31,633,-0.53684202,-0.76833764,0.34850813,interior
R,1,17,32,646,-0.63064024,-0.69309408,0.34916112,interior
R,1,17,33,654,-0.73809187,-0.59147731,0.32461514,interior
R,1,18,4,91,0.90970547,0.12607627,-0.39565229,boundary
R,1,18,5,104,0.93093563,0.01525303,-0.36486462,interior
R,1,18,6,116,0.93835986,-0.07235587,-0.33800207,interior
R,1,18,7,130,0.93790598,-0.15693627,-0.30935964,interior
R,1,18,8,145,0.93207345,-0.23873174,-0.27248163,interior
R,1,18,9,166,0.92092469,-0.31167916,-0.23399533,interior
R,1,18,10,185,0.89949849,-0.38595348,-0.20479836,interior
R,1,18,11,204,0.87298426,-0.45474494,-0.17636760,interior
R,1,18,12,226,0.84184561,-0.52021990,-0.14376096,interior
R,1,18,13,249,0.80739422,-0.57920521,-0.11240953,interior
R,1,18,14,271,0.77415332,-0.62789001,-0.08025441,interior
R,1,18,15,294,0.73720026,-0.67418379,-0.04485526,interior
R,1,18,16,316,0.69153083,-0.72224467,-0.01215527,interior
R,1,18,17,339,0.64496626,-0.76396659,0.01932788,interior
R,1,18,18,362,0.59241603,-0.80442081,0.04416344,interior
R,1,18,19,385,0.53645657,-0.84132509,0.06623013,interior
R,1,18,20,409,0.47601327,-0.87534607,0.08473853,interior
R,1,18,21,432,0.41022509,-0.90585493,0.10555676,interior
R,1,18,22,456,0.33464191,-0.93341922,0.12939610,interior
R,1,18,23,481,0.25374507,-0.95270993,0.16720415,interior
R,1,18,24,504,0.17161577,-0.96528462,0.19691020,interior
R,1,18,25,527,0.08285489,-0.97178734,0.22082671,interior
R,1,18,26,548,-0.00820214,-0.96791399,0.25114785,interior
R,1,18,27,573,-0.09402951,-0.95211101,0.29093485,interior
R,1,18,28,593,-0.18665320,-0.92675844,0.32600518,interior
R,1,18,29,612,-0.27378186,-0.89332708,0.35638494,interior
R,1,18,30,632,-0.36060374,-0.84848605,0.38734528,interior
R,1,18,31,649,-0.45920341,-0.78985452,0.40652438,interior
R,1,18,32,662,-0.55914861,-0.71721045,0.41588700,interior
R,1,18,33,672,-0.65463179,-0.63815172,0.40524018,interior
R,1,18,34,675,-0.75117831,-0.53885851,0.38126455,boundary
R,1,19,5,117,0.94578644,0.08345671,-0.31388371,interior
R,1,19,6,126,0.95405764,-0.01500483,-0.29924717,interior
R,1,19,7,142,0.95824392,-0.10042306,-0.26773830,interior
R,1,19,8,159,0.95436753,-0.18429650,-0.23498386,interior
R,1,19,9,177,0.94553394,-0.25863659,-0.19766810,interior
R,1,19,10,195,0.93005204,-0.33056641,-0.16040279,interior
R,1,19,11,216,0.90928447,-0.39553869,-0.12942525,interior
R,1,19,12,237,0.88213303,-0.46007809,-0.10084374,interior
R,1,19,13,260,0.84740025,-0.52616349,-0.07116741,interior
R,1,19,14,282,0.81228693,-0.58181912,-0.04094452,interior
R,1,19,15,303,0.77792984,-0.62832801,-0.00539121,interior
R,1,19,16,327,0.73991736,-0.67209592,0.02844955,interior
R,1,19,17,349,0.69545145,-0.71643642,0.05537273,interior
R,1,19,18,372,0.64494403,-0.76062465,0.07414403,interior
R,1,19,19,395,0.59129844,-0.80108758,0.09287002,interior
R,1,19,20,419,0.53428032,-0.83706276,0.11777297,interior
R,1,19,21,444,0.46990359,-0.87080847,0.14451028,interior
R,1,19,22,467,0.39500998,-0.90322339,0.16779341,interior
R,1,19,23,492,0.31635551,-0.92748169,0.19924081,interior
R,1,19,24,516,0.23776796,-0.94191569,0.23719452,interior
R,1,19,25,540,0.15471722,-0.95182331,0.26475455,interior
R,1,19,26,561,0.06311939,-0.95325653,0.29549609,interior
R,1,19,27,585,-0.02314550,-0.94011873,0.34006038,interior
R,1,19,28,606,-0.11627193,-0.92013597,0.37393935,interior
R,1,19,29,625,-0.21304731,-0.89307895,0.39625855,interior
R,1,19,30,643,-0.29998972,-0.85300485,0.42707013,interior
R,1,19,31,661,-0.38785505,-0.80072304,0.45652061,interior
R,1,19,32,677,-0.48453386,-0.73510485,0.47418119,interior
R,1,19,33,685,-0.58535773,-0.65634212,0.47599512,interior
R,1,19,34,694,-0.67752708,-0.56822044,0.46699315,interior
R,1,20,6,138,0.95838075,0.03646776,-0.28315445,interior
R,1,20,7,154,0.97150823,-0.04612941,-0.23247331,interior
R,1,20,8,169,0.97285585,-0.12491331,-0.19480286,interior
R,1,20,9,186,0.96534955,-0.20311740,-0.16384007,interior
R,1,20,10,206,0.95367590,-0.27358767,-0.12510820,interior
R,1,20,11,225,0.93764617,-0.33621201,-0.08821083,interior
R,1,20,12,248,0.91785091,-0.39279165,-0.05713519,interior
R,1,20,13,269,0.88819755,-0.45874548,-0.02564578,interior
R,1,20,14,291,0.85190566,-0.52367827,0.00422112,interior
R,1,20,15,315,0.81535349,-0.57800638,0.03327643,interior
R,1,20,16,337,0.77829694,-0.62515205,0.05864117,interior
R,1,20,17,359,0.73730621,-0.67069431,0.08092399,interior
R,1,20,18,382,0.69137498,-0.71605410,0.09626609,interior
R,1,20,19,406,0.63729471,-0.76139293,0.11889603,interior
R,1,20,20,430,0.58130752,-0.80025599,0.14721382,interior
R,1,20,21,454,0.52059749,-0.83438235,0.18106449,interior
R,1,20,22,479,0.45117570,-0.86704812,0.21134818,interior
R,1,20,23,502,0.37544631,-0.89551067,0.23895755,interior
R,1,20,24,526,0.30100640,-0.91350270,0.27369319,interior
R,1,20,25,549,0.21952556,-0.92462204,0.31125973,interior
R,1,20,26,574,0.13084786,-0.93180722,0.33854712,interior
R,1,20,27,596,0.04414274,-0.92481901,0.37783755,interior
R,1,20,28,616,-0.04437594,-0.90735510,0.41801614,interior
R,1,20,29,639,-0.13911894,-0.88481201,0.44469499,interior
R,1,20,30,656,-0.23305467,-0.85451057,0.46421677,interior
R,1,20,31,674,-0.32463273,-0.80382960,0.49846922,interior
R,1,20,32,690,-0.41806821,-0.74095078,0.52555772,interior
R,1,20,33,700,-0.51324500,-0.67026242,0.53602972,interior
R,1,20,34,710,-0.61722464,-0.58156830,0.52991703,interior
R,1,20,35,711,-0.71601608,-0.47616689,0.51047630,boundary
R,1,21,6,150,0.96446080,0.08309796,-0.25081886,boundary
R,1,21,7,162,0.97768589,0.00507393,-0.21001083,interior
R,1,21,8,181,0.98337060,-0.07070023,-0.16728344,interior
R,1,21,9,198,0.98205960,-0.14015710,-0.12615439,interior
R,1,21,10,215,0.97414486,-0.20706124,-0.09037382,interior
R,1,21,11,236,0.95858414,-0.27910428,-0.05672081,interior
R,1,21,12,257,0.94005278,-0.34013892,-0.02462310,interior
R,1,21,13,280,0.91786313,-0.39680726,0.00844292,interior
R,1,21,14,301,0.88705725,-0.45970460,0.04243949,interior
R,1,21,15,324,0.84932102,-0.52354297,0.06750239,interior
R,1,21,16,347,0.81275930,-0.57618437,0.08622002,interior
R,1,21,17,369,0.77372715,-0.62516161,0.10256345,interior
R,1,21,18,391,0.72954353,-0.67231410,0.12553879,interior
R,1,21,19,415,0.67822952,-0.71874478,0.15300543,interior
R,1,21,20,441,0.62304576,-0.76018376,0.18421353,interior
R,1,21,21,464,0.56253138,-0.79785544,0.21676058,interior
R,1,21,22,489,0.49929593,-0.82991863,0.24887476,interior
R,1,21,23,514,0.43075492,-0.85763682,0.28090798,interior
R,1,21,24,539,0.35939485,-0.87779850,0.31670986,interior
R,1,21,25,563,0.28209959,-0.89202985,0.35313250,interior
R,1,21,26,584,0.19254924,-0.90180501,0.38687532,interior
R,1,21,27,608,0.10093877,-0.90249686,0.41870130,interior
R,1,21,28,629,0.01666617,-0.89114463,0.45341314,interior
R,1,21,29,650,-0.07186113,-0.86723120,0.49269262,interior
R,1,21,30,667,-0.16689781,-0.84157303,0.51371194,interior
R,1,21,31,684,-0.26060099,-0.80203907,0.53742019,interior
R,1,21,32,701,-0.35604946,-0.74287896,0.56688591,interior
R,1,21,33,716,-0.44777707,-0.67876719,0.58204021,interior
R,1,21,34,723,-0.54179592,-0.60480777,0.58366492,interior
R,1,21,35,728,-0.63018021,-0.52590988,0.57121948,interior
R,1,22,7,176,0.97963601,0.07261022,-0.18719255,boundary
R,1,22,8,192,0.98881732,-0.01359297,-0.14851106,interior
R,1,22,9,209,0.99099400,-0.08369016,-0.10453160,interior
R,1,22,10,227,0.98697321,-0.15042456,-0.05706421,interior
R,1,22,11,247,0.97677829,-0.21311026,-0.02209486,interior
R,1,22,12,267,0.96148390,-0.27478145,0.00662277,interior
R,1,22,13,290,0.93967231,-0.34020521,0.03572635,interior
R,1,22,14,311,0.91372264,-0.40099949,0.06565327,interior
R,1,22,15,335,0.88088437,-0.46403170,0.09336646,interior
R,1,22,16,358,0.84434603,-0.52434589,0.11018699,interior
R,1,22,17,380,0.80494786,-0.57841073,0.13228745,interior
R,1,22,18,404,0.76397320,-0.62551420,0.15835701,interior
R,1,22,19,427,0.71920313,-0.66848915,0.18939142,interior
R,1,22,20,451,0.66684737,-0.71151327,0.22150270,interior
R,1,22,21,474,0.60915999,-0.75113313,0.25440740,interior
R,1,22,22,499,0.55052515,-0.78469372,0.28491724,interior
R,1,22,23,523,0.48545102,-0.81415204,0.31858087,interior
R,1,22,24,547,0.41467748,-0.83785864,0.35501478,interior
R,1,22,25,572,0.33849728,-0.85444526,0.39413561,interior
R,1,22,26,595,0.25552278,-0.86609738,0.42963175,interior
R,1,22,27,617,0.16347121,-0.87228701,0.46086064,interior
R,1,22,28,640,0.07121390,-0.86868990,0.49021060,interior
R,1,22,29,658,-0.01198349,-0.85015311,0.52639918,interior
R,1,22,30,680,-0.10189382,-0.82145909,0.56109056,interior
R,1,22,31,697,-0.19842910,-0.78566244,0.58596964,interior
R,1,22,32,714,-0.29360188,-0.73808297,0.60747960,interior
R,1,22,33,727,-0.38600003,-0.67906423,0.62440032,interior
R,1,22,34,737,-0.47418896,-0.61341708,0.63155705,interior
R,1,22,35,741,-0.56896206,-0.53426979,0.62517035,interior
R,1,22,36,744,-0.66672566,-0.43276614,0.60678692,boundary
R,1,23,8,202,0.99023063,0.05803218,-0.12678942,boundary
R,1,23,9,220,0.99631660,-0.01740709,-0.08396559,interior
R,1,23,10,238,0.99565700,-0.08688177,-0.03344687,interior
R,1,23,11,256,0.98812243,-0.15344850,0.00822300,interior
R,1,23,12,279,0.97684153,-0.21036627,0.03907234,interior
R,1,23,13,299,0.95950181,-0.27426128,0.06431967,interior
R,1,23,14,322,0.93691124,-0.33897480,0.08540147,interior
R,1,23,15,344,0.90890580,-0.40308699,0.10682283,interior
R,1,23,16,368,0.87336303,-0.46724216,0.13755644,interior
R,1,23,17,390,0.83439620,-0.52439458,0.16968591,interior
R,1,23,18,414,0.79561980,-0.57194860,0.19965954,interior
R,1,23,19,437,0.75522113,-0.61390105,0.22970969,interior
R,1,23,20,462,0.71308209,-0.65132491,0.25940276,interior
R,1,23,21,486,0.66041586,-0.69120975,0.29339388,interior
R,1,23,22,510,0.60240458,-0.73014089,0.32249497,interior
R,1,23,23,533,0.53569784,-0.76572727,0.35593478,interior
R,1,23,24,558,0.46285191,-0.79471246,0.39268335,interior
R,1,23,25,581,0.38899007,-0.81241598,0.43435816,interior
R,1,23,26,605,0.31295309,-0.82471838,0.47106258,interior
R,1,23,27,627,0.22397996,-0.83443461,0.50353934,interior
R,1,23,28,651,0.13438017,-0.83308120,0.53657961,interior
R,1,23,29,670,0.04799519,-0.82058387,0.56950731,interior
R,1,23,30,689,-0.03738000,-0.79808344,0.60138636,interior
R,1,23,31,708,-0.13359821,-0.76272272,0.63277608,interior
R,1,23,32,724,-0.23432858,-0.71629868,0.65727188,interior
R,1,23,33,739,-0.32480295,-0.66539777,0.67212264,interior
R,1,23,34,749,-0.41247135,-0.60813589,0.67826110,interior
R,1,23,35,757,-0.50054344,-0.53462271,0.68090735,interior
R,1,23,36,760,-0.60396822,-0.44807679,0.65912789,interior
R,1,24,9,231,0.99600666,0.05473240,-0.07053437,boundary
R,1,24,10,246,0.99984994,-0.01158156,-0.01288265,interior
R,1,24,11,266,0.99594240,-0.08240245,0.03617417,interior
R,1,24,12,288,0.98711354,-0.14590890,0.06570731,interior
R,1,24,13,308,0.97284288,-0.21339954,0.08965134,interior
R,1,24,14,330,0.95523777,-0.27521451,0.10852551,interior
R,1,24,15,351,0.93219746,-0.33754945,0.13064558,interior
R,1,24,16,374,0.90201378,-0.39934080,0.16400628,interior
R,1,24,17,399,0.86516135,-0.45783663,0.20464960,interior
R,1,24,18,422,0.82618989,-0.50949904,0.24045998,interior
R,1,24,19,448,0.78488280,-0.55795641,0.26952482,interior
R,1,24,20,470,0.74410012,-0.59678140,0.30027817,interior
R,1,24,21,496,0.70278983,-0.62901013,0.33231418,interior
R,1,24,22,519,0.64932888,-0.66775209,0.36397686,interior
R,1,24,23,543,0.58304619,-0.70872390,0.39719966,interior
R,1,24,24,567,0.50978428,-0.74148709,0.43625323,interior
R,1,24,25,591,0.43489174,-0.76370689,0.47709638,interior
R,1,24,26,613,0.36012689,-0.77857992,0.51392794,interior
R,1,24,27,636,0.28011970,-0.79000246,0.54537057,interior
R,1,24,28,657,0.19201985,-0.79226754,0.57917228,interior
R,1,24,29,679,0.10900000,-0.78420395,0.61085445,interior
R,1,24,30,699,0.01870532,-0.76538348,0.64330260,interior
R,1,24,31,718,-0.07145775,-0.73985617,0.66895937,interior
R,1,24,32,736,-0.17252590,-0.69872640,0.69427389,interior
R,1,24,33,751,-0.26892261,-0.64951324,0.71120544,interior
R,1,24,34,762,-0.35475453,-0.59404661,0.72198189,interior
R,1,24,35,771,-0.43754992,-0.52875578,0.72730144,interior
R,1,24,36,777,-0.52335411,-0.44759278,0.72509391,interior
R,1,24,37,774,-0.61382905,-0.34209014,0.71146907,boundary
R,1,25,10,258,0.99660318,0.08108825,0.01438042,boundary
R,1,25,11,276,0.99885632,-0.00408847,0.04763756,interior
R,1,25,12,297,0.99384557,-0.07433804,0.08212699,interior
R,1,25,13,318,0.98387368,-0.14466127,0.10519365,interior
R,1,25,14,338,0.96886968,-0.20826591,0.13385382,interior
R,1,25,15,360,0.94859118,-0.27213575,0.16160728,interior
R,1,25,16,383,0.92301871,-0.33247793,0.19363597,interior
R,1,25,17,407,0.88994367,-0.39182936,0.23338812,interior
R,1,25,18,433,0.85316962,-0.44499526,0.27217792,interior
R,1,25,19,458,0.81330268,-0.49485273,0.30603845,interior
R,1,25,20,482,0.76970609,-0.54260744,0.33634760,interior
R,1,25,21,505,0.73013768,-0.57565103,0.36813701,interior
R,1,25,22,530,0.68527239,-0.60718513,0.40215416,interior
R,1,25,23,554,0.62550642,-0.64368915,0.44091497,interior
R,1,25,24,576,0.55672138,-0.67800210,0.47997340,interior
R,1,25,25,600,0.48530372,-0.70404654,0.51845807,interior
R,1,25,26,622,0.41347072,-0.72292223,0.55355705,interior
R,1,25,27,642,0.33803349,-0.73731884,0.58488827,interior
R,1,25,28,665,0.25043043,-0.74238113,0.62141359,interior
R,1,25,29,686,0.16465770,-0.74143017,0.65051452,interior
R,1,25,30,706,0.07061861,-0.72828846,0.68162228,interior
R,1,25,31,726,-0.02056333,-0.70854209,0.70536888,interior
R,1,25,32,742,-0.11405332,-0.67806217,0.72610160,interior
R,1,25,33,759,-0.20473653,-0.63880984,0.74162318,interior
R,1,25,34,773,-0.29341749,-0.58370371,0.75709719,interior
R,1,25,35,781,-0.37747597,-0.52583839,0.76223742,interior
R,1,25,36,789,-0.45833553,-0.44962710,0.76665769,interior
R,1,25,37,790,-0.56908447,-0.35010896,0.74402055,interior
R,1,26,11,286,0.99532370,0.08046125,0.05344833,boundary
R,1,26,12,305,0.99646018,-0.00101598,0.08405995,interior
R,1,26,13,326,0.99030288,-0.07245179,0.11853668,interior
R,1,26,14,348,0.97772865,-0.14128390,0.15519520,interior
R,1,26,15,371,0.96024714,-0.20386680,0.19069285,interior
R,1,26,16,392,0.93845398,-0.26393577,0.22280492,interior
R,1,26,17,416,0.90809058,-0.32755714,0.26091728,interior
R,1,26,18,440,0.87471938,-0.38102650,0.29947421,interior
R,1,26,19,465,0.83811108,-0.43064677,0.33483307,interior
R,1,26,20,490,0.79631788,-0.47839820,0.37015266,interior
R,1,26,21,513,0.75270121,-0.52085988,0.40267341,interior
R,1,26,22,537,0.71014745,-0.55361528,0.43497208,interior
R,1,26,23,564,0.65566348,-0.58728587,0.47455318,interior
R,1,26,24,586,0.59595628,-0.61693595,0.51402932,interior
R,1,26,25,609,0.52869251,-0.64330423,0.55375437,interior
R,1,26,26,631,0.46000481,-0.66579805,0.58745938,interior
R,1,26,27,653,0.38843389,-0.67874835,0.62323334,interior
R,1,26,28,676,0.30726609,-0.68688622,0.65861587,interior
R,1,26,29,696,0.22315626,-0.68844574,0.69010416,interior
R,1,26,30,717,0.12773063,-0.68484243,0.71740904,interior
R,1,26,31,735,0.03133473,-0.67274051,0.73921468,interior
R,1,26,32,754,-0.05971329,-0.64727505,0.75991403,interior
R,1,26,33,766,-0.14875153,-0.61511407,0.77427880,interior
R,1,26,34,780,-0.23344445,-0.57220640,0.78618289,interior
R,1,26,35,792,-0.31808328,-0.51389108,0.79670508,interior
R,1,26,36,798,-0.39932114,-0.44374848,0.80226549,interior
R,1,26,37,804,-0.49520496,-0.34948596,0.79538142,interior
R,1,26,38,797,-0.61284515,-0.23799411,0.75351153,boundary
R,1,27,12,313,0.99460791,0.07067644,0.07589436,boundary
R,1,27,13,334,0.99202942,0.00017959,0.12600633,interior
R,1,27,14,356,0.98219980,-0.07406026,0.17262279,interior
R,1,27,15,379,0.96673384,-0.13917124,0.21460908,interior
R,1,27,16,403,0.94712014,-0.19928094,0.25149663,interior
R,1,27,17,426,0.92126302,-0.25984256,0.28940680,interior
R,1,27,18,450,0.88891158,-0.31847264,0.32925882,interior
R,1,27,19,473,0.85523584,-0.36826859,0.36462296,interior
R,1,27,20,497,0.81881659,-0.41306135,0.39864736,interior
R,1,27,21,520,0.77794666,-0.45401819,0.43435755,interior
R,1,27,22,544,0.73085426,-0.49445581,0.47049496,interior
R,1,27,23,568,0.68120018,-0.53046282,0.50455476,interior
R,1,27,24,592,0.62243235,-0.56398705,0.54267538,interior
R,1,27,25,614,0.56395388,-0.58777544,0.58006556,interior
R,1,27,26,638,0.49553822,-0.61079154,0.61755613,interior
R,1,27,27,659,0.42403776,-0.62410263,0.65626815,interior
R,1,27,28,682,0.34871687,-0.63150188,0.69253298,interior
R,1,27,29,703,0.27410508,-0.63623730,0.72115775,interior
R,1,27,30,720,0.18527272,-0.63667937,0.74854085,interior
R,1,27,31,740,0.09082414,-0.62914039,0.77196719,interior
R,1,27,32,758,-0.00112415,-0.61347733,0.78971153,interior
R,1,27,33,775,-0.08783294,-0.58234542,0.80818265,interior
R,1,27,34,791,-0.17928546,-0.54108296,0.82163614,interior
R,1,27,35,800,-0.26375287,-0.49472591,0.82805839,interior
R,1,27,36,810,-0.34703135,-0.42571130,0.83566688,interior
R,1,27,37,813,-0.44129835,-0.34354900,0.82899328,interior
R,1,27,38,812,-0.55276529,-0.24011667,0.79799406,interior
R,1,28,13,341,0.99043938,0.07269756,0.11723863,boundary
R,1,28,14,361,0.98423378,-0.00301117,0.17684680,interior
R,1,28,15,386,0.97068617,-0.07183349,0.22936499,interior
R,1,28,16,410,0.95327852,-0.12785827,0.27370117,interior
R,1,28,17,434,0.93195906,-0.18132302,0.31396541,interior
R,1,28,18,460,0.90291193,-0.24075552,0.35607139,interior
R,1,28,19,484,0.87135163,-0.29123083,0.39488092,interior
R,1,28,20,507,0.83646033,-0.33976408,0.42999358,interior
R,1,28,21,531,0.79691428,-0.38789226,0.46310606,interior
R,1,28,22,552,0.74959546,-0.43051220,0.50275829,interior
R,1,28,23,577,0.69842981,-0.46816793,0.54130822,interior
R,1,28,24,599,0.64510412,-0.50095228,0.57696402,interior
R,1,28,25,621,0.59062387,-0.52384594,0.61379873,interior
R,1,28,26,644,0.52822083,-0.54808906,0.64852227,interior
R,1,28,27,664,0.45459457,-0.56720561,0.68674710,interior
R,1,28,28,688,0.38311916,-0.57401922,0.72368615,interior
R,1,28,29,705,0.31594488,-0.58156638,0.74963950,interior
R,1,28,30,729,0.23556063,-0.58199319,0.77832841,interior
R,1,28,31,747,0.14104135,-0.57858428,0.80333528,interior
R,1,28,32,765,0.05003437,-0.56541238,0.82328938,interior
R,1,28,33,782,-0.03454834,-0.54458255,0.83799538,interior
R,1,28,34,796,-0.12241941,-0.50344829,0.85530890,interior
R,1,28,35,809,-0.20846920,-0.45678223,0.86480668,interior
R,1,28,36,819,-0.29135819,-0.40174298,0.86816645,interior
R,1,28,37,824,-0.38644960,-0.32356776,0.86369011,interior
R,1,28,38,822,-0.50863784,-0.21323961,0.83415611,interior
R,1,29,14,370,0.98356290,0.06857151,0.16703882,boundary
R,1,29,15,394,0.97199825,0.00079662,0.23498674,interior
R,1,29,16,418,0.95621442,-0.05663590,0.28713473,interior
R,1,29,17,439,0.93677999,-0.10677664,0.33322964,interior
R,1,29,18,466,0.91342108,-0.15914658,0.37461219,interior
R,1,29,19,487,0.88634204,-0.20975923,0.41279396,interior
R,1,29,20,512,0.85338799,-0.25999932,0.45180670,interior
R,1,29,21,536,0.81370720,-0.31266690,0.49002042,interior
R,1,29,22,560,0.76873760,-0.36312821,0.52647926,interior
R,1,29,23,583,0.71849937,-0.39993213,0.56904564,interior
R,1,29,24,607,0.66705024,-0.43081294,0.60781921,interior
R,1,29,25,628,0.61479714,-0.45453249,0.64453447,interior
R,1,29,26,652,0.55963646,-0.47473588,0.67928851,interior
R,1,29,27,673,0.49312579,-0.49723852,0.71384929,interior
R,1,29,28,695,0.42233989,-0.51273232,0.74748550,interior
R,1,29,29,715,0.35267281,-0.51935514,0.77839073,interior
R,1,29,30,734,0.27998391,-0.52358145,0.80465612,interior
R,1,29,31,755,0.19179070,-0.52341307,0.83021388,interior
R,1,29,32,772,0.10506797,-0.51682255,0.84962061,interior
R,1,29,33,787,0.01691000,-0.49698527,0.86759420,interior
R,1,29,34,803,-0.07340501,-0.46201261,0.88383033,interior
R,1,29,35,816,-0.15454811,-0.41870569,0.89487453,interior
R,1,29,36,826,-0.23817102,-0.36724617,0.89911335,interior
R,1,29,37,833,-0.33000899,-0.29552416,0.89652637,interior
R,1,29,38,834,-0.43186083,-0.20489464,0.87835893,interior
R,1,30,15,400,0.96968334,0.07381210,0.23295064,boundary
R,1,30,16,424,0.95462615,0.01656275,0.29734592,interior
R,1,30,17,449,0.93764751,-0.03460595,0.34586062,interior
R,1,30,18,471,0.91691381,-0.08494270,0.38994077,interior
R,1,30,19,495,0.89300610,-0.13521906,0.42925041,interior
R,1,30,20,518,0.86522356,-0.18063940,0.46771529,interior
R,1,30,21,542,0.83102786,-0.23124507,0.50588379,interior
R,1,30,22,565,0.79203235,-0.28282885,0.54101072,interior
R,1,30,23,589,0.74427784,-0.32458033,0.58369350,interior
R,1,30,24,611,0.69026946,-0.35824174,0.62864214,interior
R,1,30,25,635,0.63568119,-0.38577229,0.66864726,interior
R,1,30,26,655,0.58190591,-0.40670240,0.70425753,interior
R,1,30,27,678,0.52677679,-0.42398379,0.73671159,interior
R,1,30,28,698,0.45979408,-0.44448784,0.76877823,interior
R,1,30,29,719,0.38836161,-0.45678510,0.80032658,interior
R,1,30,30,738,0.31694141,-0.46269990,0.82792327,interior
R,1,30,31,756,0.23479076,-0.46526530,0.85346441,interior
R,1,30,32,776,0.15553718,-0.46198437,0.87314296,interior
R,1,30,33,793,0.07116827,-0.44445349,0.89297042,interior
R,1,30,34,808,-0.02616730,-0.41233319,0.91065724,interior
R,1,30,35,821,-0.11459298,-0.37113115,0.92148256,interior
R,1,30,36,832,-0.19142439,-0.32552923,0.92595217,interior
R,1,30,37,838,-0.27820373,-0.25841668,0.92510730,interior
R,1,30,38,841,-0.37401301,-0.17080837,0.91155843,interior
R,1,30,39,835,-0.46195600,-0.06286102,0.88467234,boundary
R,1,31,16,429,0.94330563,0.10307364,0.31551596,boundary
R,1,31,17,453,0.93170180,0.03572699,0.36146277,boundary
R,1,31,18,477,0.91726937,-0.00189941,0.39826284,interior
R,1,31,19,500,0.89690426,-0.05397707,0.43891825,interior
R,1,31,20,524,0.87100039,-0.10819179,0.47922110,interior
R,1,31,21,546,0.84300940,-0.15335620,0.51557446,interior
R,1,31,22,570,0.80486859,-0.20250800,0.55783246,interior
R,1,31,23,594,0.76176836,-0.24503060,0.59972407,interior
R,1,31,24,615,0.71285065,-0.28035689,0.64284055,interior
R,1,31,25,637,0.66088029,-0.31123590,0.68291248,interior
R,1,31,26,660,0.60347267,-0.33742279,0.72247256,interior
R,1,31,27,681,0.53852591,-0.35535882,0.76400913,interior
R,1,31,28,702,0.47847463,-0.37437637,0.79429489,interior
R,1,31,29,721,0.41115143,-0.39104168,0.82343239,interior
R,1,31,30,743,0.34393594,-0.39767968,0.85062268,interior
R,1,31,31,761,0.27186660,-0.39855507,0.87592375,interior
R,1,31,32,778,0.18992720,-0.39740185,0.89777471,interior
R,1,31,33,795,0.11009611,-0.38006368,0.91838469,interior
R,1,31,34,811,0.02103694,-0.35293113,0.93541278,interior
R,1,31,35,825,-0.07363484,-0.31234242,0.94711146,interior
R,1,31,36,836,-0.15611238,-0.26343562,0.95196145,interior
R,1,31,37,845,-0.23173776,-0.20688736,0.95052366,interior
R,1,31,38,846,-0.32194966,-0.12682637,0.93822358,boundary
R,1,31,39,844,-0.42507198,-0.03308524,0.90455469,boundary
R,1,32,18,483,0.90552813,0.09130815,0.41434481,boundary
R,1,32,19,503,0.90290707,0.04838015,0.42710442,interior
R,1,32,20,529,0.87479666,-0.01689028,0.48419575,interior
R,1,32,21,550,0.84739275,-0.07125494,0.52616373,interior
R,1,32,22,575,0.81368993,-0.11879734,0.56903065,interior
R,1,32,23,597,0.77209502,-0.16375487,0.61404692,interior
R,1,32,24,620,0.72427836,-0.20181606,0.65931111,interior
R,1,32,25,641,0.67640813,-0.23423003,0.69828958,interior
R,1,32,26,663,0.62229129,-0.26267161,0.73739892,interior
R,1,32,27,683,0.56009248,-0.28334842,0.77846650,interior
R,1,32,28,704,0.49419144,-0.30256783,0.81500155,interior
R,1,32,29,725,0.42707677,-0.32052998,0.84549747,interior
R,1,32,30,746,0.36248689,-0.33530312,0.86958327,interior
R,1,32,31,764,0.30257141,-0.33569403,0.89205385,interior
R,1,32,32,783,0.23353668,-0.33026010,0.91454299,interior
R,1,32,33,799,0.14631038,-0.31551774,0.93757231,interior
R,1,32,34,814,0.06172353,-0.29109910,0.95469970,interior
R,1,32,35,827,-0.02828977,-0.25498763,0.96653039,interior
R,1,32,36,839,-0.11601612,-0.20106814,0.97268282,interior
R,1,32,37,847,-0.19531619,-0.14322109,0.97022642,interior
R,1,32,38,849,-0.25318096,-0.08413914,0.96375308,boundary
R,1,33,20,528,0.87851081,0.08373689,0.47032637,boundary
R,1,33,21,555,0.84495951,0.01752115,0.53454321,interior
R,1,33,22,578,0.81412627,-0.03257301,0.57977359,interior
R,1,33,23,601,0.77870947,-0.07991140,0.62227464,interior
R,1,33,24,623,0.73384974,-0.12118352,0.66841538,interior
R,1,33,25,645,0.68544862,-0.15849730,0.71066082,interior
R,1,33,26,666,0.63263728,-0.18459931,0.75212576,interior
R,1,33,27,687,0.57181310,-0.21132059,0.79270006,interior
R,1,33,28,707,0.51268905,-0.23035051,0.82709648,interior
R,1,33,29,730,0.44585470,-0.24820789,0.86000374,interior
R,1,33,30,748,0.37844914,-0.26295281,0.88748637,interior
R,1,33,31,768,0.31903025,-0.26949166,0.90862200,interior
R,1,33,32,784,0.26107633,-0.26401186,0.92851327,interior
R,1,33,33,802,0.18406461,-0.24827678,0.95104093,interior
R,1,33,34,817,0.09319196,-0.21950228,0.97115087,interior
R,1,33,35,829,0.00603963,-0.18139460,0.98339185,interior
R,1,33,36,842,-0.07956419,-0.12934543,0.98840240,interior
R,1,33,37,850,-0.15443876,-0.07484834,0.98516313,interior
R,1,33,38,852,-0.22114857,-0.02568347,0.97490188,boundary
R,1,34,21,556,0.83913377,0.07233310,0.53909410,boundary
R,1,34,22,580,0.79800755,0.06078092,0.59957454,boundary
R,1,34,23,603,0.78295039,0.01488183,0.62190612,interior
R,1,34,24,626,0.74053352,-0.03127777,0.67129115,interior
R,1,34,25,648,0.69429332,-0.06972513,0.71630664,interior
R,1,34,26,669,0.64513784,-0.10132005,0.75731857,interior
R,1,34,27,692,0.58043227,-0.12833138,0.80413272,interior
R,1,34,28,712,0.51715905,-0.15445834,0.84183676,interior
R,1,34,29,732,0.46140296,-0.17278657,0.87020234,interior
R,1,34,30,752,0.40122157,-0.18334767,0.89744353,interior
R,1,34,31,769,0.34077392,-0.19172141,0.92038907,interior
R,1,34,32,786,0.27713133,-0.18906127,0.94204780,interior
R,1,34,33,806,0.20343973,-0.17271857,0.96373263,interior
R,1,34,34,820,0.11704427,-0.13892584,0.98336171,interior
R,1,34,35,831,0.03113583,-0.09976710,0.99452355,interior
R,1,34,36,840,-0.05552001,-0.04665697,0.99736686,boundary
R,1,34,37,848,-0.13317013,0.01520832,0.99097650,boundary
R,1,34,38,851,-0.16963888,0.04285785,0.98457395,boundary
R,1,35,24,624,0.73791633,0.06753951,0.67150421,boundary
R,1,35,25,647,0.69323472,0.03365743,0.71992555,boundary
R,1,35,26,671,0.64824425,-0.00856047,0.76138434,interior
R,1,35,27,693,0.59616492,-0.03435151,0.80212677,interior
R,1,35,28,713,0.52872898,-0.06548769,0.84626062,interior
R,1,35,29,733,0.46549572,-0.08674234,0.88078914,interior
R,1,35,30,753,0.40961686,-0.09619728,0.90717149,interior
R,1,35,31,770,0.34747916,-0.10615245,0.93165975,interior
R,1,35,32,788,0.28574485,-0.10858827,0.95213364,interior
R,1,35,33,805,0.21463117,-0.08977703,0.97256030,interior
R,1,35,34,818,0.13284409,-0.05798784,0.98943916,interior
R,1,35,35,828,0.05517385,-0.01997338,0.99827697,boundary
R,1,35,36,837,-0.04940375,0.03761061,0.99807049,boundary
R,1,36,26,668,0.64151566,0.06649639,0.76422241,boundary
R,1,36,27,691,0.59845866,0.06901004,0.79817595,boundary
R,1,36,28,709,0.54397822,0.02594662,0.83869808,boundary
R,1,36,29,731,0.47935104,0.00334763,0.87761687,boundary
R,1,36,30,750,0.41419065,-0.00830572,0.91015225,boundary
R,1,36,31,767,0.35133999,-0.02029721,0.93602790,boundary
R,1,36,32,785,0.28869219,-0.02788117,0.95701591,boundary
R,1,36,33,801,0.21629589,-0.01354806,0.97623385,boundary
R,1,36,34,815,0.14226120,0.04336342,0.98887884,boundary
R,1,36,35,823,0.06956926,0.06001005,0.99577051,boundary
R,2,2,8,51,0.01660104,-0.29699670,-0.95473419,interior
R,2,2,9,67,-0.05466889,-0.35959027,-0.93150746,boundary
R,2,2,10,83,-0.11019683,-0.40258995,-0.90872328,boundary
R,2,2,11,101,-0.15978850,-0.44517612,-0.88107086,boundary
R,2,3,6,23,0.15775304,-0.18815838,-0.96938661,interior
R,2,3,7,34,0.08547601,-0.26225686,-0.96120507,interior
R,2,3,8,46,0.06551523,-0.33802478,-0.93885409,interior
R,2,3,9,63,0.00414860,-0.40530527,-0.91417199,interior
R,2,3,10,78,-0.06021278,-0.45801728,-0.88690168,interior
R,2,3,11,95,-0.11973806,-0.49916204,-0.85819581,interior
R,2,3,12,114,-0.18481474,-0.52196909,-0.83270149,interior
R,2,3,13,129,-0.23788327,-0.52077963,-0.81987812,interior
R,2,3,14,148,-0.32496072,-0.55082551,-0.76875990,boundary
R,2,3,15,170,-0.38691232,-0.57323423,-0.72228899,boundary
R,2,4,5,12,0.23936957,-0.16037223,-0.95759227,interior
R,2,4,6,20,0.23274493,-0.24327519,-0.94161934,interior
R,2,4,7,31,0.18110968,-0.30187992,-0.93598494,interior
R,2,4,8,44,0.13022783,-0.37550671,-0.91762488,interior
R,2,4,9,60,0.07922705,-0.44524551,-0.89189658,interior
R,2,4,10,75,0.01592729,-0.50408611,-0.86350652,interior
R,2,4,11,97,-0.04674154,-0.55608745,-0.82980840,interior
R,2,4,12,113,-0.10856817,-0.58563116,-0.80327399,interior
R,2,4,13,132,-0.17594913,-0.60643761,-0.77541945,interior
R,2,4,14,149,-0.24585867,-0.62299690,-0.74258223,interior
R,2,4,15,168,-0.31304653,-0.63429537,-0.70687429,interior
R,2,4,16,188,-0.39815849,-0.61341684,-0.68204809,boundary
R,2,4,17,207,-0.46539514,-0.59680339,-0.65363069,boundary
R,2,4,18,228,-0.51095550,-0.61306044,-0.60256234,boundary
R,2,5,4,5,0.32961496,-0.08223113,-0.94052752,interior
R,2,5,5,10,0.30969096,-0.18018428,-0.93360866,interior
R,2,5,6,21,0.29761074,-0.26329473,-0.91766210,interior
R,2,5,7,32,0.26340127,-0.33713636,-0.90385776,interior
R,2,5,8,45,0.21750998,-0.40731907,-0.88700653,interior
R,2,5,9,61,0.16492773,-0.48251017,-0.86022252,interior
R,2,5,10,79,0.10988157,-0.54402952,-0.83184008,interior
R,2,5,11,98,0.04345300,-0.59560630,-0.80210035,interior
R,2,5,12,115,-0.01914762,-0.63364308,-0.77338853,interior
R,2,5,13,134,-0.08836241,-0.66219854,-0.74410025,interior
R,2,5,14,153,-0.16109134,-0.68990198,-0.70575125,interior
R,2,5,15,172,-0.22973777,-0.70349414,-0.67254484,interior
R,2,5,16,191,-0.30355080,-0.70517014,-0.64077452,interior
R,2,5,17,210,-0.38388195,-0.69079935,-0.61272416,interior
R,2,5,18,230,-0.44847484,-0.67881325,-0.58144896,interior
R,2,5,19,250,-0.51362742,-0.65472807,-0.55454308,boundary
R,2,5,20,270,-0.58749496,-0.62116612,-0.51865434,boundary
R,2,6,4,4,0.40335906,-0.04715768,-0.91382582,interior
R,2,6,5,11,0.38779205,-0.18836208,-0.90229544,interior
R,2,6,6,22,0.36771761,-0.27982531,-0.88683795,interior
R,2,6,7,33,0.34293403,-0.35873566,-0.86816184,interior
R,2,6,8,47,0.30615583,-0.42955625,-0.84955873,interior
R,2,6,9,65,0.25894867,-0.50328585,-0.82440824,interior
R,2,6,10,82,0.20578703,-0.57256980,-0.79360918,interior
R,2,6,11,99,0.14391913,-0.62665173,-0.76589483,interior
R,2,6,12,118,0.07928230,-0.67285694,-0.73551197,interior
R,2,6,13,135,0.00955815,-0.70816592,-0.70598135,interior
R,2,6,14,155,-0.06210697,-0.73697481,-0.67306081,interior
R,2,6,15,174,-0.13735083,-0.75788891,-0.63776104,interior
R,2,6,16,194,-0.20887086,-0.77082790,-0.60182831,interior
R,2,6,17,214,-0.28852959,-0.77107221,-0.56762516,interior
R,2,6,18,234,-0.36355890,-0.75779446,-0.54182330,interior
R,2,6,19,253,-0.43443337,-0.73646793,-0.51853895,interior
R,2,6,20,273,-0.50728320,-0.71068354,-0.48743478,interior
R,2,6,21,292,-0.59497336,-0.66356528,-0.45352819,boundary
R,2,6,22,312,-0.63023865,-0.65735593,-0.41313730,boundary
R,2,7,3,1,0.40418472,0.00228069,-0.91467454,interior
R,2,7,4,6,0.45806756,-0.12799091,-0.87965473,interior
R,2,7,5,14,0.45746608,-0.20002334,-0.86643837,interior
R,2,7,6,25,0.44096464,-0.28782563,-0.85012152,interior
R,2,7,7,38,0.41845687,-0.37071755,-0.82913349,interior
R,2,7,8,53,0.38801732,-0.44854263,-0.80514103,interior
R,2,7,9,68,0.34727272,-0.52040535,-0.78011533,interior
R,2,7,10,85,0.29879522,-0.59018856,-0.74993258,interior
R,2,7,11,105,0.24235165,-0.65292063,-0.71760736,interior
R,2,7,12,123,0.18192676,-0.70322033,-0.68730184,interior
R,2,7,13,141,0.11428186,-0.74470922,-0.65753162,interior
R,2,7,14,160,0.04748179,-0.77635886,-0.62850012,interior
R,2,7,15,180,-0.02967255,-0.80373053,-0.59425312,interior
R,2,7,16,200,-0.10705553,-0.81978106,-0.56258167,interior
R,2,7,17,219,-0.18188185,-0.83011600,-0.52709243,interior
R,2,7,18,241,-0.25826386,-0.83027892,-0.49389948,interior
R,2,7,19,259,-0.33559677,-0.81578356,-0.47103290,interior
R,2,7,20,278,-0.41617869,-0.79179613,-0.44705055,interior
R,2,7,21,298,-0.49217578,-0.76422700,-0.41679743,interior
R,2,7,22,317,-0.56366161,-0.73045607,-0.38564168,interior
R,2,7,23,336,-0.63155936,-0.69056360,-0.35249779,boundary
R,2,7,24,357,-0.71991075,-0.60010105,-0.34872229,boundary
R,2,8,3,2,0.47896902,-0.03644413,-0.87707497,interior
R,2,8,4,8,0.51128755,-0.12023072,-0.85095805,interior
R,2,8,5,16,0.52591627,-0.21141559,-0.82384193,interior
R,2,8,6,27,0.51360540,-0.29259882,-0.80659496,interior
R,2,8,7,39,0.49181507,-0.37321594,-0.78665609,interior
R,2,8,8,54,0.46469428,-0.45437862,-0.75999953,interior
R,2,8,9,72,0.42621768,-0.52562701,-0.73624367,interior
R,2,8,10,89,0.38402544,-0.59591473,-0.70527307,interior
R,2,8,11,108,0.33293445,-0.66404035,-0.66948119,interior
R,2,8,12,125,0.27306906,-0.72217831,-0.63552480,interior
R,2,8,13,144,0.21529897,-0.76480932,-0.60721747,interior
R,2,8,14,163,0.15077140,-0.80149806,-0.57867854,interior
R,2,8,15,183,0.08103402,-0.83530053,-0.54378903,interior
R,2,8,16,203,-0.00043793,-0.86196639,-0.50696524,interior
R,2,8,17,223,-0.07802877,-0.87478169,-0.47819296,interior
R,2,8,18,244,-0.14879293,-0.88106949,-0.44897351,interior
R,2,8,19,265,-0.22549285,-0.88123288,-0.41542940,interior
R,2,8,20,285,-0.30852274,-0.86705399,-0.39119189,interior
R,2,8,21,304,-0.39165233,-0.84282044,-0.36913704,interior
R,2,8,22,325,-0.47253668,-0.81229703,-0.34188100,interior
R,2,8,23,346,-0.54678599,-0.77727778,-0.31123035,interior
R,2,8,24,363,-0.62340874,-0.72803699,-0.28517309,interior
R,2,8,25,381,-0.71316137,-0.64705584,-0.26966571,boundary
R,2,8,26,402,-0.79254532,-0.54645871,-0.27065624,boundary
R,2,9,3,3,0.55352616,-0.03097971,-0.83225540,interior
R,2,9,4,9,0.57540613,-0.12086464,-0.80888783,interior
R,2,9,5,19,0.58675315,-0.20569662,-0.78320473,interior
R,2,9,6,30,0.58242584,-0.29226899,-0.75852421,interior
R,2,9,7,43,0.56257368,-0.37319476,-0.73772388,interior
R,2,9,8,58,0.53592019,-0.44961814,-0.71458595,interior
R,2,9,9,74,0.50026079,-0.52281206,-0.69022221,interior
R,2,9,10,93,0.46355476,-0.58552913,-0.66503581,interior
R,2,9,11,111,0.42152017,-0.65252483,-0.62970794,interior
R,2,9,12,131,0.36181954,-0.71962594,-0.59264250,interior
R,2,9,13,151,0.30348868,-0.77326051,-0.55674303,interior
R,2,9,14,171,0.24786816,-0.81129355,-0.52949424,interior
R,2,9,15,190,0.17946145,-0.84985851,-0.49551397,interior
R,2,9,16,212,0.10216420,-0.88355329,-0.45705149,interior
R,2,9,17,233,0.02051295,-0.90577896,-0.42325370,interior
R,2,9,18,252,-0.04957069,-0.91589642,-0.39834218,interior
R,2,9,19,274,-0.11935715,-0.92412395,-0.36297218,interior
R,2,9,20,293,-0.19811421,-0.92260461,-0.33098564,interior
R,2,9,21,314,-0.27873801,-0.90933896,-0.30888148,interior
R,2,9,22,333,-0.36555267,-0.88599322,-0.28528454,interior
R,2,9,23,353,-0.44959188,-0.85546368,-0.25700006,interior
R,2,9,24,373,-0.52326438,-0.82091262,-0.22868505,interior
R,2,9,25,393,-0.60576958,-0.76811505,-0.20746685,interior
R,2,9,26,413,-0.69507831,-0.68929140,-0.20431230,interior
R,2,9,27,428,-0.78440084,-0.57998071,-0.21985838,boundary
R,2,9,28,447,-0.85768450,-0.47615832,-0.19403748,boundary
R,2,10,3,7,0.62851899,-0.01837602,-0.77757713,interior
R,2,10,4,15,0.64195136,-0.11282167,-0.75839945,interior
R,2,10,5,24,0.64821934,-0.19543271,-0.73594683,interior
R,2,10,6,36,0.64218806,-0.27627965,-0.71502731,interior
R,2,10,7,50,0.62696716,-0.36016311,-0.69079281,interior
R,2,10,8,66,0.60248170,-0.43760766,-0.66746936,interior
R,2,10,9,84,0.56978768,-0.50969757,-0.64463198,interior
R,2,10,10,100,0.53451995,-0.57262552,-0.62160151,interior
R,2,10,11,119,0.49633209,-0.64010400,-0.58644806,interior
R,2,10,12,136,0.44648829,-0.70637095,-0.54926159,interior
R,2,10,13,158,0.38805225,-0.76761583,-0.51007979,interior
R,2,10,14,178,0.33006105,-0.81331069,-0.47915074,interior
R,2,10,15,197,0.26870901,-0.85248474,-0.44840298,interior
R,2,10,16,218,0.19803799,-0.89067740,-0.40923677,interior
R,2,10,17,240,0.12061583,-0.91996963,-0.37297145,interior
R,2,10,18,261,0.04206298,-0.93793129,-0.34426096,interior
R,2,10,19,281,-0.02587413,-0.94867025,-0.31520674,interior
R,2,10,20,302,-0.09827552,-0.95598865,-0.27645547,interior
R,2,10,21,323,-0.17716591,-0.95215913,-0.24900851,interior
R,2,10,22,345,-0.25900856,-0.93934386,-0.22482810,interior
R,2,10,23,364,-0.34769606,-0.91713480,-0.19486204,interior
R,2,10,24,384,-0.42425738,-0.88973921,-0.16843338,interior
R,2,10,25,405,-0.50461966,-0.85068162,-0.14730848,interior
R,2,10,26,425,-0.59296959,-0.79487722,-0.12867505,interior
R,2,10,27,443,-0.68342996,-0.71930253,-0.12460884,interior
R,2,10,28,461,-0.77266589,-0.62347766,-0.11942794,interior
R,2,10,29,478,-0.85885763,-0.50005393,-0.11094884,boundary
R,2,11,3,13,0.68731664,-0.00550233,-0.72633708,interior
R,2,11,4,18,0.69584981,-0.09861418,-0.71138476,interior
R,2,11,5,29,0.70055452,-0.18160200,-0.69010439,interior
R,2,11,6,41,0.69772426,-0.26127774,-0.66701934,interior
R,2,11,7,55,0.68321450,-0.34020577,-0.64612536,interior
R,2,11,8,71,0.66055857,-0.42127552,-0.62144131,interior
R,2,11,9,88,0.63398550,-0.49754484,-0.59204013,interior
R,2,11,10,107,0.60163897,-0.56167438,-0.56793701,interior
R,2,11,11,124,0.56585371,-0.62533037,-0.53737464,interior
R,2,11,12,143,0.51905776,-0.69321335,-0.50003429,interior
R,2,11,13,164,0.46751143,-0.75316489,-0.46279122,interior
R,2,11,14,184,0.40983757,-0.80524550,-0.42850069,interior
R,2,11,15,205,0.34851663,-0.84952484,-0.39603497,interior
R,2,11,16,224,0.28318517,-0.88752169,-0.36347133,interior
R,2,11,17,245,0.21195876,-0.92007826,-0.32943812,interior
R,2,11,18,268,0.13163461,-0.94698529,-0.29307200,interior
R,2,11,19,289,0.05787647,-0.96223057,-0.26601249,interior
R,2,11,20,310,-0.01040862,-0.97286928,-0.23112124,interior
R,2,11,21,332,-0.08590918,-0.97698242,-0.19525615,interior
R,2,11,22,355,-0.16136519,-0.97295870,-0.16526534,interior
R,2,11,23,376,-0.24440220,-0.96023389,-0.13497570,interior
R,2,11,24,396,-0.32770613,-0.93804502,-0.11260654,interior
R,2,11,25,417,-0.40335570,-0.91083639,-0.08764272,interior
R,2,11,26,438,-0.48678026,-0.87113315,-0.06459105,interior
R,2,11,27,459,-0.58045345,-0.81298049,-0.04622251,interior
R,2,11,28,476,-0.67278736,-0.73873912,-0.04027011,interior
R,2,11,29,494,-0.76893759,-0.63806420,-0.04011299,interior
R,2,11,30,508,-0.87150275,-0.48905796,-0.03612841,boundary
R,2,12,3,17,0.73328155,0.00571165,-0.67990113,interior
R,2,12,4,26,0.74489345,-0.07749914,-0.66266706,interior
R,2,12,5,37,0.74468505,-0.16432884,-0.64686955,interior
R,2,12,6,48,0.74222064,-0.24137217,-0.62517838,interior
R,2,12,7,62,0.73282743,-0.32033470,-0.60029129,interior
R,2,12,8,77,0.71297977,-0.40130352,-0.57499159,interior
R,2,12,9,94,0.68844284,-0.47850941,-0.54504606,interior
R,2,12,10,112,0.66201356,-0.54426866,-0.51527631,interior
R,2,12,11,133,0.62896899,-0.60688163,-0.48589371,interior
R,2,12,12,152,0.58881886,-0.67041158,-0.45148717,interior
R,2,12,13,173,0.53919402,-0.73203720,-0.41640287,interior
R,2,12,14,193,0.48488299,-0.78756785,-0.38029643,interior
R,2,12,15,213,0.42603611,-0.83593608,-0.34598282,interior
R,2,12,16,235,0.36430772,-0.87709234,-0.31303181,interior
R,2,12,17,255,0.29730705,-0.91297310,-0.27944343,interior
R,2,12,18,277,0.22372201,-0.94326287,-0.24536428,interior
R,2,12,19,300,0.14680759,-0.96615683,-0.21210498,interior
R,2,12,20,321,0.07451341,-0.98050558,-0.18181462,interior
R,2,12,21,343,0.00128513,-0.98894382,-0.14828507,interior
R,2,12,22,366,-0.07595040,-0.99031721,-0.11620397,interior
R,2,12,23,387,-0.15228565,-0.98490561,-0.08228012,interior
R,2,12,24,408,-0.22733943,-0.97213315,-0.05721823,interior
R,2,12,25,431,-0.30068554,-0.95311965,-0.03392839,interior
R,2,12,26,452,-0.38249337,-0.92389709,-0.01062944,interior
R,2,12,27,472,-0.47601560,-0.87937502,0.01042715,interior
R,2,12,28,491,-0.57370963,-0.81884356,0.01877465,interior
R,2,12,29,509,-0.66935903,-0.74271151,0.01838782,interior
R,2,12,30,522,-0.76731521,-0.64108222,0.01552270,interior
R,2,12,31,534,-0.86436296,-0.50278568,-0.00912325,boundary
R,2,13,3,28,0.78006563,0.03793108,-0.62454691,interior
R,2,13,4,35,0.78814773,-0.04804056,-0.61360839,interior
R,2,13,5,42,0.79093208,-0.13572310,-0.59666212,interior
R,2,13,6,56,0.78667867,-0.21371755,-0.57919037,interior
R,2,13,7,70,0.77995080,-0.29169158,-0.55370820,interior
R,2,13,8,86,0.76425884,-0.37334420,-0.52585410,interior
R,2,13,9,103,0.74092690,-0.45130682,-0.49734241,interior
R,2,13,10,121,0.71550865,-0.51735454,-0.46945889,interior
R,2,13,11,140,0.68596243,-0.58040714,-0.43884291,interior
R,2,13,12,161,0.64693931,-0.64797649,-0.40199005,interior
R,2,13,13,182,0.60312635,-0.70847202,-0.36647783,interior
R,2,13,14,201,0.55482974,-0.76289290,-0.33190116,interior
R,2,13,15,222,0.49898402,-0.81408217,-0.29712819,interior
R,2,13,16,243,0.44215271,-0.85712571,-0.26426597,interior
R,2,13,17,264,0.37927955,-0.89666915,-0.22832316,interior
R,2,13,18,287,0.31037339,-0.93032951,-0.19533398,interior
R,2,13,19,309,0.23872924,-0.95728219,-0.16315376,interior
R,2,13,20,331,0.16474222,-0.97793074,-0.12849694,interior
R,2,13,21,354,0.08944911,-0.99101322,-0.09945681,interior
R,2,13,22,378,0.01470475,-0.99774863,-0.06543267,interior
R,2,13,23,397,-0.06279265,-0.99740734,-0.03515238,interior
R,2,13,24,421,-0.13856661,-0.99034277,-0.00452594,interior
R,2,13,25,442,-0.20695433,-0.97821764,0.01612956,interior
R,2,13,26,463,-0.28459409,-0.95799049,0.03550251,interior
R,2,13,27,485,-0.37520142,-0.92514387,0.05772964,interior
R,2,13,28,506,-0.46993197,-0.88023610,0.06594197,interior
R,2,13,29,521,-0.56911137,-0.81929488,0.06977210,interior
R,2,13,30,541,-0.66853068,-0.73991018,0.07483078,interior
R,2,13,31,553,-0.77546597,-0.62740995,0.07077632,interior
R,2,13,32,562,-0.87562416,-0.48011451,0.05265348,boundary
R,2,14,4,40,0.82181440,0.00290120,-0.56974790,interior
R,2,14,5,52,0.82725945,-0.09496159,-0.55373648,interior
R,2,14,6,64,0.82902021,-0.17695466,-0.53048332,interior
R,2,14,7,76,0.82449453,-0.25352568,-0.50589870,interior
R,2,14,8,92,0.81318226,-0.33292667,-0.47738291,interior
R,2,14,9,109,0.79235603,-0.41713191,-0.44516614,interior
R,2,14,10,128,0.76806118,-0.48722620,-0.41556306,interior
R,2,14,11,147,0.73672691,-0.55287706,-0.38930762,interior
R,2,14,12,167,0.69980089,-0.62016753,-0.35450099,interior
R,2,14,13,189,0.65850084,-0.68168654,-0.31887318,interior
R,2,14,14,211,0.61393262,-0.73548369,-0.28661903,interior
R,2,14,15,232,0.56871153,-0.78360661,-0.25005575,interior
R,2,14,16,254,0.51323656,-0.83066299,-0.21584075,interior
R,2,14,17,275,0.45666698,-0.87117966,-0.18028110,interior
R,2,14,18,296,0.39042376,-0.90895537,-0.14618282,interior
R,2,14,19,320,0.31873696,-0.94035183,-0.11893355,interior
R,2,14,20,342,0.24596373,-0.96550360,-0.08546719,interior
R,2,14,21,367,0.17475357,-0.98326530,-0.05148332,interior
R,2,14,22,389,0.10525228,-0.99422686,-0.02085443,interior
R,2,14,23,412,0.03075958,-0.99951019,0.00576353,interior
R,2,14,24,436,-0.04917426,-0.99829817,0.03134730,interior
R,2,14,25,457,-0.12937534,-0.98996380,0.05686555,interior
R,2,14,26,475,-0.20062550,-0.97721761,0.06924705,interior
R,2,14,27,498,-0.28439595,-0.95396304,0.09525469,interior
R,2,14,28,517,-0.37780900,-0.91920404,0.11101481,interior
R,2,14,29,538,-0.46994421,-0.87416270,0.12244189,interior
R,2,14,30,557,-0.57295211,-0.80862057,0.13363626,interior
R,2,14,31,571,-0.67955455,-0.72004888,0.14048215,interior
R,2,14,32,582,-0.78991834,-0.59814377,0.13510382,boundary
R,2,15,4,49,0.82772355,0.05532522,-0.55840205,interior
R,2,15,5,57,0.85517817,-0.04523647,-0.51635643,interior
R,2,15,6,73,0.86183550,-0.13589808,-0.48864229,interior
R,2,15,7,87,0.86294076,-0.21476068,-0.45739599,interior
R,2,15,8,102,0.85544026,-0.29255060,-0.42735947,interior
R,2,15,9,120,0.83675117,-0.37501787,-0.39901012,interior
R,2,15,10,139,0.81341278,-0.45294707,-0.36496383,interior
R,2,15,11,157,0.78544417,-0.52100016,-0.33412018,interior
R,2,15,12,179,0.75031608,-0.58681626,-0.30442151,interior
R,2,15,13,199,0.71129340,-0.64758643,-0.27330113,interior
R,2,15,14,221,0.66617527,-0.70513329,-0.24289410,interior
R,2,15,15,242,0.62189700,-0.75423427,-0.21065325,interior
R,2,15,16,263,0.57860614,-0.79746564,-0.17106576,interior
R,2,15,17,284,0.52571175,-0.83989487,-0.13492130,interior
R,2,15,18,307,0.46526874,-0.87918384,-0.10276558,interior
R,2,15,19,329,0.40085893,-0.91322304,-0.07304660,interior
R,2,15,20,352,0.32691957,-0.94401895,-0.04417939,interior
R,2,15,21,377,0.25416639,-0.96702933,-0.01592876,interior
R,2,15,22,401,0.18583875,-0.98248860,0.01342038,interior
R,2,15,23,423,0.11748428,-0.99232842,0.03849346,interior
R,2,15,24,446,0.03679007,-0.99776951,0.05570014,interior
R,2,15,25,468,-0.04786000,-0.99562087,0.08030263,interior
R,2,15,26,488,-0.13182548,-0.98595004,0.10258931,interior
R,2,15,27,511,-0.20752273,-0.96943454,0.13088540,interior
R,2,15,28,532,-0.29846479,-0.94058739,0.16190777,interior
R,2,15,29,551,-0.38958322,-0.90319070,0.18019844,interior
R,2,15,30,569,-0.48213831,-0.85416597,0.19479000,interior
R,2,15,31,588,-0.58932565,-0.78134724,0.20540634,interior
R,2,15,32,602,-0.69707506,-0.68646633,0.20700320,interior
R,2,15,33,610,-0.80362272,-0.56357995,0.19122804,boundary
R,2,16,4,59,0.86584110,0.09240391,-0.49171201,interior
R,2,16,5,69,0.88231915,0.00165947,-0.47064867,interior
R,2,16,6,81,0.89094174,-0.08986686,-0.44513679,interior
R,2,16,7,96,0.89309256,-0.17412369,-0.41480914,interior
R,2,16,8,110,0.88880659,-0.25235229,-0.38254564,interior
R,2,16,9,127,0.87563439,-0.33203546,-0.35073759,interior
R,2,16,10,146,0.85467453,-0.40979610,-0.31874536,interior
R,2,16,11,165,0.82837267,-0.48031314,-0.28826727,interior
R,2,16,12,187,0.79620652,-0.54770549,-0.25704840,interior
R,2,16,13,208,0.76154225,-0.60644665,-0.22863917,interior
R,2,16,14,229,0.72147931,-0.66348936,-0.19811479,interior
R,2,16,15,251,0.67349771,-0.72046750,-0.16531005,interior
R,2,16,16,272,0.63133985,-0.76451418,-0.13010786,interior
R,2,16,17,295,0.58464595,-0.80595306,-0.09289117,interior
R,2,16,18,319,0.53084456,-0.84536079,-0.05974270,interior
R,2,16,19,340,0.47069988,-0.88178810,-0.02985582,interior
R,2,16,20,365,0.40919186,-0.91244627,0.00195733,interior
R,2,16,21,388,0.33702820,-0.94116575,0.02488032,interior
R,2,16,22,411,0.26390375,-0.96353882,0.04413338,interior
R,2,16,23,435,0.19350704,-0.97895085,0.06488651,interior
R,2,16,24,455,0.11123366,-0.99009610,0.08565502,interior
R,2,16,25,480,0.02737050,-0.99339606,0.11142318,interior
R,2,16,26,501,-0.05664235,-0.98840510,0.14087938,interior
R,2,16,27,525,-0.14580245,-0.97431781,0.17159965,interior
R,2,16,28,545,-0.23021974,-0.95043950,0.20895844,interior
R,2,16,29,566,-0.31779895,-0.91812038,0.23676740,interior
R,2,16,30,587,-0.40598539,-0.87695928,0.25713474,interior
R,2,16,31,604,-0.51087303,-0.81581858,0.27101437,interior
R,2,16,32,618,-0.61006674,-0.74153847,0.27917605,interior
R,2,16,33,630,-0.71214338,-0.64486170,0.27749809,boundary
R,2,17,5,80,0.90307845,0.04626610,-0.42697630,interior
R,2,17,6,90,0.91541621,-0.04202363,-0.40030885,interior
R,2,17,7,106,0.91749840,-0.12558107,-0.37739380,interior
R,2,17,8,122,0.91507330,-0.20716026,-0.34601370,interior
R,2,17,9,137,0.90558038,-0.28694882,-0.31238526,interior
R,2,17,10,156,0.88915346,-0.36436150,-0.27685162,interior
R,2,17,11,175,0.86447485,-0.43631842,-0.24961863,interior
R,2,17,12,196,0.83615057,-0.50372189,-0.21706330,interior
R,2,17,13,217,0.80181711,-0.56850855,-0.18408515,interior
R,2,17,14,239,0.76875116,-0.62072776,-0.15400878,interior
R,2,17,15,262,0.72722403,-0.67561426,-0.12120468,interior
R,2,17,16,283,0.68179554,-0.72620280,-0.08822886,interior
R,2,17,17,306,0.63624279,-0.76942058,-0.05645428,interior
R,2,17,18,328,0.58910515,-0.80780993,-0.01995580,interior
R,2,17,19,350,0.53593274,-0.84422397,0.00787272,interior
R,2,17,20,375,0.47841740,-0.87741233,0.03555845,interior
R,2,17,21,398,0.41474888,-0.90791050,0.06067851,interior
R,2,17,22,420,0.34055996,-0.93742974,0.07241821,interior
R,2,17,23,445,0.26470605,-0.95941153,0.09726370,interior
R,2,17,24,469,0.18441984,-0.97452901,0.12760303,interior
R,2,17,25,493,0.09880146,-0.98352573,0.15137839,interior
R,2,17,26,515,0.01322279,-0.98386525,0.17842176,interior
R,2,17,27,535,-0.07444450,-0.97495876,0.20955532,interior
R,2,17,28,559,-0.16529122,-0.95393787,0.25036243,interior
R,2,17,29,579,-0.25118989,-0.92557826,0.28321109,interior
R,2,17,30,598,-0.33420008,-0.89009047,0.30991814,interior
R,2,17,31,619,-0.43504904,-0.83581855,0.33487264,interior
R,2,17,32,633,-0.53684202,-0.76833764,0.34850813,interior
R,2,17,33,646,-0.63064024,-0.69309408,0.34916112,interior
R,2,17,34,654,-0.73809187,-0.59147731,0.32461514,boundary
R,2,18,5,91,0.90970547,0.12607627,-0.39565229,interior
R,2,18,6,104,0.93093563,0.01525303,-0.36486462,interior
R,2,18,7,116,0.93835986,-0.07235587,-0.33800207,interior
R,2,18,8,130,0.93790598,-0.15693627,-0.30935964,interior
R,2,18,9,145,0.93207345,-0.23873174,-0.27248163,interior
R,2,18,10,166,0.92092469,-0.31167916,-0.23399533,interior
R,2,18,11,185,0.89949849,-0.38595348,-0.20479836,interior
R,2,18,12,204,0.87298426,-0.45474494,-0.17636760,interior
R,2,18,13,226,0.84184561,-0.52021990,-0.14376096,interior
R,2,18,14,249,0.80739422,-0.57920521,-0.11240953,interior
R,2,18,15,271,0.77415332,-0.62789001,-0.08025441,interior
R,2,18,16,294,0.73720026,-0.67418379,-0.04485526,interior
R,2,18,17,316,0.69153083,-0.72224467,-0.01215527,interior
R,2,18,18,339,0.64496626,-0.76396659,0.01932788,interior
R,2,18,19,362,0.59241603,-0.80442081,0.04416344,interior
R,2,18,20,385,0.53645657,-0.84132509,0.06623013,interior
R,2,18,21,409,0.47601327,-0.87534607,0.08473853,interior
R,2,18,22,432,0.41022509,-0.90585493,0.10555676,interior
R,2,18,23,456,0.33464191,-0.93341922,0.12939610,interior
R,2,18,24,481,0.25374507,-0.95270993,0.16720415,interior
R,2,18,25,504,0.17161577,-0.96528462,0.19691020,interior
R,2,18,26,527,0.08285489,-0.97178734,0.22082671,interior
R,2,18,27,548,-0.00820214,-0.96791399,0.25114785,interior
R,2,18,28,573,-0.09402951,-0.95211101,0.29093485,interior
R,2,18,29,593,-0.18665320,-0.92675844,0.32600518,interior
R,2,18,30,612,-0.27378186,-0.89332708,0.35638494,interior
R,2,18,31,632,-0.36060374,-0.84848605,0.38734528,interior
R,2,18,32,649,-0.45920341,-0.78985452,0.40652438,interior
R,2,18,33,662,-0.55914861,-0.71721045,0.41588700,interior
R,2,18,34,672,-0.65463179,-0.63815172,0.40524018,boundary
R,2,19,6,117,0.94578644,0.08345671,-0.31388371,interior
R,2,19,7,126,0.95405764,-0.01500483,-0.29924717,interior
R,2,19,8,142,0.95824392,-0.10042306,-0.26773830,interior
R,2,19,9,159,0.95436753,-0.18429650,-0.23498386,interior
R,2,19,10,177,0.94553394,-0.25863659,-0.19766810,interior
R,2,19,11,195,0.93005204,-0.33056641,-0.16040279,interior
R,2,19,12,216,0.90928447,-0.39553869,-0.12942525,interior
R,2,19,13,237,0.88213303,-0.46007809,-0.10084374,interior
R,2,19,14,260,0.84740025,-0.52616349,-0.07116741,interior
R,2,19,15,282,0.81228693,-0.58181912,-0.04094452,interior
R,2,19,16,303,0.77792984,-0.62832801,-0.00539121,interior
R,2,19,17,327,0.73991736,-0.67209592,0.02844955,interior
R,2,19,18,349,0.69545145,-0.71643642,0.05537273,interior
R,2,19,19,372,0.64494403,-0.76062465,0.07414403,interior
R,2,19,20,395,0.59129844,-0.80108758,0.09287002,interior
R,2,19,21,419,0.53428032,-0.83706276,0.11777297,interior
R,2,19,22,444,0.46990359,-0.87080847,0.14451028,interior
R,2,19,23,467,0.39500998,-0.90322339,0.16779341,interior
R,2,19,24,492,0.31635551,-0.92748169,0.19924081,interior
R,2,19,25,516,0.23776796,-0.94191569,0.23719452,interior
R,2,19,26,540,0.15471722,-0.95182331,0.26475455,interior
R,2,19,27,561,0.06311939,-0.95325653,0.29549609,interior
R,2,19,28,585,-0.02314550,-0.94011873,0.34006038,interior
R,2,19,29,606,-0.11627193,-0.92013597,0.37393935,interior
R,2,19,30,625,-0.21304731,-0.89307895,0.39625855,interior
R,2,19,31,643,-0.29998972,-0.85300485,0.42707013,interior
R,2,19,32,661,-0.38785505,-0.80072304,0.45652061,interior
R,2,19,33,677,-0.48453386,-0.73510485,0.47418119,interior
R,2,19,34,685,-0.58535773,-0.65634212,0.47599512,interior
R,2,19,35,694,-0.67752708,-0.56822044,0.46699315,boundary
R,2,20,7,138,0.95838075,0.03646776,-0.28315445,interior
R,2,20,8,154,0.97150823,-0.04612941,-0.23247331,interior
R,2,20,9,169,0.97285585,-0.12491331,-0.19480286,interior
R,2,20,10,186,0.96534955,-0.20311740,-0.16384007,interior
R,2,20,11,206,0.95367590,-0.27358767,-0.12510820,interior
R,2,20,12,225,0.93764617,-0.33621201,-0.08821083,interior
R,2,20,13,248,0.91785091,-0.39279165,-0.05713519,interior
R,2,20,14,269,0.88819755,-0.45874548,-0.02564578,interior
R,2,20,15,291,0.85190566,-0.52367827,0.00422112,interior
R,2,20,16,315,0.81535349,-0.57800638,0.03327643,interior
R,2,20,17,337,0.77829694,-0.62515205,0.05864117,interior
R,2,20,18,359,0.73730621,-0.67069431,0.08092399,interior
R,2,20,19,382,0.69137498,-0.71605410,0.09626609,interior
R,2,20,20,406,0.63729471,-0.76139293,0.11889603,interior
R,2,20,21,430,0.58130752,-0.80025599,0.14721382,interior
R,2,20,22,454,0.52059749,-0.83438235,0.18106449,interior
R,2,20,23,479,0.45117570,-0.86704812,0.21134818,interior
R,2,20,24,502,0.37544631,-0.89551067,0.23895755,interior
R,2,20,25,526,0.30100640,-0.91350270,0.27369319,interior
R,2,20,26,549,0.21952556,-0.92462204,0.31125973,interior
R,2,20,27,574,0.13084786,-0.93180722,0.33854712,interior
R,2,20,28,596,0.04414274,-0.92481901,0.37783755,interior
R,2,20,29,616,-0.04437594,-0.90735510,0.41801614,interior
R,2,20,30,639,-0.13911894,-0.88481201,0.44469499,interior
R,2,20,31,656,-0.23305467,-0.85451057,0.46421677,interior
R,2,20,32,674,-0.32463273,-0.80382960,0.49846922,interior
R,2,20,33,690,-0.41806821,-0.74095078,0.52555772,interior
R,2,20,34,700,-0.51324500,-0.67026242,0.53602972,interior
R,2,20,35,710,-0.61722464,-0.58156830,0.52991703,boundary
R,2,21,7,150,0.96446080,0.08309796,-0.25081886,interior
R,2,21,8,162,0.97768589,0.00507393,-0.21001083,interior
R,2,21,9,181,0.98337060,-0.07070023,-0.16728344,interior
R,2,21,10,198,0.98205960,-0.14015710,-0.12615439,interior
R,2,21,11,215,0.97414486,-0.20706124,-0.09037382,interior
R,2,21,12,236,0.95858414,-0.27910428,-0.05672081,interior
R,2,21,13,257,0.94005278,-0.34013892,-0.02462310,interior
R,2,21,14,280,0.91786313,-0.39680726,0.00844292,interior
R,2,21,15,301,0.88705725,-0.45970460,0.04243949,interior
R,2,21,16,324,0.84932102,-0.52354297,0.06750239,interior
R,2,21,17,347,0.81275930,-0.57618437,0.08622002,interior
R,2,21,18,369,0.77372715,-0.62516161,0.10256345,interior
R,2,21,19,391,0.72954353,-0.67231410,0.12553879,interior
R,2,21,20,415,0.67822952,-0.71874478,0.15300543,interior
R,2,21,21,441,0.62304576,-0.76018376,0.18421353,interior
R,2,21,22,464,0.56253138,-0.79785544,0.21676058,interior
R,2,21,23,489,0.49929593,-0.82991863,0.24887476,interior
R,2,21,24,514,0.43075492,-0.85763682,0.28090798,interior
R,2,21,25,539,0.35939485,-0.87779850,0.31670986,interior
R,2,21,26,563,0.28209959,-0.89202985,0.35313250,interior
R,2,21,27,584,0.19254924,-0.90180501,0.38687532,interior
R,2,21,28,608,0.10093877,-0.90249686,0.41870130,interior
R,2,21,29,629,0.01666617,-0.89114463,0.45341314,interior
R,2,21,30,650,-0.07186113,-0.86723120,0.49269262,interior
R,2,21,31,667,-0.16689781,-0.84157303,0.51371194,interior
R,2,21,32,684,-0.26060099,-0.80203907,0.53742019,interior
R,2,21,33,701,-0.35604946,-0.74287896,0.56688591,interior
R,2,21,34,716,-0.44777707,-0.67876719,0.58204021,interior
R,2,21,35,723,-0.54179592,-0.60480777,0.58366492,interior
R,2,21,36,728,-0.63018021,-0.52590988,0.57121948,boundary
R,2,22,8,176,0.97963601,0.07261022,-0.18719255,interior
R,2,22,9,192,0.98881732,-0.01359297,-0.14851106,interior
R,2,22,10,209,0.99099400,-0.08369016,-0.10453160,interior
R,2,22,11,227,0.98697321,-0.15042456,-0.05706421,interior
R,2,22,12,247,0.97677829,-0.21311026,-0.02209486,interior
R,2,22,13,267,0.96148390,-0.27478145,0.00662277,interior
R,2,22,14,290,0.93967231,-0.34020521,0.03572635,interior
R,2,22,15,311,0.91372264,-0.40099949,0.06565327,interior
R,2,22,16,335,0.88088437,-0.46403170,0.09336646,interior
R,2,22,17,358,0.84434603,-0.52434589,0.11018699,interior
R,2,22,18,380,0.80494786,-0.57841073,0.13228745,interior
R,2,22,19,404,0.76397320,-0.62551420,0.15835701,interior
R,2,22,20,427,0.71920313,-0.66848915,0.18939142,interior
R,2,22,21,451,0.66684737,-0.71151327,0.22150270,interior
R,2,22,22,474,0.60915999,-0.75113313,0.25440740,interior
R,2,22,23,499,0.55052515,-0.78469372,0.28491724,interior
R,2,22,24,523,0.48545102,-0.81415204,0.31858087,interior
R,2,22,25,547,0.41467748,-0.83785864,0.35501478,interior
R,2,22,26,572,0.33849728,-0.85444526,0.39413561,interior
R,2,22,27,595,0.25552278,-0.86609738,0.42963175,interior
R,2,22,28,617,0.16347121,-0.87228701,0.46086064,interior
R,2,22,29,640,0.07121390,-0.86868990,0.49021060,interior
R,2,22,30,658,-0.01198349,-0.85015311,0.52639918,interior
R,2,22,31,680,-0.10189382,-0.82145909,0.56109056,interior
R,2,22,32,697,-0.19842910,-0.78566244,0.58596964,interior
R,2,22,33,714,-0.29360188,-0.73808297,0.60747960,interior
R,2,22,34,727,-0.38600003,-0.67906423,0.62440032,interior
R,2,22,35,737,-0.47418896,-0.61341708,0.63155705,interior
R,2,22,36,741,-0.56896206,-0.53426979,0.62517035,boundary
R,2,23,9,202,0.99023063,0.05803218,-0.12678942,interior
R,2,23,10,220,0.99631660,-0.01740709,-0.08396559,interior
R,2,23,11,238,0.99565700,-0.08688177,-0.03344687,interior
R,2,23,12,256,0.98812243,-0.15344850,0.00822300,interior
R,2,23,13,279,0.97684153,-0.21036627,0.03907234,interior
R,2,23,14,299,0.95950181,-0.27426128,0.06431967,interior
R,2,23,15,322,0.93691124,-0.33897480,0.08540147,interior
R,2,23,16,344,0.90890580,-0.40308699,0.10682283,interior
R,2,23,17,368,0.87336303,-0.46724216,0.13755644,interior
R,2,23,18,390,0.83439620,-0.52439458,0.16968591,interior
R,2,23,19,414,0.79561980,-0.57194860,0.19965954,interior
R,2,23,20,437,0.75522113,-0.61390105,0.22970969,interior
R,2,23,21,462,0.71308209,-0.65132491,0.25940276,interior
R,2,23,22,486,0.66041586,-0.69120975,0.29339388,interior
R,2,23,23,510,0.60240458,-0.73014089,0.32249497,interior
R,2,23,24,533,0.53569784,-0.76572727,0.35593478,interior
R,2,23,25,558,0.46285191,-0.79471246,0.39268335,interior
R,2,23,26,581,0.38899007,-0.81241598,0.43435816,interior
R,2,23,27,605,0.31295309,-0.82471838,0.47106258,interior
R,2,23,28,627,0.22397996,-0.83443461,0.50353934,interior
R,2,23,29,651,0.13438017,-0.83308120,0.53657961,interior
R,2,23,30,670,0.04799519,-0.82058387,0.56950731,interior
R,2,23,31,689,-0.03738000,-0.79808344,0.60138636,interior
R,2,23,32,708,-0.13359821,-0.76272272,0.63277608,interior
R,2,23,33,724,-0.23432858,-0.71629868,0.65727188,interior
R,2,23,34,739,-0.32480295,-0.66539777,0.67212264,interior
R,2,23,35,749,-0.41247135,-0.60813589,0.67826110,interior
R,2,23,36,757,-0.50054344,-0.53462271,0.68090735,interior
R,2,23,37,760,-0.60396822,-0.44807679,0.65912789,boundary
R,2,24,10,231,0.99600666,0.05473240,-0.07053437,interior
R,2,24,11,246,0.99984994,-0.01158156,-0.01288265,interior
R,2,24,12,266,0.99594240,-0.08240245,0.03617417,interior
R,2,24,13,288,0.98711354,-0.14590890,0.06570731,interior
R,2,24,14,308,0.97284288,-0.21339954,0.08965134,interior
R,2,24,15,330,0.95523777,-0.27521451,0.10852551,interior
R,2,24,16,351,0.93219746,-0.33754945,0.13064558,interior
R,2,24,17,374,0.90201378,-0.39934080,0.16400628,interior
R,2,24,18,399,0.86516135,-0.45783663,0.20464960,interior
R,2,24,19,422,0.82618989,-0.50949904,0.24045998,interior
R,2,24,20,448,0.78488280,-0.55795641,0.26952482,interior
R,2,24,21,470,0.74410012,-0.59678140,0.30027817,interior
R,2,24,22,496,0.70278983,-0.62901013,0.33231418,interior
R,2,24,23,519,0.64932888,-0.66775209,0.36397686,interior
R,2,24,24,543,0.58304619,-0.70872390,0.39719966,interior
R,2,24,25,567,0.50978428,-0.74148709,0.43625323,interior
R,2,24,26,591,0.43489174,-0.76370689,0.47709638,interior
R,2,24,27,613,0.36012689,-0.77857992,0.51392794,interior
R,2,24,28,636,0.28011970,-0.79000246,0.54537057,interior
R,2,24,29,657,0.19201985,-0.79226754,0.57917228,interior
R,2,24,30,679,0.10900000,-0.78420395,0.61085445,interior
R,2,24,31,699,0.01870532,-0.76538348,0.64330260,interior
R,2,24,32,718,-0.07145775,-0.73985617,0.66895937,interior
R,2,24,33,736,-0.17252590,-0.69872640,0.69427389,interior
R,2,24,34,751,-0.26892261,-0.64951324,0.71120544,interior
R,2,24,35,762,-0.35475453,-0.59404661,0.72198189,interior
R,2,24,36,771,-0.43754992,-0.52875578,0.72730144,interior
R,2,24,37,777,-0.52335411,-0.44759278,0.72509391,boundary
R,2,25,11,258,0.99660318,0.08108825,0.01438042,interior
R,2,25,12,276,0.99885632,-0.00408847,0.04763756,interior
R,2,25,13,297,0.99384557,-0.07433804,0.08212699,interior
R,2,25,14,318,0.98387368,-0.14466127,0.10519365,interior
R,2,25,15,338,0.96886968,-0.20826591,0.13385382,interior
R,2,25,16,360,0.94859118,-0.27213575,0.16160728,interior
R,2,25,17,383,0.92301871,-0.33247793,0.19363597,interior
R,2,25,18,407,0.88994367,-0.39182936,0.23338812,interior
R,2,25,19,433,0.85316962,-0.44499526,0.27217792,interior
R,2,25,20,458,0.81330268,-0.49485273,0.30603845,interior
R,2,25,21,482,0.76970609,-0.54260744,0.33634760,interior
R,2,25,22,505,0.73013768,-0.57565103,0.36813701,interior
R,2,25,23,530,0.68527239,-0.60718513,0.40215416,interior
R,2,25,24,554,0.62550642,-0.64368915,0.44091497,interior
R,2,25,25,576,0.55672138,-0.67800210,0.47997340,interior
R,2,25,26,600,0.48530372,-0.70404654,0.51845807,interior
R,2,25,27,622,0.41347072,-0.72292223,0.55355705,interior
R,2,25,28,642,0.33803349,-0.73731884,0.58488827,interior
R,2,25,29,665,0.25043043,-0.74238113,0.62141359,interior
R,2,25,30,686,0.16465770,-0.74143017,0.65051452,interior
R,2,25,31,706,0.07061861,-0.72828846,0.68162228,interior
R,2,25,32,726,-0.02056333,-0.70854209,0.70536888,interior
R,2,25,33,742,-0.11405332,-0.67806217,0.72610160,interior
R,2,25,34,759,-0.20473653,-0.63880984,0.74162318,interior
R,2,25,35,773,-0.29341749,-0.58370371,0.75709719,interior
R,2,25,36,781,-0.37747597,-0.52583839,0.76223742,interior
R,2,25,37,789,-0.45833553,-0.44962710,0.76665769,interior
R,2,25,38,790,-0.56908447,-0.35010896,0.74402055,boundary
R,2,26,12,286,0.99532370,0.08046125,0.05344833,interior
R,2,26,13,305,0.99646018,-0.00101598,0.08405995,interior
R,2,26,14,326,0.99030288,-0.07245179,0.11853668,interior
R,2,26,15,348,0.97772865,-0.14128390,0.15519520,interior
R,2,26,16,371,0.96024714,-0.20386680,0.19069285,interior
R,2,26,17,392,0.93845398,-0.26393577,0.22280492,interior
R,2,26,18,416,0.90809058,-0.32755714,0.26091728,interior
R,2,26,19,440,0.87471938,-0.38102650,0.29947421,interior
R,2,26,20,465,0.83811108,-0.43064677,0.33483307,interior
R,2,26,21,490,0.79631788,-0.47839820,0.37015266,interior
R,2,26,22,513,0.75270121,-0.52085988,0.40267341,interior
R,2,26,23,537,0.71014745,-0.55361528,0.43497208,interior
R,2,26,24,564,0.65566348,-0.58728587,0.47455318,interior
R,2,26,25,586,0.59595628,-0.61693595,0.51402932,interior
R,2,26,26,609,0.52869251,-0.64330423,0.55375437,interior
R,2,26,27,631,0.46000481,-0.66579805,0.58745938,interior
R,2,26,28,653,0.38843389,-0.67874835,0.62323334,interior
R,2,26,29,676,0.30726609,-0.68688622,0.65861587,interior
R,2,26,30,696,0.22315626,-0.68844574,0.69010416,interior
R,2,26,31,717,0.12773063,-0.68484243,0.71740904,interior
R,2,26,32,735,0.03133473,-0.67274051,0.73921468,interior
R,2,26,33,754,-0.05971329,-0.64727505,0.75991403,interior
R,2,26,34,766,-0.14875153,-0.61511407,0.77427880,interior
R,2,26,35,780,-0.23344445,-0.57220640,0.78618289,interior
R,2,26,36,792,-0.31808328,-0.51389108,0.79670508,interior
R,2,26,37,798,-0.39932114,-0.44374848,0.80226549,interior
R,2,26,38,804,-0.49520496,-0.34948596,0.79538142,boundary
R,2,27,13,313,0.99460791,0.07067644,0.07589436,interior
R,2,27,14,334,0.99202942,0.00017959,0.12600633,interior
R,2,27,15,356,0.98219980,-0.07406026,0.17262279,interior
R,2,27,16,379,0.96673384,-0.13917124,0.21460908,interior
R,2,27,17,403,0.94712014,-0.19928094,0.25149663,interior
R,2,27,18,426,0.92126302,-0.25984256,0.28940680,interior
R,2,27,19,450,0.88891158,-0.31847264,0.32925882,interior
R,2,27,20,473,0.85523584,-0.36826859,0.36462296,interior
R,2,27,21,497,0.81881659,-0.41306135,0.39864736,interior
R,2,27,22,520,0.77794666,-0.45401819,0.43435755,interior
R,2,27,23,544,0.73085426,-0.49445581,0.47049496,interior
R,2,27,24,568,0.68120018,-0.53046282,0.50455476,interior
R,2,27,25,592,0.62243235,-0.56398705,0.54267538,interior
R,2,27,26,614,0.56395388,-0.58777544,0.58006556,interior
R,2,27,27,638,0.49553822,-0.61079154,0.61755613,interior
R,2,27,28,659,0.42403776,-0.62410263,0.65626815,interior
R,2,27,29,682,0.34871687,-0.63150188,0.69253298,interior
R,2,27,30,703,0.27410508,-0.63623730,0.72115775,interior
R,2,27,31,720,0.18527272,-0.63667937,0.74854085,interior
R,2,27,32,740,0.09082414,-0.62914039,0.77196719,interior
R,2,27,33,758,-0.00112415,-0.61347733,0.78971153,interior
R,2,27,34,775,-0.08783294,-0.58234542,0.80818265,interior
R,2,27,35,791,-0.17928546,-0.54108296,0.82163614,interior
R,2,27,36,800,-0.26375287,-0.49472591,0.82805839,interior
R,2,27,37,810,-0.34703135,-0.42571130,0.83566688,interior
R,2,27,38,813,-0.44129835,-0.34354900,0.82899328,interior
R,2,27,39,812,-0.55276529,-0.24011667,0.79799406,boundary
R,2,28,14,341,0.99043938,0.07269756,0.11723863,interior
R,2,28,15,361,0.98423378,-0.00301117,0.17684680,interior
R,2,28,16,386,0.97068617,-0.07183349,0.22936499,interior
R,2,28,17,410,0.95327852,-0.12785827,0.27370117,interior
R,2,28,18,434,0.93195906,-0.18132302,0.31396541,interior
R,2,28,19,460,0.90291193,-0.24075552,0.35607139,interior
R,2,28,20,484,0.87135163,-0.29123083,0.39488092,interior
R,2,28,21,507,0.83646033,-0.33976408,0.42999358,interior
R,2,28,22,531,0.79691428,-0.38789226,0.46310606,interior
R,2,28,23,552,0.74959546,-0.43051220,0.50275829,interior
R,2,28,24,577,0.69842981,-0.46816793,0.54130822,interior
R,2,28,25,599,0.64510412,-0.50095228,0.57696402,interior
R,2,28,26,621,0.59062387,-0.52384594,0.61379873,interior
R,2,28,27,644,0.52822083,-0.54808906,0.64852227,interior
R,2,28,28,664,0.45459457,-0.56720561,0.68674710,interior
R,2,28,29,688,0.38311916,-0.57401922,0.72368615,interior
R,2,28,30,705,0.31594488,-0.58156638,0.74963950,interior
R,2,28,31,729,0.23556063,-0.58199319,0.77832841,interior
R,2,28,32,747,0.14104135,-0.57858428,0.80333528,interior
R,2,28,33,765,0.05003437,-0.56541238,0.82328938,interior
R,2,28,34,782,-0.03454834,-0.54458255,0.83799538,interior
R,2,28,35,796,-0.12241941,-0.50344829,0.85530890,interior
R,2,28,36,809,-0.20846920,-0.45678223,0.86480668,interior
R,2,28,37,819,-0.29135819,-0.40174298,0.86816645,interior
R,2,28,38,824,-0.38644960,-0.32356776,0.86369011,interior
R,2,28,39,822,-0.50863784,-0.21323961,0.83415611,boundary
R,2,29,15,370,0.98356290,0.06857151,0.16703882,interior
R,2,29,16,394,0.97199825,0.00079662,0.23498674,interior
R,2,29,17,418,0.95621442,-0.05663590,0.28713473,interior
R,2,29,18,439,0.93677999,-0.10677664,0.33322964,interior
R,2,29,19,466,0.91342108,-0.15914658,0.37461219,interior
R,2,29,20,487,0.88634204,-0.20975923,0.41279396,interior
R,2,29,21,512,0.85338799,-0.25999932,0.45180670,interior
R,2,29,22,536,0.81370720,-0.31266690,0.49002042,interior
R,2,29,23,560,0.76873760,-0.36312821,0.52647926,interior
R,2,29,24,583,0.71849937,-0.39993213,0.56904564,interior
R,2,29,25,607,0.66705024,-0.43081294,0.60781921,interior
R,2,29,26,628,0.61479714,-0.45453249,0.64453447,interior
R,2,29,27,652,0.55963646,-0.47473588,0.67928851,interior
R,2,29,28,673,0.49312579,-0.49723852,0.71384929,interior
R,2,29,29,695,0.42233989,-0.51273232,0.74748550,interior
R,2,29,30,715,0.35267281,-0.51935514,0.77839073,interior
R,2,29,31,734,0.27998391,-0.52358145,0.80465612,interior
R,2,29,32,755,0.19179070,-0.52341307,0.83021388,interior
R,2,29,33,772,0.10506797,-0.51682255,0.84962061,interior
R,2,29,34,787,0.01691000,-0.49698527,0.86759420,interior
R,2,29,35,803,-0.07340501,-0.46201261,0.88383033,interior
R,2,29,36,816,-0.15454811,-0.41870569,0.89487453,interior
R,2,29,37,826,-0.23817102,-0.36724617,0.89911335,interior
R,2,29,38,833,-0.33000899,-0.29552416,0.89652637,interior
R,2,29,39,834,-0.43186083,-0.20489464,0.87835893,boundary
R,2,30,16,400,0.96968334,0.07381210,0.23295064,interior
R,2,30,17,424,0.95462615,0.01656275,0.29734592,interior
R,2,30,18,449,0.93764751,-0.03460595,0.34586062,interior
R,2,30,19,471,0.91691381,-0.08494270,0.38994077,interior
R,2,30,20,495,0.89300610,-0.13521906,0.42925041,interior
R,2,30,21,518,0.86522356,-0.18063940,0.46771529,interior
R,2,30,22,542,0.83102786,-0.23124507,0.50588379,interior
R,2,30,23,565,0.79203235,-0.28282885,0.54101072,interior
R,2,30,24,589,0.74427784,-0.32458033,0.58369350,interior
R,2,30,25,611,0.69026946,-0.35824174,0.62864214,interior
R,2,30,26,635,0.63568119,-0.38577229,0.66864726,interior
R,2,30,27,655,0.58190591,-0.40670240,0.70425753,interior
R,2,30,28,678,0.52677679,-0.42398379,0.73671159,interior
R,2,30,29,698,0.45979408,-0.44448784,0.76877823,interior
R,2,30,30,719,0.38836161,-0.45678510,0.80032658,interior
R,2,30,31,738,0.31694141,-0.46269990,0.82792327,interior
R,2,30,32,756,0.23479076,-0.46526530,0.85346441,interior
R,2,30,33,776,0.15553718,-0.46198437,0.87314296,interior
R,2,30,34,793,0.07116827,-0.44445349,0.89297042,interior
R,2,30,35,808,-0.02616730,-0.41233319,0.91065724,interior
R,2,30,36,821,-0.11459298,-0.37113115,0.92148256,interior
R,2,30,37,832,-0.19142439,-0.32552923,0.92595217,interior
R,2,30,38,838,-0.27820373,-0.25841668,0.92510730,interior
R,2,30,39,841,-0.37401301,-0.17080837,0.91155843,boundary
R,2,31,17,429,0.94330563,0.10307364,0.31551596,boundary
R,2,31,18,453,0.93170180,0.03572699,0.36146277,interior
R,2,31,19,477,0.91726937,-0.00189941,0.39826284,interior
R,2,31,20,500,0.89690426,-0.05397707,0.43891825,interior
R,2,31,21,524,0.87100039,-0.10819179,0.47922110,interior
R,2,31,22,546,0.84300940,-0.15335620,0.51557446,interior
R,2,31,23,570,0.80486859,-0.20250800,0.55783246,interior
R,2,31,24,594,0.76176836,-0.24503060,0.59972407,interior
R,2,31,25,615,0.71285065,-0.28035689,0.64284055,interior
R,2,31,26,637,0.66088029,-0.31123590,0.68291248,interior
R,2,31,27,660,0.60347267,-0.33742279,0.72247256,interior
R,2,31,28,681,0.53852591,-0.35535882,0.76400913,interior
R,2,31,29,702,0.47847463,-0.37437637,0.79429489,interior
R,2,31,30,721,0.41115143,-0.39104168,0.82343239,interior
R,2,31,31,743,0.34393594,-0.39767968,0.85062268,interior
R,2,31,32,761,0.27186660,-0.39855507,0.87592375,interior
R,2,31,33,778,0.18992720,-0.39740185,0.89777471,interior
R,2,31,34,795,0.11009611,-0.38006368,0.91838469,interior
R,2,31,35,811,0.02103694,-0.35293113,0.93541278,interior
R,2,31,36,825,-0.07363484,-0.31234242,0.94711146,interior
R,2,31,37,836,-0.15611238,-0.26343562,0.95196145,interior
R,2,31,38,845,-0.23173776,-0.20688736,0.95052366,boundary
R,2,31,39,846,-0.32194966,-0.12682637,0.93822358,boundary
R,2,32,19,483,0.90552813,0.09130815,0.41434481,interior
R,2,32,20,503,0.90290707,0.04838015,0.42710442,interior
R,2,32,21,529,0.87479666,-0.01689028,0.48419575,interior
R,2,32,22,550,0.84739275,-0.07125494,0.52616373,interior
R,2,32,23,575,0.81368993,-0.11879734,0.56903065,interior
R,2,32,24,597,0.77209502,-0.16375487,0.61404692,interior
R,2,32,25,620,0.72427836,-0.20181606,0.65931111,interior
R,2,32,26,641,0.67640813,-0.23423003,0.69828958,interior
R,2,32,27,663,0.62229129,-0.26267161,0.73739892,interior
R,2,32,28,683,0.56009248,-0.28334842,0.77846650,interior
R,2,32,29,704,0.49419144,-0.30256783,0.81500155,interior
R,2,32,30,725,0.42707677,-0.32052998,0.84549747,interior
R,2,32,31,746,0.36248689,-0.33530312,0.86958327,interior
R,2,32,32,764,0.30257141,-0.33569403,0.89205385,interior
R,2,32,33,783,0.23353668,-0.33026010,0.91454299,interior
R,2,32,34,799,0.14631038,-0.31551774,0.93757231,interior
R,2,32,35,814,0.06172353,-0.29109910,0.95469970,interior
R,2,32,36,827,-0.02828977,-0.25498763,0.96653039,interior
R,2,32,37,839,-0.11601612,-0.20106814,0.97268282,interior
R,2,32,38,847,-0.19531619,-0.14322109,0.97022642,boundary
R,2,33,21,528,0.87851081,0.08373689,0.47032637,interior
R,2,33,22,555,0.84495951,0.01752115,0.53454321,interior
R,2,33,23,578,0.81412627,-0.03257301,0.57977359,interior
R,2,33,24,601,0.77870947,-0.07991140,0.62227464,interior
R,2,33,25,623,0.73384974,-0.12118352,0.66841538,interior
R,2,33,26,645,0.68544862,-0.15849730,0.71066082,interior
R,2,33,27,666,0.63263728,-0.18459931,0.75212576,interior
R,2,33,28,687,0.57181310,-0.21132059,0.79270006,interior
R,2,33,29,707,0.51268905,-0.23035051,0.82709648,interior
R,2,33,30,730,0.44585470,-0.24820789,0.86000374,interior
R,2,33,31,748,0.37844914,-0.26295281,0.88748637,interior
R,2,33,32,768,0.31903025,-0.26949166,0.90862200,interior
R,2,33,33,784,0.26107633,-0.26401186,0.92851327,interior
R,2,33,34,802,0.18406461,-0.24827678,0.95104093,interior
R,2,33,35,817,0.09319196,-0.21950228,0.97115087,interior
R,2,33,36,829,0.00603963,-0.18139460,0.98339185,interior
R,2,33,37,842,-0.07956419,-0.12934543,0.98840240,interior
R,2,33,38,850,-0.15443876,-0.07484834,0.98516313,boundary
R,2,34,22,556,0.83913377,0.07233310,0.53909410,boundary
R,2,34,23,580,0.79800755,0.06078092,0.59957454,interior
R,2,34,24,603,0.78295039,0.01488183,0.62190612,interior
R,2,34,25,626,0.74053352,-0.03127777,0.67129115,interior
R,2,34,26,648,0.69429332,-0.06972513,0.71630664,interior
R,2,34,27,669,0.64513784,-0.10132005,0.75731857,interior
R,2,34,28,692,0.58043227,-0.12833138,0.80413272,interior
R,2,34,29,712,0.51715905,-0.15445834,0.84183676,interior
R,2,34,30,732,0.46140296,-0.17278657,0.87020234,interior
R,2,34,31,752,0.40122157,-0.18334767,0.89744353,interior
R,2,34,32,769,0.34077392,-0.19172141,0.92038907,interior
R,2,34,33,786,0.27713133,-0.18906127,0.94204780,interior
R,2,34,34,806,0.20343973,-0.17271857,0.96373263,interior
R,2,34,35,820,0.11704427,-0.13892584,0.98336171,interior
R,2,34,36,831,0.03113583,-0.09976710,0.99452355,boundary
R,2,34,37,840,-0.05552001,-0.04665697,0.99736686,boundary
R,2,34,38,848,-0.13317013,0.01520832,0.99097650,boundary
R,2,35,25,624,0.73791633,0.06753951,0.67150421,boundary
R,2,35,26,647,0.69323472,0.03365743,0.71992555,interior
R,2,35,27,671,0.64824425,-0.00856047,0.76138434,interior
R,2,35,28,693,0.59616492,-0.03435151,0.80212677,interior
R,2,35,29,713,0.52872898,-0.06548769,0.84626062,interior
R,2,35,30,733,0.46549572,-0.08674234,0.88078914,interior
R,2,35,31,753,0.40961686,-0.09619728,0.90717149,interior
R,2,35,32,770,0.34747916,-0.10615245,0.93165975,interior
R,2,35,33,788,0.28574485,-0.10858827,0.95213364,interior
R,2,35,34,805,0.21463117,-0.08977703,0.97256030,interior
R,2,35,35,818,0.13284409,-0.05798784,0.98943916,boundary
R,2,35,36,828,0.05517385,-0.01997338,0.99827697,boundary
R,2,36,27,668,0.64151566,0.06649639,0.76422241,boundary
R,2,36,28,691,0.59845866,0.06901004,0.79817595,boundary
R,2,36,29,709,0.54397822,0.02594662,0.83869808,boundary
R,2,36,30,731,0.47935104,0.00334763,0.87761687,boundary
R,2,36,31,750,0.41419065,-0.00830572,0.91015225,boundary
R,2,36,32,767,0.35133999,-0.02029721,0.93602790,boundary
R,2,36,33,785,0.28869219,-0.02788117,0.95701591,boundary
R,2,36,34,801,0.21629589,-0.01354806,0.97623385,boundary
R,2,36,35,815,0.14226120,0.04336342,0.98887884,boundary
R,3,3,8,51,0.01660104,-0.29699670,-0.95473419,interior
R,3,3,9,67,-0.05466889,-0.35959027,-0.93150746,interior
R,3,3,10,83,-0.11019683,-0.40258995,-0.90872328,interior
R,3,3,11,101,-0.15978850,-0.44517612,-0.88107086,interior
R,3,4,6,23,0.15775304,-0.18815838,-0.96938661,interior
R,3,4,7,34,0.08547601,-0.26225686,-0.96120507,interior
R,3,4,8,46,0.06551523,-0.33802478,-0.93885409,interior
R,3,4,9,63,0.00414860,-0.40530527,-0.91417199,interior
R,3,4,10,78,-0.06021278,-0.45801728,-0.88690168,interior
R,3,4,11,95,-0.11973806,-0.49916204,-0.85819581,interior
R,3,4,12,114,-0.18481474,-0.52196909,-0.83270149,interior
R,3,4,13,129,-0.23788327,-0.52077963,-0.81987812,interior
R,3,4,14,148,-0.32496072,-0.55082551,-0.76875990,interior
R,3,4,15,170,-0.38691232,-0.57323423,-0.72228899,interior
R,3,5,5,12,0.23936957,-0.16037223,-0.95759227,interior
R,3,5,6,20,0.23274493,-0.24327519,-0.94161934,interior
R,3,5,7,31,0.18110968,-0.30187992,-0.93598494,interior
R,3,5,8,44,0.13022783,-0.37550671,-0.91762488,interior
R,3,5,9,60,0.07922705,-0.44524551,-0.89189658,interior
R,3,5,10,75,0.01592729,-0.50408611,-0.86350652,interior
R,3,5,11,97,-0.04674154,-0.55608745,-0.82980840,interior
R,3,5,12,113,-0.10856817,-0.58563116,-0.80327399,interior
R,3,5,13,132,-0.17594913,-0.60643761,-0.77541945,interior
R,3,5,14,149,-0.24585867,-0.62299690,-0.74258223,interior
R,3,5,15,168,-0.31304653,-0.63429537,-0.70687429,interior
R,3,5,16,188,-0.39815849,-0.61341684,-0.68204809,interior
R,3,5,17,207,-0.46539514,-0.59680339,-0.65363069,interior
R,3,5,18,228,-0.51095550,-0.61306044,-0.60256234,interior
R,3,6,4,5,0.32961496,-0.08223113,-0.94052752,interior
R,3,6,5,10,0.30969096,-0.18018428,-0.93360866,interior
R,3,6,6,21,0.29761074,-0.26329473,-0.91766210,interior
R,3,6,7,32,0.26340127,-0.33713636,-0.90385776,interior
R,3,6,8,45,0.21750998,-0.40731907,-0.88700653,interior
R,3,6,9,61,0.16492773,-0.48251017,-0.86022252,interior
R,3,6,10,79,0.10988157,-0.54402952,-0.83184008,interior
R,3,6,11,98,0.04345300,-0.59560630,-0.80210035,interior
R,3,6,12,115,-0.01914762,-0.63364308,-0.77338853,interior
R,3,6,13,134,-0.08836241,-0.66219854,-0.74410025,interior
R,3,6,14,153,-0.16109134,-0.68990198,-0.70575125,interior
R,3,6,15,172,-0.22973777,-0.70349414,-0.67254484,interior
R,3,6,16,191,-0.30355080,-0.70517014,-0.64077452,interior
R,3,6,17,210,-0.38388195,-0.69079935,-0.61272416,interior
R,3,6,18,230,-0.44847484,-0.67881325,-0.58144896,interior
R,3,6,19,250,-0.51362742,-0.65472807,-0.55454308,interior
R,3,6,20,270,-0.58749496,-0.62116612,-0.51865434,interior
R,3,7,4,4,0.40335906,-0.04715768,-0.91382582,interior
R,3,7,5,11,0.38779205,-0.18836208,-0.90229544,interior
R,3,7,6,22,0.36771761,-0.27982531,-0.88683795,interior
R,3,7,7,33,0.34293403,-0.35873566,-0.86816184,interior
R,3,7,8,47,0.30615583,-0.42955625,-0.84955873,interior
R,3,7,9,65,0.25894867,-0.50328585,-0.82440824,interior
R,3,7,10,82,0.20578703,-0.57256980,-0.79360918,interior
R,3,7,11,99,0.14391913,-0.62665173,-0.76589483,interior
R,3,7,12,118,0.07928230,-0.67285694,-0.73551197,interior
R,3,7,13,135,0.00955815,-0.70816592,-0.70598135,interior
R,3,7,14,155,-0.06210697,-0.73697481,-0.67306081,interior
R,3,7,15,174,-0.13735083,-0.75788891,-0.63776104,interior
R,3,7,16,194,-0.20887086,-0.77082790,-0.60182831,interior
R,3,7,17,214,-0.28852959,-0.77107221,-0.56762516,interior
R,3,7,18,234,-0.36355890,-0.75779446,-0.54182330,interior
R,3,7,19,253,-0.43443337,-0.73646793,-0.51853895,interior
R,3,7,20,273,-0.50728320,-0.71068354,-0.48743478,interior
R,3,7,21,292,-0.59497336,-0.66356528,-0.45352819,interior
R,3,7,22,312,-0.63023865,-0.65735593,-0.41313730,interior
R,3,8,3,1,0.40418472,0.00228069,-0.91467454,interior
R,3,8,4,6,0.45806756,-0.12799091,-0.87965473,interior
R,3,8,5,14,0.45746608,-0.20002334,-0.86643837,interior
R,3,8,6,25,0.44096464,-0.28782563,-0.85012152,interior
R,3,8,7,38,0.41845687,-0.37071755,-0.82913349,interior
R,3,8,8,53,0.38801732,-0.44854263,-0.80514103,interior
R,3,8,9,68,0.34727272,-0.52040535,-0.78011533,interior
R,3,8,10,85,0.29879522,-0.59018856,-0.74993258,interior
R,3,8,11,105,0.24235165,-0.65292063,-0.71760736,interior
R,3,8,12,123,0.18192676,-0.70322033,-0.68730184,interior
R,3,8,13,141,0.11428186,-0.74470922,-0.65753162,interior
R,3,8,14,160,0.04748179,-0.77635886,-0.62850012,interior
R,3,8,15,180,-0.02967255,-0.80373053,-0.59425312,interior
R,3,8,16,200,-0.10705553,-0.81978106,-0.56258167,interior
R,3,8,17,219,-0.18188185,-0.83011600,-0.52709243,interior
R,3,8,18,241,-0.25826386,-0.83027892,-0.49389948,interior
R,3,8,19,259,-0.33559677,-0.81578356,-0.47103290,interior
R,3,8,20,278,-0.41617869,-0.79179613,-0.44705055,interior
R,3,8,21,298,-0.49217578,-0.76422700,-0.41679743,interior
R,3,8,22,317,-0.56366161,-0.73045607,-0.38564168,interior
R,3,8,23,336,-0.63155936,-0.69056360,-0.35249779,interior
R,3,8,24,357,-0.71991075,-0.60010105,-0.34872229,interior
R,3,9,3,2,0.47896902,-0.03644413,-0.87707497,interior
R,3,9,4,8,0.51128755,-0.12023072,-0.85095805,interior
R,3,9,5,16,0.52591627,-0.21141559,-0.82384193,interior
R,3,9,6,27,0.51360540,-0.29259882,-0.80659496,interior
R,3,9,7,39,0.49181507,-0.37321594,-0.78665609,interior
R,3,9,8,54,0.46469428,-0.45437862,-0.75999953,interior
R,3,9,9,72,0.42621768,-0.52562701,-0.73624367,interior
R,3,9,10,89,0.38402544,-0.59591473,-0.70527307,interior
R,3,9,11,108,0.33293445,-0.66404035,-0.66948119,interior
R,3,9,12,125,0.27306906,-0.72217831,-0.63552480,interior
R,3,9,13,144,0.21529897,-0.76480932,-0.60721747,interior
R,3,9,14,163,0.15077140,-0.80149806,-0.57867854,interior
R,3,9,15,183,0.08103402,-0.83530053,-0.54378903,interior
R,3,9,16,203,-0.00043793,-0.86196639,-0.50696524,interior
R,3,9,17,223,-0.07802877,-0.87478169,-0.47819296,interior
R,3,9,18,244,-0.14879293,-0.88106949,-0.44897351,interior
R,3,9,19,265,-0.22549285,-0.88123288,-0.41542940,interior
R,3,9,20,285,-0.30852274,-0.86705399,-0.39119189,interior
R,3,9,21,304,-0.39165233,-0.84282044,-0.36913704,interior
R,3,9,22,325,-0.47253668,-0.81229703,-0.34188100,interior
R,3,9,23,346,-0.54678599,-0.77727778,-0.31123035,interior
R,3,9,24,363,-0.62340874,-0.72803699,-0.28517309,interior
R,3,9,25,381,-0.71316137,-0.64705584,-0.26966571,interior
R,3,9,26,402,-0.79254532,-0.54645871,-0.27065624,interior
R,3,10,3,3,0.55352616,-0.03097971,-0.83225540,interior
R,3,10,4,9,0.57540613,-0.12086464,-0.80888783,interior
R,3,10,5,19,0.58675315,-0.20569662,-0.78320473,interior
R,3,10,6,30,0.58242584,-0.29226899,-0.75852421,interior
R,3,10,7,43,0.56257368,-0.37319476,-0.73772388,interior
R,3,10,8,58,0.53592019,-0.44961814,-0.71458595,interior
R,3,10,9,74,0.50026079,-0.52281206,-0.69022221,interior
R,3,10,10,93,0.46355476,-0.58552913,-0.66503581,interior
R,3,10,11,111,0.42152017,-0.65252483,-0.62970794,interior
R,3,10,12,131,0.36181954,-0.71962594,-0.59264250,interior
R,3,10,13,151,0.30348868,-0.77326051,-0.55674303,interior
R,3,10,14,171,0.24786816,-0.81129355,-0.52949424,interior
R,3,10,15,190,0.17946145,-0.84985851,-0.49551397,interior
R,3,10,16,212,0.10216420,-0.88355329,-0.45705149,interior
R,3,10,17,233,0.02051295,-0.90577896,-0.42325370,interior
R,3,10,18,252,-0.04957069,-0.91589642,-0.39834218,interior
R,3,10,19,274,-0.11935715,-0.92412395,-0.36297218,interior
R,3,10,20,293,-0.19811421,-0.92260461,-0.33098564,interior
R,3,10,21,314,-0.27873801,-0.90933896,-0.30888148,interior
R,3,10,22,333,-0.36555267,-0.88599322,-0.28528454,interior
R,3,10,23,353,-0.44959188,-0.85546368,-0.25700006,interior
R,3,10,24,373,-0.52326438,-0.82091262,-0.22868505,interior
R,3,10,25,393,-0.60576958,-0.76811505,-0.20746685,interior
R,3,10,26,413,-0.69507831,-0.68929140,-0.20431230,interior
R,3,10,27,428,-0.78440084,-0.57998071,-0.21985838,interior
R,3,10,28,447,-0.85768450,-0.47615832,-0.19403748,interior
R,3,11,3,7,0.62851899,-0.01837602,-0.77757713,interior
R,3,11,4,15,0.64195136,-0.11282167,-0.75839945,interior
R,3,11,5,24,0.64821934,-0.19543271,-0.73594683,interior
R,3,11,6,36,0.64218806,-0.27627965,-0.71502731,interior
R,3,11,7,50,0.62696716,-0.36016311,-0.69079281,interior
R,3,11,8,66,0.60248170,-0.43760766,-0.66746936,interior
R,3,11,9,84,0.56978768,-0.50969757,-0.64463198,interior
R,3,11,10,100,0.53451995,-0.57262552,-0.62160151,interior
R,3,11,11,119,0.49633209,-0.64010400,-0.58644806,interior
R,3,11,12,136,0.44648829,-0.70637095,-0.54926159,interior
R,3,11,13,158,0.38805225,-0.76761583,-0.51007979,interior
R,3,11,14,178,0.33006105,-0.81331069,-0.47915074,interior
R,3,11,15,197,0.26870901,-0.85248474,-0.44840298,interior
R,3,11,16,218,0.19803799,-0.89067740,-0.40923677,interior
R,3,11,17,240,0.12061583,-0.91996963,-0.37297145,interior
R,3,11,18,261,0.04206298,-0.93793129,-0.34426096,interior
R,3,11,19,281,-0.02587413,-0.94867025,-0.31520674,interior
R,3,11,20,302,-0.09827552,-0.95598865,-0.27645547,interior
R,3,11,21,323,-0.17716591,-0.95215913,-0.24900851,interior
R,3,11,22,345,-0.25900856,-0.93934386,-0.22482810,interior
R,3,11,23,364,-0.34769606,-0.91713480,-0.19486204,interior
R,3,11,24,384,-0.42425738,-0.88973921,-0.16843338,interior
R,3,11,25,405,-0.50461966,-0.85068162,-0.14730848,interior
R,3,11,26,425,-0.59296959,-0.79487722,-0.12867505,interior
R,3,11,27,443,-0.68342996,-0.71930253,-0.12460884,interior
R,3,11,28,461,-0.77266589,-0.62347766,-0.11942794,interior
R,3,11,29,478,-0.85885763,-0.50005393,-0.11094884,interior
R,3,12,3,13,0.68731664,-0.00550233,-0.72633708,interior
R,3,12,4,18,0.69584981,-0.09861418,-0.71138476,interior
R,3,12,5,29,0.70055452,-0.18160200,-0.69010439,interior
R,3,12,6,41,0.69772426,-0.26127774,-0.66701934,interior
R,3,12,7,55,0.68321450,-0.34020577,-0.64612536,interior
R,3,12,8,71,0.66055857,-0.42127552,-0.62144131,interior
R,3,12,9,88,0.63398550,-0.49754484,-0.59204013,interior
R,3,12,10,107,0.60163897,-0.56167438,-0.56793701,interior
R,3,12,11,124,0.56585371,-0.62533037,-0.53737464,interior
R,3,12,12,143,0.51905776,-0.69321335,-0.50003429,interior
R,3,12,13,164,0.46751143,-0.75316489,-0.46279122,interior
R,3,12,14,184,0.40983757,-0.80524550,-0.42850069,interior
R,3,12,15,205,0.34851663,-0.84952484,-0.39603497,interior
R,3,12,16,224,0.28318517,-0.88752169,-0.36347133,interior
R,3,12,17,245,0.21195876,-0.92007826,-0.32943812,interior
R,3,12,18,268,0.13163461,-0.94698529,-0.29307200,interior
R,3,12,19,289,0.05787647,-0.96223057,-0.26601249,interior
R,3,12,20,310,-0.01040862,-0.97286928,-0.23112124,interior
R,3,12,21,332,-0.08590918,-0.97698242,-0.19525615,interior
R,3,12,22,355,-0.16136519,-0.97295870,-0.16526534,interior
R,3,12,23,376,-0.24440220,-0.96023389,-0.13497570,interior
R,3,12,24,396,-0.32770613,-0.93804502,-0.11260654,interior
R,3,12,25,417,-0.40335570,-0.91083639,-0.08764272,interior
R,3,12,26,438,-0.48678026,-0.87113315,-0.06459105,interior
R,3,12,27,459,-0.58045345,-0.81298049,-0.04622251,interior
R,3,12,28,476,-0.67278736,-0.73873912,-0.04027011,interior
R,3,12,29,494,-0.76893759,-0.63806420,-0.04011299,interior
R,3,12,30,508,-0.87150275,-0.48905796,-0.03612841,interior
R,3,13,3,17,0.73328155,0.00571165,-0.67990113,interior
R,3,13,4,26,0.74489345,-0.07749914,-0.66266706,interior
R,3,13,5,37,0.74468505,-0.16432884,-0.64686955,interior
R,3,13,6,48,0.74222064,-0.24137217,-0.62517838,interior
R,3,13,7,62,0.73282743,-0.32033470,-0.60029129,interior
R,3,13,8,77,0.71297977,-0.40130352,-0.57499159,interior
R,3,13,9,94,0.68844284,-0.47850941,-0.54504606,interior
R,3,13,10,112,0.66201356,-0.54426866,-0.51527631,interior
R,3,13,11,133,0.62896899,-0.60688163,-0.48589371,interior
R,3,13,12,152,0.58881886,-0.67041158,-0.45148717,interior
R,3,13,13,173,0.53919402,-0.73203720,-0.41640287,interior
R,3,13,14,193,0.48488299,-0.78756785,-0.38029643,interior
R,3,13,15,213,0.42603611,-0.83593608,-0.34598282,interior
R,3,13,16,235,0.36430772,-0.87709234,-0.31303181,interior
R,3,13,17,255,0.29730705,-0.91297310,-0.27944343,interior
R,3,13,18,277,0.22372201,-0.94326287,-0.24536428,interior
R,3,13,19,300,0.14680759,-0.96615683,-0.21210498,interior
R,3,13,20,321,0.07451341,-0.98050558,-0.18181462,interior
R,3,13,21,343,0.00128513,-0.98894382,-0.14828507,interior
R,3,13,22,366,-0.07595040,-0.99031721,-0.11620397,interior
R,3,13,23,387,-0.15228565,-0.98490561,-0.08228012,interior
R,3,13,24,408,-0.22733943,-0.97213315,-0.05721823,interior
R,3,13,25,431,-0.30068554,-0.95311965,-0.03392839,interior
R,3,13,26,452,-0.38249337,-0.92389709,-0.01062944,interior
R,3,13,27,472,-0.47601560,-0.87937502,0.01042715,interior
R,3,13,28,491,-0.57370963,-0.81884356,0.01877465,interior
R,3,13,29,509,-0.66935903,-0.74271151,0.01838782,interior
R,3,13,30,522,-0.76731521,-0.64108222,0.01552270,interior
R,3,13,31,534,-0.86436296,-0.50278568,-0.00912325,interior
R,3,14,3,28,0.78006563,0.03793108,-0.62454691,interior
R,3,14,4,35,0.78814773,-0.04804056,-0.61360839,interior
R,3,14,5,42,0.79093208,-0.13572310,-0.59666212,interior
R,3,14,6,56,0.78667867,-0.21371755,-0.57919037,interior
R,3,14,7,70,0.77995080,-0.29169158,-0.55370820,interior
R,3,14,8,86,0.76425884,-0.37334420,-0.52585410,interior
R,3,14,9,103,0.74092690,-0.45130682,-0.49734241,interior
R,3,14,10,121,0.71550865,-0.51735454,-0.46945889,interior
R,3,14,11,140,0.68596243,-0.58040714,-0.43884291,interior
R,3,14,12,161,0.64693931,-0.64797649,-0.40199005,interior
R,3,14,13,182,0.60312635,-0.70847202,-0.36647783,interior
R,3,14,14,201,0.55482974,-0.76289290,-0.33190116,interior
R,3,14,15,222,0.49898402,-0.81408217,-0.29712819,interior
R,3,14,16,243,0.44215271,-0.85712571,-0.26426597,interior
R,3,14,17,264,0.37927955,-0.89666915,-0.22832316,interior
R,3,14,18,287,0.31037339,-0.93032951,-0.19533398,interior
R,3,14,19,309,0.23872924,-0.95728219,-0.16315376,interior
R,3,14,20,331,0.16474222,-0.97793074,-0.12849694,interior
R,3,14,21,354,0.08944911,-0.99101322,-0.09945681,interior
R,3,14,22,378,0.01470475,-0.99774863,-0.06543267,interior
R,3,14,23,397,-0.06279265,-0.99740734,-0.03515238,interior
R,3,14,24,421,-0.13856661,-0.99034277,-0.00452594,interior
R,3,14,25,442,-0.20695433,-0.97821764,0.01612956,interior
R,3,14,26,463,-0.28459409,-0.95799049,0.03550251,interior
R,3,14,27,485,-0.37520142,-0.92514387,0.05772964,interior
R,3,14,28,506,-0.46993197,-0.88023610,0.06594197,interior
R,3,14,29,521,-0.56911137,-0.81929488,0.06977210,interior
R,3,14,30,541,-0.66853068,-0.73991018,0.07483078,interior
R,3,14,31,553,-0.77546597,-0.62740995,0.07077632,interior
R,3,14,32,562,-0.87562416,-0.48011451,0.05265348,boundary
R,3,15,4,40,0.82181440,0.00290120,-0.56974790,interior
R,3,15,5,52,0.82725945,-0.09496159,-0.55373648,interior
R,3,15,6,64,0.82902021,-0.17695466,-0.53048332,interior
R,3,15,7,76,0.82449453,-0.25352568,-0.50589870,interior
R,3,15,8,92,0.81318226,-0.33292667,-0.47738291,interior
R,3,15,9,109,0.79235603,-0.41713191,-0.44516614,interior
R,3,15,10,128,0.76806118,-0.48722620,-0.41556306,interior
R,3,15,11,147,0.73672691,-0.55287706,-0.38930762,interior
R,3,15,12,167,0.69980089,-0.62016753,-0.35450099,interior
R,3,15,13,189,0.65850084,-0.68168654,-0.31887318,interior
R,3,15,14,211,0.61393262,-0.73548369,-0.28661903,interior
R,3,15,15,232,0.56871153,-0.78360661,-0.25005575,interior
R,3,15,16,254,0.51323656,-0.83066299,-0.21584075,interior
R,3,15,17,275,0.45666698,-0.87117966,-0.18028110,interior
R,3,15,18,296,0.39042376,-0.90895537,-0.14618282,interior
R,3,15,19,320,0.31873696,-0.94035183,-0.11893355,interior
R,3,15,20,342,0.24596373,-0.96550360,-0.08546719,interior
R,3,15,21,367,0.17475357,-0.98326530,-0.05148332,interior
R,3,15,22,389,0.10525228,-0.99422686,-0.02085443,interior
R,3,15,23,412,0.03075958,-0.99951019,0.00576353,interior
R,3,15,24,436,-0.04917426,-0.99829817,0.03134730,interior
R,3,15,25,457,-0.12937534,-0.98996380,0.05686555,interior
R,3,15,26,475,-0.20062550,-0.97721761,0.06924705,interior
R,3,15,27,498,-0.28439595,-0.95396304,0.09525469,interior
R,3,15,28,517,-0.37780900,-0.91920404,0.11101481,interior
R,3,15,29,538,-0.46994421,-0.87416270,0.12244189,interior
R,3,15,30,557,-0.57295211,-0.80862057,0.13363626,interior
R,3,15,31,571,-0.67955455,-0.72004888,0.14048215,interior
R,3,15,32,582,-0.78991834,-0.59814377,0.13510382,interior
R,3,15,33,590,-0.87296012,-0.46816747,0.13696661,boundary
R,3,16,4,49,0.82772355,0.05532522,-0.55840205,interior
R,3,16,5,57,0.85517817,-0.04523647,-0.51635643,interior
R,3,16,6,73,0.86183550,-0.13589808,-0.48864229,interior
R,3,16,7,87,0.86294076,-0.21476068,-0.45739599,interior
R,3,16,8,102,0.85544026,-0.29255060,-0.42735947,interior
R,3,16,9,120,0.83675117,-0.37501787,-0.39901012,interior
R,3,16,10,139,0.81341278,-0.45294707,-0.36496383,interior
R,3,16,11,157,0.78544417,-0.52100016,-0.33412018,interior
R,3,16,12,179,0.75031608,-0.58681626,-0.30442151,interior
R,3,16,13,199,0.71129340,-0.64758643,-0.27330113,interior
R,3,16,14,221,0.66617527,-0.70513329,-0.24289410,interior
R,3,16,15,242,0.62189700,-0.75423427,-0.21065325,interior
R,3,16,16,263,0.57860614,-0.79746564,-0.17106576,interior
R,3,16,17,284,0.52571175,-0.83989487,-0.13492130,interior
R,3,16,18,307,0.46526874,-0.87918384,-0.10276558,interior
R,3,16,19,329,0.40085893,-0.91322304,-0.07304660,interior
R,3,16,20,352,0.32691957,-0.94401895,-0.04417939,interior
R,3,16,21,377,0.25416639,-0.96702933,-0.01592876,interior
R,3,16,22,401,0.18583875,-0.98248860,0.01342038,interior
R,3,16,23,423,0.11748428,-0.99232842,0.03849346,interior
R,3,16,24,446,0.03679007,-0.99776951,0.05570014,interior
R,3,16,25,468,-0.04786000,-0.99562087,0.08030263,interior
R,3,16,26,488,-0.13182548,-0.98595004,0.10258931,interior
R,3,16,27,511,-0.20752273,-0.96943454,0.13088540,interior
R,3,16,28,532,-0.29846479,-0.94058739,0.16190777,interior
R,3,16,29,551,-0.38958322,-0.90319070,0.18019844,interior
R,3,16,30,569,-0.48213831,-0.85416597,0.19479000,interior
R,3,16,31,588,-0.58932565,-0.78134724,0.20540634,interior
R,3,16,32,602,-0.69707506,-0.68646633,0.20700320,interior
R,3,16,33,610,-0.80362272,-0.56357995,0.19122804,boundary
R,3,17,4,59,0.86584110,0.09240391,-0.49171201,interior
R,3,17,5,69,0.88231915,0.00165947,-0.47064867,interior
R,3,17,6,81,0.89094174,-0.08986686,-0.44513679,interior
R,3,17,7,96,0.89309256,-0.17412369,-0.41480914,interior
R,3,17,8,110,0.88880659,-0.25235229,-0.38254564,interior
R,3,17,9,127,0.87563439,-0.33203546,-0.35073759,interior
R,3,17,10,146,0.85467453,-0.40979610,-0.31874536,interior
R,3,17,11,165,0.82837267,-0.48031314,-0.28826727,interior
R,3,17,12,187,0.79620652,-0.54770549,-0.25704840,interior
R,3,17,13,208,0.76154225,-0.60644665,-0.22863917,interior
R,3,17,14,229,0.72147931,-0.66348936,-0.19811479,interior
R,3,17,15,251,0.67349771,-0.72046750,-0.16531005,interior
R,3,17,16,272,0.63133985,-0.76451418,-0.13010786,interior
R,3,17,17,295,0.58464595,-0.80595306,-0.09289117,interior
R,3,17,18,319,0.53084456,-0.84536079,-0.05974270,interior
R,3,17,19,340,0.47069988,-0.88178810,-0.02985582,interior
R,3,17,20,365,0.40919186,-0.91244627,0.00195733,interior
R,3,17,21,388,0.33702820,-0.94116575,0.02488032,interior
R,3,17,22,411,0.26390375,-0.96353882,0.04413338,interior
R,3,17,23,435,0.19350704,-0.97895085,0.06488651,interior
R,3,17,24,455,0.11123366,-0.99009610,0.08565502,interior
R,3,17,25,480,0.02737050,-0.99339606,0.11142318,interior
R,3,17,26,501,-0.05664235,-0.98840510,0.14087938,interior
R,3,17,27,525,-0.14580245,-0.97431781,0.17159965,interior
R,3,17,28,545,-0.23021974,-0.95043950,0.20895844,interior
R,3,17,29,566,-0.31779895,-0.91812038,0.23676740,interior
R,3,17,30,587,-0.40598539,-0.87695928,0.25713474,interior
R,3,17,31,604,-0.51087303,-0.81581858,0.27101437,interior
R,3,17,32,618,-0.61006674,-0.74153847,0.27917605,interior
R,3,17,33,630,-0.71214338,-0.64486170,0.27749809,interior
R,3,17,34,634,-0.82213903,-0.50434282,0.26405629,boundary
R,3,18,5,80,0.90307845,0.04626610,-0.42697630,interior
R,3,18,6,90,0.91541621,-0.04202363,-0.40030885,interior
R,3,18,7,106,0.91749840,-0.12558107,-0.37739380,interior
R,3,18,8,122,0.91507330,-0.20716026,-0.34601370,interior
R,3,18,9,137,0.90558038,-0.28694882,-0.31238526,interior
R,3,18,10,156,0.88915346,-0.36436150,-0.27685162,interior
R,3,18,11,175,0.86447485,-0.43631842,-0.24961863,interior
R,3,18,12,196,0.83615057,-0.50372189,-0.21706330,interior
R,3,18,13,217,0.80181711,-0.56850855,-0.18408515,interior
R,3,18,14,239,0.76875116,-0.62072776,-0.15400878,interior
R,3,18,15,262,0.72722403,-0.67561426,-0.12120468,interior
R,3,18,16,283,0.68179554,-0.72620280,-0.08822886,interior
R,3,18,17,306,0.63624279,-0.76942058,-0.05645428,interior
R,3,18,18,328,0.58910515,-0.80780993,-0.01995580,interior
R,3,18,19,350,0.53593274,-0.84422397,0.00787272,interior
R,3,18,20,375,0.47841740,-0.87741233,0.03555845,interior
R,3,18,21,398,0.41474888,-0.90791050,0.06067851,interior
R,3,18,22,420,0.34055996,-0.93742974,0.07241821,interior
R,3,18,23,445,0.26470605,-0.95941153,0.09726370,interior
R,3,18,24,469,0.18441984,-0.97452901,0.12760303,interior
R,3,18,25,493,0.09880146,-0.98352573,0.15137839,interior
R,3,18,26,515,0.01322279,-0.98386525,0.17842176,interior
R,3,18,27,535,-0.07444450,-0.97495876,0.20955532,interior
R,3,18,28,559,-0.16529122,-0.95393787,0.25036243,interior
R,3,18,29,579,-0.25118989,-0.92557826,0.28321109,interior
R,3,18,30,598,-0.33420008,-0.89009047,0.30991814,interior
R,3,18,31,619,-0.43504904,-0.83581855,0.33487264,interior
R,3,18,32,633,-0.53684202,-0.76833764,0.34850813,interior
R,3,18,33,646,-0.63064024,-0.69309408,0.34916112,interior
R,3,18,34,654,-0.73809187,-0.59147731,0.32461514,boundary
R,3,19,5,91,0.90970547,0.12607627,-0.39565229,interior
R,3,19,6,104,0.93093563,0.01525303,-0.36486462,interior
R,3,19,7,116,0.93835986,-0.07235587,-0.33800207,interior
R,3,19,8,130,0.93790598,-0.15693627,-0.30935964,interior
R,3,19,9,145,0.93207345,-0.23873174,-0.27248163,interior
R,3,19,10,166,0.92092469,-0.31167916,-0.23399533,interior
R,3,19,11,185,0.89949849,-0.38595348,-0.20479836,interior
R,3,19,12,204,0.87298426,-0.45474494,-0.17636760,interior
R,3,19,13,226,0.84184561,-0.52021990,-0.14376096,interior
R,3,19,14,249,0.80739422,-0.57920521,-0.11240953,interior
R,3,19,15,271,0.77415332,-0.62789001,-0.08025441,interior
R,3,19,16,294,0.73720026,-0.67418379,-0.04485526,interior
R,3,19,17,316,0.69153083,-0.72224467,-0.01215527,interior
R,3,19,18,339,0.64496626,-0.76396659,0.01932788,interior
R,3,19,19,362,0.59241603,-0.80442081,0.04416344,interior
R,3,19,20,385,0.53645657,-0.84132509,0.06623013,interior
R,3,19,21,409,0.47601327,-0.87534607,0.08473853,interior
R,3,19,22,432,0.41022509,-0.90585493,0.10555676,interior
R,3,19,23,456,0.33464191,-0.93341922,0.12939610,interior
R,3,19,24,481,0.25374507,-0.95270993,0.16720415,interior
R,3,19,25,504,0.17161577,-0.96528462,0.19691020,interior
R,3,19,26,527,0.08285489,-0.97178734,0.22082671,interior
R,3,19,27,548,-0.00820214,-0.96791399,0.25114785,interior
R,3,19,28,573,-0.09402951,-0.95211101,0.29093485,interior
R,3,19,29,593,-0.18665320,-0.92675844,0.32600518,interior
R,3,19,30,612,-0.27378186,-0.89332708,0.35638494,interior
R,3,19,31,632,-0.36060374,-0.84848605,0.38734528,interior
R,3,19,32,649,-0.45920341,-0.78985452,0.40652438,interior
R,3,19,33,662,-0.55914861,-0.71721045,0.41588700,interior
R,3,19,34,672,-0.65463179,-0.63815172,0.40524018,interior
R,3,19,35,675,-0.75117831,-0.53885851,0.38126455,boundary
R,3,20,6,117,0.94578644,0.08345671,-0.31388371,interior
R,3,20,7,126,0.95405764,-0.01500483,-0.29924717,interior
R,3,20,8,142,0.95824392,-0.10042306,-0.26773830,interior
R,3,20,9,159,0.95436753,-0.18429650,-0.23498386,interior
R,3,20,10,177,0.94553394,-0.25863659,-0.19766810,interior
R,3,20,11,195,0.93005204,-0.33056641,-0.16040279,interior
R,3,20,12,216,0.90928447,-0.39553869,-0.12942525,interior
R,3,20,13,237,0.88213303,-0.46007809,-0.10084374,interior
R,3,20,14,260,0.84740025,-0.52616349,-0.07116741,interior
R,3,20,15,282,0.81228693,-0.58181912,-0.04094452,interior
R,3,20,16,303,0.77792984,-0.62832801,-0.00539121,interior
R,3,20,17,327,0.73991736,-0.67209592,0.02844955,interior
R,3,20,18,349,0.69545145,-0.71643642,0.05537273,interior
R,3,20,19,372,0.64494403,-0.76062465,0.07414403,interior
R,3,20,20,395,0.59129844,-0.80108758,0.09287002,interior
R,3,20,21,419,0.53428032,-0.83706276,0.11777297,interior
R,3,20,22,444,0.46990359,-0.87080847,0.14451028,interior
R,3,20,23,467,0.39500998,-0.90322339,0.16779341,interior
R,3,20,24,492,0.31635551,-0.92748169,0.19924081,interior
R,3,20,25,516,0.23776796,-0.94191569,0.23719452,interior
R,3,20,26,540,0.15471722,-0.95182331,0.26475455,interior
R,3,20,27,561,0.06311939,-0.95325653,0.29549609,interior
R,3,20,28,585,-0.02314550,-0.94011873,0.34006038,interior
R,3,20,29,606,-0.11627193,-0.92013597,0.37393935,interior
R,3,20,30,625,-0.21304731,-0.89307895,0.39625855,interior
R,3,20,31,643,-0.29998972,-0.85300485,0.42707013,interior
R,3,20,32,661,-0.38785505,-0.80072304,0.45652061,interior
R,3,20,33,677,-0.48453386,-0.73510485,0.47418119,interior
R,3,20,34,685,-0.58535773,-0.65634212,0.47599512,interior
R,3,20,35,694,-0.67752708,-0.56822044,0.46699315,boundary
R,3,21,7,138,0.95838075,0.03646776,-0.28315445,interior
R,3,21,8,154,0.97150823,-0.04612941,-0.23247331,interior
R,3,21,9,169,0.97285585,-0.12491331,-0.19480286,interior
R,3,21,10,186,0.96534955,-0.20311740,-0.16384007,interior
R,3,21,11,206,0.95367590,-0.27358767,-0.12510820,interior
R,3,21,12,225,0.93764617,-0.33621201,-0.08821083,interior
R,3,21,13,248,0.91785091,-0.39279165,-0.05713519,interior
R,3,21,14,269,0.88819755,-0.45874548,-0.02564578,interior
R,3,21,15,291,0.85190566,-0.52367827,0.00422112,interior
R,3,21,16,315,0.81535349,-0.57800638,0.03327643,interior
R,3,21,17,337,0.77829694,-0.62515205,0.05864117,interior
R,3,21,18,359,0.73730621,-0.67069431,0.08092399,interior
R,3,21,19,382,0.69137498,-0.71605410,0.09626609,interior
R,3,21,20,406,0.63729471,-0.76139293,0.11889603,interior
R,3,21,21,430,0.58130752,-0.80025599,0.14721382,interior
R,3,21,22,454,0.52059749,-0.83438235,0.18106449,interior
R,3,21,23,479,0.45117570,-0.86704812,0.21134818,interior
R,3,21,24,502,0.37544631,-0.89551067,0.23895755,interior
R,3,21,25,526,0.30100640,-0.91350270,0.27369319,interior
R,3,21,26,549,0.21952556,-0.92462204,0.31125973,interior
R,3,21,27,574,0.13084786,-0.93180722,0.33854712,interior
R,3,21,28,596,0.04414274,-0.92481901,0.37783755,interior
R,3,21,29,616,-0.04437594,-0.90735510,0.41801614,interior
R,3,21,30,639,-0.13911894,-0.88481201,0.44469499,interior
R,3,21,31,656,-0.23305467,-0.85451057,0.46421677,interior
R,3,21,32,674,-0.32463273,-0.80382960,0.49846922,interior
R,3,21,33,690,-0.41806821,-0.74095078,0.52555772,interior
R,3,21,34,700,-0.51324500,-0.67026242,0.53602972,interior
R,3,21,35,710,-0.61722464,-0.58156830,0.52991703,interior
R,3,21,36,711,-0.71601608,-0.47616689,0.51047630,boundary
R,3,22,7,150,0.96446080,0.08309796,-0.25081886,boundary
R,3,22,8,162,0.97768589,0.00507393,-0.21001083,interior
R,3,22,9,181,0.98337060,-0.07070023,-0.16728344,interior
R,3,22,10,198,0.98205960,-0.14015710,-0.12615439,interior
R,3,22,11,215,0.97414486,-0.20706124,-0.09037382,interior
R,3,22,12,236,0.95858414,-0.27910428,-0.05672081,interior
R,3,22,13,257,0.94005278,-0.34013892,-0.02462310,interior
R,3,22,14,280,0.91786313,-0.39680726,0.00844292,interior
R,3,22,15,301,0.88705725,-0.45970460,0.04243949,interior
R,3,22,16,324,0.84932102,-0.52354297,0.06750239,interior
R,3,22,17,347,0.81275930,-0.57618437,0.08622002,interior
R,3,22,18,369,0.77372715,-0.62516161,0.10256345,interior
R,3,22,19,391,0.72954353,-0.67231410,0.12553879,interior
R,3,22,20,415,0.67822952,-0.71874478,0.15300543,interior
R,3,22,21,441,0.62304576,-0.76018376,0.18421353,interior
R,3,22,22,464,0.56253138,-0.79785544,0.21676058,interior
R,3,22,23,489,0.49929593,-0.82991863,0.24887476,interior
R,3,22,24,514,0.43075492,-0.85763682,0.28090798,interior
R,3,22,25,539,0.35939485,-0.87779850,0.31670986,interior
R,3,22,26,563,0.28209959,-0.89202985,0.35313250,interior
R,3,22,27,584,0.19254924,-0.90180501,0.38687532,interior
R,3,22,28,608,0.10093877,-0.90249686,0.41870130,interior
R,3,22,29,629,0.01666617,-0.89114463,0.45341314,interior
R,3,22,30,650,-0.07186113,-0.86723120,0.49269262,interior
R,3,22,31,667,-0.16689781,-0.84157303,0.51371194,interior
R,3,22,32,684,-0.26060099,-0.80203907,0.53742019,interior
R,3,22,33,701,-0.35604946,-0.74287896,0.56688591,interior
R,3,22,34,716,-0.44777707,-0.67876719,0.58204021,interior
R,3,22,35,723,-0.54179592,-0.60480777,0.58366492,interior
R,3,22,36,728,-0.63018021,-0.52590988,0.57121948,boundary
R,3,23,8,176,0.97963601,0.07261022,-0.18719255,boundary
R,3,23,9,192,0.98881732,-0.01359297,-0.14851106,interior
R,3,23,10,209,0.99099400,-0.08369016,-0.10453160,interior
R,3,23,11,227,0.98697321,-0.15042456,-0.05706421,interior
R,3,23,12,247,0.97677829,-0.21311026,-0.02209486,interior
R,3,23,13,267,0.96148390,-0.27478145,0.00662277,interior
R,3,23,14,290,0.93967231,-0.34020521,0.03572635,interior
R,3,23,15,311,0.91372264,-0.40099949,0.06565327,interior
R,3,23,16,335,0.88088437,-0.46403170,0.09336646,interior
R,3,23,17,358,0.84434603,-0.52434589,0.11018699,interior
R,3,23,18,380,0.80494786,-0.57841073,0.13228745,interior
R,3,23,19,404,0.76397320,-0.62551420,0.15835701,interior
R,3,23,20,427,0.71920313,-0.66848915,0.18939142,interior
R,3,23,21,451,0.66684737,-0.71151327,0.22150270,interior
R,3,23,22,474,0.60915999,-0.75113313,0.25440740,interior
R,3,23,23,499,0.55052515,-0.78469372,0.28491724,interior
R,3,23,24,523,0.48545102,-0.81415204,0.31858087,interior
R,3,23,25,547,0.41467748,-0.83785864,0.35501478,interior
R,3,23,26,572,0.33849728,-0.85444526,0.39413561,interior
R,3,23,27,595,0.25552278,-0.86609738,0.42963175,interior
R,3,23,28,617,0.16347121,-0.87228701,0.46086064,interior
R,3,23,29,640,0.07121390,-0.86868990,0.49021060,interior
R,3,23,30,658,-0.01198349,-0.85015311,0.52639918,interior
R,3,23,31,680,-0.10189382,-0.82145909,0.56109056,interior
R,3,23,32,697,-0.19842910,-0.78566244,0.58596964,interior
R,3,23,33,714,-0.29360188,-0.73808297,0.60747960,interior
R,3,23,34,727,-0.38600003,-0.67906423,0.62440032,interior
R,3,23,35,737,-0.47418896,-0.61341708,0.63155705,interior
R,3,23,36,741,-0.56896206,-0.53426979,0.62517035,interior
R,3,23,37,744,-0.66672566,-0.43276614,0.60678692,boundary
R,3,24,9,202,0.99023063,0.05803218,-0.12678942,boundary
R,3,24,10,220,0.99631660,-0.01740709,-0.08396559,interior
R,3,24,11,238,0.99565700,-0.08688177,-0.03344687,interior
R,3,24,12,256,0.98812243,-0.15344850,0.00822300,interior
R,3,24,13,279,0.97684153,-0.21036627,0.03907234,interior
R,3,24,14,299,0.95950181,-0.27426128,0.06431967,interior
R,3,24,15,322,0.93691124,-0.33897480,0.08540147,interior
R,3,24,16,344,0.90890580,-0.40308699,0.10682283,interior
R,3,24,17,368,0.87336303,-0.46724216,0.13755644,interior
R,3,24,18,390,0.83439620,-0.52439458,0.16968591,interior
R,3,24,19,414,0.79561980,-0.57194860,0.19965954,interior
R,3,24,20,437,0.75522113,-0.61390105,0.22970969,interior
R,3,24,21,462,0.71308209,-0.65132491,0.25940276,interior
R,3,24,22,486,0.66041586,-0.69120975,0.29339388,interior
R,3,24,23,510,0.60240458,-0.73014089,0.32249497,interior
R,3,24,24,533,0.53569784,-0.76572727,0.35593478,interior
R,3,24,25,558,0.46285191,-0.79471246,0.39268335,interior
R,3,24,26,581,0.38899007,-0.81241598,0.43435816,interior
R,3,24,27,605,0.31295309,-0.82471838,0.47106258,interior
R,3,24,28,627,0.22397996,-0.83443461,0.50353934,interior
R,3,24,29,651,0.13438017,-0.83308120,0.53657961,interior
R,3,24,30,670,0.04799519,-0.82058387,0.56950731,interior
R,3,24,31,689,-0.03738000,-0.79808344,0.60138636,interior
R,3,24,32,708,-0.13359821,-0.76272272,0.63277608,interior
R,3,24,33,724,-0.23432858,-0.71629868,0.65727188,interior
R,3,24,34,739,-0.32480295,-0.66539777,0.67212264,interior
R,3,24,35,749,-0.41247135,-0.60813589,0.67826110,interior
R,3,24,36,757,-0.50054344,-0.53462271,0.68090735,interior
R,3,24,37,760,-0.60396822,-0.44807679,0.65912789,boundary
R,3,25,10,231,0.99600666,0.05473240,-0.07053437,boundary
R,3,25,11,246,0.99984994,-0.01158156,-0.01288265,interior
R,3,25,12,266,0.99594240,-0.08240245,0.03617417,interior
R,3,25,13,288,0.98711354,-0.14590890,0.06570731,interior
R,3,25,14,308,0.97284288,-0.21339954,0.08965134,interior
R,3,25,15,330,0.95523777,-0.27521451,0.10852551,interior
R,3,25,16,351,0.93219746,-0.33754945,0.13064558,interior
R,3,25,17,374,0.90201378,-0.39934080,0.16400628,interior
R,3,25,18,399,0.86516135,-0.45783663,0.20464960,interior
R,3,25,19,422,0.82618989,-0.50949904,0.24045998,interior
R,3,25,20,448,0.78488280,-0.55795641,0.26952482,interior
R,3,25,21,470,0.74410012,-0.59678140,0.30027817,interior
R,3,25,22,496,0.70278983,-0.62901013,0.33231418,interior
R,3,25,23,519,0.64932888,-0.66775209,0.36397686,interior
R,3,25,24,543,0.58304619,-0.70872390,0.39719966,interior
R,3,25,25,567,0.50978428,-0.74148709,0.43625323,interior
R,3,25,26,591,0.43489174,-0.76370689,0.47709638,interior
R,3,25,27,613,0.36012689,-0.77857992,0.51392794,interior
R,3,25,28,636,0.28011970,-0.79000246,0.54537057,interior
R,3,25,29,657,0.19201985,-0.79226754,0.57917228,interior
R,3,25,30,679,0.10900000,-0.78420395,0.61085445,interior
R,3,25,31,699,0.01870532,-0.76538348,0.64330260,interior
R,3,25,32,718,-0.07145775,-0.73985617,0.66895937,interior
R,3,25,33,736,-0.17252590,-0.69872640,0.69427389,interior
R,3,25,34,751,-0.26892261,-0.64951324,0.71120544,interior
R,3,25,35,762,-0.35475453,-0.59404661,0.72198189,interior
R,3,25,36,771,-0.43754992,-0.52875578,0.72730144,interior
R,3,25,37,777,-0.52335411,-0.44759278,0.72509391,interior
R,3,25,38,774,-0.61382905,-0.34209014,0.71146907,boundary
R,3,26,11,258,0.99660318,0.08108825,0.01438042,boundary
R,3,26,12,276,0.99885632,-0.00408847,0.04763756,interior
R,3,26,13,297,0.99384557,-0.07433804,0.08212699,interior
R,3,26,14,318,0.98387368,-0.14466127,0.10519365,interior
R,3,26,15,338,0.96886968,-0.20826591,0.13385382,interior
R,3,26,16,360,0.94859118,-0.27213575,0.16160728,interior
R,3,26,17,383,0.92301871,-0.33247793,0.19363597,interior
R,3,26,18,407,0.88994367,-0.39182936,0.23338812,interior
R,3,26,19,433,0.85316962,-0.44499526,0.27217792,interior
R,3,26,20,458,0.81330268,-0.49485273,0.30603845,interior
R,3,26,21,482,0.76970609,-0.54260744,0.33634760,interior
R,3,26,22,505,0.73013768,-0.57565103,0.36813701,interior
R,3,26,23,530,0.68527239,-0.60718513,0.40215416,interior
R,3,26,24,554,0.62550642,-0.64368915,0.44091497,interior
R,3,26,25,576,0.55672138,-0.67800210,0.47997340,interior
R,3,26,26,600,0.48530372,-0.70404654,0.51845807,interior
R,3,26,27,622,0.41347072,-0.72292223,0.55355705,interior
R,3,26,28,642,0.33803349,-0.73731884,0.58488827,interior
R,3,26,29,665,0.25043043,-0.74238113,0.62141359,interior
R,3,26,30,686,0.16465770,-0.74143017,0.65051452,interior
R,3,26,31,706,0.07061861,-0.72828846,0.68162228,interior
R,3,26,32,726,-0.02056333,-0.70854209,0.70536888,interior
R,3,26,33,742,-0.11405332,-0.67806217,0.72610160,interior
R,3,26,34,759,-0.20473653,-0.63880984,0.74162318,interior
R,3,26,35,773,-0.29341749,-0.58370371,0.75709719,interior
R,3,26,36,781,-0.37747597,-0.52583839,0.76223742,interior
R,3,26,37,789,-0.45833553,-0.44962710,0.76665769,interior
R,3,26,38,790,-0.56908447,-0.35010896,0.74402055,boundary
R,3,27,12,286,0.99532370,0.08046125,0.05344833,boundary
R,3,27,13,305,0.99646018,-0.00101598,0.08405995,interior
R,3,27,14,326,0.99030288,-0.07245179,0.11853668,interior
R,3,27,15,348,0.97772865,-0.14128390,0.15519520,interior
R,3,27,16,371,0.96024714,-0.20386680,0.19069285,interior
R,3,27,17,392,0.93845398,-0.26393577,0.22280492,interior
R,3,27,18,416,0.90809058,-0.32755714,0.26091728,interior
R,3,27,19,440,0.87471938,-0.38102650,0.29947421,interior
R,3,27,20,465,0.83811108,-0.43064677,0.33483307,interior
R,3,27,21,490,0.79631788,-0.47839820,0.37015266,interior
R,3,27,22,513,0.75270121,-0.52085988,0.40267341,interior
R,3,27,23,537,0.71014745,-0.55361528,0.43497208,interior
R,3,27,24,564,0.65566348,-0.58728587,0.47455318,interior
R,3,27,25,586,0.59595628,-0.61693595,0.51402932,interior
R,3,27,26,609,0.52869251,-0.64330423,0.55375437,interior
R,3,27,27,631,0.46000481,-0.66579805,0.58745938,interior
R,3,27,28,653,0.38843389,-0.67874835,0.62323334,interior
R,3,27,29,676,0.30726609,-0.68688622,0.65861587,interior
R,3,27,30,696,0.22315626,-0.68844574,0.69010416,interior
R,3,27,31,717,0.12773063,-0.68484243,0.71740904,interior
R,3,27,32,735,0.03133473,-0.67274051,0.73921468,interior
R,3,27,33,754,-0.05971329,-0.64727505,0.75991403,interior
R,3,27,34,766,-0.14875153,-0.61511407,0.77427880,interior
R,3,27,35,780,-0.23344445,-0.57220640,0.78618289,interior
R,3,27,36,792,-0.31808328,-0.51389108,0.79670508,interior
R,3,27,37,798,-0.39932114,-0.44374848,0.80226549,interior
R,3,27,38,804,-0.49520496,-0.34948596,0.79538142,interior
R,3,27,39,797,-0.61284515,-0.23799411,0.75351153,boundary
R,3,28,13,313,0.99460791,0.07067644,0.07589436,boundary
R,3,28,14,334,0.99202942,0.00017959,0.12600633,interior
R,3,28,15,356,0.98219980,-0.07406026,0.17262279,interior
R,3,28,16,379,0.96673384,-0.13917124,0.21460908,interior
R,3,28,17,403,0.94712014,-0.19928094,0.25149663,interior
R,3,28,18,426,0.92126302,-0.25984256,0.28940680,interior
R,3,28,19,450,0.88891158,-0.31847264,0.32925882,interior
R,3,28,20,473,0.85523584,-0.36826859,0.36462296,interior
R,3,28,21,497,0.81881659,-0.41306135,0.39864736,interior
R,3,28,22,520,0.77794666,-0.45401819,0.43435755,interior
R,3,28,23,544,0.73085426,-0.49445581,0.47049496,interior
R,3,28,24,568,0.68120018,-0.53046282,0.50455476,interior
R,3,28,25,592,0.62243235,-0.56398705,0.54267538,interior
R,3,28,26,614,0.56395388,-0.58777544,0.58006556,interior
R,3,28,27,638,0.49553822,-0.61079154,0.61755613,interior
R,3,28,28,659,0.42403776,-0.62410263,0.65626815,interior
R,3,28,29,682,0.34871687,-0.63150188,0.69253298,interior
R,3,28,30,703,0.27410508,-0.63623730,0.72115775,interior
R,3,28,31,720,0.18527272,-0.63667937,0.74854085,interior
R,3,28,32,740,0.09082414,-0.62914039,0.77196719,interior
R,3,28,33,758,-0.00112415,-0.61347733,0.78971153,interior
R,3,28,34,775,-0.08783294,-0.58234542,0.80818265,interior
R,3,28,35,791,-0.17928546,-0.54108296,0.82163614,interior
R,3,28,36,800,-0.26375287,-0.49472591,0.82805839,interior
R,3,28,37,810,-0.34703135,-0.42571130,0.83566688,interior
R,3,28,38,813,-0.44129835,-0.34354900,0.82899328,interior
R,3,28,39,812,-0.55276529,-0.24011667,0.79799406,boundary
R,3,29,14,341,0.99043938,0.07269756,0.11723863,boundary
R,3,29,15,361,0.98423378,-0.00301117,0.17684680,interior
R,3,29,16,386,0.97068617,-0.07183349,0.22936499,interior
R,3,29,17,410,0.95327852,-0.12785827,0.27370117,interior
R,3,29,18,434,0.93195906,-0.18132302,0.31396541,interior
R,3,29,19,460,0.90291193,-0.24075552,0.35607139,interior
R,3,29,20,484,0.87135163,-0.29123083,0.39488092,interior
R,3,29,21,507,0.83646033,-0.33976408,0.42999358,interior
R,3,29,22,531,0.79691428,-0.38789226,0.46310606,interior
R,3,29,23,552,0.74959546,-0.43051220,0.50275829,interior
R,3,29,24,577,0.69842981,-0.46816793,0.54130822,interior
R,3,29,25,599,0.64510412,-0.50095228,0.57696402,interior
R,3,29,26,621,0.59062387,-0.52384594,0.61379873,interior
R,3,29,27,644,0.52822083,-0.54808906,0.64852227,interior
R,3,29,28,664,0.45459457,-0.56720561,0.68674710,interior
R,3,29,29,688,0.38311916,-0.57401922,0.72368615,interior
R,3,29,30,705,0.31594488,-0.58156638,0.74963950,interior
R,3,29,31,729,0.23556063,-0.58199319,0.77832841,interior
R,3,29,32,747,0.14104135,-0.57858428,0.80333528,interior
R,3,29,33,765,0.05003437,-0.56541238,0.82328938,interior
R,3,29,34,782,-0.03454834,-0.54458255,0.83799538,interior
R,3,29,35,796,-0.12241941,-0.50344829,0.85530890,interior
R,3,29,36,809,-0.20846920,-0.45678223,0.86480668,interior
R,3,29,37,819,-0.29135819,-0.40174298,0.86816645,interior
R,3,29,38,824,-0.38644960,-0.32356776,0.86369011,interior
R,3,29,39,822,-0.50863784,-0.21323961,0.83415611,boundary
R,3,30,15,370,0.98356290,0.06857151,0.16703882,boundary
R,3,30,16,394,0.97199825,0.00079662,0.23498674,interior
R,3,30,17,418,0.95621442,-0.05663590,0.28713473,interior
R,3,30,18,439,0.93677999,-0.10677664,0.33322964,interior
R,3,30,19,466,0.91342108,-0.15914658,0.37461219,interior
R,3,30,20,487,0.88634204,-0.20975923,0.41279396,interior
R,3,30,21,512,0.85338799,-0.25999932,0.45180670,interior
R,3,30,22,536,0.81370720,-0.31266690,0.49002042,interior
R,3,30,23,560,0.76873760,-0.36312821,0.52647926,interior
R,3,30,24,583,0.71849937,-0.39993213,0.56904564,interior
R,3,30,25,607,0.66705024,-0.43081294,0.60781921,interior
R,3,30,26,628,0.61479714,-0.45453249,0.64453447,interior
R,3,30,27,652,0.55963646,-0.47473588,0.67928851,interior
R,3,30,28,673,0.49312579,-0.49723852,0.71384929,interior
R,3,30,29,695,0.42233989,-0.51273232,0.74748550,interior
R,3,30,30,715,0.35267281,-0.51935514,0.77839073,interior
R,3,30,31,734,0.27998391,-0.52358145,0.80465612,interior
R,3,30,32,755,0.19179070,-0.52341307,0.83021388,interior
R,3,30,33,772,0.10506797,-0.51682255,0.84962061,interior
R,3,30,34,787,0.01691000,-0.49698527,0.86759420,interior
R,3,30,35,803,-0.07340501,-0.46201261,0.88383033,interior
R,3,30,36,816,-0.15454811,-0.41870569,0.89487453,interior
R,3,30,37,826,-0.23817102,-0.36724617,0.89911335,interior
R,3,30,38,833,-0.33000899,-0.29552416,0.89652637,interior
R,3,30,39,834,-0.43186083,-0.20489464,0.87835893,boundary
R,3,31,16,400,0.96968334,0.07381210,0.23295064,boundary
R,3,31,17,424,0.95462615,0.01656275,0.29734592,boundary
R,3,31,18,449,0.93764751,-0.03460595,0.34586062,interior
R,3,31,19,471,0.91691381,-0.08494270,0.38994077,interior
R,3,31,20,495,0.89300610,-0.13521906,0.42925041,interior
R,3,31,21,518,0.86522356,-0.18063940,0.46771529,interior
R,3,31,22,542,0.83102786,-0.23124507,0.50588379,interior
R,3,31,23,565,0.79203235,-0.28282885,0.54101072,interior
R,3,31,24,589,0.74427784,-0.32458033,0.58369350,interior
R,3,31,25,611,0.69026946,-0.35824174,0.62864214,interior
R,3,31,26,635,0.63568119,-0.38577229,0.66864726,interior
R,3,31,27,655,0.58190591,-0.40670240,0.70425753,interior
R,3,31,28,678,0.52677679,-0.42398379,0.73671159,interior
R,3,31,29,698,0.45979408,-0.44448784,0.76877823,interior
R,3,31,30,719,0.38836161,-0.45678510,0.80032658,interior
R,3,31,31,738,0.31694141,-0.46269990,0.82792327,interior
R,3,31,32,756,0.23479076,-0.46526530,0.85346441,interior
R,3,31,33,776,0.15553718,-0.46198437,0.87314296,interior
R,3,31,34,793,0.07116827,-0.44445349,0.89297042,interior
R,3,31,35,808,-0.02616730,-0.41233319,0.91065724,interior
R,3,31,36,821,-0.11459298,-0.37113115,0.92148256,interior
R,3,31,37,832,-0.19142439,-0.32552923,0.92595217,interior
R,3,31,38,838,-0.27820373,-0.25841668,0.92510730,boundary
R,3,31,39,841,-0.37401301,-0.17080837,0.91155843,boundary
R,3,32,18,453,0.93170180,0.03572699,0.36146277,boundary
R,3,32,19,477,0.91726937,-0.00189941,0.39826284,interior
R,3,32,20,500,0.89690426,-0.05397707,0.43891825,interior
R,3,32,21,524,0.87100039,-0.10819179,0.47922110,interior
R,3,32,22,546,0.84300940,-0.15335620,0.51557446,interior
R,3,32,23,570,0.80486859,-0.20250800,0.55783246,interior
R,3,32,24,594,0.76176836,-0.24503060,0.59972407,interior
R,3,32,25,615,0.71285065,-0.28035689,0.64284055,interior
R,3,32,26,637,0.66088029,-0.31123590,0.68291248,interior
R,3,32,27,660,0.60347267,-0.33742279,0.72247256,interior
R,3,32,28,681,0.53852591,-0.35535882,0.76400913,interior
R,3,32,29,702,0.47847463,-0.37437637,0.79429489,interior
R,3,32,30,721,0.41115143,-0.39104168,0.82343239,interior
R,3,32,31,743,0.34393594,-0.39767968,0.85062268,interior
R,3,32,32,761,0.27186660,-0.39855507,0.87592375,interior
R,3,32,33,778,0.18992720,-0.39740185,0.89777471,interior
R,3,32,34,795,0.11009611,-0.38006368,0.91838469,interior
R,3,32,35,811,0.02103694,-0.35293113,0.93541278,interior
R,3,32,36,825,-0.07363484,-0.31234242,0.94711146,interior
R,3,32,37,836,-0.15611238,-0.26343562,0.95196145,interior
R,3,32,38,845,-0.23173776,-0.20688736,0.95052366,boundary
R,3,33,19,483,0.90552813,0.09130815,0.41434481,boundary
R,3,33,20,503,0.90290707,0.04838015,0.42710442,boundary
R,3,33,21,529,0.87479666,-0.01689028,0.48419575,interior
R,3,33,22,550,0.84739275,-0.07125494,0.52616373,interior
R,3,33,23,575,0.81368993,-0.11879734,0.56903065,interior
R,3,33,24,597,0.77209502,-0.16375487,0.61404692,interior
R,3,33,25,620,0.72427836,-0.20181606,0.65931111,interior
R,3,33,26,641,0.67640813,-0.23423003,0.69828958,interior
R,3,33,27,663,0.62229129,-0.26267161,0.73739892,interior
R,3,33,28,683,0.56009248,-0.28334842,0.77846650,interior
R,3,33,29,704,0.49419144,-0.30256783,0.81500155,interior
R,3,33,30,725,0.42707677,-0.32052998,0.84549747,interior
R,3,33,31,746,0.36248689,-0.33530312,0.86958327,interior
R,3,33,32,764,0.30257141,-0.33569403,0.89205385,interior
R,3,33,33,783,0.23353668,-0.33026010,0.91454299,interior
R,3,33,34,799,0.14631038,-0.31551774,0.93757231,interior
R,3,33,35,814,0.06172353,-0.29109910,0.95469970,interior
R,3,33,36,827,-0.02828977,-0.25498763,0.96653039,interior
R,3,33,37,839,-0.11601612,-0.20106814,0.97268282,interior
R,3,33,38,847,-0.19531619,-0.14322109,0.97022642,boundary
R,3,34,21,528,0.87851081,0.08373689,0.47032637,boundary
R,3,34,22,555,0.84495951,0.01752115,0.53454321,boundary
R,3,34,23,578,0.81412627,-0.03257301,0.57977359,interior
R,3,34,24,601,0.77870947,-0.07991140,0.62227464,interior
R,3,34,25,623,0.73384974,-0.12118352,0.66841538,interior
R,3,34,26,645,0.68544862,-0.15849730,0.71066082,interior
R,3,34,27,666,0.63263728,-0.18459931,0.75212576,interior
R,3,34,28,687,0.57181310,-0.21132059,0.79270006,interior
R,3,34,29,707,0.51268905,-0.23035051,0.82709648,interior
R,3,34,30,730,0.44585470,-0.24820789,0.86000374,interior
R,3,34,31,748,0.37844914,-0.26295281,0.88748637,interior
R,3,34,32,768,0.31903025,-0.26949166,0.90862200,interior
R,3,34,33,784,0.26107633,-0.26401186,0.92851327,interior
R,3,34,34,802,0.18406461,-0.24827678,0.95104093,interior
R,3,34,35,817,0.09319196,-0.21950228,0.97115087,interior
R,3,34,36,829,0.00603963,-0.18139460,0.98339185,boundary
R,3,34,37,842,-0.07956419,-0.12934543,0.98840240,boundary
R,3,34,38,850,-0.15443876,-0.07484834,0.98516313,boundary
R,3,35,23,580,0.79800755,0.06078092,0.59957454,boundary
R,3,35,24,603,0.78295039,0.01488183,0.62190612,boundary
R,3,35,25,626,0.74053352,-0.03127777,0.67129115,boundary
R,3,35,26,648,0.69429332,-0.06972513,0.71630664,interior
R,3,35,27,669,0.64513784,-0.10132005,0.75731857,interior
R,3,35,28,692,0.58043227,-0.12833138,0.80413272,interior
R,3,35,29,712,0.51715905,-0.15445834,0.84183676,interior
R,3,35,30,732,0.46140296,-0.17278657,0.87020234,interior
R,3,35,31,752,0.40122157,-0.18334767,0.89744353,interior
R,3,35,32,769,0.34077392,-0.19172141,0.92038907,interior
R,3,35,33,786,0.27713133,-0.18906127,0.94204780,interior
R,3,35,34,806,0.20343973,-0.17271857,0.96373263,interior
R,3,35,35,820,0.11704427,-0.13892584,0.98336171,boundary
R,3,35,36,831,0.03113583,-0.09976710,0.99452355,boundary
R,3,36,26,647,0.69323472,0.03365743,0.71992555,boundary
R,3,36,27,671,0.64824425,-0.00856047,0.76138434,boundary
R,3,36,28,693,0.59616492,-0.03435151,0.80212677,boundary
R,3,36,29,713,0.52872898,-0.06548769,0.84626062,boundary
R,3,36,30,733,0.46549572,-0.08674234,0.88078914,boundary
R,3,36,31,753,0.40961686,-0.09619728,0.90717149,boundary
R,3,36,32,770,0.34747916,-0.10615245,0.93165975,boundary
R,3,36,33,788,0.28574485,-0.10858827,0.95213364,boundary
R,3,36,34,805,0.21463117,-0.08977703,0.97256030,boundary
R,3,36,35,818,0.13284409,-0.05798784,0.98943916,boundary
