body_id,eye,receptor_type,hex1,hex2,column_provenance,l1_partner_id,optical_ray_status,female_lens_id,angular_residual_deg
11139,L,R1-6,36,28,inferred_l1,26947,unregistered,,
15479,L,R8,30,35,direct,,unregistered,,
15625,L,R8,27,37,direct,,unregistered,,
15983,L,R1-6,34,30,inferred_l1,18136,unregistered,,
16357,L,R1-6,25,37,inferred_l1,33498,unregistered,,
16394,L,R1-6,31,37,inferred_l1,24325,unregistered,,
16398,L,R1-6,,,unmapped,,unregistered,,
16681,L,R8,33,36,direct,,unregistered,,
16924,L,R1-6,29,34,inferred_l1,529438,unregistered,,
17721,R,R7,8,16,direct,,unregistered,,
18040,L,R1-6,30,37,inferred_l1,19596,unregistered,,
18975,L,R1-6,27,35,inferred_l1,46394,unregistered,,
18979,L,R8,26,38,direct,,unregistered,,
19418,L,R1-6,29,32,inferred_l1,23252,unregistered,,
20107,L,R7,11,24,direct,,unregistered,,
20428,L,R8,36,29,direct,,unregistered,,
21134,L,R1-6,29,32,inferred_l1,23252,unregistered,,
21622,L,R1-6,36,32,inferred_l1,35460,unregistered,,
22842,L,R8,31,37,direct,,unregistered,,
24385,L,R1-6,23,35,inferred_l1,31283,unregistered,,
25245,L,R1-6,31,36,inferred_l1,22631,unregistered,,
25360,L,R7,30,33,direct,,unregistered,,
25573,L,R1-6,30,33,inferred_l1,18919,unregistered,,
25633,L,R1-6,26,36,inferred_l1,21846,unregistered,,
26388,R,R8,31,33,direct,,unregistered,,
26406,L,R7,26,36,direct,,unregistered,,
26864,R,R7,32,36,direct,,unregistered,,
27174,L,R7,19,33,direct,,unregistered,,
27224,L,R8,34,26,direct,,unregistered,,
27769,R,R1-6,28,35,inferred_l1,22763,unregistered,,
28122,R,R1-6,28,38,inferred_l1,43353,unregistered,,
28592,R,R1-6,28,37,inferred_l1,34528,unregistered,,
29911,R,R8,6,20,direct,,unregistered,,
30038,R,R8,32,35,direct,,unregistered,,
30266,R,R1-6,29,37,inferred_l1,24649,unregistered,,
30471,L,R1-6,26,38,inferred_l1,25163,unregistered,,
30787,L,R1-6,29,39,inferred_l1,35936,unregistered,,
32018,R,R7,15,26,direct,,unregistered,,
32275,R,R1-6,30,34,inferred_l1,21434,unregistered,,
33421,L,R7,7,19,direct,,unregistered,,
34437,L,R1-6,27,35,inferred_l1,46394,unregistered,,
35034,R,R1-6,23,34,inferred_l1,30482,unregistered,,
35426,L,R8,30,33,direct,,unregistered,,
35629,L,R1-6,30,36,inferred_l1,24447,unregistered,,
35681,L,R1-6,27,38,inferred_l1,47866,unregistered,,
35739,R,R1-6,29,33,inferred_l1,25811,unregistered,,
36653,R,R1-6,,,unmapped,,unregistered,,
37067,R,R1-6,30,33,inferred_l1,21781,unregistered,,
37850,R,R1-6,27,36,inferred_l1,29946,unregistered,,
38099,L,R8,31,35,direct,,unregistered,,
38801,L,R1-6,33,27,inferred_l1,18550,unregistered,,
39029,L,R1-6,26,34,inferred_l1,24503,unregistered,,
39891,R,R1-6,28,36,inferred_l1,22498,unregistered,,
40159,L,R7,11,25,direct,,unregistered,,
40328,R,R8,31,34,direct,,unregistered,,
40415,R,R1-6,32,37,inferred_l1,26973,unregistered,,
40431,R,R1-6,30,34,inferred_l1,21434,unregistered,,
40531,L,R7,30,36,direct,,unregistered,,
41658,R,R1-6,30,35,inferred_l1,27879,unregistered,,
41731,L,R1-6,,,unmapped,,unregistered,,
43170,R,R8,29,38,direct,,unregistered,,
44120,L,R8,30,36,direct,,unregistered,,
44712,L,R1-6,33,26,inferred_l1,20711,unregistered,,
45371,R,R1-6,28,36,inferred_l1,22498,unregistered,,
45489,L,R7,15,28,direct,,unregistered,,
46105,L,R7,15,22,direct,,unregistered,,
46250,L,R1-6,35,34,inferred_l1,29293,unregistered,,
46599,R,R1-6,22,33,inferred_l1,30453,unregistered,,
46763,L,R1-6,35,30,inferred_l1,20869,unregistered,,
47841,L,R7,21,31,direct,,unregistered,,
48360,L,R8,35,35,direct,,unregistered,,
50109,L,R7,30,38,direct,,unregistered,,
50306,L,R8,22,36,direct,,unregistered,,
51520,L,R1-6,34,26,inferred_l1,22430,unregistered,,
52406,L,R1-6,33,26,inferred_l1,20711,unregistered,,
52606,R,R7,29,30,direct,,unregistered,,
53093,L,R1-6,23,37,inferred_l1,570389,unregistered,,
53122,R,R7,32,37,direct,,unregistered,,
53671,L,R1-6,28,38,inferred_l1,28639,unregistered,,
53679,R,R1-6,30,37,inferred_l1,22506,unregistered,,
54109,R,R1-6,33,36,inferred_l1,25118,unregistered,,
54640,L,R1-6,29,34,inferred_l1,529438,unregistered,,
54944,R,R1-6,7,22,inferred_l1,53531,unregistered,,
55231,R,R1-6,29,34,inferred_l1,30014,unregistered,,
55303,R,R1-6,20,35,inferred_l1,37583,unregistered,,
55348,L,R7,14,30,direct,,unregistered,,
55534,R,R8,32,37,direct,,unregistered,,
55945,R,R7,30,37,direct,,unregistered,,
56469,R,R1-6,26,35,inferred_l1,30996,unregistered,,
56477,R,R8,30,38,direct,,unregistered,,
57717,R,R1-6,32,32,inferred_l1,41111,unregistered,,
58162,L,R1-6,34,34,inferred_l1,31342,unregistered,,
59034,R,R7,18,33,direct,,unregistered,,
60232,R,R7,30,38,direct,,unregistered,,
60378,R,R7,9,22,direct,,unregistered,,
60778,R,R1-6,29,39,inferred_l1,55746,unregistered,,
60877,L,R1-6,35,33,inferred_l1,29008,unregistered,,
61381,L,R1-6,13,30,inferred_l1,535306,unregistered,,
61428,L,R1-6,28,39,inferred_l1,41225,unregistered,,
62176,L,R1-6,30,38,inferred_l1,44713,unregistered,,
62264,L,R1-6,32,37,inferred_l1,28831,unregistered,,
63238,R,R1-6,27,34,inferred_l1,22624,unregistered,,
64371,L,R1-6,32,36,inferred_l1,37672,unregistered,,
65289,R,R1-6,29,32,inferred_l1,25943,unregistered,,
65463,R,R1-6,30,38,inferred_l1,25263,unregistered,,
65600,L,R1-6,28,37,inferred_l1,23618,unregistered,,
66114,L,R8,16,33,direct,,unregistered,,
66667,R,R1-6,18,34,inferred_l1,24429,unregistered,,
67840,R,R1-6,4,18,inferred_l1,41856,unregistered,,
68111,R,R1-6,28,37,inferred_l1,34528,unregistered,,
68548,L,R1-6,36,32,inferred_l1,35460,unregistered,,
69383,R,R1-6,28,37,inferred_l1,34528,unregistered,,
69459,R,R1-6,28,37,inferred_l1,34528,unregistered,,
71954,L,R1-6,13,31,inferred_l1,540416,unregistered,,
72014,L,R7,20,35,direct,,unregistered,,
72423,R,R7,24,34,direct,,unregistered,,
72951,R,R1-6,31,38,inferred_l1,30196,unregistered,,
73765,R,R1-6,27,36,inferred_l1,29946,unregistered,,
74014,R,R1-6,,,unmapped,,unregistered,,
74160,R,R1-6,32,36,inferred_l1,23714,unregistered,,
74274,R,R1-6,16,32,inferred_l1,31039,unregistered,,
74535,R,R1-6,27,37,inferred_l1,33084,unregistered,,
74538,R,R1-6,28,35,inferred_l1,22763,unregistered,,
75311,R,R1-6,26,37,inferred_l1,20941,unregistered,,
75773,R,R1-6,30,39,inferred_l1,35231,unregistered,,
77095,R,R1-6,16,33,inferred_l1,23857,unregistered,,
77260,L,R1-6,26,35,inferred_l1,20608,unregistered,,
77619,R,R1-6,32,34,inferred_l1,36851,unregistered,,
78767,L,R7,25,37,direct,,unregistered,,
78857,R,R1-6,31,35,inferred_l1,21491,unregistered,,
78892,L,R8,25,37,direct,,unregistered,,
79144,R,R1-6,5,18,inferred_l1,35355,unregistered,,
79698,L,R7,34,29,direct,,unregistered,,
80266,R,R7,9,20,direct,,unregistered,,
80352,L,R1-6,20,35,inferred_l1,32922,unregistered,,
80568,L,R7,27,38,direct,,unregistered,,
80659,L,R1-6,33,25,inferred_l1,544136,unregistered,,
81019,L,R1-6,34,28,inferred_l1,19546,unregistered,,
81033,R,R1-6,32,36,inferred_l1,23714,unregistered,,
81144,R,R1-6,26,37,inferred_l1,20941,unregistered,,
81261,R,R8,28,38,direct,,unregistered,,
81286,R,R1-6,17,33,inferred_l1,25475,unregistered,,
81670,R,R8,20,35,direct,,unregistered,,
81895,L,R1-6,23,33,inferred_l1,22703,unregistered,,
82086,R,R8,8,3,direct,,unregistered,,
82664,L,R7,19,32,direct,,unregistered,,
82994,L,R7,25,34,direct,,unregistered,,
83146,L,R7,31,36,direct,,unregistered,,
83396,L,R1-6,21,36,inferred_l1,48050,unregistered,,
83842,R,R1-6,29,37,inferred_l1,24649,unregistered,,
84219,R,R1-6,7,10,inferred_l1,29571,unregistered,,
84246,R,R1-6,31,34,inferred_l1,21188,unregistered,,
84717,L,R7,14,28,direct,,unregistered,,
85347,L,R1-6,24,32,inferred_l1,540062,unregistered,,
85710,L,R1-6,26,37,inferred_l1,21298,unregistered,,
86178,L,R7,27,37,direct,,unregistered,,
86197,L,R8,22,11,direct,,unregistered,,
86331,R,R1-6,30,38,inferred_l1,25263,unregistered,,
86366,R,R1-6,31,34,inferred_l1,21188,unregistered,,
86821,R,R1-6,27,38,inferred_l1,22565,unregistered,,
86881,L,R1-6,28,32,inferred_l1,21922,unregistered,,
88291,R,R1-6,27,35,inferred_l1,29950,unregistered,,
88858,R,R1-6,27,35,inferred_l1,29950,unregistered,,
89100,R,R7,28,38,direct,,unregistered,,
89397,R,R1-6,20,34,inferred_l1,24916,unregistered,,
89443,R,R7,25,37,direct,,unregistered,,
89884,R,R1-6,34,36,inferred_l1,28458,unregistered,,
90083,L,R7,24,33,direct,,unregistered,,
90751,L,R1-6,24,33,inferred_l1,533351,unregistered,,
90792,L,R1-6,25,35,inferred_l1,15511,unregistered,,
90964,R,R1-6,32,35,inferred_l1,36006,unregistered,,
91212,R,R7,34,36,direct,,unregistered,,
91636,L,R7,31,35,direct,,unregistered,,
92057,L,R7,10,25,direct,,unregistered,,
92443,R,R7,10,17,direct,,unregistered,,
93749,L,R7,23,36,direct,,unregistered,,
93836,R,R7,27,38,direct,,unregistered,,
94155,R,R1-6,30,37,inferred_l1,22506,unregistered,,
94374,L,R1-6,33,28,inferred_l1,541779,unregistered,,
94460,R,R1-6,31,38,inferred_l1,30196,unregistered,,
94627,L,R1-6,35,28,inferred_l1,20672,unregistered,,
94868,R,R1-6,30,35,inferred_l1,27879,unregistered,,
94966,L,R1-6,34,27,inferred_l1,21539,unregistered,,
94971,R,R1-6,33,36,inferred_l1,25118,unregistered,,
95164,R,R1-6,28,31,inferred_l1,35958,unregistered,,
95486,R,R1-6,5,20,inferred_l1,33890,unregistered,,
95572,R,R1-6,32,35,inferred_l1,36006,unregistered,,
95584,R,R7,31,34,direct,,unregistered,,
95643,R,R8,26,37,direct,,unregistered,,
95852,R,R1-6,25,36,inferred_l1,22019,unregistered,,
95971,R,R7,33,37,direct,,unregistered,,
96819,L,R1-6,20,35,inferred_l1,32922,unregistered,,
96833,R,R7,35,35,direct,,unregistered,,
96906,R,R8,31,38,direct,,unregistered,,
97156,L,R7,12,24,direct,,unregistered,,
97657,R,R8,27,38,direct,,unregistered,,
98249,L,R8,32,34,direct,,unregistered,,
98254,L,R1-6,24,34,inferred_l1,534333,unregistered,,
98422,R,R1-6,23,37,inferred_l1,28240,unregistered,,
98910,R,R1-6,29,37,inferred_l1,24649,unregistered,,
99076,R,R1-6,30,29,inferred_l1,24026,unregistered,,
99298,R,R1-6,12,30,inferred_l1,34837,unregistered,,
99504,R,R1-6,20,34,inferred_l1,24916,unregistered,,
99511,R,R7,8,7,direct,,unregistered,,
99767,R,R1-6,31,35,inferred_l1,21491,unregistered,,
99878,L,R1-6,35,34,inferred_l1,29293,unregistered,,
99945,R,R1-6,22,34,inferred_l1,24823,unregistered,,
99948,L,R1-6,35,32,inferred_l1,26097,unregistered,,
100082,L,R1-6,29,38,inferred_l1,544987,unregistered,,
100150,L,R1-6,29,36,inferred_l1,22424,unregistered,,
100636,L,R7,30,37,direct,,unregistered,,
100772,R,R7,14,26,direct,,unregistered,,
100886,R,R7,13,28,direct,,unregistered,,
101272,R,R7,23,36,direct,,unregistered,,
101326,R,R1-6,30,35,inferred_l1,27879,unregistered,,
101414,R,R7,13,26,direct,,unregistered,,
102522,R,R1-6,,,unmapped,,unregistered,,
102573,L,R7,9,27,direct,,unregistered,,
103357,R,R8,25,37,direct,,unregistered,,
103505,L,R7,12,26,direct,,unregistered,,
103581,R,R1-6,24,37,inferred_l1,446936,unregistered,,
103699,L,R1-6,34,29,inferred_l1,22168,unregistered,,
103892,R,R8,5,18,direct,,unregistered,,
104044,R,R1-6,5,10,inferred_l1,30174,unregistered,,
104411,R,R1-6,32,36,inferred_l1,23714,unregistered,,
104468,L,R7,15,30,direct,,unregistered,,
104489,L,R7,12,25,direct,,unregistered,,
104699,L,R1-6,29,32,inferred_l1,23252,unregistered,,
104861,R,R8,30,33,direct,,unregistered,,
105027,L,R1-6,33,34,inferred_l1,23873,unregistered,,
105055,L,R1-6,31,36,inferred_l1,22631,unregistered,,
105391,R,R7,34,35,direct,,unregistered,,
105486,R,R1-6,31,36,inferred_l1,24574,unregistered,,
106241,L,R1-6,28,30,inferred_l1,22613,unregistered,,
106282,R,R1-6,32,37,inferred_l1,26973,unregistered,,
106498,L,R1-6,28,31,inferred_l1,21170,unregistered,,
106548,R,R1-6,28,28,inferred_l1,31090,unregistered,,
106686,R,R8,14,3,direct,,unregistered,,
106723,L,R1-6,29,38,inferred_l1,544987,unregistered,,
107061,R,R7,26,38,direct,,unregistered,,
107473,R,R7,25,35,direct,,unregistered,,
107527,L,R7,9,26,direct,,unregistered,,
107650,R,R1-6,28,38,inferred_l1,43353,unregistered,,
108053,R,R8,26,38,direct,,unregistered,,
108118,R,R1-6,4,14,inferred_l1,34243,unregistered,,
108593,R,R1-6,23,37,inferred_l1,28240,unregistered,,
108630,R,R8,34,36,direct,,unregistered,,
108869,R,R1-6,31,35,inferred_l1,21491,unregistered,,
109186,L,R1-6,33,33,inferred_l1,549493,unregistered,,
109342,R,R1-6,23,36,inferred_l1,95573,unregistered,,
109362,R,R7,31,37,direct,,unregistered,,
109534,L,R1-6,28,30,inferred_l1,22613,unregistered,,
109759,L,R7,16,28,direct,,unregistered,,
109856,R,R1-6,28,36,inferred_l1,22498,unregistered,,
109875,L,R1-6,28,30,inferred_l1,22613,unregistered,,
110262,R,R1-6,34,35,inferred_l1,25014,unregistered,,
110383,R,R1-6,31,33,inferred_l1,31929,unregistered,,
110533,R,R1-6,36,29,inferred_l1,37539,unregistered,,
110681,R,R1-6,30,34,inferred_l1,21434,unregistered,,
110823,R,R1-6,29,38,inferred_l1,38599,unregistered,,
111273,L,R1-6,21,36,inferred_l1,48050,unregistered,,
111864,R,R1-6,25,35,inferred_l1,29654,unregistered,,
111976,R,R7,26,37,direct,,unregistered,,
111987,R,R1-6,5,14,inferred_l1,30185,unregistered,,
112151,L,R1-6,35,32,inferred_l1,26097,unregistered,,
112479,L,R1-6,22,36,inferred_l1,46696,unregistered,,
112510,L,R1-6,29,34,inferred_l1,529438,unregistered,,
112548,R,R1-6,,,unmapped,,unregistered,,
112574,R,R1-6,6,10,inferred_l1,28713,unregistered,,
112766,R,R1-6,29,37,inferred_l1,24649,unregistered,,
113034,L,R7,14,26,direct,,unregistered,,
113140,L,R1-6,24,37,inferred_l1,52395,unregistered,,
113190,L,R1-6,7,23,inferred_l1,545921,unregistered,,
113238,R,R1-6,36,28,inferred_l1,43715,unregistered,,
113318,R,R7,31,35,direct,,unregistered,,
113330,L,R1-6,35,31,inferred_l1,25794,unregistered,,
113341,R,R1-6,27,35,inferred_l1,29950,unregistered,,
113364,R,R1-6,3,14,inferred_l1,81438,unregistered,,
113562,R,R1-6,29,29,inferred_l1,21676,unregistered,,
113681,L,R1-6,34,28,inferred_l1,19546,unregistered,,
113829,R,R1-6,,,unmapped,,unregistered,,
114164,R,R1-6,7,3,inferred_l1,53857,unregistered,,
114343,R,R1-6,4,15,inferred_l1,38739,unregistered,,
114539,R,R1-6,27,39,inferred_l1,29593,unregistered,,
114630,R,R1-6,28,34,inferred_l1,21682,unregistered,,
114750,R,R1-6,20,33,inferred_l1,18284,unregistered,,
114811,L,R1-6,34,32,inferred_l1,23274,unregistered,,
114898,L,R1-6,30,33,inferred_l1,18919,unregistered,,
115044,R,R1-6,4,17,inferred_l1,42891,unregistered,,
115351,L,R7,15,27,direct,,unregistered,,
115500,L,R1-6,36,32,inferred_l1,35460,unregistered,,
115630,R,R1-6,31,35,inferred_l1,21491,unregistered,,
116059,L,R7,22,35,direct,,unregistered,,
116281,R,R1-6,5,11,inferred_l1,29301,unregistered,,
116544,R,R1-6,35,36,inferred_l1,29875,unregistered,,
116643,L,R1-6,18,33,inferred_l1,542323,unregistered,,
116809,R,R1-6,5,10,inferred_l1,30174,unregistered,,
116941,R,R1-6,,,unmapped,,unregistered,,
116989,R,R1-6,6,11,inferred_l1,31271,unregistered,,
117185,L,R1-6,7,24,inferred_l1,72043,unregistered,,
117246,L,R1-6,16,33,inferred_l1,36754,unregistered,,
117358,L,R7,28,37,direct,,unregistered,,
117405,L,R7,16,29,direct,,unregistered,,
117458,L,R1-6,23,35,inferred_l1,31283,unregistered,,
117610,R,R1-6,6,9,inferred_l1,40108,unregistered,,
117632,R,R1-6,28,36,inferred_l1,22498,unregistered,,
117721,R,R1-6,29,33,inferred_l1,25811,unregistered,,
117823,R,R1-6,4,10,inferred_l1,31299,unregistered,,
117856,R,R1-6,36,30,inferred_l1,32377,unregistered,,
117958,R,R1-6,6,11,inferred_l1,31271,unregistered,,
118233,R,R1-6,5,19,inferred_l1,218454,unregistered,,
118254,R,R1-6,33,36,inferred_l1,25118,unregistered,,
118493,R,R1-6,5,9,inferred_l1,33524,unregistered,,
118503,R,R1-6,30,32,inferred_l1,23384,unregistered,,
118538,R,R1-6,19,34,inferred_l1,20630,unregistered,,
118589,R,R7,16,29,direct,,unregistered,,
118682,R,R7,24,31,direct,,unregistered,,
118712,L,R1-6,31,35,inferred_l1,23951,unregistered,,
118726,R,R1-6,29,35,inferred_l1,21960,unregistered,,
118789,R,R1-6,35,27,inferred_l1,26275,unregistered,,
118906,L,R7,18,30,direct,,unregistered,,
119183,R,R1-6,21,35,inferred_l1,27606,unregistered,,
119304,R,R8,3,13,direct,,unregistered,,
119508,L,R1-6,24,36,inferred_l1,532462,unregistered,,
119561,L,R7,24,32,direct,,unregistered,,
119621,L,R1-6,30,36,inferred_l1,24447,unregistered,,
119669,R,R7,25,32,direct,,unregistered,,
119683,R,R1-6,35,28,inferred_l1,24696,unregistered,,
119737,R,R1-6,26,34,inferred_l1,30599,unregistered,,
119786,R,R1-6,24,36,inferred_l1,36298,unregistered,,
119809,R,R1-6,9,27,inferred_l1,27532,unregistered,,
119870,R,R1-6,26,34,inferred_l1,30599,unregistered,,
119915,L,R1-6,30,35,inferred_l1,21320,unregistered,,
120107,L,R1-6,35,31,inferred_l1,25794,unregistered,,
120369,R,R1-6,33,38,inferred_l1,71537,unregistered,,
120417,L,R7,14,27,direct,,unregistered,,
120431,L,R1-6,22,35,inferred_l1,18839,unregistered,,
120506,R,R8,8,13,direct,,unregistered,,
120585,L,R7,22,36,direct,,unregistered,,
120596,R,R7,6,7,direct,,unregistered,,
120634,R,R1-6,19,34,inferred_l1,20630,unregistered,,
120673,R,R1-6,20,34,inferred_l1,24916,unregistered,,
120756,L,R1-6,24,36,inferred_l1,532462,unregistered,,
120772,L,R1-6,22,33,inferred_l1,39568,unregistered,,
120782,R,R1-6,7,23,inferred_l1,20988,unregistered,,
120790,L,R1-6,30,35,inferred_l1,21320,unregistered,,
120819,R,R7,22,33,direct,,unregistered,,
121108,R,R1-6,27,39,inferred_l1,29593,unregistered,,
121284,R,R1-6,4,11,inferred_l1,34493,unregistered,,
121475,R,R1-6,20,33,inferred_l1,18284,unregistered,,
121591,R,R1-6,5,15,inferred_l1,28673,unregistered,,
121621,R,R1-6,30,30,inferred_l1,21755,unregistered,,
121804,L,R1-6,31,35,inferred_l1,23951,unregistered,,
121826,R,R1-6,5,16,inferred_l1,34108,unregistered,,
121841,R,R7,16,33,direct,,unregistered,,
121942,L,R1-6,33,33,inferred_l1,549493,unregistered,,
122037,R,R8,8,14,direct,,unregistered,,
122190,L,R1-6,35,32,inferred_l1,26097,unregistered,,
122205,R,R1-6,6,20,inferred_l1,29943,unregistered,,
122209,R,R1-6,5,14,inferred_l1,30185,unregistered,,
122322,L,R8,34,34,direct,,unregistered,,
122376,R,R1-6,4,9,inferred_l1,42152,unregistered,,
122444,L,R7,29,32,direct,,unregistered,,
122524,R,R7,10,13,direct,,unregistered,,
122537,L,R1-6,19,33,inferred_l1,20850,unregistered,,
122582,R,R1-6,,,unmapped,,unregistered,,
122591,R,R1-6,29,32,inferred_l1,25943,unregistered,,
122963,R,R1-6,35,28,inferred_l1,24696,unregistered,,
122980,R,R1-6,30,33,inferred_l1,21781,unregistered,,
122993,L,R1-6,35,31,inferred_l1,25794,unregistered,,
123051,L,R1-6,6,22,inferred_l1,30632,unregistered,,
123110,R,R1-6,3,15,inferred_l1,70736,unregistered,,
123284,L,R1-6,34,30,inferred_l1,18136,unregistered,,
123344,R,R1-6,30,30,inferred_l1,21755,unregistered,,
123582,R,R7,27,34,direct,,unregistered,,
123705,R,R1-6,20,33,inferred_l1,18284,unregistered,,
123821,L,R1-6,19,33,inferred_l1,20850,unregistered,,
123853,R,R1-6,6,21,inferred_l1,45179,unregistered,,
123919,R,R1-6,28,33,inferred_l1,22604,unregistered,,
123934,R,R1-6,32,34,inferred_l1,36851,unregistered,,
124162,R,R1-6,36,27,inferred_l1,34247,unregistered,,
124187,L,R1-6,33,24,inferred_l1,33149,unregistered,,
124209,R,R1-6,10,4,inferred_l1,27641,unregistered,,
124394,R,R7,21,34,direct,,unregistered,,
124429,L,R1-6,27,36,inferred_l1,20876,unregistered,,
124437,R,R7,6,15,direct,,unregistered,,
124475,R,R1-6,19,33,inferred_l1,20790,unregistered,,
124529,R,R1-6,28,34,inferred_l1,21682,unregistered,,
124623,R,R1-6,29,35,inferred_l1,21960,unregistered,,
124779,R,R1-6,29,31,inferred_l1,24144,unregistered,,
124814,R,R1-6,7,24,inferred_l1,39218,unregistered,,
124821,L,R8,9,17,direct,,unregistered,,
124853,R,R8,8,12,direct,,unregistered,,
124926,R,R1-6,9,5,inferred_l1,35026,unregistered,,
124986,R,R1-6,6,15,inferred_l1,29606,unregistered,,
125168,R,R1-6,8,26,inferred_l1,35160,unregistered,,
125205,R,R7,28,33,direct,,unregistered,,
125251,L,R1-6,33,35,inferred_l1,28270,unregistered,,
125260,R,R1-6,33,37,inferred_l1,28746,unregistered,,
125376,R,R7,20,35,direct,,unregistered,,
125377,R,R1-6,20,33,inferred_l1,18284,unregistered,,
125407,R,R1-6,5,11,inferred_l1,29301,unregistered,,
125435,R,R7,26,33,direct,,unregistered,,
125580,R,R1-6,24,36,inferred_l1,36298,unregistered,,
125796,R,R1-6,4,10,inferred_l1,31299,unregistered,,
125797,L,R1-6,20,34,inferred_l1,23054,unregistered,,
125820,R,R1-6,24,37,inferred_l1,446936,unregistered,,
125870,R,R7,22,31,direct,,unregistered,,
126035,R,R1-6,29,37,inferred_l1,24649,unregistered,,
126103,R,R1-6,19,32,inferred_l1,18251,unregistered,,
126110,R,R1-6,34,38,inferred_l1,44456,unregistered,,
126118,R,R1-6,7,3,inferred_l1,53857,unregistered,,
126130,R,R7,6,8,direct,,unregistered,,
126234,L,R1-6,,,unmapped,,unregistered,,
126245,L,R1-6,29,33,inferred_l1,23018,unregistered,,
126804,L,R1-6,35,33,inferred_l1,29008,unregistered,,
126946,R,R1-6,21,32,inferred_l1,262249,unregistered,,
127008,R,R1-6,6,15,inferred_l1,29606,unregistered,,
127113,L,R1-6,32,25,inferred_l1,20856,unregistered,,
127181,R,R1-6,31,35,inferred_l1,21491,unregistered,,
127246,L,R7,23,35,direct,,unregistered,,
127349,L,R1-6,21,32,inferred_l1,35880,unregistered,,
127408,R,R1-6,26,32,inferred_l1,22180,unregistered,,
127429,R,R1-6,4,14,inferred_l1,34243,unregistered,,
127446,R,R1-6,22,36,inferred_l1,24194,unregistered,,
127452,L,R1-6,23,36,inferred_l1,22311,unregistered,,
127472,R,R8,33,36,direct,,unregistered,,
127503,R,R1-6,,,unmapped,,unregistered,,
127689,L,R1-6,26,36,inferred_l1,21846,unregistered,,
127924,R,R1-6,29,30,inferred_l1,21825,unregistered,,
127946,R,R1-6,6,17,inferred_l1,28859,unregistered,,
127968,L,R1-6,28,31,inferred_l1,21170,unregistered,,
128178,L,R1-6,8,26,inferred_l1,547136,unregistered,,
128320,R,R1-6,26,37,inferred_l1,20941,unregistered,,
128517,R,R1-6,9,27,inferred_l1,27532,unregistered,,
128682,L,R7,19,25,direct,,unregistered,,
128741,L,R7,8,20,direct,,unregistered,,
128828,L,R1-6,31,36,inferred_l1,22631,unregistered,,
128839,R,R1-6,29,33,inferred_l1,25811,unregistered,,
128999,R,R1-6,2,10,inferred_l1,61335,unregistered,,
129195,R,R1-6,8,10,inferred_l1,30160,unregistered,,
129341,R,R7,16,23,direct,,unregistered,,
129641,R,R1-6,4,16,inferred_l1,46799,unregistered,,
129697,R,R1-6,5,11,inferred_l1,29301,unregistered,,
129922,L,R1-6,17,32,inferred_l1,525536,unregistered,,
129935,R,R1-6,35,30,inferred_l1,27286,unregistered,,
129956,R,R1-6,28,29,inferred_l1,30723,unregistered,,
129970,L,R7,7,21,direct,,unregistered,,
130091,L,R1-6,28,28,inferred_l1,17248,unregistered,,
130137,L,R1-6,7,24,inferred_l1,72043,unregistered,,
130179,R,R1-6,29,30,inferred_l1,21825,unregistered,,
130185,R,R1-6,27,32,inferred_l1,24116,unregistered,,
130195,R,R1-6,3,10,inferred_l1,33193,unregistered,,
130222,L,R1-6,20,33,inferred_l1,21422,unregistered,,
130244,R,R1-6,6,11,inferred_l1,31271,unregistered,,
130266,R,R1-6,26,37,inferred_l1,20941,unregistered,,
130316,R,R1-6,,,unmapped,,unregistered,,
130335,R,R1-6,7,22,inferred_l1,53531,unregistered,,
130353,R,R1-6,16,33,inferred_l1,23857,unregistered,,
130526,R,R1-6,30,33,inferred_l1,21781,unregistered,,
130575,L,R7,7,22,direct,,unregistered,,
130601,L,R1-6,29,31,inferred_l1,23074,unregistered,,
130687,R,R1-6,24,32,inferred_l1,30378,unregistered,,
130709,R,R7,35,27,direct,,unregistered,,
130716,R,R1-6,6,14,inferred_l1,40561,unregistered,,
130726,R,R1-6,31,33,inferred_l1,31929,unregistered,,
130906,R,R1-6,35,35,inferred_l1,28854,unregistered,,
130926,R,R1-6,35,26,inferred_l1,30523,unregistered,,
130931,R,R1-6,4,10,inferred_l1,31299,unregistered,,
131004,R,R1-6,36,26,inferred_l1,46041,unregistered,,
131064,R,R1-6,,,unmapped,,unregistered,,
131068,R,R1-6,19,35,inferred_l1,34342,unregistered,,
131077,R,R1-6,21,33,inferred_l1,31539,unregistered,,
131092,L,R7,25,36,direct,,unregistered,,
131175,R,R1-6,,,unmapped,,unregistered,,
131230,R,R1-6,26,38,inferred_l1,43994,unregistered,,
131289,R,R8,9,26,direct,,unregistered,,
131317,R,R1-6,23,37,inferred_l1,28240,unregistered,,
131433,R,R1-6,28,29,inferred_l1,30723,unregistered,,
131480,R,R1-6,28,35,inferred_l1,22763,unregistered,,
131534,L,R1-6,19,33,inferred_l1,20850,unregistered,,
131557,L,R1-6,28,32,inferred_l1,21922,unregistered,,
131738,L,R1-6,28,30,inferred_l1,22613,unregistered,,
131772,R,R7,6,5,direct,,unregistered,,
131820,R,R1-6,34,26,inferred_l1,22314,unregistered,,
131873,R,R1-6,31,34,inferred_l1,21188,unregistered,,
131903,L,R1-6,29,30,inferred_l1,23318,unregistered,,
131928,R,R1-6,23,35,inferred_l1,30483,unregistered,,
131993,R,R7,22,35,direct,,unregistered,,
132007,L,R1-6,28,37,inferred_l1,23618,unregistered,,
132061,R,R1-6,,,unmapped,,unregistered,,
132065,R,R1-6,18,34,inferred_l1,24429,unregistered,,
132068,L,R1-6,17,33,inferred_l1,22030,unregistered,,
132081,R,R7,23,31,direct,,unregistered,,
132253,L,R7,6,19,direct,,unregistered,,
132288,L,R1-6,,,unmapped,,unregistered,,
132298,L,R1-6,27,30,inferred_l1,21457,unregistered,,
132372,L,R1-6,9,27,inferred_l1,516748,unregistered,,
132455,L,R1-6,17,32,inferred_l1,525536,unregistered,,
132460,R,R1-6,30,32,inferred_l1,23384,unregistered,,
132648,L,R1-6,18,33,inferred_l1,542323,unregistered,,
132733,L,R1-6,12,30,inferred_l1,540084,unregistered,,
132777,L,R7,11,22,direct,,unregistered,,
132951,R,R1-6,8,12,inferred_l1,28429,unregistered,,
132986,R,R1-6,26,36,inferred_l1,31969,unregistered,,
133043,R,R1-6,30,30,inferred_l1,21755,unregistered,,
133087,L,R1-6,18,32,inferred_l1,60825,unregistered,,
133116,R,R8,5,17,direct,,unregistered,,
133142,R,R7,25,30,direct,,unregistered,,
133163,R,R1-6,11,5,inferred_l1,28518,unregistered,,
133265,R,R1-6,24,35,inferred_l1,20295,unregistered,,
133275,R,R7,7,22,direct,,unregistered,,
133305,R,R1-6,27,35,inferred_l1,29950,unregistered,,
133403,R,R1-6,30,37,inferred_l1,22506,unregistered,,
133423,R,R1-6,20,32,inferred_l1,23481,unregistered,,
133458,R,R1-6,12,5,inferred_l1,29693,unregistered,,
133466,R,R1-6,30,32,inferred_l1,23384,unregistered,,
133530,R,R7,24,37,direct,,unregistered,,
133677,L,R1-6,25,35,inferred_l1,15511,unregistered,,
133691,L,R1-6,19,32,inferred_l1,14405,unregistered,,
133729,R,R7,14,22,direct,,unregistered,,
133732,R,R1-6,22,34,inferred_l1,24823,unregistered,,
133810,R,R1-6,30,30,inferred_l1,21755,unregistered,,
133878,L,R7,22,32,direct,,unregistered,,
133979,R,R1-6,15,33,inferred_l1,34999,unregistered,,
133997,R,R1-6,23,36,inferred_l1,95573,unregistered,,
134015,R,R1-6,4,9,inferred_l1,42152,unregistered,,
134055,R,R1-6,6,16,inferred_l1,29312,unregistered,,
134095,R,R1-6,14,32,inferred_l1,34556,unregistered,,
134097,R,R1-6,9,3,inferred_l1,54219,unregistered,,
134128,R,R7,22,36,direct,,unregistered,,
134296,L,R1-6,14,31,inferred_l1,37064,unregistered,,
134298,R,R1-6,10,5,inferred_l1,27357,unregistered,,
134340,R,R1-6,25,36,inferred_l1,22019,unregistered,,
134400,L,R1-6,26,35,inferred_l1,20608,unregistered,,
134402,R,R1-6,,,unmapped,,unregistered,,
134403,R,R1-6,20,32,inferred_l1,23481,unregistered,,
134478,R,R1-6,5,9,inferred_l1,33524,unregistered,,
134524,R,R7,13,20,direct,,unregistered,,
134560,R,R1-6,10,4,inferred_l1,27641,unregistered,,
134618,R,R1-6,,,unmapped,,unregistered,,
134739,R,R1-6,,,unmapped,,unregistered,,
134754,L,R1-6,28,29,inferred_l1,22934,unregistered,,
134900,R,R1-6,30,31,inferred_l1,23597,unregistered,,
134911,L,R1-6,20,32,inferred_l1,17264,unregistered,,
134990,R,R7,21,30,direct,,unregistered,,
135017,L,R7,23,33,direct,,unregistered,,
135114,R,R1-6,24,35,inferred_l1,20295,unregistered,,
135144,R,R1-6,20,33,inferred_l1,18284,unregistered,,
135195,R,R1-6,26,35,inferred_l1,30996,unregistered,,
135227,L,R1-6,34,31,inferred_l1,22478,unregistered,,
135230,R,R1-6,35,25,inferred_l1,31495,unregistered,,
135284,R,R1-6,,,unmapped,,unregistered,,
135295,R,R1-6,26,33,inferred_l1,21653,unregistered,,
135296,R,R1-6,35,31,inferred_l1,25543,unregistered,,
135511,R,R1-6,35,29,inferred_l1,25331,unregistered,,
135562,R,R1-6,31,36,inferred_l1,24574,unregistered,,
135599,R,R1-6,7,17,inferred_l1,28883,unregistered,,
135626,R,R7,10,21,direct,,unregistered,,
135638,R,R1-6,26,32,inferred_l1,22180,unregistered,,
135682,R,R1-6,21,35,inferred_l1,27606,unregistered,,
135741,R,R1-6,28,28,inferred_l1,31090,unregistered,,
135902,R,R1-6,13,31,inferred_l1,27276,unregistered,,
135953,R,R1-6,21,32,inferred_l1,262249,unregistered,,
135997,R,R1-6,7,11,inferred_l1,27288,unregistered,,
136001,R,R1-6,20,34,inferred_l1,24916,unregistered,,
136267,R,R1-6,30,33,inferred_l1,21781,unregistered,,
136304,R,R7,11,28,direct,,unregistered,,
136324,R,R1-6,28,36,inferred_l1,22498,unregistered,,
136470,R,R1-6,8,11,inferred_l1,29971,unregistered,,
136538,L,R7,11,19,direct,,unregistered,,
136576,L,R7,28,34,direct,,unregistered,,
136578,R,R1-6,11,5,inferred_l1,28518,unregistered,,
136604,R,R8,10,23,direct,,unregistered,,
136648,L,R1-6,28,30,inferred_l1,22613,unregistered,,
136876,R,R1-6,31,39,inferred_l1,35388,unregistered,,
136915,R,R1-6,5,18,inferred_l1,35355,unregistered,,
137106,R,R1-6,36,30,inferred_l1,32377,unregistered,,
137126,R,R1-6,27,32,inferred_l1,24116,unregistered,,
137154,R,R1-6,35,27,inferred_l1,26275,unregistered,,
137169,R,R1-6,21,32,inferred_l1,262249,unregistered,,
137264,L,R1-6,24,33,inferred_l1,533351,unregistered,,
137307,R,R7,29,38,direct,,unregistered,,
137443,R,R7,36,31,direct,,unregistered,,
137585,L,R8,25,33,direct,,unregistered,,
137613,L,R1-6,8,26,inferred_l1,547136,unregistered,,
137689,R,R1-6,35,28,inferred_l1,24696,unregistered,,
137704,R,R1-6,7,22,inferred_l1,53531,unregistered,,
137717,R,R1-6,22,33,inferred_l1,30453,unregistered,,
137760,L,R1-6,31,36,inferred_l1,22631,unregistered,,
137803,L,R1-6,33,35,inferred_l1,28270,unregistered,,
137951,R,R1-6,,,unmapped,,unregistered,,
138018,R,R1-6,29,32,inferred_l1,25943,unregistered,,
138077,R,R1-6,7,10,inferred_l1,29571,unregistered,,
138168,R,R1-6,29,29,inferred_l1,21676,unregistered,,
138169,R,R1-6,5,15,inferred_l1,28673,unregistered,,
138203,L,R1-6,10,28,inferred_l1,539689,unregistered,,
138265,R,R1-6,6,20,inferred_l1,29943,unregistered,,
138297,R,R1-6,28,32,inferred_l1,32387,unregistered,,
138429,L,R1-6,11,30,inferred_l1,42913,unregistered,,
138431,R,R1-6,8,12,inferred_l1,28429,unregistered,,
138436,R,R1-6,34,23,inferred_l1,38130,unregistered,,
138452,R,R1-6,28,33,inferred_l1,22604,unregistered,,
138551,L,R1-6,33,34,inferred_l1,23873,unregistered,,
138580,R,R1-6,34,36,inferred_l1,28458,unregistered,,
138612,R,R1-6,29,33,inferred_l1,25811,unregistered,,
138631,L,R7,23,30,direct,,unregistered,,
138632,R,R1-6,31,34,inferred_l1,21188,unregistered,,
138650,R,R1-6,12,6,inferred_l1,29398,unregistered,,
138658,L,R1-6,17,33,inferred_l1,22030,unregistered,,
138691,R,R1-6,5,15,inferred_l1,28673,unregistered,,
138696,R,R1-6,30,34,inferred_l1,21434,unregistered,,
138712,L,R1-6,11,29,inferred_l1,524821,unregistered,,
138900,R,R1-6,11,4,inferred_l1,23776,unregistered,,
138903,L,R1-6,21,34,inferred_l1,534384,unregistered,,
139003,R,R1-6,28,30,inferred_l1,31185,unregistered,,
139004,L,R1-6,25,32,inferred_l1,535237,unregistered,,
139010,L,R1-6,33,36,inferred_l1,25761,unregistered,,
139047,R,R1-6,6,12,inferred_l1,31485,unregistered,,
139050,R,R1-6,29,31,inferred_l1,24144,unregistered,,
139102,R,R1-6,25,32,inferred_l1,30658,unregistered,,
139128,R,R1-6,7,11,inferred_l1,27288,unregistered,,
139146,R,R1-6,6,10,inferred_l1,28713,unregistered,,
139190,R,R1-6,8,21,inferred_l1,48771,unregistered,,
139344,R,R1-6,5,13,inferred_l1,28918,unregistered,,
139366,R,R1-6,5,14,inferred_l1,30185,unregistered,,
139431,L,R8,14,26,direct,,unregistered,,
139435,R,R1-6,26,32,inferred_l1,22180,unregistered,,
139491,R,R1-6,17,6,inferred_l1,31699,unregistered,,
139506,R,R1-6,9,5,inferred_l1,35026,unregistered,,
139520,R,R1-6,29,29,inferred_l1,21676,unregistered,,
139521,R,R1-6,,,unmapped,,unregistered,,
139554,R,R1-6,10,5,inferred_l1,27357,unregistered,,
139653,R,R1-6,26,32,inferred_l1,22180,unregistered,,
139702,L,R1-6,,,unmapped,,unregistered,,
139711,R,R1-6,35,24,inferred_l1,42271,unregistered,,
139754,R,R1-6,29,29,inferred_l1,21676,unregistered,,
139757,R,R1-6,25,32,inferred_l1,30658,unregistered,,
139785,R,R1-6,25,37,inferred_l1,21839,unregistered,,
139813,L,R7,11,20,direct,,unregistered,,
139895,R,R1-6,26,32,inferred_l1,22180,unregistered,,
139898,L,R1-6,25,25,inferred_l1,18386,unregistered,,
139907,L,R1-6,14,32,inferred_l1,18048,unregistered,,
139923,R,R1-6,,,unmapped,,unregistered,,
139947,L,R1-6,23,32,inferred_l1,23133,unregistered,,
139978,R,R8,24,37,direct,,unregistered,,
139997,R,R1-6,24,32,inferred_l1,30378,unregistered,,
140027,R,R1-6,31,37,inferred_l1,40843,unregistered,,
140056,R,R1-6,6,9,inferred_l1,40108,unregistered,,
140113,L,R1-6,18,32,inferred_l1,60825,unregistered,,
140125,R,R7,4,10,direct,,unregistered,,
140141,L,R1-6,28,37,inferred_l1,23618,unregistered,,
140174,R,R1-6,8,18,inferred_l1,30248,unregistered,,
140195,L,R1-6,25,26,inferred_l1,534376,unregistered,,
140234,R,R8,11,3,direct,,unregistered,,
140267,L,R1-6,25,25,inferred_l1,18386,unregistered,,
140288,R,R1-6,34,26,inferred_l1,22314,unregistered,,
140313,R,R1-6,27,33,inferred_l1,21402,unregistered,,
140331,R,R1-6,25,34,inferred_l1,29910,unregistered,,
140350,L,R1-6,12,30,inferred_l1,540084,unregistered,,
140381,L,R1-6,25,35,inferred_l1,15511,unregistered,,
140384,L,R1-6,35,34,inferred_l1,29293,unregistered,,
140400,L,R7,25,35,direct,,unregistered,,
140411,R,R1-6,19,34,inferred_l1,20630,unregistered,,
140488,R,R1-6,4,14,inferred_l1,34243,unregistered,,
140538,R,R1-6,16,5,inferred_l1,26612,unregistered,,
140617,L,R1-6,18,33,inferred_l1,542323,unregistered,,
140682,R,R1-6,27,37,inferred_l1,33084,unregistered,,
140716,R,R8,22,35,direct,,unregistered,,
140729,R,R1-6,25,33,inferred_l1,32581,unregistered,,
140802,R,R1-6,8,23,inferred_l1,27217,unregistered,,
140873,R,R1-6,,,unmapped,,unregistered,,
140928,R,R1-6,30,29,inferred_l1,24026,unregistered,,
141070,R,R1-6,27,36,inferred_l1,29946,unregistered,,
141252,R,R1-6,36,32,inferred_l1,25467,unregistered,,
141327,R,R1-6,5,16,inferred_l1,34108,unregistered,,
141440,R,R1-6,,,unmapped,,unregistered,,
141503,R,R1-6,25,31,inferred_l1,26950,unregistered,,
141588,R,R1-6,7,12,inferred_l1,30149,unregistered,,
141599,R,R1-6,12,5,inferred_l1,29693,unregistered,,
141616,L,R1-6,22,35,inferred_l1,18839,unregistered,,
141655,R,R1-6,10,5,inferred_l1,27357,unregistered,,
141770,R,R1-6,30,34,inferred_l1,21434,unregistered,,
141885,R,R1-6,34,24,inferred_l1,30833,unregistered,,
141915,R,R1-6,30,32,inferred_l1,23384,unregistered,,
141942,R,R1-6,19,32,inferred_l1,18251,unregistered,,
141998,L,R1-6,26,26,inferred_l1,527099,unregistered,,
142011,R,R1-6,27,34,inferred_l1,22624,unregistered,,
142087,R,R1-6,5,13,inferred_l1,28918,unregistered,,
142104,L,R1-6,29,32,inferred_l1,23252,unregistered,,
142122,R,R7,32,34,direct,,unregistered,,
142123,R,R1-6,4,12,inferred_l1,33719,unregistered,,
142160,R,R1-6,21,36,inferred_l1,901806,unregistered,,
142186,L,R1-6,33,35,inferred_l1,28270,unregistered,,
142204,R,R1-6,27,33,inferred_l1,21402,unregistered,,
142259,R,R1-6,17,6,inferred_l1,31699,unregistered,,
142321,L,R7,31,34,direct,,unregistered,,
142405,R,R1-6,20,32,inferred_l1,23481,unregistered,,
142459,R,R1-6,,,unmapped,,unregistered,,
142473,L,R1-6,34,29,inferred_l1,22168,unregistered,,
142619,R,R8,18,33,direct,,unregistered,,
142620,R,R1-6,6,10,inferred_l1,28713,unregistered,,
142647,R,R1-6,26,31,inferred_l1,31568,unregistered,,
142788,R,R7,35,25,direct,,unregistered,,
142885,R,R1-6,7,17,inferred_l1,28883,unregistered,,
142925,R,R7,8,6,direct,,unregistered,,
142954,R,R1-6,13,32,inferred_l1,31625,unregistered,,
143100,L,R1-6,34,35,inferred_l1,26905,unregistered,,
143163,R,R1-6,35,29,inferred_l1,25331,unregistered,,
143260,R,R1-6,10,28,inferred_l1,27627,unregistered,,
143307,L,R1-6,33,34,inferred_l1,23873,unregistered,,
143318,L,R1-6,25,27,inferred_l1,13688,unregistered,,
143335,R,R1-6,6,9,inferred_l1,40108,unregistered,,
143338,R,R1-6,13,6,inferred_l1,27018,unregistered,,
143346,R,R1-6,7,23,inferred_l1,20988,unregistered,,
143352,L,R1-6,25,27,inferred_l1,13688,unregistered,,
143405,R,R1-6,29,34,inferred_l1,30014,unregistered,,
143537,R,R1-6,25,33,inferred_l1,32581,unregistered,,
143555,L,R1-6,17,33,inferred_l1,22030,unregistered,,
143558,L,R1-6,16,33,inferred_l1,36754,unregistered,,
143561,R,R1-6,15,33,inferred_l1,34999,unregistered,,
143565,L,R1-6,25,27,inferred_l1,13688,unregistered,,
143595,L,R8,9,26,direct,,unregistered,,
143605,R,R8,26,33,direct,,unregistered,,
143639,R,R1-6,5,20,inferred_l1,33890,unregistered,,
143657,R,R1-6,,,unmapped,,unregistered,,
143727,L,R1-6,33,32,inferred_l1,543014,unregistered,,
143862,R,R1-6,5,12,inferred_l1,31702,unregistered,,
143866,R,R1-6,7,16,inferred_l1,28908,unregistered,,
143912,L,R1-6,16,31,inferred_l1,50015,unregistered,,
143926,R,R1-6,30,29,inferred_l1,24026,unregistered,,
143958,L,R8,15,29,direct,,unregistered,,
144091,R,R1-6,34,27,inferred_l1,22176,unregistered,,
144116,R,R1-6,12,6,inferred_l1,29398,unregistered,,
144136,R,R1-6,26,36,inferred_l1,31969,unregistered,,
144213,R,R1-6,20,32,inferred_l1,23481,unregistered,,
144223,L,R1-6,20,35,inferred_l1,32922,unregistered,,
144274,R,R8,5,9,direct,,unregistered,,
144290,R,R1-6,10,5,inferred_l1,27357,unregistered,,
144333,R,R1-6,27,34,inferred_l1,22624,unregistered,,
144346,L,R7,20,27,direct,,unregistered,,
144411,R,R1-6,17,6,inferred_l1,31699,unregistered,,
144500,L,R7,22,31,direct,,unregistered,,
144513,R,R1-6,5,17,inferred_l1,36442,unregistered,,
144603,R,R1-6,28,28,inferred_l1,31090,unregistered,,
144614,L,R1-6,23,36,inferred_l1,22311,unregistered,,
144646,R,R8,6,15,direct,,unregistered,,
144647,R,R1-6,,,unmapped,,unregistered,,
144674,R,R1-6,11,5,inferred_l1,28518,unregistered,,
144675,R,R1-6,25,30,inferred_l1,33055,unregistered,,
144693,R,R1-6,26,33,inferred_l1,21653,unregistered,,
144810,R,R1-6,8,18,inferred_l1,30248,unregistered,,
144839,L,R7,26,32,direct,,unregistered,,
144844,R,R1-6,30,33,inferred_l1,21781,unregistered,,
144920,R,R1-6,7,11,inferred_l1,27288,unregistered,,
144943,L,R1-6,,,unmapped,,unregistered,,
145013,R,R1-6,36,31,inferred_l1,34637,unregistered,,
145058,R,R1-6,4,18,inferred_l1,41856,unregistered,,
145170,R,R1-6,28,29,inferred_l1,30723,unregistered,,
145226,R,R1-6,34,25,inferred_l1,27592,unregistered,,
145240,L,R1-6,30,34,inferred_l1,23207,unregistered,,
145245,L,R1-6,30,39,inferred_l1,33644,unregistered,,
145255,R,R1-6,10,4,inferred_l1,27641,unregistered,,
145289,R,R7,25,34,direct,,unregistered,,
145297,R,R1-6,7,3,inferred_l1,53857,unregistered,,
145344,L,R1-6,27,33,inferred_l1,27711,unregistered,,
145501,R,R1-6,6,16,inferred_l1,29312,unregistered,,
145505,R,R8,25,34,direct,,unregistered,,
145528,L,R1-6,,,unmapped,,unregistered,,
145562,R,R8,17,28,direct,,unregistered,,
145623,R,R1-6,33,24,inferred_l1,27058,unregistered,,
145632,R,R1-6,28,29,inferred_l1,30723,unregistered,,
145705,L,R7,12,21,direct,,unregistered,,
145741,R,R1-6,34,26,inferred_l1,22314,unregistered,,
145806,R,R1-6,12,5,inferred_l1,29693,unregistered,,
145877,R,R1-6,16,6,inferred_l1,27015,unregistered,,
145890,L,R1-6,27,28,inferred_l1,20840,unregistered,,
145900,R,R1-6,10,4,inferred_l1,27641,unregistered,,
145927,R,R1-6,9,3,inferred_l1,54219,unregistered,,
145979,L,R1-6,28,29,inferred_l1,22934,unregistered,,
145993,R,R1-6,28,29,inferred_l1,30723,unregistered,,
146070,R,R1-6,11,6,inferred_l1,29496,unregistered,,
146074,R,R1-6,29,33,inferred_l1,25811,unregistered,,
146132,L,R1-6,28,35,inferred_l1,23629,unregistered,,
146139,R,R1-6,28,32,inferred_l1,32387,unregistered,,
146193,L,R1-6,26,35,inferred_l1,20608,unregistered,,
146356,R,R1-6,21,32,inferred_l1,262249,unregistered,,
146369,R,R1-6,12,31,inferred_l1,31447,unregistered,,
146375,R,R1-6,,,unmapped,,unregistered,,
146396,L,R1-6,10,29,inferred_l1,47743,unregistered,,
146443,L,R1-6,13,31,inferred_l1,540416,unregistered,,
146475,L,R1-6,24,32,inferred_l1,540062,unregistered,,
146484,R,R1-6,7,11,inferred_l1,27288,unregistered,,
146526,L,R1-6,25,34,inferred_l1,23016,unregistered,,
146549,R,R1-6,17,34,inferred_l1,26596,unregistered,,
146567,R,R1-6,34,29,inferred_l1,30795,unregistered,,
146613,R,R1-6,16,5,inferred_l1,26612,unregistered,,
146690,L,R1-6,15,32,inferred_l1,556493,unregistered,,
146700,R,R1-6,28,33,inferred_l1,22604,unregistered,,
146762,L,R1-6,26,27,inferred_l1,20179,unregistered,,
146782,R,R1-6,34,27,inferred_l1,22176,unregistered,,
146814,R,R1-6,6,17,inferred_l1,28859,unregistered,,
146865,R,R1-6,3,11,inferred_l1,40259,unregistered,,
146883,R,R1-6,34,25,inferred_l1,27592,unregistered,,
146986,R,R1-6,29,31,inferred_l1,24144,unregistered,,
146992,R,R1-6,10,29,inferred_l1,27733,unregistered,,
147009,R,R1-6,3,10,inferred_l1,33193,unregistered,,
147021,L,R7,18,25,direct,,unregistered,,
147069,L,R1-6,30,33,inferred_l1,18919,unregistered,,
147093,R,R1-6,10,4,inferred_l1,27641,unregistered,,
147159,R,R1-6,35,27,inferred_l1,26275,unregistered,,
147160,R,R1-6,24,31,inferred_l1,31738,unregistered,,
147161,L,R1-6,25,33,inferred_l1,516061,unregistered,,
147205,R,R7,16,28,direct,,unregistered,,
147214,R,R1-6,9,3,inferred_l1,54219,unregistered,,
147235,R,R1-6,8,11,inferred_l1,29971,unregistered,,
147308,R,R1-6,18,33,inferred_l1,26550,unregistered,,
147324,R,R1-6,8,19,inferred_l1,28764,unregistered,,
147436,L,R8,16,30,direct,,unregistered,,
147499,R,R1-6,25,34,inferred_l1,29910,unregistered,,
147713,L,R1-6,26,34,inferred_l1,24503,unregistered,,
147722,R,R1-6,15,5,inferred_l1,26737,unregistered,,
147738,R,R1-6,27,33,inferred_l1,21402,unregistered,,
147777,R,R7,33,35,direct,,unregistered,,
147824,R,R1-6,33,26,inferred_l1,33363,unregistered,,
147841,R,R1-6,21,35,inferred_l1,27606,unregistered,,
147879,R,R1-6,,,unmapped,,unregistered,,
147896,R,R1-6,26,35,inferred_l1,30996,unregistered,,
147931,L,R1-6,28,34,inferred_l1,28132,unregistered,,
147975,L,R7,17,33,direct,,unregistered,,
147982,R,R1-6,28,34,inferred_l1,21682,unregistered,,
148016,R,R1-6,29,31,inferred_l1,24144,unregistered,,
148025,R,R1-6,23,30,inferred_l1,32595,unregistered,,
148058,R,R1-6,11,5,inferred_l1,28518,unregistered,,
148168,R,R1-6,10,4,inferred_l1,27641,unregistered,,
148249,L,R1-6,24,33,inferred_l1,533351,unregistered,,
148269,L,R1-6,18,33,inferred_l1,542323,unregistered,,
148271,R,R1-6,12,6,inferred_l1,29398,unregistered,,
148349,R,R7,4,14,direct,,unregistered,,
148358,L,R1-6,31,35,inferred_l1,23951,unregistered,,
148402,R,R1-6,24,35,inferred_l1,20295,unregistered,,
148405,R,R1-6,27,34,inferred_l1,22624,unregistered,,
148435,R,R1-6,4,15,inferred_l1,38739,unregistered,,
148462,R,R1-6,5,16,inferred_l1,34108,unregistered,,
148524,R,R1-6,14,32,inferred_l1,34556,unregistered,,
148542,R,R1-6,,,unmapped,,unregistered,,
148570,R,R1-6,30,30,inferred_l1,21755,unregistered,,
148582,R,R1-6,3,15,inferred_l1,70736,unregistered,,
148701,L,R7,9,21,direct,,unregistered,,
148849,L,R7,6,16,direct,,unregistered,,
148929,R,R1-6,29,28,inferred_l1,30460,unregistered,,
148953,R,R8,8,10,direct,,unregistered,,
148955,L,R1-6,30,34,inferred_l1,23207,unregistered,,
148960,R,R1-6,28,34,inferred_l1,21682,unregistered,,
149000,L,R7,20,29,direct,,unregistered,,
149091,R,R1-6,29,31,inferred_l1,24144,unregistered,,
149112,R,R1-6,17,6,inferred_l1,31699,unregistered,,
149122,R,R7,12,29,direct,,unregistered,,
149153,R,R1-6,25,30,inferred_l1,33055,unregistered,,
149177,R,R1-6,5,14,inferred_l1,30185,unregistered,,
149211,R,R1-6,28,37,inferred_l1,34528,unregistered,,
149222,L,R1-6,19,33,inferred_l1,20850,unregistered,,
149316,L,R1-6,20,32,inferred_l1,17264,unregistered,,
149354,R,R1-6,5,15,inferred_l1,28673,unregistered,,
149381,R,R1-6,26,31,inferred_l1,31568,unregistered,,
149391,R,R1-6,28,29,inferred_l1,30723,unregistered,,
149415,R,R7,7,20,direct,,unregistered,,
149481,R,R1-6,27,33,inferred_l1,21402,unregistered,,
149491,L,R1-6,12,31,inferred_l1,13505,unregistered,,
149496,R,R1-6,5,17,inferred_l1,36442,unregistered,,
149505,L,R1-6,27,34,inferred_l1,21206,unregistered,,
149517,R,R7,8,22,direct,,unregistered,,
149529,R,R1-6,28,34,inferred_l1,21682,unregistered,,
149613,L,R1-6,14,31,inferred_l1,37064,unregistered,,
149618,R,R1-6,27,33,inferred_l1,21402,unregistered,,
149659,R,R1-6,7,16,inferred_l1,28908,unregistered,,
149669,R,R1-6,19,32,inferred_l1,18251,unregistered,,
149729,L,R1-6,25,27,inferred_l1,13688,unregistered,,
149763,R,R1-6,6,8,inferred_l1,39881,unregistered,,
149772,R,R1-6,4,11,inferred_l1,34493,unregistered,,
149833,R,R1-6,4,10,inferred_l1,31299,unregistered,,
149835,R,R1-6,,,unmapped,,unregistered,,
149842,R,R1-6,5,9,inferred_l1,33524,unregistered,,
149928,L,R1-6,26,27,inferred_l1,20179,unregistered,,
149946,R,R1-6,5,10,inferred_l1,30174,unregistered,,
149970,R,R1-6,,,unmapped,,unregistered,,
150007,L,R1-6,24,25,inferred_l1,17877,unregistered,,
150090,R,R1-6,9,3,inferred_l1,54219,unregistered,,
150110,L,R1-6,12,30,inferred_l1,540084,unregistered,,
150159,L,R1-6,22,33,inferred_l1,39568,unregistered,,
150196,R,R7,7,18,direct,,unregistered,,
150216,R,R1-6,14,32,inferred_l1,34556,unregistered,,
150229,R,R1-6,31,36,inferred_l1,24574,unregistered,,
150230,R,R7,10,15,direct,,unregistered,,
150246,R,R1-6,25,31,inferred_l1,26950,unregistered,,
150271,R,R1-6,27,38,inferred_l1,22565,unregistered,,
150365,L,R1-6,27,34,inferred_l1,21206,unregistered,,
150510,R,R1-6,24,31,inferred_l1,31738,unregistered,,
150546,L,R1-6,34,30,inferred_l1,18136,unregistered,,
150591,L,R1-6,25,26,inferred_l1,534376,unregistered,,
150621,R,R7,13,18,direct,,unregistered,,
150634,R,R7,19,20,direct,,unregistered,,
150703,L,R1-6,25,37,inferred_l1,33498,unregistered,,
150742,R,R1-6,3,10,inferred_l1,33193,unregistered,,
150748,L,R7,17,25,direct,,unregistered,,
150795,R,R1-6,35,25,inferred_l1,31495,unregistered,,
150798,R,R1-6,25,32,inferred_l1,30658,unregistered,,
150894,L,R1-6,26,26,inferred_l1,527099,unregistered,,
150953,R,R1-6,30,37,inferred_l1,22506,unregistered,,
150995,L,R1-6,23,32,inferred_l1,23133,unregistered,,
151024,R,R1-6,30,31,inferred_l1,23597,unregistered,,
151089,R,R1-6,19,35,inferred_l1,34342,unregistered,,
151110,R,R1-6,6,16,inferred_l1,29312,unregistered,,
151158,R,R1-6,27,36,inferred_l1,29946,unregistered,,
151170,L,R8,33,26,direct,,unregistered,,
151171,R,R1-6,29,32,inferred_l1,25943,unregistered,,
151186,R,R1-6,5,12,inferred_l1,31702,unregistered,,
151192,L,R1-6,24,34,inferred_l1,534333,unregistered,,
151261,R,R1-6,25,31,inferred_l1,26950,unregistered,,
151347,R,R1-6,7,12,inferred_l1,30149,unregistered,,
151381,R,R1-6,24,36,inferred_l1,36298,unregistered,,
151389,L,R1-6,20,34,inferred_l1,23054,unregistered,,
151427,R,R1-6,34,28,inferred_l1,23678,unregistered,,
151435,R,R8,22,36,direct,,unregistered,,
151450,R,R1-6,24,32,inferred_l1,30378,unregistered,,
151553,R,R1-6,27,32,inferred_l1,24116,unregistered,,
151583,R,R1-6,7,9,inferred_l1,33387,unregistered,,
151605,L,R1-6,12,31,inferred_l1,13505,unregistered,,
151670,L,R1-6,7,23,inferred_l1,545921,unregistered,,
151672,L,R1-6,20,33,inferred_l1,21422,unregistered,,
151704,R,R7,14,28,direct,,unregistered,,
151738,R,R7,10,27,direct,,unregistered,,
151748,R,R1-6,25,31,inferred_l1,26950,unregistered,,
151806,R,R1-6,9,12,inferred_l1,30293,unregistered,,
151838,R,R1-6,34,29,inferred_l1,30795,unregistered,,
151839,L,R1-6,27,29,inferred_l1,22999,unregistered,,
151884,R,R1-6,8,22,inferred_l1,35943,unregistered,,
151951,R,R1-6,7,11,inferred_l1,27288,unregistered,,
151959,R,R8,21,31,direct,,unregistered,,
151977,R,R7,11,24,direct,,unregistered,,
151988,R,R7,15,14,direct,,unregistered,,
152023,R,R1-6,29,30,inferred_l1,21825,unregistered,,
152073,R,R1-6,30,31,inferred_l1,23597,unregistered,,
152117,L,R1-6,10,29,inferred_l1,47743,unregistered,,
152224,L,R1-6,19,32,inferred_l1,14405,unregistered,,
152241,R,R8,14,24,direct,,unregistered,,
152254,R,R1-6,5,9,inferred_l1,33524,unregistered,,
152273,L,R7,24,37,direct,,unregistered,,
152276,R,R1-6,34,27,inferred_l1,22176,unregistered,,
152300,R,R1-6,4,16,inferred_l1,46799,unregistered,,
152331,L,R1-6,9,27,inferred_l1,516748,unregistered,,
152361,R,R1-6,24,33,inferred_l1,44214,unregistered,,
152437,R,R7,12,25,direct,,unregistered,,
152458,R,R1-6,26,33,inferred_l1,21653,unregistered,,
152518,R,R1-6,,,unmapped,,unregistered,,
152555,R,R7,19,27,direct,,unregistered,,
152620,R,R8,10,22,direct,,unregistered,,
152678,R,R1-6,26,35,inferred_l1,30996,unregistered,,
152685,R,R1-6,5,16,inferred_l1,34108,unregistered,,
152696,R,R1-6,12,5,inferred_l1,29693,unregistered,,
152710,L,R1-6,32,36,inferred_l1,37672,unregistered,,
152796,R,R1-6,8,25,inferred_l1,28145,unregistered,,
153025,R,R1-6,25,30,inferred_l1,33055,unregistered,,
153037,R,R1-6,34,28,inferred_l1,23678,unregistered,,
153057,R,R1-6,6,11,inferred_l1,31271,unregistered,,
153105,R,R1-6,6,15,inferred_l1,29606,unregistered,,
153107,R,R1-6,34,26,inferred_l1,22314,unregistered,,
153113,R,R1-6,8,17,inferred_l1,30617,unregistered,,
153129,L,R7,32,34,direct,,unregistered,,
153193,R,R8,13,20,direct,,unregistered,,
153212,R,R1-6,20,35,inferred_l1,37583,unregistered,,
153223,R,R1-6,18,34,inferred_l1,24429,unregistered,,
153279,L,R1-6,29,31,inferred_l1,23074,unregistered,,
153335,R,R1-6,34,24,inferred_l1,30833,unregistered,,
153336,L,R1-6,23,32,inferred_l1,23133,unregistered,,
153410,R,R1-6,26,34,inferred_l1,30599,unregistered,,
153443,L,R1-6,25,32,inferred_l1,535237,unregistered,,
153447,R,R1-6,5,12,inferred_l1,31702,unregistered,,
153450,R,R1-6,31,35,inferred_l1,21491,unregistered,,
153480,L,R7,23,29,direct,,unregistered,,
153487,R,R1-6,17,7,inferred_l1,36380,unregistered,,
153586,L,R1-6,24,25,inferred_l1,17877,unregistered,,
153609,R,R1-6,9,12,inferred_l1,30293,unregistered,,
153634,R,R1-6,34,37,inferred_l1,34944,unregistered,,
153657,R,R1-6,36,30,inferred_l1,32377,unregistered,,
153687,R,R7,13,25,direct,,unregistered,,
153702,R,R1-6,24,31,inferred_l1,31738,unregistered,,
153711,R,R1-6,5,19,inferred_l1,218454,unregistered,,
153733,R,R1-6,8,12,inferred_l1,28429,unregistered,,
153773,R,R1-6,6,12,inferred_l1,31485,unregistered,,
153792,L,R1-6,13,30,inferred_l1,535306,unregistered,,
153840,R,R1-6,34,27,inferred_l1,22176,unregistered,,
153860,L,R1-6,23,34,inferred_l1,534137,unregistered,,
153932,R,R1-6,29,30,inferred_l1,21825,unregistered,,
153981,R,R1-6,4,6,inferred_l1,41884,unregistered,,
154002,R,R1-6,8,25,inferred_l1,28145,unregistered,,
154032,L,R1-6,31,33,inferred_l1,30571,unregistered,,
154050,R,R1-6,27,32,inferred_l1,24116,unregistered,,
154056,R,R1-6,7,19,inferred_l1,29980,unregistered,,
154095,R,R7,11,27,direct,,unregistered,,
154115,L,R1-6,23,31,inferred_l1,516729,unregistered,,
154116,R,R7,22,30,direct,,unregistered,,
154123,R,R7,18,34,direct,,unregistered,,
154163,R,R1-6,5,11,inferred_l1,29301,unregistered,,
154168,L,R7,18,27,direct,,unregistered,,
154180,L,R1-6,25,34,inferred_l1,23016,unregistered,,
154221,R,R1-6,33,24,inferred_l1,27058,unregistered,,
154284,R,R1-6,26,32,inferred_l1,22180,unregistered,,
154309,L,R1-6,,,unmapped,,unregistered,,
154335,R,R1-6,27,32,inferred_l1,24116,unregistered,,
154370,L,R1-6,27,29,inferred_l1,22999,unregistered,,
154389,R,R7,24,24,direct,,unregistered,,
154479,R,R1-6,36,32,inferred_l1,25467,unregistered,,
154508,R,R1-6,26,30,inferred_l1,32760,unregistered,,
154528,R,R1-6,32,38,inferred_l1,53988,unregistered,,
154535,R,R1-6,26,36,inferred_l1,31969,unregistered,,
154541,R,R1-6,,,unmapped,,unregistered,,
154574,R,R7,31,33,direct,,unregistered,,
154595,L,R1-6,27,28,inferred_l1,20840,unregistered,,
154606,L,R1-6,24,35,inferred_l1,18064,unregistered,,
154623,R,R8,7,10,direct,,unregistered,,
154627,R,R1-6,8,12,inferred_l1,28429,unregistered,,
154706,R,R7,7,5,direct,,unregistered,,
154752,R,R1-6,23,31,inferred_l1,29751,unregistered,,
154809,R,R1-6,4,15,inferred_l1,38739,unregistered,,
154811,R,R8,19,30,direct,,unregistered,,
154812,L,R1-6,27,28,inferred_l1,20840,unregistered,,
154850,R,R8,18,34,direct,,unregistered,,
154851,R,R7,27,33,direct,,unregistered,,
154853,R,R1-6,8,13,inferred_l1,28532,unregistered,,
154885,L,R7,28,32,direct,,unregistered,,
154944,R,R1-6,10,5,inferred_l1,27357,unregistered,,
154970,R,R8,11,16,direct,,unregistered,,
154985,L,R1-6,18,34,inferred_l1,24822,unregistered,,
155014,R,R7,17,29,direct,,unregistered,,
155015,R,R1-6,29,30,inferred_l1,21825,unregistered,,
155036,R,R1-6,26,33,inferred_l1,21653,unregistered,,
155061,R,R1-6,24,33,inferred_l1,44214,unregistered,,
155062,L,R1-6,25,35,inferred_l1,15511,unregistered,,
155153,R,R8,9,15,direct,,unregistered,,
155165,L,R7,24,35,direct,,unregistered,,
155167,R,R1-6,27,34,inferred_l1,22624,unregistered,,
155183,R,R8,16,33,direct,,unregistered,,
155203,R,R7,7,11,direct,,unregistered,,
155213,L,R1-6,33,35,inferred_l1,28270,unregistered,,
155292,R,R1-6,,,unmapped,,unregistered,,
155295,L,R1-6,32,24,inferred_l1,542026,unregistered,,
155314,L,R1-6,20,33,inferred_l1,21422,unregistered,,
155320,L,R8,15,23,direct,,unregistered,,
155336,R,R1-6,5,18,inferred_l1,35355,unregistered,,
155384,R,R1-6,11,4,inferred_l1,23776,unregistered,,
155458,L,R1-6,30,32,inferred_l1,23414,unregistered,,
155460,R,R1-6,4,10,inferred_l1,31299,unregistered,,
155466,R,R1-6,26,31,inferred_l1,31568,unregistered,,
155478,R,R1-6,7,9,inferred_l1,33387,unregistered,,
155486,R,R1-6,8,10,inferred_l1,30160,unregistered,,
155502,R,R1-6,8,10,inferred_l1,30160,unregistered,,
155515,L,R7,26,38,direct,,unregistered,,
155571,L,R1-6,22,33,inferred_l1,39568,unregistered,,
155591,R,R1-6,8,19,inferred_l1,28764,unregistered,,
155606,L,R1-6,34,31,inferred_l1,22478,unregistered,,
155615,R,R1-6,32,22,inferred_l1,26854,unregistered,,
155724,L,R1-6,25,26,inferred_l1,534376,unregistered,,
155730,R,R7,35,34,direct,,unregistered,,
155763,L,R1-6,24,32,inferred_l1,540062,unregistered,,
155782,R,R1-6,7,11,inferred_l1,27288,unregistered,,
155814,R,R1-6,33,23,inferred_l1,27949,unregistered,,
155865,R,R1-6,4,11,inferred_l1,34493,unregistered,,
155887,R,R1-6,29,28,inferred_l1,30460,unregistered,,
155899,R,R1-6,24,33,inferred_l1,44214,unregistered,,
155907,L,R1-6,23,34,inferred_l1,534137,unregistered,,
156040,R,R8,6,14,direct,,unregistered,,
156073,L,R7,9,22,direct,,unregistered,,
156092,R,R1-6,8,13,inferred_l1,28532,unregistered,,
156118,R,R1-6,17,34,inferred_l1,26596,unregistered,,
156131,L,R1-6,8,24,inferred_l1,30926,unregistered,,
156150,L,R1-6,20,34,inferred_l1,23054,unregistered,,
156157,R,R1-6,25,33,inferred_l1,32581,unregistered,,
156216,R,R7,18,23,direct,,unregistered,,
156227,R,R1-6,11,29,inferred_l1,24629,unregistered,,
156262,R,R1-6,24,31,inferred_l1,31738,unregistered,,
156286,R,R1-6,18,33,inferred_l1,26550,unregistered,,
156306,L,R8,12,23,direct,,unregistered,,
156348,L,R1-6,25,34,inferred_l1,23016,unregistered,,
156382,R,R1-6,24,30,inferred_l1,30344,unregistered,,
156385,R,R1-6,33,26,inferred_l1,33363,unregistered,,
156476,R,R1-6,5,14,inferred_l1,30185,unregistered,,
156485,R,R1-6,6,15,inferred_l1,29606,unregistered,,
156494,L,R8,23,36,direct,,unregistered,,
156520,L,R1-6,27,27,inferred_l1,527141,unregistered,,
156525,L,R1-6,25,34,inferred_l1,23016,unregistered,,
156536,R,R1-6,5,11,inferred_l1,29301,unregistered,,
156541,R,R1-6,36,26,inferred_l1,46041,unregistered,,
156599,R,R1-6,4,10,inferred_l1,31299,unregistered,,
156624,R,R1-6,23,31,inferred_l1,29751,unregistered,,
156632,R,R7,16,25,direct,,unregistered,,
156662,R,R1-6,33,23,inferred_l1,27949,unregistered,,
156693,R,R1-6,,,unmapped,,unregistered,,
156722,L,R1-6,16,32,inferred_l1,556494,unregistered,,
156731,R,R1-6,25,30,inferred_l1,33055,unregistered,,
156733,R,R7,15,16,direct,,unregistered,,
156766,R,R1-6,28,30,inferred_l1,31185,unregistered,,
156784,R,R1-6,23,30,inferred_l1,32595,unregistered,,
156811,R,R8,9,16,direct,,unregistered,,
156842,R,R1-6,34,25,inferred_l1,27592,unregistered,,
156910,L,R7,13,31,direct,,unregistered,,
156922,L,R1-6,26,29,inferred_l1,34328,unregistered,,
156923,L,R1-6,23,31,inferred_l1,516729,unregistered,,
156939,R,R8,13,23,direct,,unregistered,,
156991,R,R1-6,30,32,inferred_l1,23384,unregistered,,
157015,R,R1-6,11,4,inferred_l1,23776,unregistered,,
157053,R,R7,15,19,direct,,unregistered,,
157132,R,R1-6,5,13,inferred_l1,28918,unregistered,,
157171,R,R1-6,25,32,inferred_l1,30658,unregistered,,
157182,L,R1-6,26,33,inferred_l1,24141,unregistered,,
157200,R,R7,11,25,direct,,unregistered,,
157249,L,R1-6,23,35,inferred_l1,31283,unregistered,,
157256,R,R1-6,26,34,inferred_l1,30599,unregistered,,
157288,R,R1-6,23,33,inferred_l1,27223,unregistered,,
157327,R,R1-6,26,36,inferred_l1,31969,unregistered,,
157387,R,R1-6,7,23,inferred_l1,20988,unregistered,,
157401,R,R1-6,26,34,inferred_l1,30599,unregistered,,
157459,R,R8,12,22,direct,,unregistered,,
157462,R,R8,25,30,direct,,unregistered,,
157513,L,R1-6,32,35,inferred_l1,29884,unregistered,,
157517,L,R1-6,10,29,inferred_l1,47743,unregistered,,
157599,R,R1-6,5,10,inferred_l1,30174,unregistered,,
157625,L,R1-6,11,29,inferred_l1,524821,unregistered,,
157656,R,R1-6,32,38,inferred_l1,53988,unregistered,,
157694,R,R1-6,27,31,inferred_l1,36134,unregistered,,
157702,L,R1-6,16,32,inferred_l1,556494,unregistered,,
157743,L,R1-6,26,27,inferred_l1,20179,unregistered,,
157786,R,R1-6,19,33,inferred_l1,20790,unregistered,,
157788,R,R1-6,28,30,inferred_l1,31185,unregistered,,
157793,R,R1-6,,,unmapped,,unregistered,,
157900,R,R1-6,24,32,inferred_l1,30378,unregistered,,
157901,R,R7,26,36,direct,,unregistered,,
157939,R,R1-6,29,28,inferred_l1,30460,unregistered,,
157975,L,R7,34,34,direct,,unregistered,,
158048,L,R8,18,7,direct,,unregistered,,
158053,L,R1-6,27,28,inferred_l1,20840,unregistered,,
158058,R,R1-6,7,13,inferred_l1,29162,unregistered,,
158136,R,R1-6,14,31,inferred_l1,26784,unregistered,,
158143,L,R7,15,21,direct,,unregistered,,
158147,R,R1-6,33,35,inferred_l1,27909,unregistered,,
158195,R,R1-6,29,34,inferred_l1,30014,unregistered,,
158215,L,R1-6,16,31,inferred_l1,50015,unregistered,,
158223,L,R1-6,12,31,inferred_l1,13505,unregistered,,
158239,R,R1-6,31,37,inferred_l1,40843,unregistered,,
158243,L,R1-6,30,29,inferred_l1,17310,unregistered,,
158264,R,R1-6,,,unmapped,,unregistered,,
158269,L,R1-6,26,34,inferred_l1,24503,unregistered,,
158277,R,R1-6,35,30,inferred_l1,27286,unregistered,,
158278,R,R1-6,6,15,inferred_l1,29606,unregistered,,
158279,R,R1-6,6,11,inferred_l1,31271,unregistered,,
158326,R,R1-6,,,unmapped,,unregistered,,
158327,R,R7,10,24,direct,,unregistered,,
158332,R,R8,2,10,direct,,unregistered,,
158334,R,R1-6,11,30,inferred_l1,21550,unregistered,,
158350,R,R1-6,7,12,inferred_l1,30149,unregistered,,
158360,R,R1-6,14,5,inferred_l1,27677,unregistered,,
158374,R,R1-6,9,13,inferred_l1,27996,unregistered,,
158414,R,R8,30,37,direct,,unregistered,,
158490,R,R1-6,24,30,inferred_l1,30344,unregistered,,
158506,R,R8,26,32,direct,,unregistered,,
158527,R,R1-6,25,33,inferred_l1,32581,unregistered,,
158541,L,R1-6,25,33,inferred_l1,516061,unregistered,,
158545,R,R1-6,5,15,inferred_l1,28673,unregistered,,
158565,R,R1-6,28,31,inferred_l1,35958,unregistered,,
158569,R,R1-6,25,32,inferred_l1,30658,unregistered,,
158583,R,R1-6,25,33,inferred_l1,32581,unregistered,,
158643,L,R7,18,26,direct,,unregistered,,
158644,R,R1-6,36,31,inferred_l1,34637,unregistered,,
158650,R,R8,27,32,direct,,unregistered,,
158684,R,R7,12,26,direct,,unregistered,,
158733,L,R1-6,17,33,inferred_l1,22030,unregistered,,
158781,R,R1-6,24,30,inferred_l1,30344,unregistered,,
158783,R,R1-6,28,31,inferred_l1,35958,unregistered,,
158804,L,R1-6,25,24,inferred_l1,17242,unregistered,,
158820,L,R1-6,27,26,inferred_l1,32883,unregistered,,
158889,R,R7,12,21,direct,,unregistered,,
158975,R,R1-6,24,32,inferred_l1,30378,unregistered,,
158999,R,R1-6,6,14,inferred_l1,40561,unregistered,,
159001,R,R1-6,29,31,inferred_l1,24144,unregistered,,
159116,L,R1-6,12,31,inferred_l1,13505,unregistered,,
159120,R,R7,10,2,direct,,unregistered,,
159150,R,R1-6,24,34,inferred_l1,32652,unregistered,,
159181,R,R1-6,34,29,inferred_l1,30795,unregistered,,
159226,R,R1-6,7,22,inferred_l1,53531,unregistered,,
159233,R,R1-6,,,unmapped,,unregistered,,
159276,R,R1-6,,,unmapped,,unregistered,,
159278,R,R1-6,9,11,inferred_l1,27465,unregistered,,
159281,R,R1-6,36,35,inferred_l1,35979,unregistered,,
159311,L,R7,26,35,direct,,unregistered,,
159352,R,R1-6,3,11,inferred_l1,40259,unregistered,,
159400,R,R1-6,28,35,inferred_l1,22763,unregistered,,
159469,L,R1-6,34,32,inferred_l1,23274,unregistered,,
159478,R,R1-6,26,34,inferred_l1,30599,unregistered,,
159480,R,R1-6,16,5,inferred_l1,26612,unregistered,,
159483,L,R1-6,25,34,inferred_l1,23016,unregistered,,
159499,L,R1-6,24,35,inferred_l1,18064,unregistered,,
159504,R,R1-6,24,29,inferred_l1,34781,unregistered,,
159542,L,R1-6,25,27,inferred_l1,13688,unregistered,,
159591,R,R7,12,23,direct,,unregistered,,
159592,R,R8,30,29,direct,,unregistered,,
159607,R,R1-6,17,32,inferred_l1,22013,unregistered,,
159617,R,R1-6,7,13,inferred_l1,29162,unregistered,,
159634,R,R1-6,16,32,inferred_l1,31039,unregistered,,
159645,L,R1-6,19,34,inferred_l1,545831,unregistered,,
159657,R,R1-6,13,6,inferred_l1,27018,unregistered,,
159675,R,R1-6,6,16,inferred_l1,29312,unregistered,,
159689,L,R1-6,11,29,inferred_l1,524821,unregistered,,
159789,R,R8,13,4,direct,,unregistered,,
159829,R,R1-6,25,34,inferred_l1,29910,unregistered,,
159830,R,R1-6,35,25,inferred_l1,31495,unregistered,,
159915,R,R1-6,30,33,inferred_l1,21781,unregistered,,
159923,R,R1-6,11,29,inferred_l1,24629,unregistered,,
160007,L,R1-6,31,35,inferred_l1,23951,unregistered,,
160020,L,R7,27,33,direct,,unregistered,,
160035,L,R8,24,37,direct,,unregistered,,
160040,L,R7,18,31,direct,,unregistered,,
160070,R,R1-6,26,36,inferred_l1,31969,unregistered,,
160091,L,R1-6,24,33,inferred_l1,533351,unregistered,,
160108,R,R7,22,34,direct,,unregistered,,
160118,L,R1-6,24,34,inferred_l1,534333,unregistered,,
160137,R,R1-6,24,33,inferred_l1,44214,unregistered,,
160146,R,R7,16,31,direct,,unregistered,,
160181,R,R7,10,12,direct,,unregistered,,
160224,L,R1-6,26,27,inferred_l1,20179,unregistered,,
160256,R,R7,11,19,direct,,unregistered,,
160257,R,R1-6,23,30,inferred_l1,32595,unregistered,,
160282,R,R1-6,27,36,inferred_l1,29946,unregistered,,
160332,R,R1-6,23,30,inferred_l1,32595,unregistered,,
160370,L,R7,16,22,direct,,unregistered,,
160413,R,R1-6,25,31,inferred_l1,26950,unregistered,,
160416,L,R1-6,15,33,inferred_l1,565475,unregistered,,
160478,R,R1-6,2,11,inferred_l1,59572,unregistered,,
160494,L,R1-6,14,31,inferred_l1,37064,unregistered,,
160517,L,R1-6,23,31,inferred_l1,516729,unregistered,,
160539,R,R1-6,33,35,inferred_l1,27909,unregistered,,
160569,R,R1-6,,,unmapped,,unregistered,,
160577,R,R1-6,30,31,inferred_l1,23597,unregistered,,
160580,R,R1-6,26,35,inferred_l1,30996,unregistered,,
160611,L,R1-6,25,37,inferred_l1,33498,unregistered,,
160613,R,R1-6,25,35,inferred_l1,29654,unregistered,,
160620,L,R7,32,36,direct,,unregistered,,
160659,R,R1-6,6,18,inferred_l1,29456,unregistered,,
160661,R,R1-6,17,5,inferred_l1,543535,unregistered,,
160684,R,R1-6,3,11,inferred_l1,40259,unregistered,,
160698,R,R8,11,4,direct,,unregistered,,
160807,R,R1-6,23,30,inferred_l1,32595,unregistered,,
160815,R,R7,7,17,direct,,unregistered,,
160867,R,R1-6,5,6,inferred_l1,39138,unregistered,,
160940,R,R1-6,7,12,inferred_l1,30149,unregistered,,
160957,R,R1-6,28,34,inferred_l1,21682,unregistered,,
160966,L,R8,10,28,direct,,unregistered,,
161039,R,R1-6,11,6,inferred_l1,29496,unregistered,,
161041,R,R1-6,23,31,inferred_l1,29751,unregistered,,
161052,R,R1-6,9,12,inferred_l1,30293,unregistered,,
161067,R,R1-6,6,16,inferred_l1,29312,unregistered,,
161197,R,R1-6,9,13,inferred_l1,27996,unregistered,,
161248,R,R1-6,25,34,inferred_l1,29910,unregistered,,
161308,R,R1-6,25,35,inferred_l1,29654,unregistered,,
161329,R,R1-6,16,5,inferred_l1,26612,unregistered,,
161335,R,R8,26,34,direct,,unregistered,,
161371,R,R8,5,12,direct,,unregistered,,
161375,R,R7,11,16,direct,,unregistered,,
161441,R,R1-6,23,30,inferred_l1,32595,unregistered,,
161450,R,R7,7,14,direct,,unregistered,,
161455,R,R7,21,32,direct,,unregistered,,
161469,R,R1-6,33,27,inferred_l1,26189,unregistered,,
161477,R,R1-6,5,11,inferred_l1,29301,unregistered,,
161494,R,R1-6,25,32,inferred_l1,30658,unregistered,,
161510,L,R1-6,29,31,inferred_l1,23074,unregistered,,
161539,L,R7,23,34,direct,,unregistered,,
161545,R,R1-6,23,32,inferred_l1,28470,unregistered,,
161549,R,R1-6,8,13,inferred_l1,28532,unregistered,,
161557,R,R8,30,32,direct,,unregistered,,
161635,R,R1-6,33,36,inferred_l1,25118,unregistered,,
161645,R,R1-6,24,31,inferred_l1,31738,unregistered,,
161667,L,R1-6,35,31,inferred_l1,25794,unregistered,,
161711,R,R7,22,27,direct,,unregistered,,
161738,R,R1-6,24,30,inferred_l1,30344,unregistered,,
161755,R,R7,28,28,direct,,unregistered,,
161831,L,R8,11,26,direct,,unregistered,,
161842,R,R7,16,20,direct,,unregistered,,
161874,R,R1-6,33,22,inferred_l1,30989,unregistered,,
161910,R,R1-6,,,unmapped,,unregistered,,
161919,R,R1-6,34,26,inferred_l1,22314,unregistered,,
161934,R,R1-6,17,34,inferred_l1,26596,unregistered,,
161959,R,R1-6,27,37,inferred_l1,33084,unregistered,,
161979,L,R1-6,29,37,inferred_l1,24311,unregistered,,
161992,L,R1-6,22,31,inferred_l1,514199,unregistered,,
162002,R,R7,6,16,direct,,unregistered,,
162110,R,R7,16,27,direct,,unregistered,,
162175,R,R1-6,10,28,inferred_l1,27627,unregistered,,
162203,R,R1-6,34,25,inferred_l1,27592,unregistered,,
162238,R,R1-6,24,33,inferred_l1,44214,unregistered,,
162241,R,R1-6,33,25,inferred_l1,29193,unregistered,,
162249,L,R1-6,27,29,inferred_l1,22999,unregistered,,
162288,R,R8,17,14,direct,,unregistered,,
162310,R,R1-6,,,unmapped,,unregistered,,
162357,R,R8,9,6,direct,,unregistered,,
162441,L,R1-6,23,31,inferred_l1,516729,unregistered,,
162488,R,R1-6,,,unmapped,,unregistered,,
162503,R,R7,18,32,direct,,unregistered,,
162563,R,R1-6,29,27,inferred_l1,33602,unregistered,,
162582,R,R7,17,32,direct,,unregistered,,
162588,R,R1-6,13,32,inferred_l1,31625,unregistered,,
162618,R,R8,15,19,direct,,unregistered,,
162645,L,R7,13,30,direct,,unregistered,,
162695,R,R1-6,34,28,inferred_l1,23678,unregistered,,
162702,L,R1-6,11,30,inferred_l1,42913,unregistered,,
162759,L,R1-6,26,33,inferred_l1,24141,unregistered,,
162768,R,R1-6,25,35,inferred_l1,29654,unregistered,,
162778,R,R1-6,27,36,inferred_l1,29946,unregistered,,
162793,R,R7,14,29,direct,,unregistered,,
162832,R,R7,12,19,direct,,unregistered,,
162834,R,R1-6,12,31,inferred_l1,31447,unregistered,,
162841,R,R1-6,12,30,inferred_l1,34837,unregistered,,
162854,R,R1-6,10,29,inferred_l1,27733,unregistered,,
162863,R,R7,6,14,direct,,unregistered,,
162879,L,R1-6,24,32,inferred_l1,540062,unregistered,,
162880,R,R1-6,33,26,inferred_l1,33363,unregistered,,
162923,R,R1-6,19,32,inferred_l1,18251,unregistered,,
162942,R,R7,10,26,direct,,unregistered,,
162985,L,R7,16,24,direct,,unregistered,,
163079,R,R1-6,17,32,inferred_l1,22013,unregistered,,
163229,R,R1-6,23,32,inferred_l1,28470,unregistered,,
163266,L,R1-6,24,31,inferred_l1,533622,unregistered,,
163342,R,R1-6,15,5,inferred_l1,26737,unregistered,,
163362,R,R1-6,23,32,inferred_l1,28470,unregistered,,
163372,R,R1-6,25,33,inferred_l1,32581,unregistered,,
163436,R,R1-6,8,12,inferred_l1,28429,unregistered,,
163471,L,R7,34,30,direct,,unregistered,,
163502,R,R1-6,28,35,inferred_l1,22763,unregistered,,
163538,L,R1-6,26,26,inferred_l1,527099,unregistered,,
163558,R,R8,16,21,direct,,unregistered,,
163572,L,R7,10,28,direct,,unregistered,,
163586,L,R1-6,28,29,inferred_l1,22934,unregistered,,
163604,L,R1-6,25,24,inferred_l1,17242,unregistered,,
163628,R,R1-6,6,12,inferred_l1,31485,unregistered,,
163632,L,R1-6,31,32,inferred_l1,25643,unregistered,,
163636,R,R1-6,16,6,inferred_l1,27015,unregistered,,
163637,R,R1-6,21,33,inferred_l1,31539,unregistered,,
163662,R,R7,8,9,direct,,unregistered,,
163682,R,R8,23,36,direct,,unregistered,,
163740,R,R1-6,13,31,inferred_l1,27276,unregistered,,
163772,R,R1-6,5,10,inferred_l1,30174,unregistered,,
163784,L,R1-6,25,34,inferred_l1,23016,unregistered,,
163919,R,R7,22,28,direct,,unregistered,,
163975,R,R7,,,unmapped,,unregistered,,
163976,R,R1-6,,,unmapped,,unregistered,,
163982,L,R7,6,13,direct,,unregistered,,
163985,R,R1-6,32,23,inferred_l1,30717,unregistered,,
163986,L,R1-6,25,33,inferred_l1,516061,unregistered,,
164001,L,R8,14,27,direct,,unregistered,,
164003,L,R1-6,31,35,inferred_l1,23951,unregistered,,
164012,L,R1-6,26,33,inferred_l1,24141,unregistered,,
164042,R,R1-6,32,35,inferred_l1,36006,unregistered,,
164063,R,R1-6,25,34,inferred_l1,29910,unregistered,,
164072,R,R1-6,16,32,inferred_l1,31039,unregistered,,
164080,R,R1-6,6,12,inferred_l1,31485,unregistered,,
164126,R,R1-6,6,12,inferred_l1,31485,unregistered,,
164130,L,R1-6,8,25,inferred_l1,524347,unregistered,,
164168,R,R1-6,29,38,inferred_l1,38599,unregistered,,
164176,L,R1-6,22,31,inferred_l1,514199,unregistered,,
164177,R,R1-6,34,28,inferred_l1,23678,unregistered,,
164234,R,R8,12,21,direct,,unregistered,,
164265,L,R1-6,33,33,inferred_l1,549493,unregistered,,
164274,L,R1-6,26,23,inferred_l1,14757,unregistered,,
164290,L,R8,23,35,direct,,unregistered,,
164312,R,R1-6,15,5,inferred_l1,26737,unregistered,,
164381,L,R1-6,19,34,inferred_l1,545831,unregistered,,
164396,L,R1-6,29,30,inferred_l1,23318,unregistered,,
164404,R,R1-6,34,25,inferred_l1,27592,unregistered,,
164411,L,R1-6,24,36,inferred_l1,532462,unregistered,,
164439,L,R1-6,7,23,inferred_l1,545921,unregistered,,
164492,R,R1-6,6,19,inferred_l1,30476,unregistered,,
164500,R,R1-6,34,35,inferred_l1,25014,unregistered,,
164530,L,R1-6,30,36,inferred_l1,24447,unregistered,,
164547,R,R7,11,2,direct,,unregistered,,
164572,R,R1-6,8,11,inferred_l1,29971,unregistered,,
164580,R,R1-6,7,18,inferred_l1,29338,unregistered,,
164583,R,R1-6,26,31,inferred_l1,31568,unregistered,,
164588,R,R7,13,21,direct,,unregistered,,
164608,L,R1-6,30,30,inferred_l1,531522,unregistered,,
164624,R,R8,13,18,direct,,unregistered,,
164656,L,R1-6,7,24,inferred_l1,72043,unregistered,,
164676,R,R1-6,25,30,inferred_l1,33055,unregistered,,
164765,R,R1-6,7,19,inferred_l1,29980,unregistered,,
164771,R,R1-6,10,28,inferred_l1,27627,unregistered,,
164792,R,R7,15,29,direct,,unregistered,,
164836,L,R1-6,19,32,inferred_l1,14405,unregistered,,
164888,R,R7,16,26,direct,,unregistered,,
164892,R,R1-6,,,unmapped,,unregistered,,
164952,L,R1-6,26,26,inferred_l1,527099,unregistered,,
164958,L,R1-6,24,24,inferred_l1,46653,unregistered,,
164976,R,R1-6,5,18,inferred_l1,35355,unregistered,,
164998,L,R7,28,33,direct,,unregistered,,
165030,L,R1-6,16,32,inferred_l1,556494,unregistered,,
165045,R,R7,20,29,direct,,unregistered,,
165053,L,R1-6,25,24,inferred_l1,17242,unregistered,,
165113,L,R1-6,32,35,inferred_l1,29884,unregistered,,
165120,R,R1-6,8,24,inferred_l1,29274,unregistered,,
165147,R,R1-6,9,5,inferred_l1,35026,unregistered,,
165150,L,R1-6,16,32,inferred_l1,556494,unregistered,,
165194,R,R1-6,25,30,inferred_l1,33055,unregistered,,
165215,R,R1-6,31,34,inferred_l1,21188,unregistered,,
165230,R,R1-6,4,6,inferred_l1,41884,unregistered,,
165242,L,R8,28,37,direct,,unregistered,,
165272,R,R7,9,11,direct,,unregistered,,
165311,R,R1-6,36,32,inferred_l1,25467,unregistered,,
165379,R,R1-6,28,35,inferred_l1,22763,unregistered,,
165401,R,R1-6,28,28,inferred_l1,31090,unregistered,,
165451,R,R1-6,5,20,inferred_l1,33890,unregistered,,
165467,R,R1-6,28,28,inferred_l1,31090,unregistered,,
165524,R,R1-6,29,28,inferred_l1,30460,unregistered,,
165529,R,R1-6,28,32,inferred_l1,32387,unregistered,,
165536,R,R1-6,6,14,inferred_l1,40561,unregistered,,
165548,R,R1-6,35,30,inferred_l1,27286,unregistered,,
165585,R,R7,24,35,direct,,unregistered,,
165686,R,R1-6,5,17,inferred_l1,36442,unregistered,,
165723,R,R1-6,9,20,inferred_l1,34855,unregistered,,
165735,L,R8,15,27,direct,,unregistered,,
165753,R,R1-6,11,29,inferred_l1,24629,unregistered,,
165771,R,R1-6,24,29,inferred_l1,34781,unregistered,,
165775,L,R1-6,25,24,inferred_l1,17242,unregistered,,
165791,R,R1-6,7,24,inferred_l1,39218,unregistered,,
165793,L,R1-6,31,34,inferred_l1,32978,unregistered,,
165818,R,R7,5,15,direct,,unregistered,,
165833,R,R7,35,26,direct,,unregistered,,
165894,R,R8,12,19,direct,,unregistered,,
165904,R,R1-6,24,30,inferred_l1,30344,unregistered,,
165921,R,R1-6,,,unmapped,,unregistered,,
165929,R,R1-6,9,28,inferred_l1,44723,unregistered,,
165946,R,R7,14,32,direct,,unregistered,,
165962,L,R1-6,24,32,inferred_l1,540062,unregistered,,
166002,R,R1-6,23,31,inferred_l1,29751,unregistered,,
166003,L,R1-6,17,31,inferred_l1,14007,unregistered,,
166006,R,R1-6,16,32,inferred_l1,31039,unregistered,,
166128,L,R7,20,26,direct,,unregistered,,
166154,R,R1-6,33,24,inferred_l1,27058,unregistered,,
166165,R,R8,27,28,direct,,unregistered,,
166193,R,R7,17,31,direct,,unregistered,,
166197,R,R7,15,25,direct,,unregistered,,
166255,R,R1-6,15,33,inferred_l1,34999,unregistered,,
166263,R,R1-6,10,29,inferred_l1,27733,unregistered,,
166269,L,R1-6,20,33,inferred_l1,21422,unregistered,,
166306,L,R1-6,27,26,inferred_l1,32883,unregistered,,
166307,L,R1-6,31,34,inferred_l1,32978,unregistered,,
166309,R,R1-6,28,36,inferred_l1,22498,unregistered,,
166326,R,R1-6,19,32,inferred_l1,18251,unregistered,,
166373,R,R1-6,12,6,inferred_l1,29398,unregistered,,
166393,R,R1-6,7,17,inferred_l1,28883,unregistered,,
166398,R,R1-6,33,35,inferred_l1,27909,unregistered,,
166426,R,R1-6,24,34,inferred_l1,32652,unregistered,,
166471,L,R8,16,28,direct,,unregistered,,
166473,L,R7,5,15,direct,,unregistered,,
166476,L,R8,8,19,direct,,unregistered,,
166478,L,R1-6,27,28,inferred_l1,20840,unregistered,,
166487,R,R1-6,4,11,inferred_l1,34493,unregistered,,
166525,R,R7,33,36,direct,,unregistered,,
166609,R,R7,20,33,direct,,unregistered,,
166646,R,R1-6,12,30,inferred_l1,34837,unregistered,,
166648,L,R1-6,25,24,inferred_l1,17242,unregistered,,
166649,R,R1-6,24,33,inferred_l1,44214,unregistered,,
166661,R,R1-6,5,10,inferred_l1,30174,unregistered,,
166686,R,R1-6,33,24,inferred_l1,27058,unregistered,,
166716,R,R8,15,23,direct,,unregistered,,
166739,L,R7,28,38,direct,,unregistered,,
166746,R,R1-6,,,unmapped,,unregistered,,
166760,R,R1-6,27,28,inferred_l1,31278,unregistered,,
166788,L,R8,13,17,direct,,unregistered,,
166851,L,R1-6,31,34,inferred_l1,32978,unregistered,,
166891,R,R7,16,32,direct,,unregistered,,
166892,L,R1-6,18,33,inferred_l1,542323,unregistered,,
166913,R,R1-6,7,12,inferred_l1,30149,unregistered,,
167017,R,R1-6,24,36,inferred_l1,36298,unregistered,,
167031,R,R1-6,11,30,inferred_l1,21550,unregistered,,
167051,R,R1-6,19,33,inferred_l1,20790,unregistered,,
167066,L,R1-6,22,33,inferred_l1,39568,unregistered,,
167113,L,R1-6,30,32,inferred_l1,23414,unregistered,,
167153,R,R1-6,20,34,inferred_l1,24916,unregistered,,
167157,R,R1-6,9,13,inferred_l1,27996,unregistered,,
167170,L,R1-6,21,33,inferred_l1,518163,unregistered,,
167200,R,R1-6,27,32,inferred_l1,24116,unregistered,,
167204,L,R8,23,34,direct,,unregistered,,
167205,R,R1-6,6,19,inferred_l1,30476,unregistered,,
167213,R,R8,12,28,direct,,unregistered,,
167228,R,R1-6,28,28,inferred_l1,31090,unregistered,,
167244,R,R1-6,23,29,inferred_l1,33465,unregistered,,
167300,R,R1-6,27,27,inferred_l1,32068,unregistered,,
167312,R,R1-6,14,4,inferred_l1,27642,unregistered,,
167365,R,R1-6,5,16,inferred_l1,34108,unregistered,,
167374,R,R1-6,30,38,inferred_l1,25263,unregistered,,
167438,R,R8,14,22,direct,,unregistered,,
167445,R,R1-6,10,14,inferred_l1,31306,unregistered,,
167499,R,R1-6,27,31,inferred_l1,36134,unregistered,,
167518,R,R7,14,17,direct,,unregistered,,
167541,L,R1-6,25,26,inferred_l1,534376,unregistered,,
167574,R,R1-6,29,33,inferred_l1,25811,unregistered,,
167595,R,R1-6,35,31,inferred_l1,25543,unregistered,,
167646,L,R1-6,25,36,inferred_l1,20391,unregistered,,
167683,L,R8,29,37,direct,,unregistered,,
167760,R,R1-6,28,31,inferred_l1,35958,unregistered,,
167788,L,R8,22,33,direct,,unregistered,,
167791,R,R7,17,26,direct,,unregistered,,
167882,L,R1-6,,,unmapped,,unregistered,,
167904,R,R7,8,20,direct,,unregistered,,
167977,R,R1-6,,,unmapped,,unregistered,,
168001,L,R1-6,10,29,inferred_l1,47743,unregistered,,
168003,R,R1-6,29,34,inferred_l1,30014,unregistered,,
168019,L,R7,6,17,direct,,unregistered,,
168021,R,R1-6,18,33,inferred_l1,26550,unregistered,,
168042,R,R7,31,38,direct,,unregistered,,
168050,R,R1-6,5,6,inferred_l1,39138,unregistered,,
168058,R,R1-6,11,14,inferred_l1,32011,unregistered,,
168062,R,R7,11,20,direct,,unregistered,,
168099,R,R1-6,34,30,inferred_l1,32905,unregistered,,
168122,R,R8,10,12,direct,,unregistered,,
168127,L,R8,18,29,direct,,unregistered,,
168153,R,R1-6,11,29,inferred_l1,24629,unregistered,,
168181,L,R1-6,26,34,inferred_l1,24503,unregistered,,
168219,R,R1-6,21,8,inferred_l1,26152,unregistered,,
168230,R,R8,11,15,direct,,unregistered,,
168254,R,R1-6,23,32,inferred_l1,28470,unregistered,,
168283,R,R1-6,9,11,inferred_l1,27465,unregistered,,
168290,R,R1-6,,,unmapped,,unregistered,,
168295,L,R1-6,15,31,inferred_l1,32436,unregistered,,
168312,R,R1-6,6,17,inferred_l1,28859,unregistered,,
168319,R,R1-6,6,6,inferred_l1,40132,unregistered,,
168323,R,R1-6,10,29,inferred_l1,27733,unregistered,,
168375,L,R7,27,35,direct,,unregistered,,
168384,L,R7,14,23,direct,,unregistered,,
168391,R,R1-6,13,31,inferred_l1,27276,unregistered,,
168393,R,R1-6,14,6,inferred_l1,25096,unregistered,,
168411,R,R1-6,25,34,inferred_l1,29910,unregistered,,
168450,L,R1-6,9,26,inferred_l1,547005,unregistered,,
168476,R,R1-6,4,12,inferred_l1,33719,unregistered,,
168480,L,R1-6,34,26,inferred_l1,22430,unregistered,,
168495,R,R8,36,33,direct,,unregistered,,
168504,L,R8,19,30,direct,,unregistered,,
168576,R,R8,30,30,direct,,unregistered,,
168599,R,R8,20,23,direct,,unregistered,,
168619,R,R7,16,21,direct,,unregistered,,
168655,R,R7,23,34,direct,,unregistered,,
168659,R,R1-6,35,30,inferred_l1,27286,unregistered,,
168685,R,R7,11,18,direct,,unregistered,,
168699,R,R7,7,2,direct,,unregistered,,
168733,R,R1-6,,,unmapped,,unregistered,,
168735,R,R1-6,33,27,inferred_l1,26189,unregistered,,
168739,R,R1-6,32,23,inferred_l1,30717,unregistered,,
168804,R,R1-6,22,31,inferred_l1,30226,unregistered,,
168809,L,R1-6,25,26,inferred_l1,534376,unregistered,,
168842,R,R8,15,26,direct,,unregistered,,
168848,R,R1-6,7,18,inferred_l1,29338,unregistered,,
168855,R,R7,19,26,direct,,unregistered,,
168863,R,R1-6,31,32,inferred_l1,22927,unregistered,,
168954,R,R1-6,8,24,inferred_l1,29274,unregistered,,
168963,R,R1-6,7,3,inferred_l1,53857,unregistered,,
168994,L,R1-6,14,32,inferred_l1,18048,unregistered,,
169002,L,R1-6,27,27,inferred_l1,527141,unregistered,,
169021,L,R1-6,24,33,inferred_l1,533351,unregistered,,
169024,R,R1-6,18,6,inferred_l1,23372,unregistered,,
169043,L,R1-6,24,24,inferred_l1,46653,unregistered,,
169064,L,R1-6,15,31,inferred_l1,32436,unregistered,,
169066,L,R1-6,24,24,inferred_l1,46653,unregistered,,
169088,R,R7,9,14,direct,,unregistered,,
169131,R,R7,16,30,direct,,unregistered,,
169216,R,R1-6,6,21,inferred_l1,45179,unregistered,,
169293,R,R1-6,6,11,inferred_l1,31271,unregistered,,
169327,L,R1-6,26,34,inferred_l1,24503,unregistered,,
169341,R,R7,19,21,direct,,unregistered,,
169406,L,R1-6,28,33,inferred_l1,534764,unregistered,,
169455,R,R7,14,16,direct,,unregistered,,
169467,R,R8,8,6,direct,,unregistered,,
169524,R,R1-6,7,15,inferred_l1,28238,unregistered,,
169550,R,R7,19,24,direct,,unregistered,,
169579,R,R8,35,33,direct,,unregistered,,
169600,L,R1-6,8,24,inferred_l1,30926,unregistered,,
169605,R,R8,8,8,direct,,unregistered,,
169619,R,R1-6,11,14,inferred_l1,32011,unregistered,,
169694,R,R8,9,14,direct,,unregistered,,
169695,R,R7,16,24,direct,,unregistered,,
169729,R,R1-6,27,31,inferred_l1,36134,unregistered,,
169774,R,R7,12,17,direct,,unregistered,,
169862,R,R7,13,30,direct,,unregistered,,
169891,R,R7,13,14,direct,,unregistered,,
169903,R,R7,5,3,direct,,unregistered,,
169969,R,R1-6,34,35,inferred_l1,25014,unregistered,,
169971,R,R1-6,9,26,inferred_l1,29732,unregistered,,
170002,R,R1-6,5,17,inferred_l1,36442,unregistered,,
170017,L,R1-6,24,33,inferred_l1,533351,unregistered,,
170022,R,R7,17,20,direct,,unregistered,,
170037,R,R7,15,18,direct,,unregistered,,
170039,L,R8,12,21,direct,,unregistered,,
170041,L,R1-6,27,27,inferred_l1,527141,unregistered,,
170061,R,R1-6,33,23,inferred_l1,27949,unregistered,,
170066,R,R7,20,31,direct,,unregistered,,
170084,R,R7,18,30,direct,,unregistered,,
170117,R,R1-6,4,17,inferred_l1,42891,unregistered,,
170128,R,R7,27,27,direct,,unregistered,,
170153,R,R1-6,7,17,inferred_l1,28883,unregistered,,
170165,R,R1-6,26,36,inferred_l1,31969,unregistered,,
170170,R,R8,21,22,direct,,unregistered,,
170184,L,R8,14,21,direct,,unregistered,,
170186,R,R8,13,25,direct,,unregistered,,
170206,R,R1-6,24,29,inferred_l1,34781,unregistered,,
170249,L,R1-6,26,35,inferred_l1,20608,unregistered,,
170251,R,R1-6,29,27,inferred_l1,33602,unregistered,,
170339,R,R1-6,15,4,inferred_l1,28475,unregistered,,
170342,R,R8,21,32,direct,,unregistered,,
170352,R,R1-6,27,28,inferred_l1,31278,unregistered,,
170390,R,R8,13,21,direct,,unregistered,,
170401,L,R8,21,31,direct,,unregistered,,
170415,R,R1-6,32,22,inferred_l1,26854,unregistered,,
170471,L,R1-6,24,24,inferred_l1,46653,unregistered,,
170476,R,R1-6,11,6,inferred_l1,29496,unregistered,,
170500,R,R1-6,7,12,inferred_l1,30149,unregistered,,
170521,R,R1-6,17,33,inferred_l1,25475,unregistered,,
170543,L,R8,10,24,direct,,unregistered,,
170546,L,R1-6,20,33,inferred_l1,21422,unregistered,,
170581,R,R8,13,22,direct,,unregistered,,
170621,L,R1-6,13,31,inferred_l1,540416,unregistered,,
170626,R,R7,12,16,direct,,unregistered,,
170755,R,R1-6,34,27,inferred_l1,22176,unregistered,,
170761,L,R1-6,24,23,inferred_l1,538964,unregistered,,
170766,R,R8,15,28,direct,,unregistered,,
170768,R,R1-6,29,37,inferred_l1,24649,unregistered,,
170811,L,R1-6,17,30,inferred_l1,518303,unregistered,,
170815,L,R7,14,22,direct,,unregistered,,
170825,R,R1-6,19,33,inferred_l1,20790,unregistered,,
170836,R,R8,9,5,direct,,unregistered,,
170871,R,R1-6,15,4,inferred_l1,28475,unregistered,,
170880,L,R1-6,25,25,inferred_l1,18386,unregistered,,
170886,R,R1-6,27,27,inferred_l1,32068,unregistered,,
170914,L,R1-6,25,33,inferred_l1,516061,unregistered,,
170952,R,R1-6,10,13,inferred_l1,28966,unregistered,,
170965,R,R1-6,17,6,inferred_l1,31699,unregistered,,
170971,R,R1-6,16,33,inferred_l1,23857,unregistered,,
170982,L,R7,11,13,direct,,unregistered,,
171006,R,R1-6,9,12,inferred_l1,30293,unregistered,,
171026,R,R1-6,11,22,inferred_l1,27521,unregistered,,
171038,L,R1-6,25,33,inferred_l1,516061,unregistered,,
171059,L,R1-6,26,37,inferred_l1,21298,unregistered,,
171071,R,R1-6,13,31,inferred_l1,27276,unregistered,,
171095,R,R1-6,8,12,inferred_l1,28429,unregistered,,
171110,R,R1-6,23,31,inferred_l1,29751,unregistered,,
171211,R,R1-6,17,32,inferred_l1,22013,unregistered,,
171212,R,R7,20,26,direct,,unregistered,,
171223,R,R1-6,31,33,inferred_l1,31929,unregistered,,
171254,R,R7,11,14,direct,,unregistered,,
171262,R,R8,15,27,direct,,unregistered,,
171300,R,R1-6,4,14,inferred_l1,34243,unregistered,,
171339,R,R1-6,8,21,inferred_l1,48771,unregistered,,
171349,R,R1-6,4,12,inferred_l1,33719,unregistered,,
171361,R,R1-6,8,23,inferred_l1,27217,unregistered,,
171385,L,R1-6,,,unmapped,,unregistered,,
171427,R,R1-6,10,13,inferred_l1,28966,unregistered,,
171430,R,R1-6,34,28,inferred_l1,23678,unregistered,,
171467,R,R8,5,11,direct,,unregistered,,
171475,L,R7,20,28,direct,,unregistered,,
171489,R,R7,21,31,direct,,unregistered,,
171491,R,R1-6,27,30,inferred_l1,36666,unregistered,,
171492,R,R1-6,4,11,inferred_l1,34493,unregistered,,
171496,R,R7,25,26,direct,,unregistered,,
171516,R,R8,13,24,direct,,unregistered,,
171521,L,R1-6,27,26,inferred_l1,32883,unregistered,,
171535,L,R1-6,28,28,inferred_l1,17248,unregistered,,
171541,R,R1-6,16,32,inferred_l1,31039,unregistered,,
171624,R,R8,5,7,direct,,unregistered,,
171647,R,R1-6,10,5,inferred_l1,27357,unregistered,,
171660,R,R1-6,9,13,inferred_l1,27996,unregistered,,
171668,R,R7,26,35,direct,,unregistered,,
171685,R,R8,11,26,direct,,unregistered,,
171703,R,R1-6,29,32,inferred_l1,25943,unregistered,,
171728,R,R8,19,24,direct,,unregistered,,
171852,R,R7,8,13,direct,,unregistered,,
171873,R,R1-6,8,23,inferred_l1,27217,unregistered,,
171874,L,R1-6,31,37,inferred_l1,24325,unregistered,,
171919,R,R7,16,22,direct,,unregistered,,
171933,R,R1-6,6,17,inferred_l1,28859,unregistered,,
171951,R,R8,8,11,direct,,unregistered,,
171954,L,R7,8,18,direct,,unregistered,,
171971,R,R7,22,32,direct,,unregistered,,
171989,R,R1-6,10,13,inferred_l1,28966,unregistered,,
172026,R,R1-6,19,32,inferred_l1,18251,unregistered,,
172045,L,R1-6,29,31,inferred_l1,23074,unregistered,,
172046,R,R7,13,22,direct,,unregistered,,
172057,L,R1-6,15,31,inferred_l1,32436,unregistered,,
172064,L,R8,27,35,direct,,unregistered,,
172113,R,R1-6,26,31,inferred_l1,31568,unregistered,,
172160,R,R8,14,19,direct,,unregistered,,
172181,L,R1-6,8,26,inferred_l1,547136,unregistered,,
172194,R,R1-6,36,33,inferred_l1,30241,unregistered,,
172293,R,R7,15,17,direct,,unregistered,,
172331,R,R1-6,35,31,inferred_l1,25543,unregistered,,
172359,R,R1-6,9,18,inferred_l1,39361,unregistered,,
172451,R,R8,14,21,direct,,unregistered,,
172476,R,R1-6,,,unmapped,,unregistered,,
172539,L,R1-6,14,31,inferred_l1,37064,unregistered,,
172544,R,R7,25,36,direct,,unregistered,,
172592,R,R8,23,34,direct,,unregistered,,
172612,L,R1-6,16,33,inferred_l1,36754,unregistered,,
172626,R,R7,21,33,direct,,unregistered,,
172641,R,R1-6,23,35,inferred_l1,30483,unregistered,,
172704,L,R1-6,23,31,inferred_l1,516729,unregistered,,
172712,R,R8,14,26,direct,,unregistered,,
172741,L,R1-6,25,32,inferred_l1,535237,unregistered,,
172742,R,R7,6,11,direct,,unregistered,,
172774,R,R7,25,31,direct,,unregistered,,
172812,L,R1-6,28,29,inferred_l1,22934,unregistered,,
172830,R,R8,9,3,direct,,unregistered,,
172852,R,R1-6,22,32,inferred_l1,31396,unregistered,,
172875,L,R8,16,25,direct,,unregistered,,
172884,L,R1-6,15,32,inferred_l1,556493,unregistered,,
172887,R,R1-6,7,18,inferred_l1,29338,unregistered,,
172906,L,R8,12,24,direct,,unregistered,,
172943,R,R8,13,28,direct,,unregistered,,
172949,L,R7,5,17,direct,,unregistered,,
172955,R,R7,12,18,direct,,unregistered,,
172965,L,R8,12,22,direct,,unregistered,,
172972,R,R1-6,7,19,inferred_l1,29980,unregistered,,
172993,L,R7,27,34,direct,,unregistered,,
172995,L,R1-6,9,27,inferred_l1,516748,unregistered,,
173034,R,R1-6,6,18,inferred_l1,29456,unregistered,,
173096,L,R1-6,19,32,inferred_l1,14405,unregistered,,
173105,R,R1-6,6,6,inferred_l1,40132,unregistered,,
173142,R,R1-6,9,12,inferred_l1,30293,unregistered,,
173144,L,R1-6,24,24,inferred_l1,46653,unregistered,,
173151,L,R1-6,26,32,inferred_l1,32429,unregistered,,
173173,R,R1-6,32,22,inferred_l1,26854,unregistered,,
173196,R,R1-6,12,31,inferred_l1,31447,unregistered,,
173211,R,R1-6,35,36,inferred_l1,29875,unregistered,,
173239,R,R8,13,16,direct,,unregistered,,
173272,L,R7,21,35,direct,,unregistered,,
173289,R,R1-6,23,33,inferred_l1,27223,unregistered,,
173303,L,R7,24,30,direct,,unregistered,,
173324,R,R1-6,24,29,inferred_l1,34781,unregistered,,
173366,R,R7,8,8,direct,,unregistered,,
173372,R,R1-6,,,unmapped,,unregistered,,
173383,R,R1-6,11,29,inferred_l1,24629,unregistered,,
173398,L,R7,26,26,direct,,unregistered,,
173429,R,R7,11,4,direct,,unregistered,,
173454,R,R1-6,6,18,inferred_l1,29456,unregistered,,
173459,R,R1-6,27,31,inferred_l1,36134,unregistered,,
173461,R,R1-6,18,5,inferred_l1,27940,unregistered,,
173479,R,R1-6,28,27,inferred_l1,32659,unregistered,,
173491,R,R7,11,5,direct,,unregistered,,
173510,R,R7,7,19,direct,,unregistered,,
173575,L,R8,20,31,direct,,unregistered,,
173592,R,R1-6,33,25,inferred_l1,29193,unregistered,,
173684,L,R1-6,23,31,inferred_l1,516729,unregistered,,
173712,L,R8,13,25,direct,,unregistered,,
173737,R,R1-6,32,34,inferred_l1,36851,unregistered,,
173757,R,R8,5,6,direct,,unregistered,,
173791,L,R1-6,19,32,inferred_l1,14405,unregistered,,
173844,R,R1-6,12,30,inferred_l1,34837,unregistered,,
173847,R,R8,15,17,direct,,unregistered,,
173889,L,R1-6,34,30,inferred_l1,18136,unregistered,,
173895,R,R1-6,,,unmapped,,unregistered,,
173953,R,R8,11,25,direct,,unregistered,,
173976,R,R8,14,20,direct,,unregistered,,
173995,R,R7,19,31,direct,,unregistered,,
173996,R,R7,35,28,direct,,unregistered,,
174019,R,R1-6,12,30,inferred_l1,34837,unregistered,,
174038,L,R1-6,31,36,inferred_l1,22631,unregistered,,
174061,L,R1-6,35,35,inferred_l1,32376,unregistered,,
174103,L,R7,11,23,direct,,unregistered,,
174117,L,R1-6,24,34,inferred_l1,534333,unregistered,,
174126,R,R7,7,13,direct,,unregistered,,
174144,L,R1-6,29,34,inferred_l1,529438,unregistered,,
174196,R,R7,6,2,direct,,unregistered,,
174219,L,R8,11,27,direct,,unregistered,,
174247,R,R1-6,6,12,inferred_l1,31485,unregistered,,
174285,R,R8,12,15,direct,,unregistered,,
174329,R,R1-6,6,18,inferred_l1,29456,unregistered,,
174344,R,R1-6,,,unmapped,,unregistered,,
174365,L,R7,14,20,direct,,unregistered,,
174409,L,R1-6,11,29,inferred_l1,524821,unregistered,,
174411,L,R1-6,17,31,inferred_l1,14007,unregistered,,
174456,L,R1-6,24,31,inferred_l1,533622,unregistered,,
174482,L,R8,8,20,direct,,unregistered,,
174491,L,R7,3,12,direct,,unregistered,,
174496,R,R1-6,4,13,inferred_l1,34833,unregistered,,
174521,L,R7,20,34,direct,,unregistered,,
174537,R,R1-6,6,10,inferred_l1,28713,unregistered,,
174547,L,R1-6,26,28,inferred_l1,531745,unregistered,,
174586,R,R7,10,4,direct,,unregistered,,
174598,R,R7,20,32,direct,,unregistered,,
174634,L,R8,11,21,direct,,unregistered,,
174637,L,R8,12,25,direct,,unregistered,,
174659,R,R1-6,28,31,inferred_l1,35958,unregistered,,
174663,R,R1-6,24,34,inferred_l1,32652,unregistered,,
174682,L,R1-6,26,24,inferred_l1,539239,unregistered,,
174688,R,R1-6,28,27,inferred_l1,32659,unregistered,,
174693,R,R8,17,22,direct,,unregistered,,
174749,R,R8,9,7,direct,,unregistered,,
174812,R,R1-6,23,31,inferred_l1,29751,unregistered,,
174868,R,R8,13,19,direct,,unregistered,,
174905,R,R1-6,23,33,inferred_l1,27223,unregistered,,
174933,L,R1-6,6,22,inferred_l1,30632,unregistered,,
174987,R,R1-6,10,6,inferred_l1,39722,unregistered,,
175000,L,R8,5,15,direct,,unregistered,,
175010,R,R7,17,21,direct,,unregistered,,
175019,R,R7,18,31,direct,,unregistered,,
175039,L,R7,26,31,direct,,unregistered,,
175045,R,R1-6,7,18,inferred_l1,29338,unregistered,,
175072,R,R7,15,23,direct,,unregistered,,
175093,R,R7,11,13,direct,,unregistered,,
175115,R,R8,32,34,direct,,unregistered,,
175143,R,R7,18,29,direct,,unregistered,,
175184,R,R1-6,10,28,inferred_l1,27627,unregistered,,
175197,R,R1-6,10,14,inferred_l1,31306,unregistered,,
175203,R,R1-6,11,13,inferred_l1,30764,unregistered,,
175231,R,R8,8,18,direct,,unregistered,,
175235,R,R1-6,,,unmapped,,unregistered,,
175249,L,R7,18,28,direct,,unregistered,,
175268,R,R1-6,27,31,inferred_l1,36134,unregistered,,
175271,R,R1-6,11,21,inferred_l1,27600,unregistered,,
175276,R,R7,10,11,direct,,unregistered,,
175286,R,R8,12,27,direct,,unregistered,,
175351,R,R1-6,24,29,inferred_l1,34781,unregistered,,
175353,R,R1-6,9,27,inferred_l1,27532,unregistered,,
175392,L,R1-6,24,34,inferred_l1,534333,unregistered,,
175418,L,R8,12,20,direct,,unregistered,,
175437,L,R8,28,38,direct,,unregistered,,
175453,R,R8,18,28,direct,,unregistered,,
175461,R,R7,11,3,direct,,unregistered,,
175475,R,R7,35,31,direct,,unregistered,,
175488,L,R1-6,29,36,inferred_l1,22424,unregistered,,
175506,R,R1-6,30,29,inferred_l1,24026,unregistered,,
175523,R,R8,14,32,direct,,unregistered,,
175532,L,R1-6,27,35,inferred_l1,46394,unregistered,,
175541,L,R1-6,28,35,inferred_l1,23629,unregistered,,
175549,R,R7,17,28,direct,,unregistered,,
175562,R,R7,9,12,direct,,unregistered,,
175575,R,R8,22,34,direct,,unregistered,,
175582,R,R7,22,29,direct,,unregistered,,
175617,R,R7,15,24,direct,,unregistered,,
175621,R,R7,14,23,direct,,unregistered,,
175637,R,R1-6,20,32,inferred_l1,23481,unregistered,,
175659,R,R1-6,5,12,inferred_l1,31702,unregistered,,
175692,R,R7,23,32,direct,,unregistered,,
175694,L,R8,17,22,direct,,unregistered,,
175721,R,R1-6,28,33,inferred_l1,22604,unregistered,,
175744,R,R8,10,21,direct,,unregistered,,
175748,R,R7,7,21,direct,,unregistered,,
175753,R,R8,16,17,direct,,unregistered,,
175764,L,R1-6,19,34,inferred_l1,545831,unregistered,,
175838,R,R8,7,13,direct,,unregistered,,
175853,R,R1-6,6,3,inferred_l1,66513,unregistered,,
175873,L,R8,23,33,direct,,unregistered,,
175875,L,R1-6,23,33,inferred_l1,22703,unregistered,,
175900,R,R7,11,23,direct,,unregistered,,
175941,L,R7,9,14,direct,,unregistered,,
175952,L,R1-6,27,33,inferred_l1,27711,unregistered,,
175955,R,R1-6,27,28,inferred_l1,31278,unregistered,,
175979,L,R1-6,13,32,inferred_l1,93139,unregistered,,
175983,L,R1-6,24,24,inferred_l1,46653,unregistered,,
175990,L,R1-6,25,32,inferred_l1,535237,unregistered,,
176027,R,R1-6,22,30,inferred_l1,31410,unregistered,,
176031,L,R7,29,38,direct,,unregistered,,
176053,R,R7,13,17,direct,,unregistered,,
176089,R,R1-6,7,18,inferred_l1,29338,unregistered,,
176194,L,R7,9,18,direct,,unregistered,,
176200,R,R1-6,27,28,inferred_l1,31278,unregistered,,
176209,L,R8,10,22,direct,,unregistered,,
176210,L,R7,10,20,direct,,unregistered,,
176211,L,R8,14,19,direct,,unregistered,,
176239,R,R8,15,18,direct,,unregistered,,
176261,R,R8,11,21,direct,,unregistered,,
176266,R,R1-6,8,23,inferred_l1,27217,unregistered,,
176282,R,R8,10,15,direct,,unregistered,,
176290,R,R8,22,29,direct,,unregistered,,
176307,R,R8,17,23,direct,,unregistered,,
176388,L,R1-6,24,31,inferred_l1,533622,unregistered,,
176390,R,R1-6,4,5,inferred_l1,67725,unregistered,,
176408,L,R1-6,12,30,inferred_l1,540084,unregistered,,
176445,R,R7,9,23,direct,,unregistered,,
176520,L,R7,4,12,direct,,unregistered,,
176548,R,R8,11,11,direct,,unregistered,,
176552,L,R1-6,34,33,inferred_l1,16685,unregistered,,
176577,L,R7,13,17,direct,,unregistered,,
176590,R,R8,9,19,direct,,unregistered,,
176624,L,R1-6,34,29,inferred_l1,22168,unregistered,,
176678,R,R1-6,24,29,inferred_l1,34781,unregistered,,
176714,R,R7,30,32,direct,,unregistered,,
176752,L,R8,11,20,direct,,unregistered,,
176758,R,R1-6,6,14,inferred_l1,40561,unregistered,,
176768,R,R7,4,15,direct,,unregistered,,
176784,L,R1-6,16,32,inferred_l1,556494,unregistered,,
176791,R,R1-6,15,5,inferred_l1,26737,unregistered,,
176814,R,R1-6,10,21,inferred_l1,28814,unregistered,,
176827,R,R1-6,4,5,inferred_l1,67725,unregistered,,
176841,R,R7,7,12,direct,,unregistered,,
176884,L,R1-6,23,33,inferred_l1,22703,unregistered,,
176885,R,R7,8,12,direct,,unregistered,,
176902,R,R8,6,12,direct,,unregistered,,
176907,R,R1-6,10,12,inferred_l1,32280,unregistered,,
176950,L,R8,21,32,direct,,unregistered,,
177002,L,R1-6,18,32,inferred_l1,60825,unregistered,,
177035,R,R1-6,18,5,inferred_l1,27940,unregistered,,
177038,R,R1-6,28,37,inferred_l1,34528,unregistered,,
177040,R,R1-6,10,12,inferred_l1,32280,unregistered,,
177059,L,R1-6,15,31,inferred_l1,32436,unregistered,,
177060,R,R1-6,8,17,inferred_l1,30617,unregistered,,
177094,R,R1-6,,,unmapped,,unregistered,,
177139,R,R7,14,31,direct,,unregistered,,
177158,R,R8,15,25,direct,,unregistered,,
177217,L,R1-6,23,36,inferred_l1,22311,unregistered,,
177234,R,R1-6,6,13,inferred_l1,31133,unregistered,,
177235,R,R7,8,17,direct,,unregistered,,
177267,R,R8,16,26,direct,,unregistered,,
177287,R,R1-6,7,17,inferred_l1,28883,unregistered,,
177304,R,R7,8,14,direct,,unregistered,,
177356,R,R8,10,14,direct,,unregistered,,
177361,R,R7,17,18,direct,,unregistered,,
177362,R,R8,16,22,direct,,unregistered,,
177380,L,R1-6,15,31,inferred_l1,32436,unregistered,,
177390,R,R8,12,12,direct,,unregistered,,
177395,R,R7,5,10,direct,,unregistered,,
177405,R,R1-6,8,13,inferred_l1,28532,unregistered,,
177411,R,R1-6,26,31,inferred_l1,31568,unregistered,,
177426,R,R1-6,8,19,inferred_l1,28764,unregistered,,
177459,L,R1-6,27,30,inferred_l1,21457,unregistered,,
177485,R,R1-6,29,35,inferred_l1,21960,unregistered,,
177494,R,R1-6,8,18,inferred_l1,30248,unregistered,,
177525,R,R1-6,27,27,inferred_l1,32068,unregistered,,
177537,R,R1-6,34,34,inferred_l1,24998,unregistered,,
177547,R,R7,14,14,direct,,unregistered,,
177613,R,R1-6,22,32,inferred_l1,31396,unregistered,,
177676,R,R8,11,23,direct,,unregistered,,
177684,L,R7,5,16,direct,,unregistered,,
177710,L,R8,22,31,direct,,unregistered,,
177712,R,R1-6,6,6,inferred_l1,40132,unregistered,,
177726,L,R8,31,36,direct,,unregistered,,
177749,R,R1-6,6,20,inferred_l1,29943,unregistered,,
177772,R,R8,14,25,direct,,unregistered,,
177793,R,R1-6,7,13,inferred_l1,29162,unregistered,,
177798,R,R8,7,14,direct,,unregistered,,
177811,R,R1-6,6,17,inferred_l1,28859,unregistered,,
177842,R,R8,17,17,direct,,unregistered,,
177876,R,R7,27,36,direct,,unregistered,,
177882,R,R1-6,,,unmapped,,unregistered,,
177906,L,R1-6,24,35,inferred_l1,18064,unregistered,,
177915,R,R8,11,27,direct,,unregistered,,
177922,R,R1-6,6,13,inferred_l1,31133,unregistered,,
177924,R,R7,6,13,direct,,unregistered,,
177938,R,R1-6,7,17,inferred_l1,28883,unregistered,,
178007,L,R7,17,28,direct,,unregistered,,
178018,R,R7,7,8,direct,,unregistered,,
178085,R,R8,10,17,direct,,unregistered,,
178097,L,R1-6,22,34,inferred_l1,537158,unregistered,,
178146,L,R8,7,15,direct,,unregistered,,
178159,R,R8,16,29,direct,,unregistered,,
178191,R,R1-6,22,31,inferred_l1,30226,unregistered,,
178222,L,R1-6,12,30,inferred_l1,540084,unregistered,,
178239,R,R1-6,8,11,inferred_l1,29971,unregistered,,
178240,R,R1-6,9,14,inferred_l1,30639,unregistered,,
178249,R,R1-6,23,29,inferred_l1,33465,unregistered,,
178250,R,R8,21,26,direct,,unregistered,,
178324,R,R7,28,36,direct,,unregistered,,
178385,L,R8,7,22,direct,,unregistered,,
178387,R,R7,13,27,direct,,unregistered,,
178416,R,R8,5,5,direct,,unregistered,,
178464,R,R8,11,19,direct,,unregistered,,
178485,R,R1-6,5,6,inferred_l1,39138,unregistered,,
178541,R,R1-6,,,unmapped,,unregistered,,
178554,R,R8,19,33,direct,,unregistered,,
178590,L,R1-6,27,31,inferred_l1,36996,unregistered,,
178601,R,R7,10,23,direct,,unregistered,,
178605,L,R1-6,18,34,inferred_l1,24822,unregistered,,
178611,R,R7,17,27,direct,,unregistered,,
178690,L,R1-6,24,23,inferred_l1,538964,unregistered,,
178727,R,R7,23,30,direct,,unregistered,,
178757,R,R1-6,7,16,inferred_l1,28908,unregistered,,
178802,L,R1-6,28,27,inferred_l1,541561,unregistered,,
178814,R,R8,14,27,direct,,unregistered,,
178815,R,R7,10,16,direct,,unregistered,,
178850,R,R8,19,26,direct,,unregistered,,
178867,L,R1-6,,,unmapped,,unregistered,,
178871,R,R1-6,,,unmapped,,unregistered,,
178946,R,R1-6,26,30,inferred_l1,32760,unregistered,,
178965,R,R1-6,20,7,inferred_l1,27154,unregistered,,
178972,R,R1-6,21,34,inferred_l1,31557,unregistered,,
178973,R,R1-6,5,7,inferred_l1,37409,unregistered,,
179020,R,R8,11,12,direct,,unregistered,,
179024,R,R1-6,,,unmapped,,unregistered,,
179046,R,R1-6,,,unmapped,,unregistered,,
179066,R,R1-6,23,32,inferred_l1,28470,unregistered,,
179124,R,R7,12,15,direct,,unregistered,,
179127,R,R8,17,27,direct,,unregistered,,
179180,L,R1-6,32,36,inferred_l1,37672,unregistered,,
179183,R,R1-6,33,22,inferred_l1,30989,unregistered,,
179198,R,R8,19,25,direct,,unregistered,,
179214,L,R7,25,33,direct,,unregistered,,
179235,L,R8,19,27,direct,,unregistered,,
179253,L,R8,13,18,direct,,unregistered,,
179268,R,R8,18,22,direct,,unregistered,,
179301,L,R1-6,26,25,inferred_l1,537400,unregistered,,
179305,L,R7,7,15,direct,,unregistered,,
179324,R,R1-6,25,29,inferred_l1,36869,unregistered,,
179326,R,R8,22,27,direct,,unregistered,,
179341,R,R8,23,32,direct,,unregistered,,
179390,L,R8,29,38,direct,,unregistered,,
179422,R,R1-6,14,31,inferred_l1,26784,unregistered,,
179481,R,R8,13,29,direct,,unregistered,,
179515,R,R1-6,7,15,inferred_l1,28238,unregistered,,
179561,R,R1-6,24,34,inferred_l1,32652,unregistered,,
179569,R,R8,9,12,direct,,unregistered,,
179576,L,R8,13,26,direct,,unregistered,,
179596,L,R1-6,23,23,inferred_l1,31455,unregistered,,
179617,R,R7,28,35,direct,,unregistered,,
179634,R,R7,8,11,direct,,unregistered,,
179644,R,R7,8,18,direct,,unregistered,,
179650,L,R7,19,22,direct,,unregistered,,
179653,R,R7,16,19,direct,,unregistered,,
179682,R,R1-6,8,11,inferred_l1,29971,unregistered,,
179687,L,R1-6,25,24,inferred_l1,17242,unregistered,,
179689,R,R7,13,19,direct,,unregistered,,
179691,R,R7,10,9,direct,,unregistered,,
179692,R,R7,18,22,direct,,unregistered,,
179712,L,R1-6,23,34,inferred_l1,534137,unregistered,,
179722,R,R8,9,13,direct,,unregistered,,
179725,L,R1-6,15,32,inferred_l1,556493,unregistered,,
179777,R,R1-6,10,13,inferred_l1,28966,unregistered,,
179782,R,R8,31,37,direct,,unregistered,,
179815,R,R7,10,25,direct,,unregistered,,
179830,L,R8,10,17,direct,,unregistered,,
179869,R,R7,23,27,direct,,unregistered,,
179884,L,R8,19,31,direct,,unregistered,,
179957,R,R1-6,17,32,inferred_l1,22013,unregistered,,
179992,R,R7,11,12,direct,,unregistered,,
180030,L,R8,9,21,direct,,unregistered,,
180074,R,R1-6,9,13,inferred_l1,27996,unregistered,,
180153,L,R8,27,38,direct,,unregistered,,
180161,R,R8,16,24,direct,,unregistered,,
180167,L,R7,21,29,direct,,unregistered,,
180239,R,R7,15,21,direct,,unregistered,,
180270,L,R1-6,16,32,inferred_l1,556494,unregistered,,
180281,R,R1-6,35,36,inferred_l1,29875,unregistered,,
180295,R,R1-6,5,12,inferred_l1,31702,unregistered,,
180298,L,R1-6,27,35,inferred_l1,46394,unregistered,,
180319,R,R1-6,7,15,inferred_l1,28238,unregistered,,
180334,R,R8,12,26,direct,,unregistered,,
180340,L,R8,12,13,direct,,unregistered,,
180351,R,R1-6,6,10,inferred_l1,28713,unregistered,,
180369,L,R1-6,16,31,inferred_l1,50015,unregistered,,
180392,L,R7,26,37,direct,,unregistered,,
180435,L,R1-6,31,31,inferred_l1,30472,unregistered,,
180462,L,R1-6,26,26,inferred_l1,527099,unregistered,,
180470,R,R1-6,33,24,inferred_l1,27058,unregistered,,
180511,L,R1-6,29,33,inferred_l1,23018,unregistered,,
180538,R,R8,21,35,direct,,unregistered,,
180555,R,R8,16,27,direct,,unregistered,,
180576,R,R7,20,27,direct,,unregistered,,
180603,R,R1-6,22,30,inferred_l1,31410,unregistered,,
180648,R,R8,36,31,direct,,unregistered,,
180659,R,R7,23,35,direct,,unregistered,,
180673,L,R1-6,,,unmapped,,unregistered,,
180675,R,R1-6,28,30,inferred_l1,31185,unregistered,,
180682,R,R1-6,23,29,inferred_l1,33465,unregistered,,
180706,L,R1-6,25,30,inferred_l1,15675,unregistered,,
180707,R,R1-6,29,28,inferred_l1,30460,unregistered,,
180730,R,R1-6,6,13,inferred_l1,31133,unregistered,,
180854,R,R1-6,35,35,inferred_l1,28854,unregistered,,
180893,L,R1-6,21,34,inferred_l1,534384,unregistered,,
180906,R,R7,13,29,direct,,unregistered,,
180998,L,R1-6,29,29,inferred_l1,30952,unregistered,,
181001,R,R8,12,20,direct,,unregistered,,
181022,R,R8,17,32,direct,,unregistered,,
181039,R,R7,20,30,direct,,unregistered,,
181043,R,R8,10,2,direct,,unregistered,,
181049,R,R1-6,32,24,inferred_l1,27984,unregistered,,
181071,R,R1-6,7,19,inferred_l1,29980,unregistered,,
181072,R,R1-6,,,unmapped,,unregistered,,
181090,L,R1-6,23,34,inferred_l1,534137,unregistered,,
181145,L,R1-6,24,35,inferred_l1,18064,unregistered,,
181193,L,R8,13,16,direct,,unregistered,,
181227,L,R1-6,25,33,inferred_l1,516061,unregistered,,
181245,R,R8,16,28,direct,,unregistered,,
181258,R,R8,26,30,direct,,unregistered,,
181298,R,R8,22,33,direct,,unregistered,,
181326,R,R1-6,10,11,inferred_l1,32845,unregistered,,
181337,L,R1-6,28,28,inferred_l1,17248,unregistered,,
181424,R,R7,9,17,direct,,unregistered,,
181456,L,R7,6,15,direct,,unregistered,,
181506,L,R1-6,24,36,inferred_l1,532462,unregistered,,
181509,R,R8,11,14,direct,,unregistered,,
181547,L,R8,4,14,direct,,unregistered,,
181570,R,R1-6,32,23,inferred_l1,30717,unregistered,,
181578,R,R7,9,2,direct,,unregistered,,
181599,L,R8,21,29,direct,,unregistered,,
181604,R,R1-6,13,6,inferred_l1,27018,unregistered,,
181606,R,R1-6,25,31,inferred_l1,26950,unregistered,,
181612,R,R7,8,19,direct,,unregistered,,
181674,L,R1-6,26,25,inferred_l1,537400,unregistered,,
181695,R,R1-6,22,32,inferred_l1,31396,unregistered,,
181700,R,R1-6,29,34,inferred_l1,30014,unregistered,,
181767,L,R1-6,26,28,inferred_l1,531745,unregistered,,
181797,R,R7,12,24,direct,,unregistered,,
181805,L,R1-6,23,23,inferred_l1,31455,unregistered,,
181827,R,R8,19,31,direct,,unregistered,,
181833,R,R7,6,12,direct,,unregistered,,
181849,R,R7,25,33,direct,,unregistered,,
181852,R,R1-6,33,25,inferred_l1,29193,unregistered,,
181854,L,R1-6,17,33,inferred_l1,22030,unregistered,,
181882,R,R1-6,8,21,inferred_l1,48771,unregistered,,
181885,L,R1-6,19,34,inferred_l1,545831,unregistered,,
181903,L,R1-6,33,30,inferred_l1,529797,unregistered,,
181904,R,R1-6,16,6,inferred_l1,27015,unregistered,,
181967,R,R8,11,24,direct,,unregistered,,
181981,L,R1-6,29,31,inferred_l1,23074,unregistered,,
181989,R,R1-6,8,22,inferred_l1,35943,unregistered,,
181992,R,R7,11,10,direct,,unregistered,,
182000,L,R8,15,22,direct,,unregistered,,
182002,R,R8,3,10,direct,,unregistered,,
182018,L,R1-6,27,29,inferred_l1,22999,unregistered,,
182027,R,R8,18,24,direct,,unregistered,,
182032,R,R7,4,7,direct,,unregistered,,
182045,R,R7,14,20,direct,,unregistered,,
182046,R,R1-6,8,13,inferred_l1,28532,unregistered,,
182071,R,R1-6,36,27,inferred_l1,34247,unregistered,,
182120,R,R8,16,19,direct,,unregistered,,
182140,R,R8,17,20,direct,,unregistered,,
182153,R,R8,7,12,direct,,unregistered,,
182173,R,R1-6,28,32,inferred_l1,32387,unregistered,,
182178,L,R1-6,18,32,inferred_l1,60825,unregistered,,
182196,L,R8,9,22,direct,,unregistered,,
182204,L,R8,26,35,direct,,unregistered,,
182263,R,R8,12,24,direct,,unregistered,,
182279,L,R1-6,33,37,inferred_l1,53741,unregistered,,
182292,L,R1-6,24,31,inferred_l1,533622,unregistered,,
182354,R,R8,11,20,direct,,unregistered,,
182359,R,R7,35,29,direct,,unregistered,,
182375,L,R1-6,24,36,inferred_l1,532462,unregistered,,
182397,L,R8,8,23,direct,,unregistered,,
182408,R,R1-6,19,34,inferred_l1,20630,unregistered,,
182410,R,R8,22,30,direct,,unregistered,,
182413,L,R1-6,27,30,inferred_l1,21457,unregistered,,
182414,R,R7,12,27,direct,,unregistered,,
182446,R,R8,9,21,direct,,unregistered,,
182452,R,R1-6,27,30,inferred_l1,36666,unregistered,,
182454,R,R7,23,33,direct,,unregistered,,
182470,R,R1-6,32,34,inferred_l1,36851,unregistered,,
182488,R,R7,24,29,direct,,unregistered,,
182496,R,R1-6,11,22,inferred_l1,27521,unregistered,,
182510,R,R7,19,30,direct,,unregistered,,
182558,R,R8,23,33,direct,,unregistered,,
182613,L,R1-6,22,35,inferred_l1,18839,unregistered,,
182684,R,R8,27,35,direct,,unregistered,,
182687,R,R1-6,6,10,inferred_l1,28713,unregistered,,
182696,L,R1-6,33,34,inferred_l1,23873,unregistered,,
182701,R,R1-6,33,37,inferred_l1,28746,unregistered,,
182716,R,R8,17,33,direct,,unregistered,,
182775,R,R1-6,15,32,inferred_l1,31274,unregistered,,
182787,L,R8,16,29,direct,,unregistered,,
182805,R,R8,11,28,direct,,unregistered,,
182812,R,R7,8,4,direct,,unregistered,,
182839,R,R7,5,9,direct,,unregistered,,
182849,R,R7,14,21,direct,,unregistered,,
182865,R,R8,31,32,direct,,unregistered,,
182958,R,R1-6,,,unmapped,,unregistered,,
182960,L,R8,17,25,direct,,unregistered,,
183019,R,R8,9,18,direct,,unregistered,,
183027,R,R1-6,17,32,inferred_l1,22013,unregistered,,
183057,R,R8,7,16,direct,,unregistered,,
183065,L,R1-6,35,36,inferred_l1,24147,unregistered,,
183081,R,R1-6,33,35,inferred_l1,27909,unregistered,,
183119,R,R1-6,4,13,inferred_l1,34833,unregistered,,
183120,R,R1-6,31,33,inferred_l1,31929,unregistered,,
183127,R,R1-6,25,29,inferred_l1,36869,unregistered,,
183150,R,R1-6,26,29,inferred_l1,39177,unregistered,,
183158,R,R1-6,33,32,inferred_l1,26396,unregistered,,
183163,L,R7,7,20,direct,,unregistered,,
183167,R,R8,7,3,direct,,unregistered,,
183195,R,R8,9,9,direct,,unregistered,,
183196,R,R7,9,13,direct,,unregistered,,
183232,R,R8,7,22,direct,,unregistered,,
183235,R,R1-6,26,29,inferred_l1,39177,unregistered,,
183239,L,R8,18,27,direct,,unregistered,,
183280,L,R8,20,33,direct,,unregistered,,
183282,R,R1-6,8,14,inferred_l1,31806,unregistered,,
183287,R,R1-6,33,25,inferred_l1,29193,unregistered,,
183290,R,R8,13,26,direct,,unregistered,,
183347,L,R8,5,13,direct,,unregistered,,
183351,L,R1-6,27,30,inferred_l1,21457,unregistered,,
183383,R,R8,14,29,direct,,unregistered,,
183437,L,R1-6,28,31,inferred_l1,21170,unregistered,,
183443,R,R1-6,22,31,inferred_l1,30226,unregistered,,
183466,R,R1-6,25,36,inferred_l1,22019,unregistered,,
183475,R,R7,14,19,direct,,unregistered,,
183486,L,R7,18,33,direct,,unregistered,,
183489,L,R7,15,31,direct,,unregistered,,
183494,R,R1-6,22,31,inferred_l1,30226,unregistered,,
183516,L,R1-6,26,34,inferred_l1,24503,unregistered,,
183549,R,R1-6,25,29,inferred_l1,36869,unregistered,,
183554,R,R8,20,31,direct,,unregistered,,
183556,R,R1-6,8,14,inferred_l1,31806,unregistered,,
183563,L,R1-6,29,33,inferred_l1,23018,unregistered,,
183565,R,R1-6,23,29,inferred_l1,33465,unregistered,,
183570,R,R8,7,15,direct,,unregistered,,
183572,R,R1-6,10,20,inferred_l1,31725,unregistered,,
183627,R,R7,11,11,direct,,unregistered,,
183646,R,R8,6,10,direct,,unregistered,,
183688,R,R1-6,22,29,inferred_l1,32227,unregistered,,
183701,L,R1-6,33,37,inferred_l1,53741,unregistered,,
183708,R,R1-6,5,6,inferred_l1,39138,unregistered,,
183711,R,R1-6,21,31,inferred_l1,33511,unregistered,,
183887,R,R8,11,22,direct,,unregistered,,
183907,L,R1-6,26,31,inferred_l1,27201,unregistered,,
183922,R,R8,18,27,direct,,unregistered,,
183927,R,R7,17,33,direct,,unregistered,,
184015,R,R7,14,18,direct,,unregistered,,
184043,R,R1-6,8,21,inferred_l1,48771,unregistered,,
184098,R,R8,22,32,direct,,unregistered,,
184121,R,R1-6,17,32,inferred_l1,22013,unregistered,,
184147,L,R1-6,26,31,inferred_l1,27201,unregistered,,
184164,R,R7,13,3,direct,,unregistered,,
184175,L,R1-6,31,30,inferred_l1,29902,unregistered,,
184246,R,R1-6,14,31,inferred_l1,26784,unregistered,,
184248,R,R7,2,9,direct,,unregistered,,
184261,R,R1-6,7,7,inferred_l1,40068,unregistered,,
184275,L,R8,14,20,direct,,unregistered,,
184298,R,R7,7,9,direct,,unregistered,,
184304,R,R7,4,9,direct,,unregistered,,
184324,R,R7,3,11,direct,,unregistered,,
184339,R,R1-6,29,32,inferred_l1,25943,unregistered,,
184342,L,R8,15,28,direct,,unregistered,,
184347,R,R8,14,23,direct,,unregistered,,
184391,R,R7,12,11,direct,,unregistered,,
184403,R,R8,16,25,direct,,unregistered,,
184412,L,R1-6,26,32,inferred_l1,32429,unregistered,,
184414,R,R1-6,28,27,inferred_l1,32659,unregistered,,
184420,R,R7,6,10,direct,,unregistered,,
184421,L,R7,16,31,direct,,unregistered,,
184463,R,R7,11,9,direct,,unregistered,,
184481,L,R7,9,19,direct,,unregistered,,
184540,L,R1-6,29,37,inferred_l1,24311,unregistered,,
184548,R,R1-6,5,7,inferred_l1,37409,unregistered,,
184570,R,R8,10,20,direct,,unregistered,,
184575,R,R8,9,10,direct,,unregistered,,
184585,R,R8,10,25,direct,,unregistered,,
184596,L,R1-6,16,31,inferred_l1,50015,unregistered,,
184599,L,R1-6,34,36,inferred_l1,32519,unregistered,,
184628,R,R1-6,,,unmapped,,unregistered,,
184640,R,R1-6,20,32,inferred_l1,23481,unregistered,,
184669,R,R7,3,9,direct,,unregistered,,
184671,R,R1-6,21,33,inferred_l1,31539,unregistered,,
184684,R,R8,22,28,direct,,unregistered,,
184737,R,R8,5,10,direct,,unregistered,,
184747,R,R7,31,32,direct,,unregistered,,
184798,R,R1-6,32,35,inferred_l1,36006,unregistered,,
184825,R,R1-6,25,29,inferred_l1,36869,unregistered,,
184834,R,R7,9,18,direct,,unregistered,,
184838,L,R8,16,24,direct,,unregistered,,
184878,L,R1-6,31,34,inferred_l1,32978,unregistered,,
184928,L,R1-6,24,25,inferred_l1,17877,unregistered,,
184931,R,R1-6,10,13,inferred_l1,28966,unregistered,,
185010,R,R1-6,8,9,inferred_l1,33281,unregistered,,
185012,R,R8,11,13,direct,,unregistered,,
185040,R,R8,10,24,direct,,unregistered,,
185071,R,R8,4,11,direct,,unregistered,,
185086,R,R1-6,6,7,inferred_l1,35178,unregistered,,
185139,L,R1-6,24,32,inferred_l1,540062,unregistered,,
185164,R,R8,12,14,direct,,unregistered,,
185194,L,R8,9,13,direct,,unregistered,,
185207,R,R1-6,28,32,inferred_l1,32387,unregistered,,
185214,L,R1-6,,,unmapped,,unregistered,,
185229,L,R7,4,13,direct,,unregistered,,
185234,R,R1-6,7,16,inferred_l1,28908,unregistered,,
185284,R,R8,10,13,direct,,unregistered,,
185326,R,R1-6,28,27,inferred_l1,32659,unregistered,,
185348,R,R8,15,22,direct,,unregistered,,
185356,L,R1-6,34,32,inferred_l1,23274,unregistered,,
185361,R,R8,13,27,direct,,unregistered,,
185389,R,R1-6,22,32,inferred_l1,31396,unregistered,,
185394,L,R1-6,28,33,inferred_l1,534764,unregistered,,
185400,R,R1-6,22,34,inferred_l1,24823,unregistered,,
185421,R,R8,12,25,direct,,unregistered,,
185450,R,R8,10,18,direct,,unregistered,,
185489,R,R8,17,18,direct,,unregistered,,
185567,L,R8,10,14,direct,,unregistered,,
185595,R,R1-6,3,10,inferred_l1,33193,unregistered,,
185621,L,R8,4,9,direct,,unregistered,,
185821,R,R8,10,27,direct,,unregistered,,
185827,R,R1-6,10,15,inferred_l1,31317,unregistered,,
185848,R,R7,10,3,direct,,unregistered,,
185871,R,R8,14,30,direct,,unregistered,,
185880,L,R7,21,28,direct,,unregistered,,
185914,R,R8,10,19,direct,,unregistered,,
185933,R,R1-6,34,34,inferred_l1,24998,unregistered,,
185994,R,R8,9,17,direct,,unregistered,,
186017,L,R8,32,36,direct,,unregistered,,
186046,R,R1-6,8,26,inferred_l1,35160,unregistered,,
186061,L,R8,14,31,direct,,unregistered,,
186084,R,R1-6,33,27,inferred_l1,26189,unregistered,,
186093,L,R1-6,22,33,inferred_l1,39568,unregistered,,
186102,L,R1-6,34,33,inferred_l1,16685,unregistered,,
186138,R,R1-6,18,33,inferred_l1,26550,unregistered,,
186185,R,R1-6,6,7,inferred_l1,35178,unregistered,,
186202,L,R1-6,32,35,inferred_l1,29884,unregistered,,
186253,L,R7,19,28,direct,,unregistered,,
186254,L,R7,12,20,direct,,unregistered,,
186286,R,R8,24,32,direct,,unregistered,,
186290,R,R1-6,27,38,inferred_l1,22565,unregistered,,
186297,R,R8,18,19,direct,,unregistered,,
186310,R,R8,12,16,direct,,unregistered,,
186328,R,R7,19,29,direct,,unregistered,,
186350,R,R8,17,24,direct,,unregistered,,
186447,R,R1-6,5,16,inferred_l1,34108,unregistered,,
186498,L,R1-6,28,33,inferred_l1,534764,unregistered,,
186518,R,R1-6,23,34,inferred_l1,30482,unregistered,,
186546,R,R8,19,34,direct,,unregistered,,
186571,R,R1-6,15,6,inferred_l1,25609,unregistered,,
186631,R,R1-6,27,37,inferred_l1,33084,unregistered,,
186656,R,R1-6,28,30,inferred_l1,31185,unregistered,,
186660,L,R1-6,27,34,inferred_l1,21206,unregistered,,
186669,R,R1-6,10,28,inferred_l1,27627,unregistered,,
186695,R,R7,10,20,direct,,unregistered,,
186700,L,R1-6,22,34,inferred_l1,537158,unregistered,,
186706,L,R1-6,20,33,inferred_l1,21422,unregistered,,
186712,R,R1-6,28,27,inferred_l1,32659,unregistered,,
186714,L,R1-6,22,34,inferred_l1,537158,unregistered,,
186718,R,R8,27,34,direct,,unregistered,,
186734,L,R7,8,21,direct,,unregistered,,
186746,L,R8,8,18,direct,,unregistered,,
186788,R,R1-6,22,29,inferred_l1,32227,unregistered,,
186807,L,R7,10,17,direct,,unregistered,,
186816,R,R1-6,26,27,inferred_l1,37762,unregistered,,
186817,R,R8,15,30,direct,,unregistered,,
186827,R,R1-6,22,29,inferred_l1,32227,unregistered,,
186841,R,R8,6,16,direct,,unregistered,,
186886,R,R1-6,,,unmapped,,unregistered,,
186930,R,R7,17,22,direct,,unregistered,,
186935,R,R8,20,30,direct,,unregistered,,
186944,R,R1-6,14,31,inferred_l1,26784,unregistered,,
186960,L,R1-6,23,34,inferred_l1,534137,unregistered,,
187001,R,R8,24,34,direct,,unregistered,,
187005,L,R8,7,16,direct,,unregistered,,
187035,L,R8,7,14,direct,,unregistered,,
187096,R,R8,21,30,direct,,unregistered,,
187136,L,R8,24,30,direct,,unregistered,,
187142,L,R1-6,13,30,inferred_l1,535306,unregistered,,
187144,R,R8,14,28,direct,,unregistered,,
187169,L,R8,13,30,direct,,unregistered,,
187172,R,R7,27,37,direct,,unregistered,,
187202,L,R8,18,26,direct,,unregistered,,
187221,L,R7,19,27,direct,,unregistered,,
187280,L,R1-6,32,36,inferred_l1,37672,unregistered,,
187282,R,R1-6,10,12,inferred_l1,32280,unregistered,,
187301,R,R1-6,10,28,inferred_l1,27627,unregistered,,
187303,R,R1-6,,,unmapped,,unregistered,,
187333,R,R1-6,,,unmapped,,unregistered,,
187353,R,R7,24,27,direct,,unregistered,,
187372,L,R1-6,35,30,inferred_l1,20869,unregistered,,
187397,R,R7,27,30,direct,,unregistered,,
187437,L,R7,4,10,direct,,unregistered,,
187441,R,R1-6,,,unmapped,,unregistered,,
187448,R,R7,18,27,direct,,unregistered,,
187469,R,R7,23,29,direct,,unregistered,,
187476,R,R1-6,29,30,inferred_l1,21825,unregistered,,
187525,L,R7,13,26,direct,,unregistered,,
187599,L,R1-6,27,33,inferred_l1,27711,unregistered,,
187626,R,R1-6,13,27,inferred_l1,27063,unregistered,,
187630,R,R8,18,23,direct,,unregistered,,
187648,R,R1-6,21,34,inferred_l1,31557,unregistered,,
187654,R,R1-6,10,20,inferred_l1,31725,unregistered,,
187660,R,R8,8,19,direct,,unregistered,,
187662,R,R1-6,33,23,inferred_l1,27949,unregistered,,
187665,R,R7,9,25,direct,,unregistered,,
187726,R,R1-6,22,32,inferred_l1,31396,unregistered,,
187732,R,R1-6,31,32,inferred_l1,22927,unregistered,,
187801,L,R1-6,26,25,inferred_l1,537400,unregistered,,
187844,L,R7,22,28,direct,,unregistered,,
187953,R,R1-6,8,22,inferred_l1,35943,unregistered,,
187977,L,R8,10,16,direct,,unregistered,,
187999,L,R8,12,14,direct,,unregistered,,
188018,R,R8,26,35,direct,,unregistered,,
188019,R,R8,10,16,direct,,unregistered,,
188031,R,R1-6,24,35,inferred_l1,20295,unregistered,,
188039,R,R1-6,8,19,inferred_l1,28764,unregistered,,
188047,R,R8,8,9,direct,,unregistered,,
188053,L,R1-6,20,30,inferred_l1,520538,unregistered,,
188126,R,R8,8,23,direct,,unregistered,,
188141,R,R7,11,21,direct,,unregistered,,
188142,R,R8,25,35,direct,,unregistered,,
188159,R,R1-6,10,20,inferred_l1,31725,unregistered,,
188187,R,R1-6,6,9,inferred_l1,40108,unregistered,,
188192,R,R7,12,28,direct,,unregistered,,
188262,R,R8,9,22,direct,,unregistered,,
188291,R,R8,12,17,direct,,unregistered,,
188303,R,R8,13,15,direct,,unregistered,,
188337,R,R1-6,,,unmapped,,unregistered,,
188341,R,R7,12,12,direct,,unregistered,,
188346,R,R8,17,26,direct,,unregistered,,
188349,R,R1-6,28,30,inferred_l1,31185,unregistered,,
188354,R,R1-6,4,6,inferred_l1,41884,unregistered,,
188374,R,R7,15,22,direct,,unregistered,,
188390,L,R1-6,24,30,inferred_l1,544520,unregistered,,
188423,L,R1-6,33,37,inferred_l1,53741,unregistered,,
188427,R,R8,10,26,direct,,unregistered,,
188433,L,R1-6,36,30,inferred_l1,33329,unregistered,,
188441,R,R1-6,27,27,inferred_l1,32068,unregistered,,
188451,R,R1-6,22,30,inferred_l1,31410,unregistered,,
188498,R,R1-6,11,14,inferred_l1,32011,unregistered,,
188552,R,R1-6,22,30,inferred_l1,31410,unregistered,,
188577,R,R8,19,21,direct,,unregistered,,
188583,L,R1-6,23,23,inferred_l1,31455,unregistered,,
188637,L,R1-6,29,29,inferred_l1,30952,unregistered,,
188670,R,R7,19,28,direct,,unregistered,,
188671,R,R1-6,8,18,inferred_l1,30248,unregistered,,
188713,R,R8,10,3,direct,,unregistered,,
188729,R,R8,4,10,direct,,unregistered,,
188756,R,R1-6,7,7,inferred_l1,40068,unregistered,,
188796,L,R7,7,10,direct,,unregistered,,
188807,R,R8,28,36,direct,,unregistered,,
188820,L,R8,19,26,direct,,unregistered,,
188822,R,R1-6,33,27,inferred_l1,26189,unregistered,,
188826,L,R8,15,24,direct,,unregistered,,
188834,R,R8,17,25,direct,,unregistered,,
188850,R,R8,18,32,direct,,unregistered,,
188862,R,R8,10,6,direct,,unregistered,,
188877,R,R1-6,14,31,inferred_l1,26784,unregistered,,
188934,R,R8,12,11,direct,,unregistered,,
188935,R,R7,27,35,direct,,unregistered,,
188949,R,R7,20,25,direct,,unregistered,,
188955,R,R1-6,16,6,inferred_l1,27015,unregistered,,
188981,R,R1-6,31,32,inferred_l1,22927,unregistered,,
189002,R,R1-6,7,10,inferred_l1,29571,unregistered,,
189003,R,R1-6,22,33,inferred_l1,30453,unregistered,,
189122,R,R1-6,6,7,inferred_l1,35178,unregistered,,
189142,R,R7,7,4,direct,,unregistered,,
189143,R,R8,24,31,direct,,unregistered,,
189167,R,R7,27,29,direct,,unregistered,,
189202,L,R8,9,8,direct,,unregistered,,
189213,R,R8,5,4,direct,,unregistered,,
189252,R,R1-6,25,29,inferred_l1,36869,unregistered,,
189261,R,R8,20,29,direct,,unregistered,,
189291,R,R7,13,31,direct,,unregistered,,
189297,L,R1-6,26,25,inferred_l1,537400,unregistered,,
189319,R,R7,4,12,direct,,unregistered,,
189379,L,R8,17,30,direct,,unregistered,,
189380,L,R8,7,20,direct,,unregistered,,
189471,L,R8,24,34,direct,,unregistered,,
189510,R,R8,17,30,direct,,unregistered,,
189519,R,R7,12,22,direct,,unregistered,,
189584,L,R7,24,31,direct,,unregistered,,
189597,R,R1-6,32,24,inferred_l1,27984,unregistered,,
189603,L,R8,6,21,direct,,unregistered,,
189604,L,R8,18,31,direct,,unregistered,,
189607,L,R1-6,31,33,inferred_l1,30571,unregistered,,
189675,L,R1-6,25,32,inferred_l1,535237,unregistered,,
189698,R,R1-6,7,6,inferred_l1,37287,unregistered,,
189707,R,R7,6,18,direct,,unregistered,,
189721,R,R1-6,22,30,inferred_l1,31410,unregistered,,
189730,R,R7,11,22,direct,,unregistered,,
189761,R,R7,12,2,direct,,unregistered,,
189786,R,R1-6,16,3,inferred_l1,45746,unregistered,,
189800,L,R1-6,28,27,inferred_l1,541561,unregistered,,
189807,R,R1-6,25,28,inferred_l1,36352,unregistered,,
189816,R,R8,18,29,direct,,unregistered,,
189843,L,R8,12,29,direct,,unregistered,,
189891,R,R8,12,18,direct,,unregistered,,
189913,R,R7,7,7,direct,,unregistered,,
189922,R,R8,28,34,direct,,unregistered,,
189939,R,R7,9,27,direct,,unregistered,,
189973,R,R1-6,27,27,inferred_l1,32068,unregistered,,
189974,L,R8,9,23,direct,,unregistered,,
189982,L,R8,17,29,direct,,unregistered,,
190045,R,R7,3,8,direct,,unregistered,,
190047,R,R7,9,19,direct,,unregistered,,
190066,L,R8,17,20,direct,,unregistered,,
190069,R,R1-6,9,22,inferred_l1,30762,unregistered,,
190071,R,R7,19,34,direct,,unregistered,,
190095,L,R8,23,30,direct,,unregistered,,
190112,L,R1-6,26,30,inferred_l1,517044,unregistered,,
190138,R,R8,15,29,direct,,unregistered,,
190139,L,R1-6,,,unmapped,,unregistered,,
190143,R,R7,4,6,direct,,unregistered,,
190146,R,R1-6,24,34,inferred_l1,32652,unregistered,,
190189,L,R1-6,27,29,inferred_l1,22999,unregistered,,
190197,R,R1-6,11,21,inferred_l1,27600,unregistered,,
190201,R,R1-6,7,6,inferred_l1,37287,unregistered,,
190231,R,R7,10,5,direct,,unregistered,,
190237,R,R7,28,34,direct,,unregistered,,
190271,R,R8,15,31,direct,,unregistered,,
190275,R,R1-6,,,unmapped,,unregistered,,
190289,R,R1-6,32,34,inferred_l1,36851,unregistered,,
190339,L,R7,8,15,direct,,unregistered,,
190355,L,R8,18,30,direct,,unregistered,,
190367,R,R7,12,30,direct,,unregistered,,
190370,R,R7,24,28,direct,,unregistered,,
190435,L,R8,24,31,direct,,unregistered,,
190442,L,R1-6,24,37,inferred_l1,52395,unregistered,,
190447,R,R7,19,23,direct,,unregistered,,
190467,L,R8,19,28,direct,,unregistered,,
190484,R,R1-6,7,15,inferred_l1,28238,unregistered,,
190540,R,R8,16,16,direct,,unregistered,,
190584,R,R1-6,10,22,inferred_l1,29546,unregistered,,
190611,L,R1-6,25,30,inferred_l1,15675,unregistered,,
190616,L,R8,21,34,direct,,unregistered,,
190626,R,R8,11,10,direct,,unregistered,,
190633,L,R8,6,9,direct,,unregistered,,
190676,R,R8,9,20,direct,,unregistered,,
190700,R,R8,16,32,direct,,unregistered,,
190724,R,R8,5,14,direct,,unregistered,,
190732,L,R1-6,,,unmapped,,unregistered,,
190739,R,R1-6,11,21,inferred_l1,27600,unregistered,,
190788,R,R8,8,2,direct,,unregistered,,
190791,R,R8,9,25,direct,,unregistered,,
190823,R,R1-6,9,12,inferred_l1,30293,unregistered,,
190850,R,R1-6,5,6,inferred_l1,39138,unregistered,,
190876,R,R7,11,8,direct,,unregistered,,
190877,R,R8,7,11,direct,,unregistered,,
190910,R,R1-6,9,21,inferred_l1,26042,unregistered,,
190960,R,R1-6,12,22,inferred_l1,28987,unregistered,,
190995,R,R1-6,3,12,inferred_l1,43918,unregistered,,
191025,L,R1-6,19,32,inferred_l1,14405,unregistered,,
191042,R,R1-6,13,6,inferred_l1,27018,unregistered,,
191053,R,R8,15,16,direct,,unregistered,,
191171,R,R8,13,17,direct,,unregistered,,
191181,R,R1-6,9,13,inferred_l1,27996,unregistered,,
191215,R,R1-6,10,14,inferred_l1,31306,unregistered,,
191245,L,R1-6,22,32,inferred_l1,518056,unregistered,,
191248,R,R8,5,3,direct,,unregistered,,
191279,R,R1-6,6,13,inferred_l1,31133,unregistered,,
191289,R,R1-6,12,15,inferred_l1,32720,unregistered,,
191338,L,R8,12,15,direct,,unregistered,,
191387,R,R1-6,27,29,inferred_l1,35944,unregistered,,
191445,L,R1-6,31,33,inferred_l1,30571,unregistered,,
191486,R,R1-6,,,unmapped,,unregistered,,
191501,R,R8,26,36,direct,,unregistered,,
191575,R,R7,10,14,direct,,unregistered,,
191587,L,R1-6,9,26,inferred_l1,547005,unregistered,,
191599,R,R7,7,16,direct,,unregistered,,
191642,L,R8,10,15,direct,,unregistered,,
191675,R,R8,7,9,direct,,unregistered,,
191677,R,R8,28,35,direct,,unregistered,,
191685,L,R7,11,14,direct,,unregistered,,
191686,L,R8,9,11,direct,,unregistered,,
191691,L,R1-6,32,32,inferred_l1,529305,unregistered,,
191693,L,R1-6,22,22,inferred_l1,556741,unregistered,,
191746,R,R1-6,25,29,inferred_l1,36869,unregistered,,
191765,R,R8,4,12,direct,,unregistered,,
191865,R,R8,8,20,direct,,unregistered,,
191875,R,R1-6,,,unmapped,,unregistered,,
191894,L,R1-6,21,30,inferred_l1,531172,unregistered,,
192036,R,R7,18,28,direct,,unregistered,,
192038,R,R1-6,22,34,inferred_l1,24823,unregistered,,
192058,L,R1-6,28,24,inferred_l1,534772,unregistered,,
192087,R,R7,2,10,direct,,unregistered,,
192091,R,R8,10,9,direct,,unregistered,,
192103,L,R7,10,13,direct,,unregistered,,
192128,L,R8,6,20,direct,,unregistered,,
192209,R,R8,13,30,direct,,unregistered,,
192213,L,R8,9,27,direct,,unregistered,,
192216,L,R8,21,35,direct,,unregistered,,
192233,R,R1-6,16,6,inferred_l1,27015,unregistered,,
192249,R,R8,18,30,direct,,unregistered,,
192290,R,R7,19,33,direct,,unregistered,,
192314,R,R8,12,23,direct,,unregistered,,
192334,L,R7,26,33,direct,,unregistered,,
192345,R,R8,17,29,direct,,unregistered,,
192346,R,R8,18,25,direct,,unregistered,,
192360,L,R1-6,23,22,inferred_l1,537910,unregistered,,
192376,R,R1-6,8,22,inferred_l1,35943,unregistered,,
192378,R,R8,9,24,direct,,unregistered,,
192419,R,R8,19,32,direct,,unregistered,,
192428,L,R1-6,28,31,inferred_l1,21170,unregistered,,
192432,R,R8,21,27,direct,,unregistered,,
192442,L,R8,6,15,direct,,unregistered,,
192467,R,R1-6,23,33,inferred_l1,27223,unregistered,,
192509,R,R1-6,19,29,inferred_l1,32326,unregistered,,
192516,L,R8,20,29,direct,,unregistered,,
192547,L,R7,22,29,direct,,unregistered,,
192549,R,R1-6,4,7,inferred_l1,45333,unregistered,,
192572,L,R8,4,13,direct,,unregistered,,
192577,L,R7,10,11,direct,,unregistered,,
192579,L,R1-6,26,33,inferred_l1,24141,unregistered,,
192580,R,R1-6,10,22,inferred_l1,29546,unregistered,,
192611,R,R7,25,29,direct,,unregistered,,
192634,R,R8,6,13,direct,,unregistered,,
192698,R,R1-6,19,34,inferred_l1,20630,unregistered,,
192760,R,R1-6,34,30,inferred_l1,32905,unregistered,,
192804,L,R1-6,24,37,inferred_l1,52395,unregistered,,
192818,L,R1-6,19,30,inferred_l1,541818,unregistered,,
192835,R,R1-6,8,14,inferred_l1,31806,unregistered,,
192892,R,R1-6,23,29,inferred_l1,33465,unregistered,,
192896,L,R1-6,29,35,inferred_l1,545201,unregistered,,
192900,R,R1-6,7,14,inferred_l1,32043,unregistered,,
192904,R,R7,12,20,direct,,unregistered,,
192913,L,R1-6,24,23,inferred_l1,538964,unregistered,,
192920,R,R1-6,21,33,inferred_l1,31539,unregistered,,
192928,R,R1-6,11,4,inferred_l1,23776,unregistered,,
192931,R,R7,5,17,direct,,unregistered,,
192992,L,R8,12,28,direct,,unregistered,,
193042,R,R7,24,32,direct,,unregistered,,
193066,R,R1-6,9,23,inferred_l1,29121,unregistered,,
193090,L,R7,8,23,direct,,unregistered,,
193127,R,R1-6,6,13,inferred_l1,31133,unregistered,,
193152,R,R1-6,30,35,inferred_l1,27879,unregistered,,
193213,R,R1-6,11,23,inferred_l1,28314,unregistered,,
193225,L,R1-6,25,31,inferred_l1,542786,unregistered,,
193234,R,R1-6,11,3,inferred_l1,28053,unregistered,,
193253,L,R7,23,25,direct,,unregistered,,
193264,R,R8,8,21,direct,,unregistered,,
193278,R,R7,12,9,direct,,unregistered,,
193289,L,R1-6,23,35,inferred_l1,31283,unregistered,,
193308,L,R8,21,28,direct,,unregistered,,
193316,L,R7,13,24,direct,,unregistered,,
193317,R,R8,6,11,direct,,unregistered,,
193337,R,R7,29,34,direct,,unregistered,,
193352,R,R1-6,7,13,inferred_l1,29162,unregistered,,
193355,R,R7,17,17,direct,,unregistered,,
193361,R,R1-6,35,34,inferred_l1,28465,unregistered,,
193391,L,R8,7,13,direct,,unregistered,,
193397,L,R1-6,25,36,inferred_l1,20391,unregistered,,
193406,R,R1-6,30,34,inferred_l1,21434,unregistered,,
193437,R,R1-6,7,14,inferred_l1,32043,unregistered,,
193445,L,R1-6,21,31,inferred_l1,12579,unregistered,,
193471,L,R1-6,30,33,inferred_l1,18919,unregistered,,
193485,R,R7,15,32,direct,,unregistered,,
193490,L,R1-6,22,34,inferred_l1,537158,unregistered,,
193560,R,R1-6,12,15,inferred_l1,32720,unregistered,,
193568,L,R1-6,25,23,inferred_l1,29586,unregistered,,
193581,R,R1-6,8,17,inferred_l1,30617,unregistered,,
193595,R,R8,7,8,direct,,unregistered,,
193602,R,R8,7,4,direct,,unregistered,,
193627,R,R8,24,36,direct,,unregistered,,
193675,L,R1-6,23,33,inferred_l1,22703,unregistered,,
193711,R,R8,31,35,direct,,unregistered,,
193712,R,R1-6,32,36,inferred_l1,23714,unregistered,,
193740,R,R1-6,23,34,inferred_l1,30482,unregistered,,
193756,R,R7,10,18,direct,,unregistered,,
193768,R,R1-6,23,33,inferred_l1,27223,unregistered,,
193842,R,R1-6,10,23,inferred_l1,27317,unregistered,,
193884,R,R8,14,16,direct,,unregistered,,
193889,L,R8,6,7,direct,,unregistered,,
193899,R,R7,5,13,direct,,unregistered,,
193907,R,R8,12,29,direct,,unregistered,,
193919,R,R7,29,36,direct,,unregistered,,
193924,L,R1-6,28,30,inferred_l1,22613,unregistered,,
193946,R,R1-6,25,37,inferred_l1,21839,unregistered,,
193955,L,R1-6,30,27,inferred_l1,33354,unregistered,,
193978,L,R7,14,19,direct,,unregistered,,
193987,R,R7,12,14,direct,,unregistered,,
193994,R,R8,17,31,direct,,unregistered,,
193998,R,R7,18,18,direct,,unregistered,,
194026,R,R7,28,37,direct,,unregistered,,
194046,R,R1-6,35,36,inferred_l1,29875,unregistered,,
194082,L,R8,4,12,direct,,unregistered,,
194093,R,R8,11,18,direct,,unregistered,,
194113,R,R1-6,11,23,inferred_l1,28314,unregistered,,
194114,R,R8,20,28,direct,,unregistered,,
194123,R,R1-6,7,13,inferred_l1,29162,unregistered,,
194135,R,R1-6,26,30,inferred_l1,32760,unregistered,,
194169,R,R1-6,9,20,inferred_l1,34855,unregistered,,
194217,L,R8,11,19,direct,,unregistered,,
194242,R,R1-6,22,31,inferred_l1,30226,unregistered,,
194274,L,R1-6,19,30,inferred_l1,541818,unregistered,,
194288,L,R1-6,22,22,inferred_l1,556741,unregistered,,
194342,R,R8,21,24,direct,,unregistered,,
194385,L,R8,13,24,direct,,unregistered,,
194390,L,R7,6,21,direct,,unregistered,,
194413,R,R1-6,8,18,inferred_l1,30248,unregistered,,
194414,L,R1-6,28,31,inferred_l1,21170,unregistered,,
194417,R,R8,13,31,direct,,unregistered,,
194439,L,R1-6,28,32,inferred_l1,21922,unregistered,,
194442,R,R8,23,29,direct,,unregistered,,
194458,L,R8,9,14,direct,,unregistered,,
194466,R,R7,28,29,direct,,unregistered,,
194507,R,R7,10,19,direct,,unregistered,,
194508,R,R1-6,17,33,inferred_l1,25475,unregistered,,
194527,L,R1-6,27,28,inferred_l1,20840,unregistered,,
194550,R,R1-6,19,6,inferred_l1,26336,unregistered,,
194576,L,R1-6,29,35,inferred_l1,545201,unregistered,,
194580,R,R8,22,31,direct,,unregistered,,
194585,R,R7,6,9,direct,,unregistered,,
194611,L,R8,6,8,direct,,unregistered,,
194618,R,R1-6,31,37,inferred_l1,40843,unregistered,,
194643,L,R1-6,23,30,inferred_l1,522770,unregistered,,
194682,L,R8,20,32,direct,,unregistered,,
194683,R,R7,3,12,direct,,unregistered,,
194686,R,R1-6,30,36,inferred_l1,40522,unregistered,,
194701,R,R1-6,8,14,inferred_l1,31806,unregistered,,
194703,R,R1-6,6,9,inferred_l1,40108,unregistered,,
194706,R,R8,14,18,direct,,unregistered,,
194708,R,R1-6,33,33,inferred_l1,22163,unregistered,,
194719,R,R8,27,36,direct,,unregistered,,
194774,R,R8,11,9,direct,,unregistered,,
194791,R,R1-6,,,unmapped,,unregistered,,
194825,L,R1-6,23,33,inferred_l1,22703,unregistered,,
194834,L,R1-6,27,30,inferred_l1,21457,unregistered,,
194838,L,R7,14,17,direct,,unregistered,,
194863,R,R1-6,18,33,inferred_l1,26550,unregistered,,
194886,R,R8,8,22,direct,,unregistered,,
194924,L,R1-6,24,30,inferred_l1,544520,unregistered,,
194942,L,R1-6,26,25,inferred_l1,537400,unregistered,,
194970,L,R7,14,31,direct,,unregistered,,
194972,R,R7,16,18,direct,,unregistered,,
194976,R,R7,7,15,direct,,unregistered,,
194999,R,R1-6,8,19,inferred_l1,28764,unregistered,,
195015,R,R1-6,21,31,inferred_l1,33511,unregistered,,
195029,L,R8,26,34,direct,,unregistered,,
195034,L,R8,3,10,direct,,unregistered,,
195035,L,R8,16,31,direct,,unregistered,,
195041,L,R1-6,24,23,inferred_l1,538964,unregistered,,
195042,R,R8,3,11,direct,,unregistered,,
195084,R,R1-6,27,30,inferred_l1,36666,unregistered,,
195131,R,R8,4,13,direct,,unregistered,,
195181,L,R1-6,26,22,inferred_l1,13917,unregistered,,
195245,L,R1-6,21,30,inferred_l1,531172,unregistered,,
195249,R,R1-6,10,14,inferred_l1,31306,unregistered,,
195263,R,R1-6,10,13,inferred_l1,28966,unregistered,,
195268,L,R1-6,24,23,inferred_l1,538964,unregistered,,
195269,L,R1-6,21,35,inferred_l1,21473,unregistered,,
195271,R,R7,14,27,direct,,unregistered,,
195277,R,R8,10,8,direct,,unregistered,,
195284,R,R7,10,8,direct,,unregistered,,
195315,R,R7,15,30,direct,,unregistered,,
195318,R,R1-6,23,33,inferred_l1,27223,unregistered,,
195319,L,R1-6,21,31,inferred_l1,12579,unregistered,,
195327,R,R8,16,31,direct,,unregistered,,
195337,R,R7,6,20,direct,,unregistered,,
195340,R,R1-6,21,31,inferred_l1,33511,unregistered,,
195343,L,R8,24,36,direct,,unregistered,,
195359,R,R1-6,3,11,inferred_l1,40259,unregistered,,
195361,R,R1-6,21,34,inferred_l1,31557,unregistered,,
195409,R,R7,4,5,direct,,unregistered,,
195415,R,R1-6,27,26,inferred_l1,35917,unregistered,,
195423,R,R1-6,,,unmapped,,unregistered,,
195449,R,R1-6,8,13,inferred_l1,28532,unregistered,,
195479,L,R7,5,12,direct,,unregistered,,
195492,L,R8,9,12,direct,,unregistered,,
195515,L,R8,26,31,direct,,unregistered,,
195538,R,R1-6,14,26,inferred_l1,27320,unregistered,,
195624,L,R7,21,27,direct,,unregistered,,
195641,R,R1-6,21,30,inferred_l1,31102,unregistered,,
195690,R,R8,20,26,direct,,unregistered,,
195743,R,R7,13,15,direct,,unregistered,,
195767,L,R1-6,22,22,inferred_l1,556741,unregistered,,
195769,R,R1-6,5,13,inferred_l1,28918,unregistered,,
195782,R,R1-6,22,33,inferred_l1,30453,unregistered,,
195815,R,R8,24,35,direct,,unregistered,,
195827,R,R1-6,26,25,inferred_l1,32123,unregistered,,
195829,L,R7,11,18,direct,,unregistered,,
195849,R,R8,19,23,direct,,unregistered,,
195941,R,R1-6,7,6,inferred_l1,37287,unregistered,,
195947,L,R7,4,9,direct,,unregistered,,
195948,L,R8,28,35,direct,,unregistered,,
195986,R,R8,20,33,direct,,unregistered,,
196019,R,R8,25,33,direct,,unregistered,,
196036,L,R1-6,,,unmapped,,unregistered,,
196069,R,R1-6,,,unmapped,,unregistered,,
196101,L,R1-6,10,26,inferred_l1,514397,unregistered,,
196114,R,R1-6,28,33,inferred_l1,22604,unregistered,,
196127,R,R1-6,24,34,inferred_l1,32652,unregistered,,
196157,R,R8,23,31,direct,,unregistered,,
196215,L,R1-6,26,27,inferred_l1,20179,unregistered,,
196262,L,R8,6,10,direct,,unregistered,,
196269,R,R8,27,33,direct,,unregistered,,
196271,R,R8,14,4,direct,,unregistered,,
196319,L,R7,13,25,direct,,unregistered,,
196358,L,R1-6,25,23,inferred_l1,29586,unregistered,,
196367,R,R1-6,24,28,inferred_l1,42937,unregistered,,
196418,L,R8,20,27,direct,,unregistered,,
196462,L,R7,30,35,direct,,unregistered,,
196526,L,R8,7,12,direct,,unregistered,,
196541,L,R1-6,24,23,inferred_l1,538964,unregistered,,
196584,R,R8,19,29,direct,,unregistered,,
196623,R,R1-6,21,31,inferred_l1,33511,unregistered,,
196639,L,R1-6,32,35,inferred_l1,29884,unregistered,,
196694,R,R7,34,32,direct,,unregistered,,
196700,L,R7,25,30,direct,,unregistered,,
196764,R,R1-6,9,15,inferred_l1,32566,unregistered,,
196784,L,R7,9,24,direct,,unregistered,,
196799,L,R7,26,27,direct,,unregistered,,
196810,R,R8,3,9,direct,,unregistered,,
196848,R,R8,23,30,direct,,unregistered,,
196849,R,R7,5,20,direct,,unregistered,,
196850,L,R1-6,21,35,inferred_l1,21473,unregistered,,
196858,R,R7,30,35,direct,,unregistered,,
196863,L,R8,12,27,direct,,unregistered,,
196872,R,R8,25,36,direct,,unregistered,,
196888,R,R8,2,9,direct,,unregistered,,
196908,R,R7,13,4,direct,,unregistered,,
196910,R,R8,7,7,direct,,unregistered,,
196968,L,R1-6,,,unmapped,,unregistered,,
197006,R,R1-6,21,35,inferred_l1,27606,unregistered,,
197030,L,R1-6,22,31,inferred_l1,514199,unregistered,,
197058,R,R1-6,16,4,inferred_l1,31092,unregistered,,
197063,L,R8,13,23,direct,,unregistered,,
197071,R,R8,27,37,direct,,unregistered,,
197095,L,R1-6,23,32,inferred_l1,23133,unregistered,,
197098,R,R1-6,26,30,inferred_l1,32760,unregistered,,
197153,L,R8,9,10,direct,,unregistered,,
197165,R,R1-6,15,6,inferred_l1,25609,unregistered,,
197213,R,R7,9,5,direct,,unregistered,,
197214,L,R1-6,,,unmapped,,unregistered,,
197230,R,R1-6,10,22,inferred_l1,29546,unregistered,,
197255,R,R7,28,31,direct,,unregistered,,
197277,R,R1-6,20,32,inferred_l1,23481,unregistered,,
197280,R,R1-6,22,29,inferred_l1,32227,unregistered,,
197320,L,R1-6,29,36,inferred_l1,22424,unregistered,,
197328,L,R1-6,27,25,inferred_l1,532146,unregistered,,
197334,R,R1-6,22,35,inferred_l1,29679,unregistered,,
197361,R,R7,9,24,direct,,unregistered,,
197408,R,R8,8,5,direct,,unregistered,,
197415,R,R7,26,31,direct,,unregistered,,
197435,L,R8,17,28,direct,,unregistered,,
197440,L,R1-6,23,23,inferred_l1,31455,unregistered,,
197503,L,R8,17,19,direct,,unregistered,,
197507,L,R7,32,27,direct,,unregistered,,
197521,R,R1-6,11,15,inferred_l1,34075,unregistered,,
197540,R,R1-6,8,23,inferred_l1,27217,unregistered,,
197591,R,R1-6,27,26,inferred_l1,35917,unregistered,,
197602,L,R8,26,33,direct,,unregistered,,
197621,R,R7,16,16,direct,,unregistered,,
197698,R,R1-6,18,29,inferred_l1,30733,unregistered,,
197702,L,R8,6,19,direct,,unregistered,,
197717,R,R8,8,24,direct,,unregistered,,
197723,R,R8,19,18,direct,,unregistered,,
197732,L,R7,2,8,direct,,unregistered,,
197753,R,R8,12,30,direct,,unregistered,,
197760,R,R8,17,21,direct,,unregistered,,
197773,L,R8,15,21,direct,,unregistered,,
197814,R,R8,16,30,direct,,unregistered,,
197826,R,R8,15,32,direct,,unregistered,,
197844,R,R7,21,23,direct,,unregistered,,
197851,R,R1-6,10,20,inferred_l1,31725,unregistered,,
197939,R,R1-6,10,21,inferred_l1,28814,unregistered,,
197943,L,R8,19,34,direct,,unregistered,,
198018,R,R1-6,7,19,inferred_l1,29980,unregistered,,
198026,R,R7,15,27,direct,,unregistered,,
198058,L,R1-6,23,34,inferred_l1,534137,unregistered,,
198067,L,R1-6,22,22,inferred_l1,556741,unregistered,,
198132,L,R1-6,,,unmapped,,unregistered,,
198133,R,R8,21,34,direct,,unregistered,,
198203,R,R1-6,24,28,inferred_l1,42937,unregistered,,
198216,L,R7,33,37,direct,,unregistered,,
198232,R,R7,29,35,direct,,unregistered,,
198255,L,R1-6,27,33,inferred_l1,27711,unregistered,,
198309,R,R1-6,21,33,inferred_l1,31539,unregistered,,
198310,R,R8,25,32,direct,,unregistered,,
198312,L,R7,12,18,direct,,unregistered,,
198333,L,R8,2,8,direct,,unregistered,,
198352,R,R7,21,27,direct,,unregistered,,
198383,R,R1-6,6,6,inferred_l1,40132,unregistered,,
198384,R,R1-6,14,6,inferred_l1,25096,unregistered,,
198391,R,R1-6,33,33,inferred_l1,22163,unregistered,,
198403,L,R1-6,23,30,inferred_l1,522770,unregistered,,
198412,R,R8,20,34,direct,,unregistered,,
198426,L,R1-6,22,21,inferred_l1,558480,unregistered,,
198428,R,R1-6,18,6,inferred_l1,23372,unregistered,,
198478,R,R7,18,19,direct,,unregistered,,
198526,L,R7,3,7,direct,,unregistered,,
198541,R,R8,13,14,direct,,unregistered,,
198562,R,R1-6,11,13,inferred_l1,30764,unregistered,,
198579,R,R1-6,8,18,inferred_l1,30248,unregistered,,
198582,R,R1-6,32,23,inferred_l1,30717,unregistered,,
198583,L,R7,13,22,direct,,unregistered,,
198597,R,R1-6,9,23,inferred_l1,29121,unregistered,,
198808,R,R8,7,17,direct,,unregistered,,
198830,R,R7,8,24,direct,,unregistered,,
198852,L,R8,17,24,direct,,unregistered,,
198856,R,R8,4,7,direct,,unregistered,,
198865,L,R7,20,23,direct,,unregistered,,
198866,L,R1-6,25,30,inferred_l1,15675,unregistered,,
198888,L,R7,24,36,direct,,unregistered,,
198911,L,R8,5,16,direct,,unregistered,,
198924,R,R7,20,28,direct,,unregistered,,
198954,R,R8,10,10,direct,,unregistered,,
198956,R,R7,5,8,direct,,unregistered,,
198959,R,R8,5,8,direct,,unregistered,,
198975,R,R7,27,32,direct,,unregistered,,
198997,R,R1-6,19,30,inferred_l1,31814,unregistered,,
199014,L,R8,25,34,direct,,unregistered,,
199017,L,R8,4,10,direct,,unregistered,,
199022,R,R1-6,30,30,inferred_l1,21755,unregistered,,
199024,L,R1-6,27,35,inferred_l1,46394,unregistered,,
199025,L,R1-6,28,32,inferred_l1,21922,unregistered,,
199037,L,R7,13,20,direct,,unregistered,,
199062,R,R8,4,9,direct,,unregistered,,
199085,R,R8,20,25,direct,,unregistered,,
199115,R,R1-6,11,21,inferred_l1,27600,unregistered,,
199174,L,R8,22,35,direct,,unregistered,,
199181,L,R8,23,26,direct,,unregistered,,
199213,L,R1-6,26,26,inferred_l1,527099,unregistered,,
199223,L,R8,8,21,direct,,unregistered,,
199271,R,R8,4,8,direct,,unregistered,,
199296,L,R1-6,23,22,inferred_l1,537910,unregistered,,
199325,R,R8,15,21,direct,,unregistered,,
199327,L,R1-6,27,29,inferred_l1,22999,unregistered,,
199361,R,R1-6,24,36,inferred_l1,36298,unregistered,,
199365,L,R1-6,30,33,inferred_l1,18919,unregistered,,
199380,R,R7,8,21,direct,,unregistered,,
199388,R,R1-6,9,14,inferred_l1,30639,unregistered,,
199418,R,R1-6,20,29,inferred_l1,34857,unregistered,,
199480,L,R8,18,33,direct,,unregistered,,
199510,L,R1-6,23,30,inferred_l1,522770,unregistered,,
199515,L,R1-6,25,27,inferred_l1,13688,unregistered,,
199524,R,R8,8,17,direct,,unregistered,,
199525,L,R1-6,30,27,inferred_l1,33354,unregistered,,
199539,R,R1-6,7,14,inferred_l1,32043,unregistered,,
199547,L,R7,12,22,direct,,unregistered,,
199554,L,R1-6,27,30,inferred_l1,21457,unregistered,,
199576,R,R1-6,31,33,inferred_l1,31929,unregistered,,
199588,L,R8,24,29,direct,,unregistered,,
199629,R,R1-6,10,15,inferred_l1,31317,unregistered,,
199630,R,R1-6,16,6,inferred_l1,27015,unregistered,,
199673,R,R1-6,30,37,inferred_l1,22506,unregistered,,
199676,R,R1-6,8,24,inferred_l1,29274,unregistered,,
199721,R,R1-6,5,12,inferred_l1,31702,unregistered,,
199725,L,R7,14,18,direct,,unregistered,,
199749,R,R1-6,34,35,inferred_l1,25014,unregistered,,
199756,R,R7,4,11,direct,,unregistered,,
199774,L,R1-6,27,26,inferred_l1,32883,unregistered,,
199791,R,R1-6,11,15,inferred_l1,34075,unregistered,,
199807,R,R1-6,32,37,inferred_l1,26973,unregistered,,
199857,L,R8,12,16,direct,,unregistered,,
199862,R,R8,17,19,direct,,unregistered,,
199877,L,R1-6,34,26,inferred_l1,22430,unregistered,,
199879,L,R8,6,4,direct,,unregistered,,
199903,R,R1-6,21,31,inferred_l1,33511,unregistered,,
199906,R,R8,14,15,direct,,unregistered,,
199908,R,R7,29,29,direct,,unregistered,,
199937,L,R8,15,30,direct,,unregistered,,
199968,R,R1-6,12,23,inferred_l1,28744,unregistered,,
200003,R,R7,3,13,direct,,unregistered,,
200017,L,R1-6,22,32,inferred_l1,518056,unregistered,,
200032,R,R1-6,18,29,inferred_l1,30733,unregistered,,
200047,L,R1-6,22,32,inferred_l1,518056,unregistered,,
200061,L,R1-6,29,29,inferred_l1,30952,unregistered,,
200064,R,R7,12,10,direct,,unregistered,,
200074,R,R8,21,25,direct,,unregistered,,
200097,R,R8,11,2,direct,,unregistered,,
200109,R,R8,11,8,direct,,unregistered,,
200147,R,R1-6,19,31,inferred_l1,29790,unregistered,,
200167,R,R1-6,13,23,inferred_l1,28480,unregistered,,
200177,R,R7,35,36,direct,,unregistered,,
200228,R,R1-6,11,12,inferred_l1,32177,unregistered,,
200243,L,R7,4,7,direct,,unregistered,,
200269,R,R8,9,23,direct,,unregistered,,
200280,R,R1-6,12,23,inferred_l1,28744,unregistered,,
200293,L,R7,19,31,direct,,unregistered,,
200316,L,R1-6,26,23,inferred_l1,14757,unregistered,,
200318,L,R1-6,24,30,inferred_l1,544520,unregistered,,
200329,R,R7,11,17,direct,,unregistered,,
200367,L,R8,3,9,direct,,unregistered,,
200377,L,R1-6,30,28,inferred_l1,525951,unregistered,,
200411,R,R8,28,31,direct,,unregistered,,
200437,R,R7,31,31,direct,,unregistered,,
200456,R,R8,30,35,direct,,unregistered,,
200523,R,R8,5,19,direct,,unregistered,,
200562,R,R1-6,22,34,inferred_l1,24823,unregistered,,
200575,R,R1-6,,,unmapped,,unregistered,,
200577,R,R1-6,21,31,inferred_l1,33511,unregistered,,
200578,R,R8,28,32,direct,,unregistered,,
200599,L,R7,10,21,direct,,unregistered,,
200610,L,R1-6,21,30,inferred_l1,531172,unregistered,,
200620,L,R8,20,28,direct,,unregistered,,
200714,L,R1-6,15,32,inferred_l1,556493,unregistered,,
200734,R,R1-6,9,22,inferred_l1,30762,unregistered,,
200773,R,R7,30,30,direct,,unregistered,,
200775,L,R1-6,32,34,inferred_l1,54688,unregistered,,
200777,L,R8,16,17,direct,,unregistered,,
200837,L,R1-6,23,30,inferred_l1,522770,unregistered,,
200852,L,R8,2,11,direct,,unregistered,,
200879,L,R1-6,20,32,inferred_l1,17264,unregistered,,
200981,R,R1-6,22,35,inferred_l1,29679,unregistered,,
200994,R,R7,9,9,direct,,unregistered,,
201020,L,R8,29,36,direct,,unregistered,,
201043,R,R1-6,21,32,inferred_l1,262249,unregistered,,
201060,L,R7,11,29,direct,,unregistered,,
201086,R,R8,16,15,direct,,unregistered,,
201095,R,R1-6,16,7,inferred_l1,32284,unregistered,,
201097,R,R1-6,11,14,inferred_l1,32011,unregistered,,
201146,R,R8,21,33,direct,,unregistered,,
201157,L,R1-6,18,30,inferred_l1,518394,unregistered,,
201174,R,R1-6,7,19,inferred_l1,29980,unregistered,,
201180,L,R1-6,20,32,inferred_l1,17264,unregistered,,
201188,R,R1-6,11,15,inferred_l1,34075,unregistered,,
201197,L,R7,12,16,direct,,unregistered,,
201198,R,R8,9,4,direct,,unregistered,,
201263,R,R1-6,8,11,inferred_l1,29971,unregistered,,
201331,R,R1-6,27,25,inferred_l1,32030,unregistered,,
201333,R,R1-6,34,29,inferred_l1,30795,unregistered,,
201338,R,R8,7,2,direct,,unregistered,,
201340,R,R8,7,6,direct,,unregistered,,
201393,R,R7,20,34,direct,,unregistered,,
201400,R,R8,19,28,direct,,unregistered,,
201401,R,R8,23,35,direct,,unregistered,,
201435,R,R7,7,23,direct,,unregistered,,
201470,R,R1-6,33,34,inferred_l1,24912,unregistered,,
201495,R,R1-6,,,unmapped,,unregistered,,
201498,R,R1-6,10,20,inferred_l1,31725,unregistered,,
201499,L,R8,6,5,direct,,unregistered,,
201505,L,R1-6,23,21,inferred_l1,518227,unregistered,,
201547,L,R1-6,28,29,inferred_l1,22934,unregistered,,
201551,L,R8,14,30,direct,,unregistered,,
201559,R,R7,2,7,direct,,unregistered,,
201624,R,R8,29,35,direct,,unregistered,,
201627,R,R7,29,32,direct,,unregistered,,
201643,L,R1-6,24,22,inferred_l1,540263,unregistered,,
201702,R,R1-6,11,20,inferred_l1,31416,unregistered,,
201718,R,R1-6,14,31,inferred_l1,26784,unregistered,,
201738,R,R8,8,25,direct,,unregistered,,
201768,L,R7,12,15,direct,,unregistered,,
201776,R,R8,6,7,direct,,unregistered,,
201840,R,R1-6,,,unmapped,,unregistered,,
201902,R,R1-6,7,10,inferred_l1,29571,unregistered,,
201927,R,R7,13,24,direct,,unregistered,,
201935,R,R1-6,13,15,inferred_l1,33272,unregistered,,
201940,L,R7,3,8,direct,,unregistered,,
202004,L,R8,8,24,direct,,unregistered,,
202047,L,R1-6,21,33,inferred_l1,518163,unregistered,,
202099,L,R1-6,27,26,inferred_l1,32883,unregistered,,
202122,R,R8,24,29,direct,,unregistered,,
202172,L,R8,13,20,direct,,unregistered,,
202177,L,R8,9,16,direct,,unregistered,,
202183,R,R8,6,9,direct,,unregistered,,
202218,L,R7,6,10,direct,,unregistered,,
202220,R,R1-6,35,31,inferred_l1,25543,unregistered,,
202259,R,R1-6,21,30,inferred_l1,31102,unregistered,,
202302,L,R1-6,26,31,inferred_l1,27201,unregistered,,
202313,R,R7,19,32,direct,,unregistered,,
202314,L,R1-6,27,34,inferred_l1,21206,unregistered,,
202322,R,R8,12,4,direct,,unregistered,,
202343,R,R1-6,5,8,inferred_l1,43089,unregistered,,
202348,R,R7,31,36,direct,,unregistered,,
202377,L,R7,7,11,direct,,unregistered,,
202393,R,R1-6,21,35,inferred_l1,27606,unregistered,,
202407,L,R1-6,32,35,inferred_l1,29884,unregistered,,
202531,R,R1-6,11,13,inferred_l1,30764,unregistered,,
202543,L,R7,15,26,direct,,unregistered,,
202556,L,R1-6,21,21,inferred_l1,29820,unregistered,,
202586,L,R8,13,29,direct,,unregistered,,
202651,R,R1-6,11,22,inferred_l1,27521,unregistered,,
202662,R,R8,11,17,direct,,unregistered,,
202686,R,R7,7,10,direct,,unregistered,,
202687,L,R1-6,18,30,inferred_l1,518394,unregistered,,
202737,R,R8,21,29,direct,,unregistered,,
202780,R,R1-6,20,30,inferred_l1,31377,unregistered,,
202801,R,R8,6,17,direct,,unregistered,,
202807,L,R7,8,11,direct,,unregistered,,
202808,R,R1-6,7,14,inferred_l1,32043,unregistered,,
202809,L,R1-6,19,32,inferred_l1,14405,unregistered,,
202848,L,R1-6,26,28,inferred_l1,531745,unregistered,,
202852,R,R1-6,29,29,inferred_l1,21676,unregistered,,
202862,L,R1-6,21,32,inferred_l1,35880,unregistered,,
202873,L,R7,34,36,direct,,unregistered,,
202937,L,R1-6,18,29,inferred_l1,22007,unregistered,,
202995,L,R1-6,21,32,inferred_l1,35880,unregistered,,
202999,L,R8,26,32,direct,,unregistered,,
203010,L,R8,9,9,direct,,unregistered,,
203048,L,R7,11,26,direct,,unregistered,,
203074,L,R1-6,17,31,inferred_l1,14007,unregistered,,
203083,R,R8,7,5,direct,,unregistered,,
203093,R,R1-6,22,31,inferred_l1,30226,unregistered,,
203182,R,R1-6,35,32,inferred_l1,26016,unregistered,,
203200,L,R7,32,28,direct,,unregistered,,
203231,R,R1-6,15,32,inferred_l1,31274,unregistered,,
203254,R,R1-6,11,23,inferred_l1,28314,unregistered,,
203264,R,R8,18,17,direct,,unregistered,,
203300,L,R1-6,21,22,inferred_l1,521178,unregistered,,
203344,L,R8,8,25,direct,,unregistered,,
203355,R,R1-6,7,14,inferred_l1,32043,unregistered,,
203358,L,R1-6,21,33,inferred_l1,518163,unregistered,,
203374,R,R8,7,19,direct,,unregistered,,
203389,L,R8,15,31,direct,,unregistered,,
203440,R,R7,6,6,direct,,unregistered,,
203454,L,R7,11,17,direct,,unregistered,,
203464,L,R7,13,21,direct,,unregistered,,
203499,R,R1-6,,,unmapped,,unregistered,,
203507,R,R1-6,16,17,inferred_l1,30744,unregistered,,
203567,R,R1-6,14,25,inferred_l1,30824,unregistered,,
203576,R,R1-6,,,unmapped,,unregistered,,
203577,R,R1-6,16,5,inferred_l1,26612,unregistered,,
203581,L,R7,12,27,direct,,unregistered,,
203679,L,R7,9,15,direct,,unregistered,,
203683,L,R8,9,4,direct,,unregistered,,
203718,R,R1-6,10,12,inferred_l1,32280,unregistered,,
203763,R,R1-6,,,unmapped,,unregistered,,
203834,R,R1-6,18,29,inferred_l1,30733,unregistered,,
203836,R,R8,10,4,direct,,unregistered,,
203946,R,R1-6,4,7,inferred_l1,45333,unregistered,,
203967,R,R8,4,14,direct,,unregistered,,
203973,R,R8,6,5,direct,,unregistered,,
203977,R,R1-6,17,30,inferred_l1,31732,unregistered,,
203987,L,R1-6,22,34,inferred_l1,537158,unregistered,,
203996,L,R1-6,23,35,inferred_l1,31283,unregistered,,
204005,R,R1-6,12,15,inferred_l1,32720,unregistered,,
204026,R,R1-6,26,26,inferred_l1,34008,unregistered,,
204088,R,R8,29,36,direct,,unregistered,,
204114,R,R7,26,32,direct,,unregistered,,
204143,R,R1-6,17,5,inferred_l1,543535,unregistered,,
204183,L,R1-6,23,22,inferred_l1,537910,unregistered,,
204203,R,R1-6,20,31,inferred_l1,31344,unregistered,,
204215,L,R7,8,24,direct,,unregistered,,
204219,L,R1-6,27,32,inferred_l1,523442,unregistered,,
204232,R,R1-6,9,22,inferred_l1,30762,unregistered,,
204260,R,R1-6,20,30,inferred_l1,31377,unregistered,,
204279,L,R1-6,26,22,inferred_l1,13917,unregistered,,
204303,R,R8,3,12,direct,,unregistered,,
204315,R,R1-6,9,11,inferred_l1,27465,unregistered,,
204323,L,R1-6,25,23,inferred_l1,29586,unregistered,,
204361,R,R8,6,8,direct,,unregistered,,
204362,L,R7,16,20,direct,,unregistered,,
204403,L,R1-6,27,31,inferred_l1,36996,unregistered,,
204411,L,R7,3,11,direct,,unregistered,,
204437,L,R8,20,34,direct,,unregistered,,
204442,R,R1-6,,,unmapped,,unregistered,,
204450,L,R8,6,14,direct,,unregistered,,
204478,L,R7,33,36,direct,,unregistered,,
204560,L,R1-6,19,31,inferred_l1,515692,unregistered,,
204563,R,R1-6,20,31,inferred_l1,31344,unregistered,,
204608,R,R1-6,33,35,inferred_l1,27909,unregistered,,
204616,R,R1-6,20,31,inferred_l1,31344,unregistered,,
204652,L,R8,25,30,direct,,unregistered,,
204661,R,R1-6,17,28,inferred_l1,32028,unregistered,,
204768,R,R1-6,23,34,inferred_l1,30482,unregistered,,
204787,R,R7,15,20,direct,,unregistered,,
204799,L,R8,11,18,direct,,unregistered,,
204826,R,R1-6,32,35,inferred_l1,36006,unregistered,,
204865,L,R1-6,23,36,inferred_l1,22311,unregistered,,
204893,R,R1-6,,,unmapped,,unregistered,,
204907,R,R8,8,7,direct,,unregistered,,
204910,L,R8,25,35,direct,,unregistered,,
204945,L,R7,23,32,direct,,unregistered,,
204956,L,R8,27,32,direct,,unregistered,,
205031,R,R1-6,27,29,inferred_l1,35944,unregistered,,
205044,R,R1-6,33,33,inferred_l1,22163,unregistered,,
205069,R,R8,24,33,direct,,unregistered,,
205097,R,R1-6,6,14,inferred_l1,40561,unregistered,,
205118,R,R8,6,4,direct,,unregistered,,
205148,L,R7,13,29,direct,,unregistered,,
205151,L,R1-6,26,30,inferred_l1,517044,unregistered,,
205204,L,R1-6,,,unmapped,,unregistered,,
205226,R,R8,3,7,direct,,unregistered,,
205233,R,R7,19,19,direct,,unregistered,,
205255,R,R1-6,12,13,inferred_l1,35199,unregistered,,
205324,L,R1-6,21,34,inferred_l1,534384,unregistered,,
205328,R,R8,28,37,direct,,unregistered,,
205329,L,R8,25,31,direct,,unregistered,,
205364,L,R1-6,23,30,inferred_l1,522770,unregistered,,
205397,R,R1-6,23,35,inferred_l1,30483,unregistered,,
205410,L,R8,5,18,direct,,unregistered,,
205414,R,R7,14,24,direct,,unregistered,,
205436,L,R7,27,27,direct,,unregistered,,
205464,L,R7,13,23,direct,,unregistered,,
205482,L,R7,15,25,direct,,unregistered,,
205494,R,R1-6,30,35,inferred_l1,27879,unregistered,,
205514,R,R1-6,11,21,inferred_l1,27600,unregistered,,
205543,R,R7,23,28,direct,,unregistered,,
205544,L,R8,7,4,direct,,unregistered,,
205547,R,R1-6,23,34,inferred_l1,30482,unregistered,,
205557,L,R7,19,29,direct,,unregistered,,
205562,R,R1-6,,,unmapped,,unregistered,,
205595,L,R1-6,22,34,inferred_l1,537158,unregistered,,
205628,L,R7,4,4,direct,,unregistered,,
205660,L,R1-6,18,31,inferred_l1,18993,unregistered,,
205668,R,R1-6,24,36,inferred_l1,36298,unregistered,,
205699,R,R1-6,,,unmapped,,unregistered,,
205730,L,R7,19,34,direct,,unregistered,,
205736,L,R7,6,5,direct,,unregistered,,
205741,L,R1-6,18,30,inferred_l1,518394,unregistered,,
205753,L,R7,18,29,direct,,unregistered,,
205775,L,R1-6,32,30,inferred_l1,19395,unregistered,,
205783,L,R1-6,22,36,inferred_l1,46696,unregistered,,
205785,R,R7,30,28,direct,,unregistered,,
205801,R,R7,7,6,direct,,unregistered,,
205805,R,R1-6,,,unmapped,,unregistered,,
205816,L,R8,6,6,direct,,unregistered,,
205833,R,R7,29,28,direct,,unregistered,,
205838,L,R7,8,17,direct,,unregistered,,
205845,R,R8,3,8,direct,,unregistered,,
205864,R,R1-6,32,33,inferred_l1,26015,unregistered,,
206078,L,R1-6,20,33,inferred_l1,21422,unregistered,,
206102,R,R8,23,27,direct,,unregistered,,
206110,R,R1-6,7,5,inferred_l1,56002,unregistered,,
206146,R,R1-6,9,15,inferred_l1,32566,unregistered,,
206170,R,R8,7,18,direct,,unregistered,,
206207,R,R7,5,16,direct,,unregistered,,
206218,L,R7,16,21,direct,,unregistered,,
206226,L,R8,22,29,direct,,unregistered,,
206227,R,R8,20,24,direct,,unregistered,,
206230,R,R8,22,24,direct,,unregistered,,
206238,R,R1-6,20,34,inferred_l1,24916,unregistered,,
206301,L,R7,12,17,direct,,unregistered,,
206335,R,R8,18,31,direct,,unregistered,,
206364,R,R1-6,33,34,inferred_l1,24912,unregistered,,
206365,L,R1-6,25,23,inferred_l1,29586,unregistered,,
206389,L,R1-6,26,31,inferred_l1,27201,unregistered,,
206395,R,R7,6,4,direct,,unregistered,,
206404,R,R1-6,32,33,inferred_l1,26015,unregistered,,
206413,R,R1-6,34,32,inferred_l1,30195,unregistered,,
206415,R,R1-6,27,27,inferred_l1,32068,unregistered,,
206484,L,R7,12,19,direct,,unregistered,,
206491,L,R1-6,32,33,inferred_l1,15687,unregistered,,
206525,L,R1-6,29,30,inferred_l1,23318,unregistered,,
206557,R,R1-6,27,37,inferred_l1,33084,unregistered,,
206597,R,R7,10,7,direct,,unregistered,,
206600,R,R1-6,26,37,inferred_l1,20941,unregistered,,
206627,R,R7,8,25,direct,,unregistered,,
206630,L,R7,8,22,direct,,unregistered,,
206633,R,R7,22,23,direct,,unregistered,,
206683,R,R1-6,9,11,inferred_l1,27465,unregistered,,
206687,R,R7,9,21,direct,,unregistered,,
206700,R,R1-6,12,6,inferred_l1,29398,unregistered,,
206702,L,R7,9,20,direct,,unregistered,,
206706,L,R1-6,22,31,inferred_l1,514199,unregistered,,
206708,L,R1-6,33,24,inferred_l1,33149,unregistered,,
206711,R,R1-6,19,29,inferred_l1,32326,unregistered,,
206752,R,R1-6,12,26,inferred_l1,29302,unregistered,,
206792,L,R1-6,35,27,inferred_l1,39653,unregistered,,
206816,R,R1-6,19,30,inferred_l1,31814,unregistered,,
206859,L,R1-6,26,32,inferred_l1,32429,unregistered,,
206883,R,R1-6,22,29,inferred_l1,32227,unregistered,,
206901,L,R1-6,22,33,inferred_l1,39568,unregistered,,
206912,R,R8,5,15,direct,,unregistered,,
206916,R,R1-6,17,30,inferred_l1,31732,unregistered,,
206934,R,R8,5,16,direct,,unregistered,,
206997,R,R1-6,23,35,inferred_l1,30483,unregistered,,
207004,R,R1-6,12,24,inferred_l1,27552,unregistered,,
207026,R,R1-6,33,34,inferred_l1,24912,unregistered,,
207032,L,R1-6,29,38,inferred_l1,544987,unregistered,,
207066,L,R1-6,25,25,inferred_l1,18386,unregistered,,
207106,L,R1-6,21,35,inferred_l1,21473,unregistered,,
207162,R,R8,22,26,direct,,unregistered,,
207176,R,R8,12,2,direct,,unregistered,,
207216,R,R8,9,8,direct,,unregistered,,
207310,L,R7,16,26,direct,,unregistered,,
207316,L,R1-6,11,22,inferred_l1,559934,unregistered,,
207336,R,R7,21,24,direct,,unregistered,,
207371,L,R1-6,31,29,inferred_l1,25424,unregistered,,
207386,L,R1-6,33,23,inferred_l1,544531,unregistered,,
207419,R,R1-6,19,31,inferred_l1,29790,unregistered,,
207474,L,R7,19,30,direct,,unregistered,,
207489,L,R1-6,18,30,inferred_l1,518394,unregistered,,
207529,R,R7,14,11,direct,,unregistered,,
207543,L,R8,18,28,direct,,unregistered,,
207579,R,R1-6,8,15,inferred_l1,30400,unregistered,,
207615,R,R1-6,12,14,inferred_l1,33637,unregistered,,
207630,R,R1-6,18,30,inferred_l1,29933,unregistered,,
207647,L,R7,16,27,direct,,unregistered,,
207661,R,R1-6,14,4,inferred_l1,27642,unregistered,,
207698,R,R1-6,26,25,inferred_l1,32123,unregistered,,
207738,L,R7,24,28,direct,,unregistered,,
207755,R,R8,9,27,direct,,unregistered,,
207756,L,R1-6,21,34,inferred_l1,534384,unregistered,,
207757,L,R1-6,23,23,inferred_l1,31455,unregistered,,
207779,R,R7,30,34,direct,,unregistered,,
207780,R,R1-6,24,36,inferred_l1,36298,unregistered,,
207793,L,R1-6,21,31,inferred_l1,12579,unregistered,,
207849,L,R7,10,23,direct,,unregistered,,
207875,L,R8,16,20,direct,,unregistered,,
207953,L,R1-6,22,35,inferred_l1,18839,unregistered,,
207966,R,R1-6,21,30,inferred_l1,31102,unregistered,,
207972,R,R1-6,11,22,inferred_l1,27521,unregistered,,
208014,R,R1-6,21,30,inferred_l1,31102,unregistered,,
208040,R,R1-6,25,36,inferred_l1,22019,unregistered,,
208049,R,R7,12,4,direct,,unregistered,,
208112,R,R1-6,20,8,inferred_l1,30815,unregistered,,
208121,R,R8,21,23,direct,,unregistered,,
208145,R,R1-6,20,29,inferred_l1,34857,unregistered,,
208170,R,R8,12,9,direct,,unregistered,,
208194,R,R8,30,34,direct,,unregistered,,
208224,L,R1-6,19,30,inferred_l1,541818,unregistered,,
208241,R,R1-6,34,23,inferred_l1,38130,unregistered,,
208338,R,R8,14,14,direct,,unregistered,,
208361,L,R1-6,20,31,inferred_l1,512113,unregistered,,
208377,L,R7,14,29,direct,,unregistered,,
208381,R,R8,23,28,direct,,unregistered,,
208419,R,R7,10,10,direct,,unregistered,,
208463,L,R1-6,20,30,inferred_l1,520538,unregistered,,
208510,L,R8,11,25,direct,,unregistered,,
208511,R,R1-6,20,29,inferred_l1,34857,unregistered,,
208512,R,R1-6,31,37,inferred_l1,40843,unregistered,,
208533,R,R8,30,36,direct,,unregistered,,
208551,L,R1-6,25,37,inferred_l1,33498,unregistered,,
208565,R,R7,18,25,direct,,unregistered,,
208600,L,R8,15,20,direct,,unregistered,,
208603,L,R8,23,29,direct,,unregistered,,
208618,R,R1-6,25,25,inferred_l1,31973,unregistered,,
208646,L,R7,28,30,direct,,unregistered,,
208654,R,R1-6,11,27,inferred_l1,27717,unregistered,,
208714,L,R1-6,33,33,inferred_l1,549493,unregistered,,
208731,L,R1-6,8,22,inferred_l1,29251,unregistered,,
208797,R,R1-6,33,34,inferred_l1,24912,unregistered,,
208798,L,R1-6,28,27,inferred_l1,541561,unregistered,,
208835,R,R8,20,27,direct,,unregistered,,
208867,R,R1-6,6,9,inferred_l1,40108,unregistered,,
208872,R,R7,8,15,direct,,unregistered,,
208955,L,R1-6,19,31,inferred_l1,515692,unregistered,,
208965,L,R7,3,6,direct,,unregistered,,
208982,R,R1-6,6,7,inferred_l1,35178,unregistered,,
208986,R,R1-6,22,29,inferred_l1,32227,unregistered,,
209005,L,R7,7,7,direct,,unregistered,,
209039,R,R1-6,34,35,inferred_l1,25014,unregistered,,
209050,L,R1-6,26,24,inferred_l1,539239,unregistered,,
209073,L,R7,12,28,direct,,unregistered,,
209074,R,R1-6,11,23,inferred_l1,28314,unregistered,,
209091,L,R7,23,28,direct,,unregistered,,
209111,R,R8,20,21,direct,,unregistered,,
209124,R,R1-6,32,33,inferred_l1,26015,unregistered,,
209128,L,R1-6,25,30,inferred_l1,15675,unregistered,,
209142,R,R1-6,7,6,inferred_l1,37287,unregistered,,
209143,L,R1-6,23,23,inferred_l1,31455,unregistered,,
209144,R,R7,14,25,direct,,unregistered,,
209148,R,R8,25,31,direct,,unregistered,,
209150,L,R8,20,24,direct,,unregistered,,
209174,R,R1-6,4,13,inferred_l1,34833,unregistered,,
209189,L,R8,7,9,direct,,unregistered,,
209194,R,R7,24,36,direct,,unregistered,,
209213,L,R8,13,28,direct,,unregistered,,
209222,R,R7,6,3,direct,,unregistered,,
209230,R,R1-6,20,31,inferred_l1,31344,unregistered,,
209236,R,R8,16,20,direct,,unregistered,,
209239,R,R8,24,28,direct,,unregistered,,
209310,R,R1-6,10,21,inferred_l1,28814,unregistered,,
209330,L,R1-6,28,36,inferred_l1,22076,unregistered,,
209338,R,R1-6,22,30,inferred_l1,31410,unregistered,,
209357,R,R7,26,29,direct,,unregistered,,
209384,L,R1-6,25,23,inferred_l1,29586,unregistered,,
209435,L,R1-6,27,24,inferred_l1,30110,unregistered,,
209436,L,R8,35,34,direct,,unregistered,,
209453,R,R1-6,23,29,inferred_l1,33465,unregistered,,
209454,L,R7,4,5,direct,,unregistered,,
209492,R,R1-6,11,13,inferred_l1,30764,unregistered,,
209527,R,R1-6,18,31,inferred_l1,29247,unregistered,,
209539,L,R1-6,29,36,inferred_l1,22424,unregistered,,
209551,L,R1-6,32,33,inferred_l1,15687,unregistered,,
209559,L,R7,10,22,direct,,unregistered,,
209574,R,R7,21,29,direct,,unregistered,,
209607,L,R7,17,32,direct,,unregistered,,
209621,R,R7,14,30,direct,,unregistered,,
209622,R,R1-6,10,15,inferred_l1,31317,unregistered,,
209637,R,R8,16,18,direct,,unregistered,,
209649,R,R1-6,34,33,inferred_l1,24217,unregistered,,
209668,R,R1-6,8,24,inferred_l1,29274,unregistered,,
209676,R,R1-6,33,27,inferred_l1,26189,unregistered,,
209679,R,R8,11,29,direct,,unregistered,,
209706,L,R1-6,20,31,inferred_l1,512113,unregistered,,
209737,L,R8,16,19,direct,,unregistered,,
209742,R,R1-6,11,16,inferred_l1,19870,unregistered,,
209761,L,R7,16,32,direct,,unregistered,,
209777,L,R1-6,23,22,inferred_l1,537910,unregistered,,
209795,R,R7,5,12,direct,,unregistered,,
209812,L,R7,11,12,direct,,unregistered,,
209848,L,R1-6,24,22,inferred_l1,540263,unregistered,,
209891,L,R1-6,20,34,inferred_l1,23054,unregistered,,
209900,R,R8,29,33,direct,,unregistered,,
209922,R,R8,31,36,direct,,unregistered,,
209936,R,R1-6,27,29,inferred_l1,35944,unregistered,,
209937,L,R7,2,7,direct,,unregistered,,
209941,L,R7,9,16,direct,,unregistered,,
209942,R,R1-6,22,35,inferred_l1,29679,unregistered,,
209951,R,R1-6,14,6,inferred_l1,25096,unregistered,,
209962,R,R1-6,21,32,inferred_l1,262249,unregistered,,
210030,R,R1-6,,,unmapped,,unregistered,,
210031,R,R7,18,26,direct,,unregistered,,
210040,R,R1-6,10,23,inferred_l1,27317,unregistered,,
210083,L,R7,7,9,direct,,unregistered,,
210104,R,R8,2,8,direct,,unregistered,,
210174,L,R8,21,24,direct,,unregistered,,
210205,R,R1-6,32,24,inferred_l1,27984,unregistered,,
210271,R,R1-6,10,20,inferred_l1,31725,unregistered,,
210272,R,R7,3,10,direct,,unregistered,,
210286,R,R7,17,25,direct,,unregistered,,
210374,L,R1-6,19,31,inferred_l1,515692,unregistered,,
210379,R,R7,21,21,direct,,unregistered,,
210420,R,R7,17,23,direct,,unregistered,,
210421,L,R1-6,20,31,inferred_l1,512113,unregistered,,
210469,L,R1-6,25,36,inferred_l1,20391,unregistered,,
210480,L,R1-6,20,32,inferred_l1,17264,unregistered,,
210489,L,R7,5,14,direct,,unregistered,,
210511,L,R1-6,21,21,inferred_l1,29820,unregistered,,
210531,R,R1-6,31,36,inferred_l1,24574,unregistered,,
210557,R,R1-6,5,8,inferred_l1,43089,unregistered,,
210576,L,R7,17,22,direct,,unregistered,,
210590,L,R7,17,23,direct,,unregistered,,
210647,R,R1-6,,,unmapped,,unregistered,,
210652,L,R7,17,24,direct,,unregistered,,
210666,L,R1-6,28,26,inferred_l1,530441,unregistered,,
210673,L,R7,18,32,direct,,unregistered,,
210714,R,R1-6,8,16,inferred_l1,31230,unregistered,,
210718,R,R1-6,32,31,inferred_l1,30832,unregistered,,
210735,L,R1-6,25,22,inferred_l1,525123,unregistered,,
210748,L,R8,4,15,direct,,unregistered,,
210753,L,R8,7,11,direct,,unregistered,,
210803,R,R1-6,18,28,inferred_l1,28953,unregistered,,
210821,L,R8,7,8,direct,,unregistered,,
210822,R,R1-6,8,16,inferred_l1,31230,unregistered,,
210852,R,R8,33,30,direct,,unregistered,,
210861,R,R1-6,18,31,inferred_l1,29247,unregistered,,
210889,R,R1-6,11,5,inferred_l1,28518,unregistered,,
210910,R,R1-6,20,31,inferred_l1,31344,unregistered,,
210911,L,R8,9,18,direct,,unregistered,,
210918,L,R8,10,13,direct,,unregistered,,
210934,L,R1-6,25,22,inferred_l1,525123,unregistered,,
210947,R,R1-6,8,21,inferred_l1,48771,unregistered,,
210948,L,R1-6,25,25,inferred_l1,18386,unregistered,,
210955,R,R1-6,29,26,inferred_l1,32989,unregistered,,
210988,R,R1-6,12,22,inferred_l1,28987,unregistered,,
211010,R,R8,4,15,direct,,unregistered,,
211022,L,R1-6,29,36,inferred_l1,22424,unregistered,,
211051,L,R1-6,9,21,inferred_l1,515054,unregistered,,
211067,R,R1-6,6,14,inferred_l1,40561,unregistered,,
211083,L,R1-6,21,31,inferred_l1,12579,unregistered,,
211137,R,R1-6,6,7,inferred_l1,35178,unregistered,,
211182,L,R1-6,21,33,inferred_l1,518163,unregistered,,
211203,R,R1-6,8,17,inferred_l1,30617,unregistered,,
211213,L,R7,7,8,direct,,unregistered,,
211220,R,R1-6,9,15,inferred_l1,32566,unregistered,,
211262,L,R8,14,17,direct,,unregistered,,
211308,L,R7,5,4,direct,,unregistered,,
211331,L,R1-6,29,32,inferred_l1,23252,unregistered,,
211347,L,R1-6,25,30,inferred_l1,15675,unregistered,,
211351,L,R1-6,18,34,inferred_l1,24822,unregistered,,
211361,L,R1-6,21,31,inferred_l1,12579,unregistered,,
211367,R,R1-6,26,37,inferred_l1,20941,unregistered,,
211412,L,R7,7,3,direct,,unregistered,,
211421,L,R8,17,21,direct,,unregistered,,
211446,L,R7,23,24,direct,,unregistered,,
211457,L,R7,7,2,direct,,unregistered,,
211484,R,R8,6,2,direct,,unregistered,,
211491,R,R8,27,31,direct,,unregistered,,
211509,L,R8,27,31,direct,,unregistered,,
211512,L,R1-6,26,22,inferred_l1,13917,unregistered,,
211517,L,R1-6,20,35,inferred_l1,32922,unregistered,,
211536,R,R1-6,19,6,inferred_l1,26336,unregistered,,
211538,R,R1-6,26,28,inferred_l1,38515,unregistered,,
211539,L,R1-6,27,25,inferred_l1,532146,unregistered,,
211562,L,R1-6,21,20,inferred_l1,558089,unregistered,,
211564,L,R7,7,23,direct,,unregistered,,
211579,L,R1-6,27,31,inferred_l1,36996,unregistered,,
211580,L,R7,15,32,direct,,unregistered,,
211587,L,R1-6,,,unmapped,,unregistered,,
211661,R,R1-6,23,35,inferred_l1,30483,unregistered,,
211676,R,R1-6,14,16,inferred_l1,33504,unregistered,,
211712,L,R7,15,18,direct,,unregistered,,
211728,L,R8,7,23,direct,,unregistered,,
211749,L,R1-6,24,30,inferred_l1,544520,unregistered,,
211789,R,R8,25,28,direct,,unregistered,,
211800,R,R1-6,11,20,inferred_l1,31416,unregistered,,
211843,R,R1-6,20,29,inferred_l1,34857,unregistered,,
211877,R,R1-6,11,22,inferred_l1,27521,unregistered,,
211886,L,R1-6,24,22,inferred_l1,540263,unregistered,,
211933,R,R1-6,26,26,inferred_l1,34008,unregistered,,
211934,R,R1-6,19,30,inferred_l1,31814,unregistered,,
211986,L,R1-6,21,20,inferred_l1,558089,unregistered,,
212058,R,R1-6,9,14,inferred_l1,30639,unregistered,,
212067,R,R1-6,21,8,inferred_l1,26152,unregistered,,
212084,R,R7,22,22,direct,,unregistered,,
212100,R,R1-6,11,12,inferred_l1,32177,unregistered,,
212137,L,R1-6,29,35,inferred_l1,545201,unregistered,,
212138,L,R7,11,16,direct,,unregistered,,
212151,R,R8,28,33,direct,,unregistered,,
212200,R,R1-6,31,36,inferred_l1,24574,unregistered,,
212228,R,R7,4,13,direct,,unregistered,,
212322,R,R7,32,35,direct,,unregistered,,
212392,R,R1-6,24,24,inferred_l1,38202,unregistered,,
212396,L,R8,3,7,direct,,unregistered,,
212397,L,R7,4,11,direct,,unregistered,,
212421,L,R7,6,2,direct,,unregistered,,
212425,R,R1-6,10,16,inferred_l1,32858,unregistered,,
212428,L,R1-6,29,27,inferred_l1,545927,unregistered,,
212478,R,R1-6,12,23,inferred_l1,28744,unregistered,,
212496,L,R1-6,26,22,inferred_l1,13917,unregistered,,
212519,R,R8,12,10,direct,,unregistered,,
212536,R,R8,29,37,direct,,unregistered,,
212598,R,R1-6,12,23,inferred_l1,28744,unregistered,,
212603,L,R1-6,13,22,inferred_l1,523965,unregistered,,
212604,L,R1-6,21,32,inferred_l1,35880,unregistered,,
212643,R,R7,8,10,direct,,unregistered,,
212652,L,R7,15,19,direct,,unregistered,,
212701,L,R1-6,25,32,inferred_l1,535237,unregistered,,
212759,R,R1-6,9,22,inferred_l1,30762,unregistered,,
212760,L,R1-6,21,33,inferred_l1,518163,unregistered,,
212768,R,R1-6,17,29,inferred_l1,29256,unregistered,,
212813,L,R8,22,32,direct,,unregistered,,
212832,L,R8,11,16,direct,,unregistered,,
212839,R,R7,5,6,direct,,unregistered,,
212852,R,R7,3,6,direct,,unregistered,,
212928,R,R1-6,9,16,inferred_l1,27458,unregistered,,
212932,L,R1-6,28,36,inferred_l1,22076,unregistered,,
212934,R,R1-6,8,14,inferred_l1,31806,unregistered,,
212953,L,R1-6,9,22,inferred_l1,517552,unregistered,,
212982,L,R1-6,33,32,inferred_l1,543014,unregistered,,
213044,L,R1-6,24,25,inferred_l1,17877,unregistered,,
213226,L,R1-6,15,32,inferred_l1,556493,unregistered,,
213231,L,R8,29,32,direct,,unregistered,,
213236,L,R1-6,29,34,inferred_l1,529438,unregistered,,
213272,L,R1-6,18,29,inferred_l1,22007,unregistered,,
213275,L,R1-6,24,22,inferred_l1,540263,unregistered,,
213285,R,R1-6,7,6,inferred_l1,37287,unregistered,,
213296,L,R8,10,23,direct,,unregistered,,
213358,L,R1-6,18,32,inferred_l1,60825,unregistered,,
213407,R,R1-6,18,29,inferred_l1,30733,unregistered,,
213489,L,R1-6,26,24,inferred_l1,539239,unregistered,,
213496,R,R1-6,12,24,inferred_l1,27552,unregistered,,
213627,R,R8,20,32,direct,,unregistered,,
213641,R,R7,27,28,direct,,unregistered,,
213644,R,R1-6,13,15,inferred_l1,33272,unregistered,,
213648,R,R7,14,13,direct,,unregistered,,
213652,L,R8,2,7,direct,,unregistered,,
213653,R,R1-6,11,24,inferred_l1,26686,unregistered,,
213663,R,R8,27,30,direct,,unregistered,,
213665,L,R7,4,6,direct,,unregistered,,
213691,R,R1-6,14,16,inferred_l1,33504,unregistered,,
213697,R,R1-6,17,4,inferred_l1,33337,unregistered,,
213711,R,R8,9,2,direct,,unregistered,,
213766,R,R7,14,15,direct,,unregistered,,
213780,L,R8,22,26,direct,,unregistered,,
213792,L,R7,9,17,direct,,unregistered,,
213800,L,R8,6,3,direct,,unregistered,,
213832,R,R1-6,35,35,inferred_l1,28854,unregistered,,
213859,L,R1-6,19,31,inferred_l1,515692,unregistered,,
213870,R,R1-6,31,32,inferred_l1,22927,unregistered,,
213897,L,R1-6,30,33,inferred_l1,18919,unregistered,,
213933,L,R1-6,23,35,inferred_l1,31283,unregistered,,
213940,R,R1-6,10,22,inferred_l1,29546,unregistered,,
213946,L,R1-6,24,31,inferred_l1,533622,unregistered,,
213947,L,R7,4,8,direct,,unregistered,,
213950,R,R1-6,3,5,inferred_l1,74247,unregistered,,
213952,L,R8,6,2,direct,,unregistered,,
213995,L,R1-6,21,20,inferred_l1,558089,unregistered,,
214005,R,R1-6,17,28,inferred_l1,32028,unregistered,,
214015,R,R1-6,25,37,inferred_l1,21839,unregistered,,
214052,R,R1-6,11,16,inferred_l1,19870,unregistered,,
214133,R,R1-6,13,24,inferred_l1,28241,unregistered,,
214134,R,R7,6,19,direct,,unregistered,,
214148,L,R1-6,18,30,inferred_l1,518394,unregistered,,
214151,R,R7,13,23,direct,,unregistered,,
214252,L,R1-6,27,34,inferred_l1,21206,unregistered,,
214271,L,R7,22,27,direct,,unregistered,,
214275,R,R1-6,34,31,inferred_l1,28659,unregistered,,
214276,R,R7,33,29,direct,,unregistered,,
214309,R,R8,23,24,direct,,unregistered,,
214310,L,R1-6,21,31,inferred_l1,12579,unregistered,,
214339,R,R1-6,9,22,inferred_l1,30762,unregistered,,
214342,R,R1-6,28,32,inferred_l1,32387,unregistered,,
214351,L,R1-6,20,30,inferred_l1,520538,unregistered,,
214368,R,R1-6,19,30,inferred_l1,31814,unregistered,,
214391,R,R1-6,21,35,inferred_l1,27606,unregistered,,
214451,R,R1-6,21,33,inferred_l1,31539,unregistered,,
214492,L,R1-6,17,31,inferred_l1,14007,unregistered,,
214549,R,R1-6,17,28,inferred_l1,32028,unregistered,,
214551,L,R8,3,8,direct,,unregistered,,
214570,R,R7,33,32,direct,,unregistered,,
214576,R,R1-6,20,34,inferred_l1,24916,unregistered,,
214580,R,R7,29,31,direct,,unregistered,,
214617,L,R8,15,19,direct,,unregistered,,
214622,L,R1-6,21,33,inferred_l1,518163,unregistered,,
214639,R,R8,6,3,direct,,unregistered,,
214649,R,R7,20,23,direct,,unregistered,,
214653,R,R7,17,24,direct,,unregistered,,
214701,L,R7,25,32,direct,,unregistered,,
214739,R,R1-6,10,14,inferred_l1,31306,unregistered,,
214770,L,R1-6,19,34,inferred_l1,545831,unregistered,,
214772,R,R7,15,13,direct,,unregistered,,
214802,R,R1-6,35,34,inferred_l1,28465,unregistered,,
214803,L,R1-6,23,22,inferred_l1,537910,unregistered,,
214850,L,R1-6,23,37,inferred_l1,570389,unregistered,,
214855,R,R1-6,10,15,inferred_l1,31317,unregistered,,
214873,R,R1-6,18,29,inferred_l1,30733,unregistered,,
214908,L,R1-6,29,25,inferred_l1,20942,unregistered,,
214928,R,R1-6,33,31,inferred_l1,32711,unregistered,,
214932,R,R1-6,18,28,inferred_l1,28953,unregistered,,
214973,R,R1-6,28,26,inferred_l1,37728,unregistered,,
214991,L,R8,16,32,direct,,unregistered,,
215034,R,R1-6,10,22,inferred_l1,29546,unregistered,,
215052,R,R7,23,24,direct,,unregistered,,
215102,L,R8,4,11,direct,,unregistered,,
215145,R,R1-6,23,36,inferred_l1,95573,unregistered,,
215153,R,R1-6,17,5,inferred_l1,543535,unregistered,,
215193,R,R1-6,8,15,inferred_l1,30400,unregistered,,
215206,L,R1-6,16,32,inferred_l1,556494,unregistered,,
215208,L,R1-6,27,27,inferred_l1,527141,unregistered,,
215272,R,R1-6,13,24,inferred_l1,28241,unregistered,,
215273,R,R1-6,11,16,inferred_l1,19870,unregistered,,
215274,R,R1-6,11,12,inferred_l1,32177,unregistered,,
215295,R,R1-6,13,23,inferred_l1,28480,unregistered,,
215350,R,R1-6,20,32,inferred_l1,23481,unregistered,,
215360,R,R1-6,,,unmapped,,unregistered,,
215368,R,R1-6,20,30,inferred_l1,31377,unregistered,,
215412,R,R1-6,27,26,inferred_l1,35917,unregistered,,
215448,L,R7,10,19,direct,,unregistered,,
215477,R,R1-6,25,25,inferred_l1,31973,unregistered,,
215518,L,R1-6,19,18,inferred_l1,556042,unregistered,,
215550,R,R1-6,20,30,inferred_l1,31377,unregistered,,
215610,L,R8,4,8,direct,,unregistered,,
215648,R,R1-6,13,23,inferred_l1,28480,unregistered,,
215681,R,R7,24,33,direct,,unregistered,,
215686,R,R8,25,29,direct,,unregistered,,
215687,L,R7,6,18,direct,,unregistered,,
215700,L,R1-6,29,30,inferred_l1,23318,unregistered,,
215705,L,R7,7,4,direct,,unregistered,,
215715,R,R1-6,11,26,inferred_l1,28342,unregistered,,
215734,L,R1-6,24,30,inferred_l1,544520,unregistered,,
215744,R,R8,6,18,direct,,unregistered,,
215854,R,R1-6,7,8,inferred_l1,36174,unregistered,,
215865,R,R1-6,27,31,inferred_l1,36134,unregistered,,
215880,R,R1-6,25,36,inferred_l1,22019,unregistered,,
215911,R,R8,24,25,direct,,unregistered,,
215948,R,R1-6,27,24,inferred_l1,32292,unregistered,,
215954,R,R1-6,27,25,inferred_l1,32030,unregistered,,
215973,R,R1-6,31,31,inferred_l1,30974,unregistered,,
215978,L,R1-6,19,34,inferred_l1,545831,unregistered,,
215979,R,R1-6,24,35,inferred_l1,20295,unregistered,,
215994,R,R1-6,12,16,inferred_l1,37315,unregistered,,
216001,L,R8,14,24,direct,,unregistered,,
216059,L,R1-6,16,31,inferred_l1,50015,unregistered,,
216071,L,R7,14,24,direct,,unregistered,,
216109,L,R7,8,7,direct,,unregistered,,
216194,L,R8,7,6,direct,,unregistered,,
216233,R,R1-6,12,23,inferred_l1,28744,unregistered,,
216254,R,R8,11,7,direct,,unregistered,,
216275,R,R1-6,9,14,inferred_l1,30639,unregistered,,
216292,R,R1-6,11,25,inferred_l1,28739,unregistered,,
216296,L,R8,32,29,direct,,unregistered,,
216313,R,R1-6,21,29,inferred_l1,36632,unregistered,,
216318,R,R8,3,5,direct,,unregistered,,
216331,R,R1-6,18,30,inferred_l1,29933,unregistered,,
216340,R,R7,13,13,direct,,unregistered,,
216399,L,R8,25,36,direct,,unregistered,,
216404,L,R7,11,15,direct,,unregistered,,
216454,L,R1-6,25,22,inferred_l1,525123,unregistered,,
216470,L,R8,16,26,direct,,unregistered,,
216488,R,R1-6,31,31,inferred_l1,30974,unregistered,,
216510,R,R8,29,34,direct,,unregistered,,
216522,R,R1-6,11,6,inferred_l1,29496,unregistered,,
216523,L,R1-6,22,19,inferred_l1,522316,unregistered,,
216525,L,R1-6,23,37,inferred_l1,570389,unregistered,,
216609,R,R1-6,23,37,inferred_l1,28240,unregistered,,
216671,L,R7,8,16,direct,,unregistered,,
216742,R,R1-6,19,32,inferred_l1,18251,unregistered,,
216744,L,R8,18,23,direct,,unregistered,,
216792,R,R8,10,11,direct,,unregistered,,
216807,R,R1-6,17,29,inferred_l1,29256,unregistered,,
216822,R,R1-6,28,38,inferred_l1,43353,unregistered,,
216839,L,R1-6,15,25,inferred_l1,28449,unregistered,,
216840,L,R1-6,30,30,inferred_l1,531522,unregistered,,
216866,R,R1-6,12,25,inferred_l1,27956,unregistered,,
216874,L,R1-6,18,31,inferred_l1,18993,unregistered,,
216880,R,R1-6,11,22,inferred_l1,27521,unregistered,,
216884,R,R1-6,9,23,inferred_l1,29121,unregistered,,
216886,R,R1-6,19,29,inferred_l1,32326,unregistered,,
216959,L,R1-6,21,32,inferred_l1,35880,unregistered,,
216964,R,R1-6,16,28,inferred_l1,29716,unregistered,,
217005,L,R1-6,21,33,inferred_l1,518163,unregistered,,
217011,R,R1-6,27,29,inferred_l1,35944,unregistered,,
217026,L,R7,23,31,direct,,unregistered,,
217050,R,R8,4,6,direct,,unregistered,,
217052,R,R8,33,28,direct,,unregistered,,
217073,L,R8,29,35,direct,,unregistered,,
217074,L,R1-6,18,30,inferred_l1,518394,unregistered,,
217087,R,R1-6,8,22,inferred_l1,35943,unregistered,,
217093,R,R1-6,17,29,inferred_l1,29256,unregistered,,
217127,L,R1-6,22,21,inferred_l1,558480,unregistered,,
217174,R,R1-6,9,17,inferred_l1,36111,unregistered,,
217182,R,R1-6,9,23,inferred_l1,29121,unregistered,,
217185,L,R1-6,29,37,inferred_l1,24311,unregistered,,
217192,L,R7,16,30,direct,,unregistered,,
217195,R,R7,19,22,direct,,unregistered,,
217227,L,R7,14,21,direct,,unregistered,,
217270,R,R1-6,26,26,inferred_l1,34008,unregistered,,
217313,R,R1-6,36,34,inferred_l1,31436,unregistered,,
217341,L,R7,13,27,direct,,unregistered,,
217391,R,R1-6,18,31,inferred_l1,29247,unregistered,,
217396,R,R1-6,13,16,inferred_l1,33200,unregistered,,
217398,R,R7,11,26,direct,,unregistered,,
217399,L,R7,14,15,direct,,unregistered,,
217432,R,R1-6,20,29,inferred_l1,34857,unregistered,,
217437,R,R1-6,11,21,inferred_l1,27600,unregistered,,
217458,R,R8,19,20,direct,,unregistered,,
217487,R,R1-6,35,24,inferred_l1,42271,unregistered,,
217488,L,R1-6,28,35,inferred_l1,23629,unregistered,,
217495,R,R7,21,25,direct,,unregistered,,
217517,L,R1-6,21,19,inferred_l1,19177,unregistered,,
217533,R,R8,32,31,direct,,unregistered,,
217578,R,R1-6,21,36,inferred_l1,901806,unregistered,,
217631,L,R1-6,29,37,inferred_l1,24311,unregistered,,
217657,L,R1-6,,,unmapped,,unregistered,,
217664,R,R1-6,15,6,inferred_l1,25609,unregistered,,
217703,R,R8,23,26,direct,,unregistered,,
217708,R,R1-6,11,1,inferred_l1,46858,unregistered,,
217776,R,R1-6,10,21,inferred_l1,28814,unregistered,,
217788,L,R1-6,20,31,inferred_l1,512113,unregistered,,
217791,R,R8,5,20,direct,,unregistered,,
217811,R,R7,4,8,direct,,unregistered,,
217841,R,R1-6,30,31,inferred_l1,23597,unregistered,,
217870,L,R1-6,11,21,inferred_l1,535246,unregistered,,
217894,L,R7,5,7,direct,,unregistered,,
217903,L,R7,15,15,direct,,unregistered,,
217917,R,R1-6,19,30,inferred_l1,31814,unregistered,,
217930,R,R1-6,19,28,inferred_l1,36542,unregistered,,
217952,R,R1-6,,,unmapped,,unregistered,,
217973,R,R7,17,30,direct,,unregistered,,
217974,L,R7,20,30,direct,,unregistered,,
217999,R,R1-6,19,34,inferred_l1,20630,unregistered,,
218003,L,R8,4,4,direct,,unregistered,,
218044,R,R1-6,18,28,inferred_l1,28953,unregistered,,
218060,L,R1-6,28,37,inferred_l1,23618,unregistered,,
218097,L,R1-6,19,32,inferred_l1,14405,unregistered,,
218132,L,R1-6,18,31,inferred_l1,18993,unregistered,,
218169,L,R8,8,14,direct,,unregistered,,
218213,L,R7,8,12,direct,,unregistered,,
218258,L,R1-6,27,32,inferred_l1,523442,unregistered,,
218297,R,R7,5,4,direct,,unregistered,,
218299,R,R1-6,17,29,inferred_l1,29256,unregistered,,
218302,R,R1-6,14,24,inferred_l1,35985,unregistered,,
218368,L,R8,8,15,direct,,unregistered,,
218383,R,R7,28,30,direct,,unregistered,,
218397,R,R8,7,23,direct,,unregistered,,
218423,L,R8,18,20,direct,,unregistered,,
218466,L,R7,13,14,direct,,unregistered,,
218475,L,R1-6,,,unmapped,,unregistered,,
218502,R,R8,21,28,direct,,unregistered,,
218503,R,R1-6,8,8,inferred_l1,37901,unregistered,,
218515,L,R7,2,11,direct,,unregistered,,
218527,R,R1-6,12,16,inferred_l1,37315,unregistered,,
218531,L,R1-6,22,32,inferred_l1,518056,unregistered,,
218542,L,R8,14,18,direct,,unregistered,,
218545,R,R1-6,,,unmapped,,unregistered,,
218561,R,R1-6,24,28,inferred_l1,42937,unregistered,,
218571,L,R8,28,31,direct,,unregistered,,
218577,L,R8,24,33,direct,,unregistered,,
218598,R,R8,10,5,direct,,unregistered,,
218625,R,R1-6,20,30,inferred_l1,31377,unregistered,,
218638,L,R7,17,31,direct,,unregistered,,
218757,R,R1-6,11,13,inferred_l1,30764,unregistered,,
218763,R,R1-6,8,17,inferred_l1,30617,unregistered,,
218764,R,R1-6,24,37,inferred_l1,446936,unregistered,,
218836,R,R1-6,10,25,inferred_l1,27318,unregistered,,
218870,R,R1-6,9,14,inferred_l1,30639,unregistered,,
218896,L,R7,2,9,direct,,unregistered,,
218945,R,R1-6,16,30,inferred_l1,28750,unregistered,,
218947,R,R1-6,20,30,inferred_l1,31377,unregistered,,
218953,R,R1-6,10,24,inferred_l1,27192,unregistered,,
218972,L,R7,5,13,direct,,unregistered,,
219022,R,R8,19,27,direct,,unregistered,,
219030,R,R8,14,11,direct,,unregistered,,
219033,L,R1-6,18,31,inferred_l1,18993,unregistered,,
219035,R,R1-6,32,23,inferred_l1,30717,unregistered,,
219120,R,R1-6,21,36,inferred_l1,901806,unregistered,,
219121,R,R1-6,23,36,inferred_l1,95573,unregistered,,
219132,L,R8,17,18,direct,,unregistered,,
219146,L,R1-6,28,34,inferred_l1,28132,unregistered,,
219152,L,R7,21,34,direct,,unregistered,,
219156,L,R1-6,20,32,inferred_l1,17264,unregistered,,
219193,L,R1-6,21,30,inferred_l1,531172,unregistered,,
219198,L,R8,14,25,direct,,unregistered,,
219220,R,R1-6,21,30,inferred_l1,31102,unregistered,,
219269,R,R1-6,27,26,inferred_l1,35917,unregistered,,
219277,R,R1-6,12,24,inferred_l1,27552,unregistered,,
219280,R,R1-6,16,31,inferred_l1,28495,unregistered,,
219321,R,R1-6,6,3,inferred_l1,66513,unregistered,,
219336,R,R8,20,18,direct,,unregistered,,
219344,R,R7,9,16,direct,,unregistered,,
219397,L,R1-6,18,33,inferred_l1,542323,unregistered,,
219410,R,R1-6,12,13,inferred_l1,35199,unregistered,,
219443,R,R1-6,12,22,inferred_l1,28987,unregistered,,
219458,R,R1-6,27,30,inferred_l1,36666,unregistered,,
219489,L,R1-6,32,32,inferred_l1,529305,unregistered,,
219509,R,R8,22,23,direct,,unregistered,,
219542,R,R1-6,9,24,inferred_l1,77237,unregistered,,
219581,L,R8,11,15,direct,,unregistered,,
219608,L,R1-6,13,22,inferred_l1,523965,unregistered,,
219610,R,R1-6,10,22,inferred_l1,29546,unregistered,,
219629,L,R1-6,25,22,inferred_l1,525123,unregistered,,
219689,L,R8,18,32,direct,,unregistered,,
219699,R,R8,5,13,direct,,unregistered,,
219749,L,R8,18,25,direct,,unregistered,,
219772,R,R1-6,,,unmapped,,unregistered,,
219773,R,R7,18,24,direct,,unregistered,,
219824,L,R1-6,25,22,inferred_l1,525123,unregistered,,
219838,L,R1-6,19,30,inferred_l1,541818,unregistered,,
219913,R,R1-6,20,33,inferred_l1,18284,unregistered,,
219941,R,R1-6,25,28,inferred_l1,36352,unregistered,,
219942,R,R1-6,21,30,inferred_l1,31102,unregistered,,
220022,R,R1-6,23,28,inferred_l1,37737,unregistered,,
220024,R,R1-6,9,10,inferred_l1,31928,unregistered,,
220037,L,R1-6,23,36,inferred_l1,22311,unregistered,,
220056,R,R1-6,22,35,inferred_l1,29679,unregistered,,
220057,L,R1-6,20,30,inferred_l1,520538,unregistered,,
220072,L,R8,10,12,direct,,unregistered,,
220079,R,R1-6,10,25,inferred_l1,27318,unregistered,,
220136,R,R1-6,18,29,inferred_l1,30733,unregistered,,
220141,R,R1-6,8,21,inferred_l1,48771,unregistered,,
220146,R,R1-6,3,5,inferred_l1,74247,unregistered,,
220199,R,R1-6,12,21,inferred_l1,31483,unregistered,,
220217,L,R8,23,31,direct,,unregistered,,
220220,R,R1-6,34,25,inferred_l1,27592,unregistered,,
220233,R,R1-6,29,35,inferred_l1,21960,unregistered,,
220269,L,R8,21,30,direct,,unregistered,,
220364,L,R1-6,9,23,inferred_l1,14536,unregistered,,
220387,R,R7,11,15,direct,,unregistered,,
220398,R,R1-6,15,28,inferred_l1,30235,unregistered,,
220429,L,R1-6,22,21,inferred_l1,558480,unregistered,,
220460,R,R1-6,19,32,inferred_l1,18251,unregistered,,
220469,R,R7,10,28,direct,,unregistered,,
220473,L,R1-6,32,32,inferred_l1,529305,unregistered,,
220474,R,R1-6,31,32,inferred_l1,22927,unregistered,,
220491,R,R1-6,14,6,inferred_l1,25096,unregistered,,
220519,R,R1-6,23,35,inferred_l1,30483,unregistered,,
220529,R,R1-6,19,29,inferred_l1,32326,unregistered,,
220563,R,R1-6,19,31,inferred_l1,29790,unregistered,,
220577,R,R1-6,,,unmapped,,unregistered,,
220652,R,R1-6,24,36,inferred_l1,36298,unregistered,,
220701,R,R1-6,32,33,inferred_l1,26015,unregistered,,
220730,R,R7,4,4,direct,,unregistered,,
220731,R,R1-6,13,24,inferred_l1,28241,unregistered,,
220831,R,R7,21,28,direct,,unregistered,,
220834,L,R7,13,18,direct,,unregistered,,
220879,R,R1-6,23,36,inferred_l1,95573,unregistered,,
220887,R,R1-6,17,32,inferred_l1,22013,unregistered,,
220899,R,R1-6,18,31,inferred_l1,29247,unregistered,,
220908,R,R1-6,11,25,inferred_l1,28739,unregistered,,
220913,R,R7,3,7,direct,,unregistered,,
220920,R,R8,18,21,direct,,unregistered,,
220955,R,R1-6,25,24,inferred_l1,35139,unregistered,,
220977,L,R1-6,17,32,inferred_l1,525536,unregistered,,
220987,R,R7,18,20,direct,,unregistered,,
220998,L,R1-6,17,32,inferred_l1,525536,unregistered,,
221010,R,R1-6,,,unmapped,,unregistered,,
221013,R,R1-6,18,32,inferred_l1,29708,unregistered,,
221057,L,R8,15,26,direct,,unregistered,,
221085,R,R1-6,17,31,inferred_l1,28717,unregistered,,
221097,R,R8,33,31,direct,,unregistered,,
221134,R,R1-6,34,33,inferred_l1,24217,unregistered,,
221145,R,R7,9,26,direct,,unregistered,,
221152,R,R8,34,31,direct,,unregistered,,
221156,R,R1-6,36,34,inferred_l1,31436,unregistered,,
221206,R,R1-6,14,26,inferred_l1,27320,unregistered,,
221224,R,R7,20,22,direct,,unregistered,,
221231,L,R1-6,35,27,inferred_l1,39653,unregistered,,
221284,R,R1-6,11,26,inferred_l1,28342,unregistered,,
221298,R,R1-6,7,16,inferred_l1,28908,unregistered,,
221309,R,R7,2,8,direct,,unregistered,,
221329,R,R7,25,22,direct,,unregistered,,
221343,R,R1-6,10,21,inferred_l1,28814,unregistered,,
221359,L,R1-6,22,35,inferred_l1,18839,unregistered,,
221365,R,R8,15,20,direct,,unregistered,,
221368,R,R1-6,10,19,inferred_l1,38548,unregistered,,
221430,R,R8,30,31,direct,,unregistered,,
221435,L,R1-6,22,31,inferred_l1,514199,unregistered,,
221443,L,R1-6,25,25,inferred_l1,18386,unregistered,,
221457,L,R8,16,27,direct,,unregistered,,
221481,R,R7,6,17,direct,,unregistered,,
221491,R,R1-6,11,15,inferred_l1,34075,unregistered,,
221500,L,R8,23,27,direct,,unregistered,,
221530,R,R1-6,20,31,inferred_l1,31344,unregistered,,
221558,R,R1-6,7,6,inferred_l1,37287,unregistered,,
221575,R,R1-6,14,4,inferred_l1,27642,unregistered,,
221586,R,R1-6,7,7,inferred_l1,40068,unregistered,,
221590,R,R1-6,26,27,inferred_l1,37762,unregistered,,
221606,L,R7,6,14,direct,,unregistered,,
221670,R,R1-6,16,7,inferred_l1,32284,unregistered,,
221674,L,R8,14,28,direct,,unregistered,,
221696,L,R1-6,15,33,inferred_l1,565475,unregistered,,
221775,R,R1-6,32,24,inferred_l1,27984,unregistered,,
221822,R,R8,17,16,direct,,unregistered,,
221825,R,R1-6,16,30,inferred_l1,28750,unregistered,,
221856,R,R1-6,9,24,inferred_l1,77237,unregistered,,
221858,R,R1-6,9,15,inferred_l1,32566,unregistered,,
221889,R,R7,33,26,direct,,unregistered,,
221903,R,R1-6,20,7,inferred_l1,27154,unregistered,,
221922,R,R7,29,37,direct,,unregistered,,
221973,R,R1-6,21,29,inferred_l1,36632,unregistered,,
221995,R,R1-6,22,22,inferred_l1,34303,unregistered,,
222071,R,R1-6,19,33,inferred_l1,20790,unregistered,,
222085,R,R1-6,8,7,inferred_l1,38830,unregistered,,
222113,R,R1-6,12,14,inferred_l1,33637,unregistered,,
222155,L,R7,8,14,direct,,unregistered,,
222160,L,R1-6,8,24,inferred_l1,30926,unregistered,,
222178,L,R8,12,17,direct,,unregistered,,
222200,R,R1-6,14,26,inferred_l1,27320,unregistered,,
222203,L,R1-6,32,31,inferred_l1,29636,unregistered,,
222227,L,R1-6,19,31,inferred_l1,515692,unregistered,,
222230,R,R1-6,33,25,inferred_l1,29193,unregistered,,
222271,R,R8,8,16,direct,,unregistered,,
222286,R,R1-6,8,22,inferred_l1,35943,unregistered,,
222373,L,R1-6,28,28,inferred_l1,17248,unregistered,,
222377,L,R1-6,18,32,inferred_l1,60825,unregistered,,
222392,L,R1-6,24,26,inferred_l1,517176,unregistered,,
222446,R,R1-6,17,30,inferred_l1,31732,unregistered,,
222458,R,R1-6,23,23,inferred_l1,32669,unregistered,,
222510,R,R1-6,21,34,inferred_l1,31557,unregistered,,
222516,L,R7,28,31,direct,,unregistered,,
222546,R,R1-6,27,26,inferred_l1,35917,unregistered,,
222555,L,R1-6,26,25,inferred_l1,537400,unregistered,,
222566,L,R1-6,17,30,inferred_l1,518303,unregistered,,
222625,R,R1-6,10,16,inferred_l1,32858,unregistered,,
222629,L,R7,16,19,direct,,unregistered,,
222656,R,R8,20,20,direct,,unregistered,,
222665,R,R1-6,8,15,inferred_l1,30400,unregistered,,
222669,R,R1-6,6,6,inferred_l1,40132,unregistered,,
222683,R,R1-6,,,unmapped,,unregistered,,
222691,L,R7,16,18,direct,,unregistered,,
222692,L,R8,31,34,direct,,unregistered,,
222714,R,R1-6,7,7,inferred_l1,40068,unregistered,,
222717,L,R1-6,25,29,inferred_l1,524691,unregistered,,
222727,L,R1-6,20,31,inferred_l1,512113,unregistered,,
222736,L,R1-6,20,34,inferred_l1,23054,unregistered,,
222812,R,R7,13,16,direct,,unregistered,,
222820,R,R7,26,27,direct,,unregistered,,
222845,R,R1-6,6,10,inferred_l1,28713,unregistered,,
222886,L,R8,21,23,direct,,unregistered,,
222926,L,R1-6,21,36,inferred_l1,48050,unregistered,,
222973,R,R8,14,13,direct,,unregistered,,
222991,R,R1-6,26,25,inferred_l1,32123,unregistered,,
223079,L,R7,18,22,direct,,unregistered,,
223086,R,R7,27,31,direct,,unregistered,,
223132,R,R8,8,15,direct,,unregistered,,
223138,R,R1-6,34,30,inferred_l1,32905,unregistered,,
223173,L,R7,12,13,direct,,unregistered,,
223181,R,R8,32,32,direct,,unregistered,,
223187,R,R1-6,10,23,inferred_l1,27317,unregistered,,
223188,L,R1-6,28,34,inferred_l1,28132,unregistered,,
223205,R,R7,22,24,direct,,unregistered,,
223214,L,R1-6,27,29,inferred_l1,22999,unregistered,,
223227,R,R1-6,11,23,inferred_l1,28314,unregistered,,
223268,L,R7,12,14,direct,,unregistered,,
223295,L,R1-6,30,28,inferred_l1,525951,unregistered,,
223312,R,R7,22,25,direct,,unregistered,,
223379,L,R1-6,20,33,inferred_l1,21422,unregistered,,
223381,R,R1-6,15,30,inferred_l1,31849,unregistered,,
223386,L,R8,9,2,direct,,unregistered,,
223411,L,R7,14,14,direct,,unregistered,,
223467,L,R8,15,18,direct,,unregistered,,
223472,R,R1-6,18,30,inferred_l1,29933,unregistered,,
223483,L,R1-6,16,31,inferred_l1,50015,unregistered,,
223501,R,R1-6,14,5,inferred_l1,27677,unregistered,,
223503,R,R1-6,15,26,inferred_l1,29699,unregistered,,
223529,L,R1-6,15,28,inferred_l1,29605,unregistered,,
223583,L,R1-6,13,23,inferred_l1,536373,unregistered,,
223607,L,R8,12,18,direct,,unregistered,,
223619,R,R7,16,17,direct,,unregistered,,
223651,R,R7,10,22,direct,,unregistered,,
223711,R,R8,24,24,direct,,unregistered,,
223717,L,R7,15,20,direct,,unregistered,,
223736,L,R1-6,16,26,inferred_l1,18759,unregistered,,
223747,R,R7,30,31,direct,,unregistered,,
223755,R,R7,3,5,direct,,unregistered,,
223761,R,R1-6,8,23,inferred_l1,27217,unregistered,,
223801,R,R1-6,31,29,inferred_l1,33645,unregistered,,
223848,R,R8,14,31,direct,,unregistered,,
223852,L,R1-6,20,31,inferred_l1,512113,unregistered,,
223853,R,R8,29,31,direct,,unregistered,,
223858,R,R1-6,14,25,inferred_l1,30824,unregistered,,
223871,L,R8,26,36,direct,,unregistered,,
223878,L,R7,17,21,direct,,unregistered,,
223900,R,R1-6,36,33,inferred_l1,30241,unregistered,,
223939,L,R7,27,30,direct,,unregistered,,
223989,L,R8,34,32,direct,,unregistered,,
224017,R,R7,15,31,direct,,unregistered,,
224065,L,R8,34,35,direct,,unregistered,,
224096,R,R1-6,24,30,inferred_l1,30344,unregistered,,
224105,R,R1-6,8,15,inferred_l1,30400,unregistered,,
224122,R,R1-6,18,32,inferred_l1,29708,unregistered,,
224148,L,R7,15,24,direct,,unregistered,,
224202,R,R1-6,10,2,inferred_l1,29003,unregistered,,
224208,L,R7,10,10,direct,,unregistered,,
224212,R,R1-6,8,6,inferred_l1,40962,unregistered,,
224259,R,R1-6,19,31,inferred_l1,29790,unregistered,,
224304,R,R8,27,26,direct,,unregistered,,
224317,L,R1-6,34,24,inferred_l1,57727,unregistered,,
224319,R,R1-6,17,29,inferred_l1,29256,unregistered,,
224392,R,R1-6,14,18,inferred_l1,32577,unregistered,,
224511,R,R1-6,17,31,inferred_l1,28717,unregistered,,
224514,L,R8,13,14,direct,,unregistered,,
224517,L,R1-6,20,34,inferred_l1,23054,unregistered,,
224526,R,R1-6,13,23,inferred_l1,28480,unregistered,,
224531,L,R8,27,34,direct,,unregistered,,
224540,L,R8,25,27,direct,,unregistered,,
224548,L,R7,18,23,direct,,unregistered,,
224590,L,R1-6,24,22,inferred_l1,540263,unregistered,,
224606,L,R1-6,24,22,inferred_l1,540263,unregistered,,
224615,R,R1-6,33,26,inferred_l1,33363,unregistered,,
224640,L,R1-6,23,29,inferred_l1,523404,unregistered,,
224708,L,R1-6,25,21,inferred_l1,517972,unregistered,,
224710,R,R7,17,19,direct,,unregistered,,
224718,R,R1-6,21,35,inferred_l1,27606,unregistered,,
224737,R,R1-6,16,17,inferred_l1,30744,unregistered,,
224744,L,R1-6,16,30,inferred_l1,30031,unregistered,,
224746,R,R1-6,26,38,inferred_l1,43994,unregistered,,
224784,R,R1-6,13,14,inferred_l1,27377,unregistered,,
224787,R,R8,6,6,direct,,unregistered,,
224816,R,R7,9,3,direct,,unregistered,,
224866,L,R7,3,5,direct,,unregistered,,
224872,R,R7,26,34,direct,,unregistered,,
224899,L,R8,11,12,direct,,unregistered,,
224908,R,R1-6,17,29,inferred_l1,29256,unregistered,,
224926,R,R8,4,4,direct,,unregistered,,
224969,R,R7,5,19,direct,,unregistered,,
224972,L,R7,28,36,direct,,unregistered,,
225011,L,R1-6,16,30,inferred_l1,30031,unregistered,,
225097,R,R7,24,23,direct,,unregistered,,
225193,R,R8,24,23,direct,,unregistered,,
225201,R,R1-6,19,29,inferred_l1,32326,unregistered,,
225208,L,R1-6,22,21,inferred_l1,558480,unregistered,,
225270,R,R1-6,10,15,inferred_l1,31317,unregistered,,
225285,L,R1-6,22,32,inferred_l1,518056,unregistered,,
225293,L,R1-6,10,22,inferred_l1,526877,unregistered,,
225294,L,R1-6,18,29,inferred_l1,22007,unregistered,,
225426,L,R7,9,13,direct,,unregistered,,
225440,L,R1-6,10,22,inferred_l1,526877,unregistered,,
225507,L,R8,23,32,direct,,unregistered,,
225513,L,R1-6,22,19,inferred_l1,522316,unregistered,,
225536,R,R1-6,12,17,inferred_l1,525869,unregistered,,
225548,R,R1-6,13,24,inferred_l1,28241,unregistered,,
225553,R,R1-6,11,25,inferred_l1,28739,unregistered,,
225677,R,R1-6,34,33,inferred_l1,24217,unregistered,,
225698,R,R7,9,15,direct,,unregistered,,
225702,R,R8,29,30,direct,,unregistered,,
225718,R,R1-6,15,5,inferred_l1,26737,unregistered,,
225746,L,R7,31,32,direct,,unregistered,,
225763,R,R1-6,12,23,inferred_l1,28744,unregistered,,
225796,L,R1-6,20,19,inferred_l1,556921,unregistered,,
225910,R,R7,12,3,direct,,unregistered,,
225923,R,R1-6,6,7,inferred_l1,35178,unregistered,,
225973,R,R1-6,12,25,inferred_l1,27956,unregistered,,
225979,R,R8,8,4,direct,,unregistered,,
225983,R,R1-6,13,23,inferred_l1,28480,unregistered,,
226000,L,R8,11,23,direct,,unregistered,,
226019,L,R1-6,18,34,inferred_l1,24822,unregistered,,
226089,R,R8,31,28,direct,,unregistered,,
226094,R,R7,5,18,direct,,unregistered,,
226103,L,R1-6,26,31,inferred_l1,27201,unregistered,,
226131,R,R1-6,26,24,inferred_l1,35537,unregistered,,
226144,L,R1-6,26,30,inferred_l1,517044,unregistered,,
226150,R,R1-6,13,23,inferred_l1,28480,unregistered,,
226154,R,R7,8,2,direct,,unregistered,,
226235,L,R8,10,11,direct,,unregistered,,
226251,L,R8,8,11,direct,,unregistered,,
226271,L,R7,19,21,direct,,unregistered,,
226294,R,R1-6,14,30,inferred_l1,29376,unregistered,,
226310,L,R8,9,19,direct,,unregistered,,
226350,R,R1-6,16,30,inferred_l1,28750,unregistered,,
226351,R,R1-6,11,14,inferred_l1,32011,unregistered,,
226430,L,R1-6,17,30,inferred_l1,518303,unregistered,,
226450,R,R1-6,12,16,inferred_l1,37315,unregistered,,
226473,R,R8,19,19,direct,,unregistered,,
226490,L,R7,9,4,direct,,unregistered,,
226498,R,R1-6,12,21,inferred_l1,31483,unregistered,,
226503,L,R8,31,33,direct,,unregistered,,
226554,L,R1-6,32,37,inferred_l1,28831,unregistered,,
226615,R,R1-6,11,4,inferred_l1,23776,unregistered,,
226658,R,R7,23,23,direct,,unregistered,,
226697,L,R1-6,23,21,inferred_l1,518227,unregistered,,
226703,R,R1-6,10,2,inferred_l1,29003,unregistered,,
226765,R,R8,4,5,direct,,unregistered,,
226877,R,R1-6,12,25,inferred_l1,27956,unregistered,,
226914,R,R1-6,15,29,inferred_l1,29539,unregistered,,
226980,R,R1-6,23,28,inferred_l1,37737,unregistered,,
227003,R,R1-6,19,30,inferred_l1,31814,unregistered,,
227022,R,R1-6,9,25,inferred_l1,27229,unregistered,,
227051,L,R1-6,20,34,inferred_l1,23054,unregistered,,
227063,R,R1-6,10,23,inferred_l1,27317,unregistered,,
227082,L,R1-6,16,26,inferred_l1,18759,unregistered,,
227124,L,R7,21,26,direct,,unregistered,,
227155,R,R1-6,19,31,inferred_l1,29790,unregistered,,
227167,L,R7,29,37,direct,,unregistered,,
227168,L,R8,16,21,direct,,unregistered,,
227247,R,R1-6,13,26,inferred_l1,26935,unregistered,,
227264,R,R1-6,14,27,inferred_l1,27955,unregistered,,
227270,R,R1-6,12,26,inferred_l1,29302,unregistered,,
227291,L,R1-6,24,35,inferred_l1,18064,unregistered,,
227338,R,R1-6,29,35,inferred_l1,21960,unregistered,,
227397,R,R1-6,25,38,inferred_l1,46664,unregistered,,
227406,L,R1-6,21,19,inferred_l1,19177,unregistered,,
227415,R,R7,15,28,direct,,unregistered,,
227430,R,R1-6,25,25,inferred_l1,31973,unregistered,,
227444,R,R1-6,16,31,inferred_l1,28495,unregistered,,
227449,R,R1-6,15,29,inferred_l1,29539,unregistered,,
227462,L,R7,20,25,direct,,unregistered,,
227465,L,R7,35,34,direct,,unregistered,,
227523,R,R1-6,19,31,inferred_l1,29790,unregistered,,
227548,R,R1-6,12,23,inferred_l1,28744,unregistered,,
227615,R,R1-6,16,29,inferred_l1,29054,unregistered,,
227633,R,R8,26,29,direct,,unregistered,,
227733,R,R1-6,11,13,inferred_l1,30764,unregistered,,
227738,R,R1-6,28,25,inferred_l1,31462,unregistered,,
227790,R,R7,26,30,direct,,unregistered,,
227829,L,R1-6,25,21,inferred_l1,517972,unregistered,,
227890,R,R1-6,18,33,inferred_l1,26550,unregistered,,
227891,L,R1-6,17,32,inferred_l1,525536,unregistered,,
227928,L,R1-6,17,30,inferred_l1,518303,unregistered,,
227936,R,R1-6,8,8,inferred_l1,37901,unregistered,,
227998,L,R8,10,25,direct,,unregistered,,
228013,L,R1-6,15,31,inferred_l1,32436,unregistered,,
228072,R,R1-6,26,28,inferred_l1,38515,unregistered,,
228104,R,R1-6,16,29,inferred_l1,29054,unregistered,,
228115,L,R7,21,25,direct,,unregistered,,
228116,R,R1-6,10,24,inferred_l1,27192,unregistered,,
228188,L,R7,11,10,direct,,unregistered,,
228238,R,R1-6,15,29,inferred_l1,29539,unregistered,,
228277,L,R8,15,17,direct,,unregistered,,
228304,R,R8,28,29,direct,,unregistered,,
228312,R,R1-6,19,29,inferred_l1,32326,unregistered,,
228322,R,R1-6,16,29,inferred_l1,29054,unregistered,,
228330,R,R8,29,32,direct,,unregistered,,
228362,L,R7,8,10,direct,,unregistered,,
228366,R,R1-6,27,29,inferred_l1,35944,unregistered,,
228393,R,R1-6,13,16,inferred_l1,33200,unregistered,,
228404,L,R1-6,27,26,inferred_l1,32883,unregistered,,
228425,L,R1-6,27,33,inferred_l1,27711,unregistered,,
228450,L,R1-6,16,30,inferred_l1,30031,unregistered,,
228464,R,R1-6,12,25,inferred_l1,27956,unregistered,,
228491,L,R8,11,13,direct,,unregistered,,
228492,L,R8,11,11,direct,,unregistered,,
228514,R,R1-6,12,24,inferred_l1,27552,unregistered,,
228571,R,R7,23,25,direct,,unregistered,,
228647,R,R1-6,9,24,inferred_l1,77237,unregistered,,
228662,L,R1-6,21,32,inferred_l1,35880,unregistered,,
228686,R,R1-6,12,15,inferred_l1,32720,unregistered,,
228692,R,R7,8,5,direct,,unregistered,,
228726,L,R1-6,25,22,inferred_l1,525123,unregistered,,
228729,R,R1-6,33,26,inferred_l1,33363,unregistered,,
228744,R,R1-6,10,25,inferred_l1,27318,unregistered,,
228750,L,R1-6,14,24,inferred_l1,12300,unregistered,,
228767,R,R7,30,33,direct,,unregistered,,
228773,L,R1-6,34,25,inferred_l1,20766,unregistered,,
228779,L,R1-6,15,31,inferred_l1,32436,unregistered,,
228825,L,R8,5,14,direct,,unregistered,,
228837,R,R1-6,16,28,inferred_l1,29716,unregistered,,
228852,R,R1-6,17,32,inferred_l1,22013,unregistered,,
228925,L,R7,21,33,direct,,unregistered,,
228999,R,R1-6,10,16,inferred_l1,32858,unregistered,,
229003,L,R1-6,15,23,inferred_l1,19942,unregistered,,
229030,R,R1-6,28,24,inferred_l1,30244,unregistered,,
229092,L,R1-6,15,24,inferred_l1,27817,unregistered,,
229138,L,R8,11,10,direct,,unregistered,,
229141,R,R1-6,17,27,inferred_l1,32112,unregistered,,
229215,R,R1-6,25,28,inferred_l1,36352,unregistered,,
229216,R,R1-6,26,25,inferred_l1,32123,unregistered,,
229256,L,R1-6,19,31,inferred_l1,515692,unregistered,,
229266,L,R8,20,22,direct,,unregistered,,
229268,L,R1-6,29,29,inferred_l1,30952,unregistered,,
229290,R,R8,26,27,direct,,unregistered,,
229321,L,R8,3,6,direct,,unregistered,,
229342,L,R1-6,23,20,inferred_l1,517798,unregistered,,
229346,R,R1-6,10,24,inferred_l1,27192,unregistered,,
229387,L,R7,13,15,direct,,unregistered,,
229397,R,R1-6,16,29,inferred_l1,29054,unregistered,,
229426,L,R7,10,12,direct,,unregistered,,
229481,R,R8,33,26,direct,,unregistered,,
229503,R,R1-6,17,31,inferred_l1,28717,unregistered,,
229525,L,R1-6,16,32,inferred_l1,556494,unregistered,,
229536,L,R1-6,8,22,inferred_l1,29251,unregistered,,
229591,L,R1-6,18,34,inferred_l1,24822,unregistered,,
229612,R,R1-6,28,39,inferred_l1,50475,unregistered,,
229653,R,R8,27,29,direct,,unregistered,,
229672,L,R1-6,11,21,inferred_l1,535246,unregistered,,
229712,R,R7,5,7,direct,,unregistered,,
229757,R,R1-6,9,11,inferred_l1,27465,unregistered,,
229798,R,R1-6,13,14,inferred_l1,27377,unregistered,,
229898,R,R1-6,25,24,inferred_l1,35139,unregistered,,
229910,R,R7,18,21,direct,,unregistered,,
229929,L,R8,11,17,direct,,unregistered,,
229984,R,R1-6,7,16,inferred_l1,28908,unregistered,,
230004,R,R1-6,32,35,inferred_l1,36006,unregistered,,
230008,R,R7,15,12,direct,,unregistered,,
230015,L,R1-6,26,30,inferred_l1,517044,unregistered,,
230035,L,R7,9,3,direct,,unregistered,,
230050,R,R7,10,6,direct,,unregistered,,
230080,R,R1-6,9,10,inferred_l1,31928,unregistered,,
230099,L,R7,30,31,direct,,unregistered,,
230104,R,R7,9,8,direct,,unregistered,,
230144,R,R7,5,5,direct,,unregistered,,
230159,R,R7,21,22,direct,,unregistered,,
230161,L,R7,8,8,direct,,unregistered,,
230162,R,R1-6,12,24,inferred_l1,27552,unregistered,,
230194,R,R1-6,8,6,inferred_l1,40962,unregistered,,
230203,L,R8,10,21,direct,,unregistered,,
230216,R,R1-6,15,31,inferred_l1,30312,unregistered,,
230223,R,R1-6,11,24,inferred_l1,26686,unregistered,,
230232,R,R1-6,16,4,inferred_l1,31092,unregistered,,
230257,L,R7,19,23,direct,,unregistered,,
230271,R,R1-6,14,15,inferred_l1,38355,unregistered,,
230279,R,R7,11,29,direct,,unregistered,,
230323,R,R1-6,26,30,inferred_l1,32760,unregistered,,
230349,R,R1-6,18,32,inferred_l1,29708,unregistered,,
230362,L,R1-6,10,22,inferred_l1,526877,unregistered,,
230363,L,R8,27,36,direct,,unregistered,,
230369,L,R8,22,28,direct,,unregistered,,
230379,R,R1-6,9,16,inferred_l1,27458,unregistered,,
230557,L,R1-6,20,33,inferred_l1,21422,unregistered,,
230573,R,R7,32,26,direct,,unregistered,,
230655,R,R1-6,10,23,inferred_l1,27317,unregistered,,
230664,R,R8,35,36,direct,,unregistered,,
230686,R,R1-6,34,22,inferred_l1,41979,unregistered,,
230746,L,R7,29,34,direct,,unregistered,,
230756,R,R8,31,30,direct,,unregistered,,
230791,L,R7,8,4,direct,,unregistered,,
230811,L,R1-6,18,31,inferred_l1,18993,unregistered,,
230813,R,R7,28,32,direct,,unregistered,,
230819,L,R7,35,35,direct,,unregistered,,
230847,R,R7,36,32,direct,,unregistered,,
230859,R,R1-6,19,28,inferred_l1,36542,unregistered,,
230888,R,R8,25,27,direct,,unregistered,,
230916,L,R7,14,16,direct,,unregistered,,
230919,R,R7,5,14,direct,,unregistered,,
231014,R,R7,25,28,direct,,unregistered,,
231089,L,R8,29,30,direct,,unregistered,,
231160,R,R1-6,35,33,inferred_l1,38910,unregistered,,
231164,R,R1-6,12,15,inferred_l1,32720,unregistered,,
231173,R,R1-6,15,29,inferred_l1,29539,unregistered,,
231175,R,R1-6,16,28,inferred_l1,29716,unregistered,,
231179,R,R8,29,27,direct,,unregistered,,
231238,R,R1-6,14,25,inferred_l1,30824,unregistered,,
231252,R,R1-6,18,32,inferred_l1,29708,unregistered,,
231289,R,R1-6,4,8,inferred_l1,40257,unregistered,,
231317,L,R1-6,21,30,inferred_l1,531172,unregistered,,
231323,L,R8,19,29,direct,,unregistered,,
231340,R,R1-6,18,30,inferred_l1,29933,unregistered,,
231342,R,R1-6,11,26,inferred_l1,28342,unregistered,,
231360,R,R8,29,29,direct,,unregistered,,
231386,R,R7,17,16,direct,,unregistered,,
231394,L,R7,16,17,direct,,unregistered,,
231397,R,R1-6,31,36,inferred_l1,24574,unregistered,,
231406,L,R1-6,29,26,inferred_l1,544524,unregistered,,
231440,L,R1-6,14,22,inferred_l1,901458,unregistered,,
231465,R,R7,23,22,direct,,unregistered,,
231557,L,R1-6,7,22,inferred_l1,20160,unregistered,,
231589,L,R7,21,30,direct,,unregistered,,
231602,L,R1-6,21,18,inferred_l1,523753,unregistered,,
231608,R,R1-6,12,21,inferred_l1,31483,unregistered,,
231611,L,R8,14,29,direct,,unregistered,,
231700,R,R1-6,26,27,inferred_l1,37762,unregistered,,
231708,R,R1-6,23,28,inferred_l1,37737,unregistered,,
231722,R,R1-6,33,32,inferred_l1,26396,unregistered,,
231740,R,R1-6,25,24,inferred_l1,35139,unregistered,,
231741,R,R1-6,10,15,inferred_l1,31317,unregistered,,
231762,R,R1-6,12,22,inferred_l1,28987,unregistered,,
231849,R,R1-6,15,29,inferred_l1,29539,unregistered,,
231879,L,R8,12,19,direct,,unregistered,,
231905,L,R7,8,2,direct,,unregistered,,
231906,R,R1-6,14,26,inferred_l1,27320,unregistered,,
231972,R,R1-6,10,16,inferred_l1,32858,unregistered,,
232029,L,R8,13,22,direct,,unregistered,,
232088,R,R1-6,13,25,inferred_l1,26156,unregistered,,
232171,R,R1-6,13,28,inferred_l1,21861,unregistered,,
232191,R,R1-6,18,30,inferred_l1,29933,unregistered,,
232251,R,R1-6,32,31,inferred_l1,30832,unregistered,,
232297,L,R7,24,29,direct,,unregistered,,
232304,R,R1-6,13,16,inferred_l1,33200,unregistered,,
232332,R,R1-6,16,16,inferred_l1,30721,unregistered,,
232415,R,R8,18,20,direct,,unregistered,,
232426,R,R1-6,15,16,inferred_l1,33101,unregistered,,
232444,R,R1-6,31,36,inferred_l1,24574,unregistered,,
232463,R,R1-6,11,15,inferred_l1,34075,unregistered,,
232477,R,R7,21,20,direct,,unregistered,,
232495,L,R1-6,16,24,inferred_l1,529703,unregistered,,
232502,R,R1-6,13,26,inferred_l1,26935,unregistered,,
232559,R,R1-6,25,37,inferred_l1,21839,unregistered,,
232609,L,R8,19,25,direct,,unregistered,,
232670,R,R1-6,14,27,inferred_l1,27955,unregistered,,
232672,L,R1-6,20,33,inferred_l1,21422,unregistered,,
232728,R,R8,27,27,direct,,unregistered,,
232800,R,R1-6,24,24,inferred_l1,38202,unregistered,,
232820,R,R1-6,16,29,inferred_l1,29054,unregistered,,
232837,L,R1-6,26,22,inferred_l1,13917,unregistered,,
232843,R,R1-6,23,24,inferred_l1,40769,unregistered,,
232845,L,R1-6,11,23,inferred_l1,43612,unregistered,,
232860,R,R1-6,13,25,inferred_l1,26156,unregistered,,
232906,R,R1-6,35,23,inferred_l1,51452,unregistered,,
232966,R,R7,18,13,direct,,unregistered,,
233046,R,R7,32,32,direct,,unregistered,,
233051,L,R1-6,27,35,inferred_l1,46394,unregistered,,
233096,L,R7,32,35,direct,,unregistered,,
233126,R,R1-6,26,24,inferred_l1,35537,unregistered,,
233156,L,R1-6,19,32,inferred_l1,14405,unregistered,,
233162,R,R7,26,28,direct,,unregistered,,
233182,L,R1-6,16,30,inferred_l1,30031,unregistered,,
233196,R,R1-6,22,22,inferred_l1,34303,unregistered,,
233277,L,R7,33,35,direct,,unregistered,,
233330,R,R1-6,17,28,inferred_l1,32028,unregistered,,
233413,L,R1-6,8,23,inferred_l1,543306,unregistered,,
233439,L,R7,28,35,direct,,unregistered,,
233451,R,R1-6,9,16,inferred_l1,27458,unregistered,,
233502,R,R1-6,13,5,inferred_l1,28087,unregistered,,
233532,L,R1-6,27,25,inferred_l1,532146,unregistered,,
233549,R,R1-6,22,36,inferred_l1,24194,unregistered,,
233556,R,R1-6,9,25,inferred_l1,27229,unregistered,,
233614,L,R8,10,10,direct,,unregistered,,
233616,L,R1-6,25,30,inferred_l1,15675,unregistered,,
233617,L,R1-6,24,21,inferred_l1,529702,unregistered,,
233626,L,R1-6,12,23,inferred_l1,29030,unregistered,,
233651,R,R1-6,7,5,inferred_l1,56002,unregistered,,
233658,L,R8,5,5,direct,,unregistered,,
233675,R,R1-6,35,34,inferred_l1,28465,unregistered,,
233758,L,R7,17,20,direct,,unregistered,,
233774,L,R7,5,5,direct,,unregistered,,
233788,R,R1-6,28,27,inferred_l1,32659,unregistered,,
233819,R,R1-6,11,24,inferred_l1,26686,unregistered,,
233834,R,R8,21,20,direct,,unregistered,,
233868,L,R8,30,37,direct,,unregistered,,
233991,R,R1-6,15,27,inferred_l1,25934,unregistered,,
234032,R,R1-6,13,25,inferred_l1,26156,unregistered,,
234033,R,R1-6,7,7,inferred_l1,40068,unregistered,,
234039,R,R1-6,31,17,inferred_l1,63158,unregistered,,
234040,R,R7,19,25,direct,,unregistered,,
234050,R,R1-6,20,6,inferred_l1,29259,unregistered,,
234097,R,R1-6,10,25,inferred_l1,27318,unregistered,,
234101,L,R1-6,21,34,inferred_l1,534384,unregistered,,
234111,R,R1-6,13,28,inferred_l1,21861,unregistered,,
234193,L,R1-6,16,25,inferred_l1,519505,unregistered,,
234221,L,R1-6,19,34,inferred_l1,545831,unregistered,,
234248,L,R1-6,32,34,inferred_l1,54688,unregistered,,
234286,L,R7,25,29,direct,,unregistered,,
234341,R,R1-6,29,34,inferred_l1,30014,unregistered,,
234351,R,R1-6,16,28,inferred_l1,29716,unregistered,,
234381,R,R1-6,26,37,inferred_l1,20941,unregistered,,
234388,R,R1-6,13,25,inferred_l1,26156,unregistered,,
234395,L,R1-6,24,21,inferred_l1,529702,unregistered,,
234409,R,R1-6,23,23,inferred_l1,32669,unregistered,,
234456,R,R1-6,12,26,inferred_l1,29302,unregistered,,
234462,R,R1-6,11,24,inferred_l1,26686,unregistered,,
234473,R,R1-6,24,23,inferred_l1,35523,unregistered,,
234548,L,R7,11,8,direct,,unregistered,,
234601,R,R1-6,22,35,inferred_l1,29679,unregistered,,
234610,R,R1-6,,,unmapped,,unregistered,,
234642,R,R7,9,10,direct,,unregistered,,
234656,L,R1-6,32,36,inferred_l1,37672,unregistered,,
234691,L,R7,21,22,direct,,unregistered,,
234695,R,R8,30,25,direct,,unregistered,,
234698,R,R1-6,15,32,inferred_l1,31274,unregistered,,
234727,R,R8,32,28,direct,,unregistered,,
234733,R,R1-6,12,25,inferred_l1,27956,unregistered,,
234745,R,R1-6,11,24,inferred_l1,26686,unregistered,,
234799,R,R7,23,26,direct,,unregistered,,
234804,R,R1-6,31,30,inferred_l1,26690,unregistered,,
234811,R,R7,19,16,direct,,unregistered,,
234815,R,R1-6,18,32,inferred_l1,29708,unregistered,,
234884,R,R1-6,9,15,inferred_l1,32566,unregistered,,
234972,R,R1-6,11,16,inferred_l1,19870,unregistered,,
234990,R,R1-6,24,23,inferred_l1,35523,unregistered,,
234991,R,R8,34,32,direct,,unregistered,,
235075,L,R8,5,11,direct,,unregistered,,
235090,R,R7,17,5,direct,,unregistered,,
235131,L,R7,30,27,direct,,unregistered,,
235167,R,R1-6,14,25,inferred_l1,30824,unregistered,,
235171,L,R7,18,24,direct,,unregistered,,
235253,R,R8,33,35,direct,,unregistered,,
235359,L,R8,25,29,direct,,unregistered,,
235374,R,R1-6,17,17,inferred_l1,28661,unregistered,,
235379,L,R1-6,22,20,inferred_l1,516114,unregistered,,
235381,R,R1-6,18,33,inferred_l1,26550,unregistered,,
235387,L,R8,8,12,direct,,unregistered,,
235419,R,R1-6,17,30,inferred_l1,31732,unregistered,,
235427,L,R8,30,29,direct,,unregistered,,
235500,R,R1-6,8,6,inferred_l1,40962,unregistered,,
235514,R,R1-6,29,29,inferred_l1,21676,unregistered,,
235515,R,R1-6,28,26,inferred_l1,37728,unregistered,,
235593,R,R1-6,8,16,inferred_l1,31230,unregistered,,
235595,L,R1-6,13,23,inferred_l1,536373,unregistered,,
235602,L,R1-6,15,28,inferred_l1,29605,unregistered,,
235624,R,R1-6,12,14,inferred_l1,33637,unregistered,,
235625,R,R1-6,32,32,inferred_l1,41111,unregistered,,
235657,R,R1-6,9,23,inferred_l1,29121,unregistered,,
235662,R,R1-6,20,29,inferred_l1,34857,unregistered,,
235851,L,R7,5,8,direct,,unregistered,,
235886,R,R1-6,24,24,inferred_l1,38202,unregistered,,
235927,L,R7,8,9,direct,,unregistered,,
235929,R,R8,4,16,direct,,unregistered,,
235956,R,R1-6,13,24,inferred_l1,28241,unregistered,,
236135,R,R1-6,26,26,inferred_l1,34008,unregistered,,
236155,R,R1-6,23,28,inferred_l1,37737,unregistered,,
236231,L,R1-6,16,32,inferred_l1,556494,unregistered,,
236273,L,R8,20,23,direct,,unregistered,,
236312,R,R1-6,9,14,inferred_l1,30639,unregistered,,
236314,R,R1-6,10,17,inferred_l1,33693,unregistered,,
236335,R,R8,22,21,direct,,unregistered,,
236349,R,R1-6,17,28,inferred_l1,32028,unregistered,,
236356,R,R1-6,13,26,inferred_l1,26935,unregistered,,
236375,L,R7,36,30,direct,,unregistered,,
236405,R,R1-6,33,33,inferred_l1,22163,unregistered,,
236419,R,R8,24,27,direct,,unregistered,,
236508,R,R1-6,17,30,inferred_l1,31732,unregistered,,
236514,L,R1-6,36,29,inferred_l1,25113,unregistered,,
236523,L,R1-6,25,29,inferred_l1,524691,unregistered,,
236542,L,R7,5,10,direct,,unregistered,,
236550,L,R1-6,17,30,inferred_l1,518303,unregistered,,
236556,R,R1-6,18,30,inferred_l1,29933,unregistered,,
236568,L,R7,14,13,direct,,unregistered,,
236625,R,R1-6,34,32,inferred_l1,30195,unregistered,,
236639,L,R1-6,11,24,inferred_l1,526986,unregistered,,
236649,R,R1-6,34,31,inferred_l1,28659,unregistered,,
236651,R,R1-6,23,22,inferred_l1,32397,unregistered,,
236655,L,R8,5,3,direct,,unregistered,,
236656,R,R7,9,6,direct,,unregistered,,
236675,R,R1-6,15,31,inferred_l1,30312,unregistered,,
236740,R,R1-6,10,24,inferred_l1,27192,unregistered,,
236768,R,R1-6,14,26,inferred_l1,27320,unregistered,,
236789,R,R1-6,21,29,inferred_l1,36632,unregistered,,
236798,R,R1-6,16,28,inferred_l1,29716,unregistered,,
236951,R,R1-6,33,34,inferred_l1,24912,unregistered,,
236958,R,R1-6,4,8,inferred_l1,40257,unregistered,,
237058,R,R1-6,34,24,inferred_l1,30833,unregistered,,
237062,R,R1-6,9,23,inferred_l1,29121,unregistered,,
237063,L,R1-6,17,31,inferred_l1,14007,unregistered,,
237165,R,R7,25,27,direct,,unregistered,,
237221,R,R1-6,16,31,inferred_l1,28495,unregistered,,
237247,R,R1-6,17,33,inferred_l1,25475,unregistered,,
237292,R,R8,24,22,direct,,unregistered,,
237294,L,R7,29,36,direct,,unregistered,,
237321,R,R7,32,33,direct,,unregistered,,
237355,R,R1-6,7,15,inferred_l1,28238,unregistered,,
237376,R,R1-6,15,28,inferred_l1,30235,unregistered,,
237423,L,R8,4,6,direct,,unregistered,,
237500,R,R1-6,17,30,inferred_l1,31732,unregistered,,
237524,R,R1-6,13,27,inferred_l1,27063,unregistered,,
237546,L,R8,8,8,direct,,unregistered,,
237616,R,R8,13,13,direct,,unregistered,,
237646,R,R7,32,29,direct,,unregistered,,
237781,L,R1-6,14,27,inferred_l1,12925,unregistered,,
237820,R,R1-6,19,35,inferred_l1,34342,unregistered,,
237843,L,R8,5,6,direct,,unregistered,,
237929,R,R7,27,25,direct,,unregistered,,
237943,R,R1-6,14,6,inferred_l1,25096,unregistered,,
237998,L,R1-6,15,33,inferred_l1,565475,unregistered,,
238018,R,R1-6,15,27,inferred_l1,25934,unregistered,,
238050,R,R8,17,12,direct,,unregistered,,
238201,L,R1-6,14,32,inferred_l1,18048,unregistered,,
238217,L,R8,21,25,direct,,unregistered,,
238251,L,R1-6,15,26,inferred_l1,18922,unregistered,,
238352,L,R1-6,28,24,inferred_l1,534772,unregistered,,
238379,R,R1-6,17,33,inferred_l1,25475,unregistered,,
238382,R,R1-6,15,27,inferred_l1,25934,unregistered,,
238411,L,R8,18,22,direct,,unregistered,,
238466,L,R8,22,34,direct,,unregistered,,
238485,R,R1-6,25,25,inferred_l1,31973,unregistered,,
238540,L,R1-6,33,22,inferred_l1,550939,unregistered,,
238565,R,R1-6,12,24,inferred_l1,27552,unregistered,,
238593,R,R8,26,31,direct,,unregistered,,
238602,R,R1-6,16,28,inferred_l1,29716,unregistered,,
238687,R,R1-6,11,27,inferred_l1,27717,unregistered,,
238694,L,R8,27,33,direct,,unregistered,,
238701,R,R1-6,27,25,inferred_l1,32030,unregistered,,
238717,L,R1-6,15,31,inferred_l1,32436,unregistered,,
238722,R,R7,24,30,direct,,unregistered,,
238773,R,R1-6,10,26,inferred_l1,28942,unregistered,,
238778,L,R1-6,14,28,inferred_l1,516646,unregistered,,
238831,R,R8,16,23,direct,,unregistered,,
238844,R,R1-6,25,38,inferred_l1,46664,unregistered,,
238882,L,R8,15,15,direct,,unregistered,,
238908,R,R1-6,15,26,inferred_l1,29699,unregistered,,
238959,L,R7,18,18,direct,,unregistered,,
238982,R,R1-6,14,30,inferred_l1,29376,unregistered,,
239038,R,R1-6,17,31,inferred_l1,28717,unregistered,,
239111,R,R1-6,23,23,inferred_l1,32669,unregistered,,
239115,R,R7,5,11,direct,,unregistered,,
239193,R,R1-6,11,12,inferred_l1,32177,unregistered,,
239239,R,R1-6,9,10,inferred_l1,31928,unregistered,,
239295,L,R7,20,21,direct,,unregistered,,
239298,R,R1-6,8,6,inferred_l1,40962,unregistered,,
239301,L,R8,13,15,direct,,unregistered,,
239455,R,R1-6,,,unmapped,,unregistered,,
239492,L,R8,8,9,direct,,unregistered,,
239494,R,R1-6,18,33,inferred_l1,26550,unregistered,,
239535,R,R1-6,25,26,inferred_l1,39936,unregistered,,
239568,R,R1-6,26,25,inferred_l1,32123,unregistered,,
239664,L,R7,32,37,direct,,unregistered,,
239681,R,R1-6,7,9,inferred_l1,33387,unregistered,,
239773,R,R1-6,12,6,inferred_l1,29398,unregistered,,
239816,R,R1-6,34,36,inferred_l1,28458,unregistered,,
239832,R,R7,9,7,direct,,unregistered,,
239862,R,R1-6,33,34,inferred_l1,24912,unregistered,,
239884,R,R1-6,13,17,inferred_l1,32050,unregistered,,
239925,L,R8,21,21,direct,,unregistered,,
240002,R,R8,20,22,direct,,unregistered,,
240014,R,R8,2,7,direct,,unregistered,,
240141,L,R1-6,16,30,inferred_l1,30031,unregistered,,
240208,R,R1-6,33,24,inferred_l1,27058,unregistered,,
240217,L,R1-6,14,32,inferred_l1,18048,unregistered,,
240223,L,R1-6,26,20,inferred_l1,37149,unregistered,,
240332,L,R1-6,16,31,inferred_l1,50015,unregistered,,
240340,R,R1-6,11,26,inferred_l1,28342,unregistered,,
240349,R,R1-6,,,unmapped,,unregistered,,
240401,L,R1-6,14,27,inferred_l1,12925,unregistered,,
240437,L,R7,11,11,direct,,unregistered,,
240453,L,R7,30,34,direct,,unregistered,,
240526,L,R7,9,6,direct,,unregistered,,
240534,L,R7,8,5,direct,,unregistered,,
240672,L,R8,8,4,direct,,unregistered,,
240706,R,R7,9,4,direct,,unregistered,,
240817,L,R1-6,24,30,inferred_l1,544520,unregistered,,
240819,L,R1-6,14,30,inferred_l1,26616,unregistered,,
240829,R,R8,22,22,direct,,unregistered,,
240887,L,R7,25,26,direct,,unregistered,,
240894,L,R7,20,22,direct,,unregistered,,
240901,R,R1-6,19,34,inferred_l1,20630,unregistered,,
240903,R,R1-6,16,30,inferred_l1,28750,unregistered,,
240922,L,R8,12,12,direct,,unregistered,,
240940,L,R7,29,27,direct,,unregistered,,
241034,R,R1-6,16,32,inferred_l1,31039,unregistered,,
241064,L,R7,29,33,direct,,unregistered,,
241081,R,R1-6,15,16,inferred_l1,33101,unregistered,,
241133,L,R8,17,27,direct,,unregistered,,
241176,R,R1-6,12,4,inferred_l1,29134,unregistered,,
241226,L,R1-6,17,33,inferred_l1,22030,unregistered,,
241321,L,R1-6,20,34,inferred_l1,23054,unregistered,,
241322,L,R7,17,27,direct,,unregistered,,
241339,R,R1-6,30,35,inferred_l1,27879,unregistered,,
241409,L,R1-6,25,29,inferred_l1,524691,unregistered,,
241461,R,R8,15,11,direct,,unregistered,,
241494,R,R1-6,,,unmapped,,unregistered,,
241506,L,R7,14,10,direct,,unregistered,,
241517,L,R7,22,23,direct,,unregistered,,
241524,R,R1-6,6,8,inferred_l1,39881,unregistered,,
241537,L,R8,34,30,direct,,unregistered,,
241583,R,R1-6,15,17,inferred_l1,32385,unregistered,,
241621,R,R1-6,14,6,inferred_l1,25096,unregistered,,
241777,R,R1-6,15,17,inferred_l1,32385,unregistered,,
241789,L,R7,34,35,direct,,unregistered,,
241908,L,R1-6,24,29,inferred_l1,523407,unregistered,,
241983,L,R1-6,,,unmapped,,unregistered,,
241990,R,R1-6,14,27,inferred_l1,27955,unregistered,,
242034,R,R1-6,11,6,inferred_l1,29496,unregistered,,
242049,R,R1-6,11,27,inferred_l1,27717,unregistered,,
242052,R,R1-6,27,30,inferred_l1,36666,unregistered,,
242123,R,R1-6,32,37,inferred_l1,26973,unregistered,,
242172,R,R1-6,15,28,inferred_l1,30235,unregistered,,
242189,L,R1-6,14,31,inferred_l1,37064,unregistered,,
242204,R,R1-6,14,27,inferred_l1,27955,unregistered,,
242206,L,R8,18,24,direct,,unregistered,,
242227,L,R8,32,37,direct,,unregistered,,
242286,R,R7,20,20,direct,,unregistered,,
242403,L,R7,31,28,direct,,unregistered,,
242575,L,R1-6,20,18,inferred_l1,543607,unregistered,,
242591,R,R1-6,14,14,inferred_l1,37280,unregistered,,
242594,L,R1-6,14,25,inferred_l1,15465,unregistered,,
242604,R,R1-6,15,28,inferred_l1,30235,unregistered,,
242807,L,R7,6,4,direct,,unregistered,,
242839,L,R1-6,15,29,inferred_l1,27376,unregistered,,
242953,L,R1-6,15,30,inferred_l1,26937,unregistered,,
243002,L,R1-6,21,35,inferred_l1,21473,unregistered,,
243092,L,R8,5,10,direct,,unregistered,,
243103,L,R8,20,25,direct,,unregistered,,
243109,R,R1-6,,,unmapped,,unregistered,,
243194,R,R1-6,15,26,inferred_l1,29699,unregistered,,
243260,L,R8,34,33,direct,,unregistered,,
243273,R,R1-6,33,34,inferred_l1,24912,unregistered,,
243317,R,R1-6,14,27,inferred_l1,27955,unregistered,,
243365,R,R1-6,15,30,inferred_l1,31849,unregistered,,
243427,R,R1-6,34,34,inferred_l1,24998,unregistered,,
243510,L,R7,12,12,direct,,unregistered,,
243626,R,R1-6,11,25,inferred_l1,28739,unregistered,,
243690,R,R1-6,24,23,inferred_l1,35523,unregistered,,
243724,R,R8,23,23,direct,,unregistered,,
243753,R,R1-6,31,32,inferred_l1,22927,unregistered,,
243760,L,R8,23,24,direct,,unregistered,,
243799,R,R1-6,8,23,inferred_l1,27217,unregistered,,
243993,L,R1-6,15,25,inferred_l1,28449,unregistered,,
244077,R,R7,34,27,direct,,unregistered,,
244156,R,R7,28,24,direct,,unregistered,,
244159,R,R1-6,33,32,inferred_l1,26396,unregistered,,
244259,L,R1-6,21,30,inferred_l1,531172,unregistered,,
244285,R,R1-6,15,31,inferred_l1,30312,unregistered,,
244302,R,R1-6,25,24,inferred_l1,35139,unregistered,,
244325,R,R1-6,16,30,inferred_l1,28750,unregistered,,
244335,L,R1-6,27,33,inferred_l1,27711,unregistered,,
244344,L,R8,4,7,direct,,unregistered,,
244376,L,R7,5,6,direct,,unregistered,,
244412,L,R8,11,9,direct,,unregistered,,
244456,R,R8,34,29,direct,,unregistered,,
244506,R,R7,32,31,direct,,unregistered,,
244510,R,R7,30,36,direct,,unregistered,,
244530,R,R8,16,3,direct,,unregistered,,
244691,L,R8,24,32,direct,,unregistered,,
244719,L,R1-6,14,30,inferred_l1,26616,unregistered,,
244840,R,R1-6,32,33,inferred_l1,26015,unregistered,,
244860,R,R8,15,14,direct,,unregistered,,
244865,R,R8,10,28,direct,,unregistered,,
244866,R,R8,34,34,direct,,unregistered,,
245079,R,R7,32,30,direct,,unregistered,,
245328,R,R1-6,11,16,inferred_l1,19870,unregistered,,
245427,R,R1-6,21,8,inferred_l1,26152,unregistered,,
245479,R,R1-6,17,32,inferred_l1,22013,unregistered,,
245519,R,R1-6,13,29,inferred_l1,26160,unregistered,,
245544,R,R1-6,16,32,inferred_l1,31039,unregistered,,
245550,L,R8,22,27,direct,,unregistered,,
245567,R,R7,33,24,direct,,unregistered,,
245647,R,R1-6,15,15,inferred_l1,34066,unregistered,,
245659,R,R1-6,27,30,inferred_l1,36666,unregistered,,
245841,L,R7,6,9,direct,,unregistered,,
245865,R,R8,33,34,direct,,unregistered,,
245910,L,R7,31,33,direct,,unregistered,,
246047,L,R7,35,31,direct,,unregistered,,
246097,R,R1-6,15,4,inferred_l1,28475,unregistered,,
246123,L,R1-6,12,24,inferred_l1,538066,unregistered,,
246150,L,R8,8,5,direct,,unregistered,,
246167,R,R1-6,15,16,inferred_l1,33101,unregistered,,
246168,R,R1-6,19,33,inferred_l1,20790,unregistered,,
246171,R,R1-6,12,5,inferred_l1,29693,unregistered,,
246198,R,R1-6,12,24,inferred_l1,27552,unregistered,,
246286,L,R7,9,11,direct,,unregistered,,
246311,R,R7,12,8,direct,,unregistered,,
246479,R,R1-6,15,28,inferred_l1,30235,unregistered,,
246518,L,R7,6,6,direct,,unregistered,,
246572,L,R8,18,21,direct,,unregistered,,
246592,R,R1-6,28,26,inferred_l1,37728,unregistered,,
246600,L,R8,5,12,direct,,unregistered,,
246608,R,R1-6,24,24,inferred_l1,38202,unregistered,,
246650,L,R7,12,10,direct,,unregistered,,
246672,R,R1-6,11,4,inferred_l1,23776,unregistered,,
246675,R,R1-6,14,17,inferred_l1,32799,unregistered,,
246727,R,R8,29,28,direct,,unregistered,,
246729,L,R8,21,26,direct,,unregistered,,
246774,R,R1-6,17,31,inferred_l1,28717,unregistered,,
246805,R,R1-6,12,4,inferred_l1,29134,unregistered,,
246870,L,R7,29,29,direct,,unregistered,,
246903,L,R8,2,9,direct,,unregistered,,
246922,R,R8,13,5,direct,,unregistered,,
246994,L,R8,5,9,direct,,unregistered,,
247008,R,R7,17,14,direct,,unregistered,,
247044,R,R8,26,28,direct,,unregistered,,
247085,R,R1-6,15,16,inferred_l1,33101,unregistered,,
247099,R,R1-6,16,31,inferred_l1,28495,unregistered,,
247117,L,R7,13,12,direct,,unregistered,,
247693,L,R8,5,4,direct,,unregistered,,
247706,R,R1-6,23,22,inferred_l1,32397,unregistered,,
247831,R,R1-6,16,32,inferred_l1,31039,unregistered,,
247854,R,R1-6,28,33,inferred_l1,22604,unregistered,,
247908,L,R1-6,14,30,inferred_l1,26616,unregistered,,
247925,R,R8,32,27,direct,,unregistered,,
248000,L,R8,8,10,direct,,unregistered,,
248024,R,R1-6,35,32,inferred_l1,26016,unregistered,,
248071,R,R8,20,17,direct,,unregistered,,
248129,R,R1-6,14,5,inferred_l1,27677,unregistered,,
248138,L,R7,5,3,direct,,unregistered,,
248157,R,R1-6,24,28,inferred_l1,42937,unregistered,,
248362,L,R7,12,9,direct,,unregistered,,
248365,R,R7,33,33,direct,,unregistered,,
248381,L,R1-6,19,34,inferred_l1,545831,unregistered,,
248455,R,R1-6,33,32,inferred_l1,26396,unregistered,,
248480,R,R1-6,32,22,inferred_l1,26854,unregistered,,
248502,R,R1-6,17,31,inferred_l1,28717,unregistered,,
248530,R,R1-6,24,24,inferred_l1,38202,unregistered,,
248547,R,R1-6,15,30,inferred_l1,31849,unregistered,,
248552,R,R8,32,30,direct,,unregistered,,
248617,L,R7,9,9,direct,,unregistered,,
248649,L,R8,16,18,direct,,unregistered,,
248699,L,R8,11,14,direct,,unregistered,,
248777,L,R1-6,24,36,inferred_l1,532462,unregistered,,
248984,R,R1-6,13,5,inferred_l1,28087,unregistered,,
249057,L,R8,27,26,direct,,unregistered,,
249095,R,R1-6,12,17,inferred_l1,525869,unregistered,,
249143,R,R1-6,15,15,inferred_l1,34066,unregistered,,
249190,R,R1-6,21,29,inferred_l1,36632,unregistered,,
249253,R,R1-6,10,12,inferred_l1,32280,unregistered,,
249265,L,R8,10,9,direct,,unregistered,,
249282,L,R8,8,16,direct,,unregistered,,
249450,R,R8,25,24,direct,,unregistered,,
249473,L,R7,12,30,direct,,unregistered,,
249575,L,R7,10,9,direct,,unregistered,,
249597,L,R7,34,33,direct,,unregistered,,
249638,R,R1-6,23,22,inferred_l1,32397,unregistered,,
249887,R,R8,18,18,direct,,unregistered,,
249951,L,R1-6,22,31,inferred_l1,514199,unregistered,,
249982,R,R1-6,34,24,inferred_l1,30833,unregistered,,
250033,R,R1-6,12,26,inferred_l1,29302,unregistered,,
250050,L,R8,13,2,direct,,unregistered,,
250103,R,R1-6,30,36,inferred_l1,40522,unregistered,,
250132,R,R1-6,11,14,inferred_l1,32011,unregistered,,
250138,L,R7,6,11,direct,,unregistered,,
250160,R,R1-6,14,31,inferred_l1,26784,unregistered,,
250496,R,R1-6,16,33,inferred_l1,23857,unregistered,,
250661,L,R7,29,31,direct,,unregistered,,
250789,L,R8,2,10,direct,,unregistered,,
250816,R,R1-6,8,24,inferred_l1,29274,unregistered,,
250817,R,R1-6,10,26,inferred_l1,28942,unregistered,,
250901,R,R1-6,11,6,inferred_l1,29496,unregistered,,
250922,R,R1-6,14,25,inferred_l1,30824,unregistered,,
250935,R,R1-6,14,28,inferred_l1,26507,unregistered,,
250976,L,R8,28,32,direct,,unregistered,,
250978,R,R1-6,20,35,inferred_l1,37583,unregistered,,
251000,R,R1-6,21,35,inferred_l1,27606,unregistered,,
251029,L,R8,3,5,direct,,unregistered,,
251184,L,R8,3,13,direct,,unregistered,,
251210,R,R1-6,14,31,inferred_l1,26784,unregistered,,
251270,R,R7,12,7,direct,,unregistered,,
251377,R,R1-6,26,29,inferred_l1,39177,unregistered,,
251406,R,R1-6,16,5,inferred_l1,26612,unregistered,,
251415,R,R1-6,31,30,inferred_l1,26690,unregistered,,
251450,L,R8,14,15,direct,,unregistered,,
251540,R,R1-6,17,27,inferred_l1,32112,unregistered,,
251547,R,R7,22,26,direct,,unregistered,,
251563,L,R7,35,33,direct,,unregistered,,
251580,L,R1-6,15,29,inferred_l1,27376,unregistered,,
251637,L,R7,9,5,direct,,unregistered,,
251641,R,R1-6,5,7,inferred_l1,37409,unregistered,,
251769,L,R8,15,13,direct,,unregistered,,
251931,L,R7,24,25,direct,,unregistered,,
251987,L,R8,11,2,direct,,unregistered,,
252015,L,R7,5,11,direct,,unregistered,,
252127,L,R1-6,34,22,inferred_l1,549349,unregistered,,
252276,L,R7,19,16,direct,,unregistered,,
252296,L,R8,8,3,direct,,unregistered,,
252309,R,R1-6,30,29,inferred_l1,24026,unregistered,,
252406,R,R1-6,8,6,inferred_l1,40962,unregistered,,
252435,L,R7,8,6,direct,,unregistered,,
252506,L,R7,2,10,direct,,unregistered,,
252599,R,R1-6,12,28,inferred_l1,23915,unregistered,,
252679,L,R8,14,13,direct,,unregistered,,
252716,L,R7,8,3,direct,,unregistered,,
252748,L,R7,26,28,direct,,unregistered,,
252785,R,R1-6,23,36,inferred_l1,95573,unregistered,,
252946,R,R1-6,14,18,inferred_l1,32577,unregistered,,
253015,R,R1-6,25,25,inferred_l1,31973,unregistered,,
253020,R,R1-6,26,28,inferred_l1,38515,unregistered,,
253039,R,R1-6,9,10,inferred_l1,31928,unregistered,,
253051,L,R8,11,29,direct,,unregistered,,
253095,R,R1-6,15,5,inferred_l1,26737,unregistered,,
253115,L,R1-6,9,23,inferred_l1,14536,unregistered,,
253153,R,R1-6,20,21,inferred_l1,35021,unregistered,,
253227,L,R7,28,29,direct,,unregistered,,
253311,L,R7,24,26,direct,,unregistered,,
253332,R,R8,21,21,direct,,unregistered,,
253354,L,R1-6,14,26,inferred_l1,524186,unregistered,,
253356,R,R1-6,34,34,inferred_l1,24998,unregistered,,
253423,L,R7,20,24,direct,,unregistered,,
253433,L,R1-6,24,36,inferred_l1,532462,unregistered,,
253460,L,R7,18,21,direct,,unregistered,,
253492,R,R8,19,22,direct,,unregistered,,
253500,R,R1-6,8,22,inferred_l1,35943,unregistered,,
253522,L,R7,6,7,direct,,unregistered,,
253550,R,R1-6,13,4,inferred_l1,28878,unregistered,,
253573,R,R1-6,13,16,inferred_l1,33200,unregistered,,
253843,L,R8,5,8,direct,,unregistered,,
253920,R,R1-6,10,6,inferred_l1,39722,unregistered,,
254000,R,R1-6,11,25,inferred_l1,28739,unregistered,,
254018,R,R1-6,15,6,inferred_l1,25609,unregistered,,
254083,R,R1-6,18,31,inferred_l1,29247,unregistered,,
254266,R,R7,13,10,direct,,unregistered,,
254317,R,R1-6,33,26,inferred_l1,33363,unregistered,,
254418,R,R8,32,29,direct,,unregistered,,
254537,L,R8,9,5,direct,,unregistered,,
254620,L,R8,5,7,direct,,unregistered,,
254633,L,R1-6,25,36,inferred_l1,20391,unregistered,,
254654,R,R1-6,22,35,inferred_l1,29679,unregistered,,
254774,R,R1-6,13,27,inferred_l1,27063,unregistered,,
254980,L,R7,16,16,direct,,unregistered,,
255017,R,R1-6,17,33,inferred_l1,25475,unregistered,,
255082,L,R8,8,7,direct,,unregistered,,
255164,L,R7,3,10,direct,,unregistered,,
255269,R,R1-6,11,27,inferred_l1,27717,unregistered,,
255306,R,R1-6,12,28,inferred_l1,23915,unregistered,,
255309,R,R7,19,18,direct,,unregistered,,
255368,R,R1-6,11,26,inferred_l1,28342,unregistered,,
255381,R,R1-6,31,33,inferred_l1,31929,unregistered,,
255526,L,R8,7,2,direct,,unregistered,,
255611,L,R7,15,14,direct,,unregistered,,
255646,R,R1-6,24,22,inferred_l1,36997,unregistered,,
255792,R,R1-6,8,7,inferred_l1,38830,unregistered,,
255840,R,R1-6,32,22,inferred_l1,26854,unregistered,,
255958,R,R1-6,18,6,inferred_l1,23372,unregistered,,
255982,L,R7,27,36,direct,,unregistered,,
256306,R,R1-6,33,31,inferred_l1,32711,unregistered,,
256317,L,R7,17,18,direct,,unregistered,,
256432,L,R7,11,9,direct,,unregistered,,
256658,R,R1-6,16,4,inferred_l1,31092,unregistered,,
256671,L,R8,12,11,direct,,unregistered,,
257136,R,R7,35,33,direct,,unregistered,,
257206,L,R1-6,14,27,inferred_l1,12925,unregistered,,
257257,R,R7,20,18,direct,,unregistered,,
257309,L,R8,25,32,direct,,unregistered,,
257325,L,R1-6,22,23,inferred_l1,548362,unregistered,,
257453,L,R7,22,22,direct,,unregistered,,
257464,R,R8,10,7,direct,,unregistered,,
257495,L,R8,23,21,direct,,unregistered,,
257799,R,R1-6,9,24,inferred_l1,77237,unregistered,,
257837,L,R7,16,15,direct,,unregistered,,
257840,R,R1-6,20,20,inferred_l1,37117,unregistered,,
257910,R,R1-6,16,17,inferred_l1,30744,unregistered,,
257944,R,R7,27,16,direct,,unregistered,,
257997,L,R7,17,19,direct,,unregistered,,
258252,R,R1-6,11,28,inferred_l1,28368,unregistered,,
258418,R,R1-6,29,27,inferred_l1,33602,unregistered,,
258546,R,R1-6,13,15,inferred_l1,33272,unregistered,,
258735,R,R1-6,24,23,inferred_l1,35523,unregistered,,
258775,R,R7,4,16,direct,,unregistered,,
258778,R,R1-6,16,31,inferred_l1,28495,unregistered,,
258779,L,R7,9,10,direct,,unregistered,,
258857,R,R1-6,32,31,inferred_l1,30832,unregistered,,
258908,R,R7,13,11,direct,,unregistered,,
258937,R,R1-6,31,30,inferred_l1,26690,unregistered,,
258943,R,R1-6,32,18,inferred_l1,60224,unregistered,,
258996,R,R1-6,18,31,inferred_l1,29247,unregistered,,
259113,R,R1-6,12,16,inferred_l1,37315,unregistered,,
259122,R,R7,22,21,direct,,unregistered,,
259241,L,R8,17,23,direct,,unregistered,,
259247,R,R1-6,9,10,inferred_l1,31928,unregistered,,
259396,R,R1-6,15,16,inferred_l1,33101,unregistered,,
259406,R,R1-6,11,5,inferred_l1,28518,unregistered,,
259538,R,R1-6,13,16,inferred_l1,33200,unregistered,,
259576,L,R8,33,35,direct,,unregistered,,
259716,L,R7,21,21,direct,,unregistered,,
259724,R,R1-6,28,31,inferred_l1,35958,unregistered,,
259791,R,R1-6,15,32,inferred_l1,31274,unregistered,,
259795,R,R1-6,25,23,inferred_l1,36008,unregistered,,
259825,R,R8,15,13,direct,,unregistered,,
260000,R,R1-6,33,19,inferred_l1,59498,unregistered,,
260572,L,R7,10,8,direct,,unregistered,,
260750,R,R1-6,15,6,inferred_l1,25609,unregistered,,
260823,L,R7,11,4,direct,,unregistered,,
261456,L,R8,30,30,direct,,unregistered,,
261561,R,R1-6,24,25,inferred_l1,35200,unregistered,,
261747,R,R7,29,26,direct,,unregistered,,
261897,R,R1-6,9,10,inferred_l1,31928,unregistered,,
262035,R,R1-6,15,30,inferred_l1,31849,unregistered,,
262043,L,R7,12,3,direct,,unregistered,,
262110,L,R7,11,3,direct,,unregistered,,
262121,R,R1-6,32,29,inferred_l1,33174,unregistered,,
262386,R,R1-6,11,28,inferred_l1,28368,unregistered,,
262399,R,R1-6,10,11,inferred_l1,32845,unregistered,,
262418,L,R8,32,35,direct,,unregistered,,
262422,R,R1-6,12,13,inferred_l1,35199,unregistered,,
262451,R,R1-6,10,14,inferred_l1,31306,unregistered,,
262475,L,R7,35,28,direct,,unregistered,,
262967,L,R8,8,6,direct,,unregistered,,
263036,L,R8,24,28,direct,,unregistered,,
263053,R,R1-6,18,32,inferred_l1,29708,unregistered,,
263069,L,R7,33,34,direct,,unregistered,,
263136,L,R7,24,27,direct,,unregistered,,
263316,L,R8,26,28,direct,,unregistered,,
263756,R,R1-6,33,19,inferred_l1,59498,unregistered,,
264163,L,R7,25,28,direct,,unregistered,,
264266,R,R8,30,27,direct,,unregistered,,
264433,R,R1-6,16,17,inferred_l1,30744,unregistered,,
264822,R,R1-6,17,34,inferred_l1,26596,unregistered,,
264836,L,R8,25,25,direct,,unregistered,,
264894,L,R7,32,32,direct,,unregistered,,
264911,R,R1-6,21,29,inferred_l1,36632,unregistered,,
264939,L,R8,35,33,direct,,unregistered,,
264983,R,R1-6,11,15,inferred_l1,34075,unregistered,,
265066,L,R8,13,12,direct,,unregistered,,
265205,L,R8,14,14,direct,,unregistered,,
265464,R,R8,31,31,direct,,unregistered,,
265940,R,R1-6,15,31,inferred_l1,30312,unregistered,,
266082,R,R1-6,31,30,inferred_l1,26690,unregistered,,
266263,R,R1-6,26,25,inferred_l1,32123,unregistered,,
266266,R,R1-6,32,21,inferred_l1,31004,unregistered,,
266397,R,R1-6,29,27,inferred_l1,33602,unregistered,,
266401,L,R8,14,12,direct,,unregistered,,
266406,L,R8,15,16,direct,,unregistered,,
266409,R,R7,28,25,direct,,unregistered,,
266498,R,R1-6,9,17,inferred_l1,36111,unregistered,,
266923,R,R1-6,15,17,inferred_l1,32385,unregistered,,
266965,L,R7,19,20,direct,,unregistered,,
267030,R,R1-6,13,13,inferred_l1,35690,unregistered,,
267198,L,R8,27,29,direct,,unregistered,,
267345,R,R1-6,22,22,inferred_l1,34303,unregistered,,
267744,R,R7,14,10,direct,,unregistered,,
267808,L,R8,10,8,direct,,unregistered,,
267881,L,R7,10,15,direct,,unregistered,,
268035,R,R1-6,24,25,inferred_l1,35200,unregistered,,
268165,R,R1-6,8,10,inferred_l1,30160,unregistered,,
268252,R,R1-6,13,14,inferred_l1,27377,unregistered,,
268323,L,R7,20,19,direct,,unregistered,,
268640,L,R7,18,20,direct,,unregistered,,
268762,R,R8,25,25,direct,,unregistered,,
268787,R,R1-6,12,5,inferred_l1,29693,unregistered,,
268967,L,R7,12,11,direct,,unregistered,,
269309,R,R7,24,22,direct,,unregistered,,
269667,R,R1-6,16,32,inferred_l1,31039,unregistered,,
269731,L,R7,25,31,direct,,unregistered,,
269807,R,R1-6,31,21,inferred_l1,30333,unregistered,,
270048,L,R7,21,24,direct,,unregistered,,
270064,L,R7,20,18,direct,,unregistered,,
270069,R,R7,29,33,direct,,unregistered,,
270261,R,R1-6,27,28,inferred_l1,31278,unregistered,,
270341,R,R1-6,21,29,inferred_l1,36632,unregistered,,
270749,R,R1-6,33,23,inferred_l1,27949,unregistered,,
270825,L,R7,22,21,direct,,unregistered,,
270922,R,R1-6,14,29,inferred_l1,27066,unregistered,,
270939,R,R8,14,10,direct,,unregistered,,
271090,R,R1-6,28,25,inferred_l1,31462,unregistered,,
271230,R,R7,17,15,direct,,unregistered,,
271522,L,R7,31,31,direct,,unregistered,,
271764,R,R8,33,33,direct,,unregistered,,
271794,L,R7,9,8,direct,,unregistered,,
271892,L,R8,32,33,direct,,unregistered,,
271938,L,R8,19,22,direct,,unregistered,,
271955,L,R8,13,13,direct,,unregistered,,
272001,R,R1-6,12,16,inferred_l1,37315,unregistered,,
272201,L,R8,20,21,direct,,unregistered,,
272229,R,R7,26,22,direct,,unregistered,,
272266,L,R8,26,29,direct,,unregistered,,
272456,R,R8,11,5,direct,,unregistered,,
272501,R,R8,23,25,direct,,unregistered,,
272718,R,R1-6,8,10,inferred_l1,30160,unregistered,,
272789,L,R7,11,6,direct,,unregistered,,
273202,R,R1-6,7,9,inferred_l1,33387,unregistered,,
273283,R,R8,3,6,direct,,unregistered,,
273453,L,R8,34,36,direct,,unregistered,,
273650,R,R1-6,13,29,inferred_l1,26160,unregistered,,
273705,L,R7,5,9,direct,,unregistered,,
273719,R,R1-6,13,17,inferred_l1,32050,unregistered,,
273858,R,R1-6,14,16,inferred_l1,33504,unregistered,,
273981,R,R1-6,32,22,inferred_l1,26854,unregistered,,
273995,L,R8,33,37,direct,,unregistered,,
274060,R,R1-6,13,30,inferred_l1,28677,unregistered,,
274218,R,R1-6,14,3,inferred_l1,30035,unregistered,,
274231,R,R1-6,26,29,inferred_l1,39177,unregistered,,
274238,R,R8,18,16,direct,,unregistered,,
274268,L,R7,30,29,direct,,unregistered,,
274366,R,R8,31,29,direct,,unregistered,,
274589,R,R1-6,26,26,inferred_l1,34008,unregistered,,
274702,L,R7,22,26,direct,,unregistered,,
275478,L,R8,28,34,direct,,unregistered,,
275562,R,R1-6,34,32,inferred_l1,30195,unregistered,,
275664,R,R1-6,34,31,inferred_l1,28659,unregistered,,
275947,L,R7,17,29,direct,,unregistered,,
276093,L,R7,29,30,direct,,unregistered,,
276191,L,R8,7,5,direct,,unregistered,,
276371,L,R7,9,7,direct,,unregistered,,
276378,L,R8,11,7,direct,,unregistered,,
276518,L,R7,27,29,direct,,unregistered,,
276531,L,R7,18,16,direct,,unregistered,,
276532,L,R7,21,23,direct,,unregistered,,
276602,L,R8,29,31,direct,,unregistered,,
277131,L,R7,31,30,direct,,unregistered,,
277197,R,R8,32,33,direct,,unregistered,,
277261,R,R1-6,6,8,inferred_l1,39881,unregistered,,
277430,R,R1-6,25,27,inferred_l1,540506,unregistered,,
277668,R,R1-6,22,23,inferred_l1,38654,unregistered,,
277695,L,R8,22,23,direct,,unregistered,,
277713,L,R8,29,34,direct,,unregistered,,
277862,R,R1-6,10,2,inferred_l1,29003,unregistered,,
277902,L,R7,19,17,direct,,unregistered,,
278360,R,R7,34,25,direct,,unregistered,,
278420,R,R1-6,32,32,inferred_l1,41111,unregistered,,
278442,R,R8,34,33,direct,,unregistered,,
279588,R,R1-6,27,23,inferred_l1,34848,unregistered,,
279790,L,R8,12,10,direct,,unregistered,,
279855,L,R7,30,32,direct,,unregistered,,
279886,L,R8,9,6,direct,,unregistered,,
279908,R,R1-6,27,28,inferred_l1,31278,unregistered,,
279957,R,R1-6,34,32,inferred_l1,30195,unregistered,,
280106,R,R8,12,3,direct,,unregistered,,
280163,R,R1-6,16,7,inferred_l1,32284,unregistered,,
280250,L,R7,36,28,direct,,unregistered,,
280503,R,R7,22,19,direct,,unregistered,,
280885,L,R7,6,12,direct,,unregistered,,
281286,L,R7,27,26,direct,,unregistered,,
281289,L,R8,28,27,direct,,unregistered,,
281357,L,R8,20,19,direct,,unregistered,,
281759,L,R7,22,24,direct,,unregistered,,
281950,R,R1-6,17,6,inferred_l1,31699,unregistered,,
282023,L,R8,15,8,direct,,unregistered,,
282213,L,R8,24,27,direct,,unregistered,,
282491,R,R1-6,8,9,inferred_l1,33281,unregistered,,
282538,R,R7,25,24,direct,,unregistered,,
282573,L,R8,14,23,direct,,unregistered,,
282660,R,R1-6,7,7,inferred_l1,40068,unregistered,,
282681,L,R7,9,12,direct,,unregistered,,
282709,L,R7,14,2,direct,,unregistered,,
282924,L,R7,19,18,direct,,unregistered,,
282930,L,R7,23,22,direct,,unregistered,,
283210,L,R7,26,24,direct,,unregistered,,
283691,R,R8,15,12,direct,,unregistered,,
283744,R,R8,22,25,direct,,unregistered,,
284030,L,R8,19,19,direct,,unregistered,,
284134,R,R1-6,33,30,inferred_l1,30858,unregistered,,
284176,R,R7,31,29,direct,,unregistered,,
284471,R,R1-6,13,28,inferred_l1,21861,unregistered,,
284838,L,R1-6,35,24,inferred_l1,52640,unregistered,,
285050,R,R8,25,22,direct,,unregistered,,
285105,L,R8,8,2,direct,,unregistered,,
285142,R,R1-6,25,27,inferred_l1,540506,unregistered,,
285358,L,R8,19,21,direct,,unregistered,,
285516,R,R1-6,8,9,inferred_l1,33281,unregistered,,
285645,L,R8,21,20,direct,,unregistered,,
285873,R,R1-6,12,27,inferred_l1,28617,unregistered,,
285891,L,R8,33,33,direct,,unregistered,,
285915,R,R7,12,5,direct,,unregistered,,
286374,L,R8,24,23,direct,,unregistered,,
286761,L,R8,11,6,direct,,unregistered,,
286828,R,R7,17,12,direct,,unregistered,,
287362,R,R1-6,28,25,inferred_l1,31462,unregistered,,
287401,L,R7,19,19,direct,,unregistered,,
287508,L,R7,26,29,direct,,unregistered,,
287685,R,R8,34,35,direct,,unregistered,,
287830,L,R7,18,19,direct,,unregistered,,
287874,L,R7,11,7,direct,,unregistered,,
287954,L,R8,28,30,direct,,unregistered,,
288217,L,R8,29,29,direct,,unregistered,,
288239,L,R8,23,23,direct,,unregistered,,
288917,R,R1-6,25,24,inferred_l1,35139,unregistered,,
289085,L,R8,18,17,direct,,unregistered,,
289268,R,R8,12,5,direct,,unregistered,,
289631,R,R8,18,13,direct,,unregistered,,
290064,R,R7,14,12,direct,,unregistered,,
290217,L,R7,20,20,direct,,unregistered,,
290333,L,R8,23,28,direct,,unregistered,,
290410,R,R7,25,23,direct,,unregistered,,
291231,R,R7,18,17,direct,,unregistered,,
291241,R,R1-6,34,34,inferred_l1,24998,unregistered,,
291337,L,R8,27,28,direct,,unregistered,,
291433,R,R7,13,9,direct,,unregistered,,
291469,L,R7,14,11,direct,,unregistered,,
291915,R,R1-6,28,26,inferred_l1,37728,unregistered,,
292315,L,R8,9,3,direct,,unregistered,,
292488,R,R7,29,27,direct,,unregistered,,
293022,R,R1-6,,,unmapped,,unregistered,,
293031,R,R1-6,33,30,inferred_l1,30858,unregistered,,
293163,R,R1-6,9,11,inferred_l1,27465,unregistered,,
293198,R,R1-6,17,34,inferred_l1,26596,unregistered,,
293344,R,R1-6,13,16,inferred_l1,33200,unregistered,,
293361,R,R7,31,28,direct,,unregistered,,
293677,R,R1-6,24,25,inferred_l1,35200,unregistered,,
294150,L,R8,24,26,direct,,unregistered,,
294532,L,R8,35,31,direct,,unregistered,,
294784,L,R7,16,12,direct,,unregistered,,
294916,R,R1-6,10,11,inferred_l1,32845,unregistered,,
294994,R,R1-6,32,31,inferred_l1,30832,unregistered,,
295542,R,R8,25,23,direct,,unregistered,,
295746,R,R1-6,12,14,inferred_l1,33637,unregistered,,
295907,R,R1-6,24,24,inferred_l1,38202,unregistered,,
296114,L,R8,26,21,direct,,unregistered,,
296129,R,R8,27,25,direct,,unregistered,,
296369,L,R8,10,2,direct,,unregistered,,
296415,R,R1-6,32,34,inferred_l1,36851,unregistered,,
297034,L,R7,36,29,direct,,unregistered,,
298091,R,R8,11,6,direct,,unregistered,,
298133,R,R1-6,31,31,inferred_l1,30974,unregistered,,
298170,R,R1-6,35,33,inferred_l1,38910,unregistered,,
298413,L,R8,32,32,direct,,unregistered,,
298798,L,R8,17,16,direct,,unregistered,,
298997,R,R1-6,27,25,inferred_l1,32030,unregistered,,
299044,L,R7,23,27,direct,,unregistered,,
299194,R,R1-6,,,unmapped,,unregistered,,
299722,R,R7,20,21,direct,,unregistered,,
299748,R,R1-6,13,15,inferred_l1,33272,unregistered,,
300145,L,R7,35,27,direct,,unregistered,,
300284,L,R7,30,28,direct,,unregistered,,
300399,R,R1-6,14,14,inferred_l1,37280,unregistered,,
300607,L,R8,25,26,direct,,unregistered,,
300706,R,R1-6,32,30,inferred_l1,33516,unregistered,,
300772,R,R1-6,,,unmapped,,unregistered,,
301090,L,R7,23,23,direct,,unregistered,,
301434,R,R7,34,34,direct,,unregistered,,
301517,R,R8,16,14,direct,,unregistered,,
301710,R,R8,28,24,direct,,unregistered,,
301829,L,R8,15,12,direct,,unregistered,,
302317,L,R7,17,16,direct,,unregistered,,
302886,R,R1-6,35,34,inferred_l1,28465,unregistered,,
303054,L,R8,35,28,direct,,unregistered,,
303535,R,R8,17,13,direct,,unregistered,,
303930,L,R7,33,31,direct,,unregistered,,
304227,R,R8,25,26,direct,,unregistered,,
304735,L,R8,23,22,direct,,unregistered,,
304914,R,R1-6,33,29,inferred_l1,32245,unregistered,,
304988,R,R1-6,34,32,inferred_l1,30195,unregistered,,
305056,R,R8,12,7,direct,,unregistered,,
305390,R,R8,13,2,direct,,unregistered,,
306289,L,R8,11,5,direct,,unregistered,,
307655,R,R1-6,13,4,inferred_l1,28878,unregistered,,
307717,R,R1-6,23,28,inferred_l1,37737,unregistered,,
308124,L,R8,25,28,direct,,unregistered,,
308277,L,R8,33,31,direct,,unregistered,,
308871,R,R8,14,9,direct,,unregistered,,
308926,R,R1-6,12,14,inferred_l1,33637,unregistered,,
309119,R,R1-6,26,24,inferred_l1,35537,unregistered,,
309364,L,R7,12,8,direct,,unregistered,,
310264,R,R7,35,32,direct,,unregistered,,
310742,L,R8,30,31,direct,,unregistered,,
311183,R,R1-6,12,4,inferred_l1,29134,unregistered,,
311428,R,R1-6,34,30,inferred_l1,32905,unregistered,,
311820,L,R8,17,14,direct,,unregistered,,
312938,L,R8,18,18,direct,,unregistered,,
313080,R,R8,27,22,direct,,unregistered,,
313350,R,R1-6,18,33,inferred_l1,26550,unregistered,,
313919,R,R8,20,6,direct,,unregistered,,
314582,L,R7,25,27,direct,,unregistered,,
315220,R,R1-6,10,26,inferred_l1,28942,unregistered,,
315655,R,R1-6,22,32,inferred_l1,31396,unregistered,,
315938,L,R7,33,28,direct,,unregistered,,
316496,L,R8,28,29,direct,,unregistered,,
316661,L,R7,25,25,direct,,unregistered,,
317842,L,R7,27,28,direct,,unregistered,,
318084,L,R7,13,13,direct,,unregistered,,
318205,L,R8,26,27,direct,,unregistered,,
318455,L,R8,16,5,direct,,unregistered,,
318568,R,R7,22,17,direct,,unregistered,,
318644,R,R8,21,19,direct,,unregistered,,
318645,R,R1-6,12,22,inferred_l1,28987,unregistered,,
318682,L,R8,12,6,direct,,unregistered,,
318691,R,R7,11,6,direct,,unregistered,,
318729,R,R1-6,16,17,inferred_l1,30744,unregistered,,
319131,L,R7,10,7,direct,,unregistered,,
320010,R,R1-6,14,5,inferred_l1,27677,unregistered,,
320325,R,R7,27,24,direct,,unregistered,,
320996,R,R1-6,23,23,inferred_l1,32669,unregistered,,
321394,R,R1-6,28,24,inferred_l1,30244,unregistered,,
322221,R,R8,16,5,direct,,unregistered,,
322574,L,R8,12,9,direct,,unregistered,,
322799,L,R8,10,5,direct,,unregistered,,
322928,L,R7,13,2,direct,,unregistered,,
323053,R,R7,29,25,direct,,unregistered,,
323157,R,R1-6,13,3,inferred_l1,54128,unregistered,,
323443,R,R1-6,12,13,inferred_l1,35199,unregistered,,
323598,R,R7,33,31,direct,,unregistered,,
323823,L,R7,29,26,direct,,unregistered,,
324065,R,R8,19,17,direct,,unregistered,,
324294,L,R7,13,6,direct,,unregistered,,
325020,L,R8,22,24,direct,,unregistered,,
326147,R,R8,17,15,direct,,unregistered,,
326968,L,R8,17,17,direct,,unregistered,,
327269,R,R8,23,22,direct,,unregistered,,
327374,L,R7,6,3,direct,,unregistered,,
327688,L,R8,13,9,direct,,unregistered,,
327707,L,R8,13,11,direct,,unregistered,,
327734,R,R8,14,12,direct,,unregistered,,
327830,R,R1-6,12,28,inferred_l1,23915,unregistered,,
327856,R,R1-6,33,29,inferred_l1,32245,unregistered,,
329201,L,R7,28,27,direct,,unregistered,,
329492,R,R8,26,23,direct,,unregistered,,
329976,L,R8,31,31,direct,,unregistered,,
330359,R,R8,34,30,direct,,unregistered,,
330468,R,R1-6,7,8,inferred_l1,36174,unregistered,,
330877,R,R7,13,6,direct,,unregistered,,
330963,R,R1-6,32,30,inferred_l1,33516,unregistered,,
331446,R,R8,18,14,direct,,unregistered,,
331718,L,R8,12,5,direct,,unregistered,,
331954,R,R8,28,27,direct,,unregistered,,
332711,L,R7,32,30,direct,,unregistered,,
333247,R,R8,35,31,direct,,unregistered,,
333372,L,R8,10,3,direct,,unregistered,,
334114,L,R8,32,27,direct,,unregistered,,
334133,R,R1-6,35,33,inferred_l1,38910,unregistered,,
334854,L,R7,28,28,direct,,unregistered,,
335801,L,R7,13,11,direct,,unregistered,,
336527,R,R8,12,8,direct,,unregistered,,
336619,R,R7,25,21,direct,,unregistered,,
337408,R,R8,33,32,direct,,unregistered,,
337586,L,R8,24,24,direct,,unregistered,,
337771,L,R8,24,25,direct,,unregistered,,
338264,R,R1-6,14,16,inferred_l1,33504,unregistered,,
338286,R,R1-6,12,14,inferred_l1,33637,unregistered,,
339305,R,R1-6,17,17,inferred_l1,28661,unregistered,,
339478,L,R7,15,16,direct,,unregistered,,
339571,R,R1-6,15,4,inferred_l1,28475,unregistered,,
340144,L,R7,34,31,direct,,unregistered,,
340271,R,R1-6,33,30,inferred_l1,30858,unregistered,,
340551,R,R7,16,15,direct,,unregistered,,
341235,R,R1-6,12,4,inferred_l1,29134,unregistered,,
341642,L,R1-6,7,6,inferred_l1,21794,unregistered,,
342123,R,R7,28,27,direct,,unregistered,,
342454,R,R1-6,34,33,inferred_l1,24217,unregistered,,
342663,L,R8,25,24,direct,,unregistered,,
342951,R,R1-6,15,17,inferred_l1,32385,unregistered,,
343189,R,R1-6,34,31,inferred_l1,28659,unregistered,,
343251,R,R7,25,25,direct,,unregistered,,
343521,L,R8,21,22,direct,,unregistered,,
343647,L,R7,28,26,direct,,unregistered,,
343992,L,R8,11,8,direct,,unregistered,,
344037,L,R8,35,32,direct,,unregistered,,
345133,R,R1-6,33,28,inferred_l1,33197,unregistered,,
345140,R,R1-6,26,28,inferred_l1,38515,unregistered,,
345429,R,R8,26,24,direct,,unregistered,,
345536,R,R1-6,31,28,inferred_l1,34281,unregistered,,
346748,L,R8,10,4,direct,,unregistered,,
347191,L,R7,13,10,direct,,unregistered,,
347656,R,R8,13,8,direct,,unregistered,,
347926,L,R8,17,12,direct,,unregistered,,
347976,L,R7,26,25,direct,,unregistered,,
348116,R,R7,11,7,direct,,unregistered,,
348525,L,R8,26,25,direct,,unregistered,,
349344,L,R8,33,32,direct,,unregistered,,
349549,R,R7,31,30,direct,,unregistered,,
350172,L,R8,15,10,direct,,unregistered,,
350319,R,R1-6,32,32,inferred_l1,41111,unregistered,,
350367,L,R7,32,29,direct,,unregistered,,
350634,R,R1-6,30,27,inferred_l1,36618,unregistered,,
350714,L,R7,13,3,direct,,unregistered,,
351115,L,R8,28,25,direct,,unregistered,,
352775,R,R8,19,15,direct,,unregistered,,
352776,L,R7,33,33,direct,,unregistered,,
353303,R,R8,25,21,direct,,unregistered,,
353577,R,R1-6,28,25,inferred_l1,31462,unregistered,,
353733,R,R1-6,27,26,inferred_l1,35917,unregistered,,
353901,R,R8,14,8,direct,,unregistered,,
354271,R,R7,17,13,direct,,unregistered,,
354642,R,R8,35,34,direct,,unregistered,,
354888,R,R1-6,15,15,inferred_l1,34066,unregistered,,
355669,L,R7,33,26,direct,,unregistered,,
355929,L,R7,35,29,direct,,unregistered,,
356457,L,R7,10,3,direct,,unregistered,,
356468,L,R8,29,26,direct,,unregistered,,
356500,L,R7,31,27,direct,,unregistered,,
357240,L,R8,15,11,direct,,unregistered,,
357482,L,R7,10,4,direct,,unregistered,,
358150,R,R8,26,22,direct,,unregistered,,
358440,R,R1-6,31,27,inferred_l1,24348,unregistered,,
358818,L,R8,28,26,direct,,unregistered,,
360088,L,R7,15,12,direct,,unregistered,,
360710,L,R7,28,24,direct,,unregistered,,
361541,L,R8,32,22,direct,,unregistered,,
361956,L,R8,31,29,direct,,unregistered,,
362253,R,R1-6,14,15,inferred_l1,38355,unregistered,,
362596,R,R8,21,16,direct,,unregistered,,
363173,L,R7,11,2,direct,,unregistered,,
363474,R,R1-6,13,15,inferred_l1,33272,unregistered,,
363743,L,R8,10,7,direct,,unregistered,,
364058,R,R1-6,32,30,inferred_l1,33516,unregistered,,
364207,L,R8,26,26,direct,,unregistered,,
364838,R,R1-6,,,unmapped,,unregistered,,
366488,L,R7,10,2,direct,,unregistered,,
367667,R,R1-6,33,32,inferred_l1,26396,unregistered,,
367869,L,R8,27,27,direct,,unregistered,,
367955,L,R7,28,25,direct,,unregistered,,
368279,L,R8,14,11,direct,,unregistered,,
368667,R,R7,26,25,direct,,unregistered,,
369560,L,R8,36,28,direct,,unregistered,,
369562,R,R1-6,32,27,inferred_l1,32781,unregistered,,
369735,R,R7,16,12,direct,,unregistered,,
369772,L,R7,13,9,direct,,unregistered,,
369808,L,R7,10,5,direct,,unregistered,,
369883,R,R7,20,16,direct,,unregistered,,
370577,R,R8,28,30,direct,,unregistered,,
370769,L,R7,12,4,direct,,unregistered,,
372067,L,R8,18,19,direct,,unregistered,,
372895,R,R1-6,23,23,inferred_l1,32669,unregistered,,
373411,L,R8,19,20,direct,,unregistered,,
373494,R,R7,30,29,direct,,unregistered,,
374816,R,R8,14,17,direct,,unregistered,,
375134,R,R1-6,27,25,inferred_l1,32030,unregistered,,
375632,L,R7,27,25,direct,,unregistered,,
376785,R,R8,33,29,direct,,unregistered,,
378359,R,R1-6,28,26,inferred_l1,37728,unregistered,,
378365,R,R7,15,10,direct,,unregistered,,
378399,R,R8,13,10,direct,,unregistered,,
378488,L,R8,29,28,direct,,unregistered,,
378897,R,R7,31,26,direct,,unregistered,,
382341,L,R7,35,30,direct,,unregistered,,
383712,L,R8,35,29,direct,,unregistered,,
383862,L,R8,16,14,direct,,unregistered,,
384145,R,R1-6,25,24,inferred_l1,35139,unregistered,,
386265,R,R8,22,8,direct,,unregistered,,
386701,L,R8,13,6,direct,,unregistered,,
386769,R,R7,18,16,direct,,unregistered,,
386786,R,R8,35,32,direct,,unregistered,,
387030,R,R1-6,31,30,inferred_l1,26690,unregistered,,
387106,L,R7,33,30,direct,,unregistered,,
387395,R,R1-6,32,29,inferred_l1,33174,unregistered,,
387451,R,R7,33,30,direct,,unregistered,,
388026,L,R8,19,32,direct,,unregistered,,
389904,R,R8,22,19,direct,,unregistered,,
390018,R,R7,34,31,direct,,unregistered,,
391127,R,R1-6,11,11,inferred_l1,29475,unregistered,,
391173,R,R7,13,5,direct,,unregistered,,
391278,R,R8,35,29,direct,,unregistered,,
391704,R,R1-6,27,24,inferred_l1,32292,unregistered,,
392816,L,R8,18,16,direct,,unregistered,,
394316,R,R8,17,11,direct,,unregistered,,
394595,R,R7,16,11,direct,,unregistered,,
395681,L,R8,30,28,direct,,unregistered,,
397708,L,R8,12,7,direct,,unregistered,,
399862,L,R7,25,24,direct,,unregistered,,
400334,R,R8,16,10,direct,,unregistered,,
401270,L,R8,22,30,direct,,unregistered,,
401771,R,R8,13,7,direct,,unregistered,,
403198,R,R1-6,8,6,inferred_l1,40962,unregistered,,
405022,R,R8,15,6,direct,,unregistered,,
407498,L,R8,19,17,direct,,unregistered,,
407846,L,R7,17,17,direct,,unregistered,,
409143,R,R1-6,13,14,inferred_l1,27377,unregistered,,
409488,L,R8,28,28,direct,,unregistered,,
409910,R,R8,32,25,direct,,unregistered,,
410577,L,R8,13,8,direct,,unregistered,,
410617,L,R7,10,6,direct,,unregistered,,
411418,L,R7,27,24,direct,,unregistered,,
411454,L,R8,29,27,direct,,unregistered,,
412593,L,R7,16,14,direct,,unregistered,,
412743,R,R1-6,6,8,inferred_l1,39881,unregistered,,
414132,L,R8,22,21,direct,,unregistered,,
415265,R,R7,27,22,direct,,unregistered,,
415439,R,R8,19,16,direct,,unregistered,,
417677,R,R8,12,6,direct,,unregistered,,
418262,L,R7,9,2,direct,,unregistered,,
419239,R,R7,33,28,direct,,unregistered,,
420306,L,R8,27,25,direct,,unregistered,,
423656,L,R8,10,6,direct,,unregistered,,
424458,R,R7,21,16,direct,,unregistered,,
424522,L,R8,31,28,direct,,unregistered,,
427383,L,R8,32,30,direct,,unregistered,,
428871,R,R8,13,9,direct,,unregistered,,
429430,L,R7,29,28,direct,,unregistered,,
429596,R,R8,23,21,direct,,unregistered,,
431916,R,R7,34,33,direct,,unregistered,,
432394,L,R7,24,24,direct,,unregistered,,
434494,L,R8,35,30,direct,,unregistered,,
439101,R,R7,24,21,direct,,unregistered,,
439152,L,R8,22,8,direct,,unregistered,,
442854,L,R8,25,23,direct,,unregistered,,
443103,L,R7,23,21,direct,,unregistered,,
443190,L,R7,14,8,direct,,unregistered,,
444890,L,R8,28,24,direct,,unregistered,,
444911,L,R7,33,27,direct,,unregistered,,
445737,L,R8,31,30,direct,,unregistered,,
447195,L,R8,32,28,direct,,unregistered,,
447720,L,R8,33,34,direct,,unregistered,,
449068,R,R8,16,8,direct,,unregistered,,
449558,L,R7,12,5,direct,,unregistered,,
452552,L,R8,31,25,direct,,unregistered,,
453240,R,R7,14,9,direct,,unregistered,,
453549,R,R7,30,25,direct,,unregistered,,
455385,R,R8,16,12,direct,,unregistered,,
456264,R,R8,26,25,direct,,unregistered,,
456570,L,R8,21,33,direct,,unregistered,,
463355,R,R1-6,26,22,inferred_l1,40674,unregistered,,
468158,R,R8,35,25,direct,,unregistered,,
468185,L,R7,15,3,direct,,unregistered,,
470367,L,R7,25,23,direct,,unregistered,,
471655,R,R7,27,26,direct,,unregistered,,
472748,L,R7,34,32,direct,,unregistered,,
473822,L,R8,14,3,direct,,unregistered,,
474155,R,R8,27,24,direct,,unregistered,,
475707,L,R7,32,31,direct,,unregistered,,
479913,L,R7,33,29,direct,,unregistered,,
481236,L,R7,30,26,direct,,unregistered,,
482164,L,R8,30,32,direct,,unregistered,,
482168,R,R8,27,23,direct,,unregistered,,
482958,R,R8,16,13,direct,,unregistered,,
485322,L,R7,33,32,direct,,unregistered,,
489737,R,R8,31,27,direct,,unregistered,,
491526,R,R7,36,33,direct,,unregistered,,
495862,L,R7,31,25,direct,,unregistered,,
500006,R,R7,20,17,direct,,unregistered,,
500007,R,R7,19,17,direct,,unregistered,,
500009,R,R7,24,26,direct,,unregistered,,
500010,R,R7,33,34,direct,,unregistered,,
500011,R,R7,23,20,direct,,unregistered,,
500012,R,R7,22,20,direct,,unregistered,,
500014,R,R8,28,28,direct,,unregistered,,
500015,R,R8,24,26,direct,,unregistered,,
500016,R,R7,21,19,direct,,unregistered,,
500017,R,R8,35,30,direct,,unregistered,,
500018,R,R7,21,18,direct,,unregistered,,
500020,R,R8,32,36,direct,,unregistered,,
500021,R,R8,35,27,direct,,unregistered,,
500022,R,R8,13,3,direct,,unregistered,,
500023,R,R8,15,3,direct,,unregistered,,
500024,R,R8,22,20,direct,,unregistered,,
500025,R,R7,16,14,direct,,unregistered,,
500027,R,R8,13,11,direct,,unregistered,,
500028,R,R8,36,32,direct,,unregistered,,
500029,R,R8,13,6,direct,,unregistered,,
500030,R,R7,26,26,direct,,unregistered,,
500031,R,R8,28,26,direct,,unregistered,,
500033,R,R8,16,11,direct,,unregistered,,
500034,R,R8,26,26,direct,,unregistered,,
500035,R,R8,14,6,direct,,unregistered,,
500036,R,R8,14,7,direct,,unregistered,,
500037,R,R8,20,14,direct,,unregistered,,
500038,R,R8,19,5,direct,,unregistered,,
500039,R,R7,23,21,direct,,unregistered,,
500040,R,R8,18,5,direct,,unregistered,,
500041,R,R8,33,37,direct,,unregistered,,
500042,R,R8,30,28,direct,,unregistered,,
500043,R,R8,28,25,direct,,unregistered,,
500044,R,R8,22,18,direct,,unregistered,,
500045,R,R8,14,5,direct,,unregistered,,
500047,R,R8,20,16,direct,,unregistered,,
500048,R,R7,15,3,direct,,unregistered,,
500049,R,R8,19,6,direct,,unregistered,,
500053,R,R8,16,7,direct,,unregistered,,
500054,R,R8,21,17,direct,,unregistered,,
500056,R,R8,29,25,direct,,unregistered,,
500057,R,R8,26,21,direct,,unregistered,,
500058,R,R7,16,7,direct,,unregistered,,
500059,R,R7,26,23,direct,,unregistered,,
500060,R,R8,31,26,direct,,unregistered,,
500064,R,R7,14,3,direct,,unregistered,,
500065,R,R8,15,9,direct,,unregistered,,
500066,R,R7,20,15,direct,,unregistered,,
500070,R,R8,21,18,direct,,unregistered,,
500071,R,R7,31,27,direct,,unregistered,,
500072,R,R8,20,15,direct,,unregistered,,
500075,R,R7,32,27,direct,,unregistered,,
500077,R,R8,23,20,direct,,unregistered,,
500079,R,R8,33,25,direct,,unregistered,,
500080,R,R7,20,14,direct,,unregistered,,
500084,R,R8,29,26,direct,,unregistered,,
500085,R,R7,35,30,direct,,unregistered,,
500086,R,R7,17,6,direct,,unregistered,,
500087,R,R8,32,26,direct,,unregistered,,
500089,R,R8,18,10,direct,,unregistered,,
500091,R,R8,22,17,direct,,unregistered,,
500092,R,R8,17,4,direct,,unregistered,,
500093,R,R7,24,19,direct,,unregistered,,
500097,R,R7,16,13,direct,,unregistered,,
500102,R,R8,33,27,direct,,unregistered,,
500103,R,R7,12,6,direct,,unregistered,,
500108,R,R7,32,28,direct,,unregistered,,
500109,R,R8,34,28,direct,,unregistered,,
500110,R,R7,34,28,direct,,unregistered,,
500112,R,R7,34,24,direct,,unregistered,,
500113,R,R8,34,27,direct,,unregistered,,
500121,R,R8,24,20,direct,,unregistered,,
500122,R,R7,16,10,direct,,unregistered,,
500124,R,R8,15,8,direct,,unregistered,,
500125,R,R7,34,30,direct,,unregistered,,
500126,R,R7,16,8,direct,,unregistered,,
500130,R,R8,31,25,direct,,unregistered,,
500131,R,R7,19,13,direct,,unregistered,,
500139,R,R7,32,25,direct,,unregistered,,
500144,R,R8,19,14,direct,,unregistered,,
500145,R,R7,16,5,direct,,unregistered,,
500146,R,R7,21,17,direct,,unregistered,,
500148,R,R7,19,14,direct,,unregistered,,
500151,R,R7,19,6,direct,,unregistered,,
500154,R,R7,28,22,direct,,unregistered,,
500157,R,R8,18,7,direct,,unregistered,,
500158,R,R8,31,24,direct,,unregistered,,
500162,R,R7,16,3,direct,,unregistered,,
500163,R,R8,24,19,direct,,unregistered,,
500174,R,R8,15,10,direct,,unregistered,,
500175,R,R7,25,20,direct,,unregistered,,
500177,R,R7,31,24,direct,,unregistered,,
500178,R,R7,28,26,direct,,unregistered,,
500182,R,R8,35,28,direct,,unregistered,,
500185,R,R7,14,4,direct,,unregistered,,
500186,R,R8,21,15,direct,,unregistered,,
500187,R,R7,14,8,direct,,unregistered,,
500191,R,R8,25,20,direct,,unregistered,,
500198,R,R8,29,23,direct,,unregistered,,
500201,R,R7,33,27,direct,,unregistered,,
500202,R,R8,16,9,direct,,unregistered,,
500205,R,R7,29,24,direct,,unregistered,,
500207,R,R7,29,18,direct,,unregistered,,
500208,R,R7,21,15,direct,,unregistered,,
500209,R,R7,15,8,direct,,unregistered,,
500228,R,R7,15,6,direct,,unregistered,,
500229,R,R8,23,9,direct,,unregistered,,
500235,R,R8,19,13,direct,,unregistered,,
500237,R,R7,20,6,direct,,unregistered,,
500240,R,R8,30,26,direct,,unregistered,,
500242,R,R7,31,25,direct,,unregistered,,
500245,R,R8,34,23,direct,,unregistered,,
500248,R,R8,28,22,direct,,unregistered,,
500254,R,R7,15,11,direct,,unregistered,,
500257,R,R7,33,25,direct,,unregistered,,
500260,R,R8,23,18,direct,,unregistered,,
500269,R,R7,24,20,direct,,unregistered,,
500273,R,R8,35,26,direct,,unregistered,,
500275,R,R7,30,26,direct,,unregistered,,
500278,R,R8,29,24,direct,,unregistered,,
500279,R,R8,26,20,direct,,unregistered,,
500282,R,R7,34,23,direct,,unregistered,,
500289,R,R8,34,25,direct,,unregistered,,
500293,R,R7,26,21,direct,,unregistered,,
500301,R,R7,27,23,direct,,unregistered,,
500305,R,R8,27,19,direct,,unregistered,,
500308,R,R8,30,24,direct,,unregistered,,
500313,R,R7,29,23,direct,,unregistered,,
500318,R,R8,22,14,direct,,unregistered,,
500322,R,R7,30,23,direct,,unregistered,,
500325,R,R8,29,22,direct,,unregistered,,
500328,R,R7,26,20,direct,,unregistered,,
500331,R,R7,19,5,direct,,unregistered,,
500339,R,R7,23,18,direct,,unregistered,,
500350,R,R7,25,12,direct,,unregistered,,
500357,R,R8,21,13,direct,,unregistered,,
500360,R,R7,21,13,direct,,unregistered,,
500365,R,R8,29,18,direct,,unregistered,,
500367,R,R7,27,19,direct,,unregistered,,
500369,R,R7,29,22,direct,,unregistered,,
500380,R,R7,30,19,direct,,unregistered,,
500396,R,R8,30,18,direct,,unregistered,,
500417,R,R7,23,10,direct,,unregistered,,
507558,R,R7,34,29,direct,,unregistered,,
507689,R,R7,13,2,direct,,unregistered,,
508737,R,R8,34,24,direct,,unregistered,,
512553,R,R7,24,25,direct,,unregistered,,
512962,L,R8,10,26,direct,,unregistered,,
513323,L,R8,12,30,direct,,unregistered,,
514178,L,R8,14,32,direct,,unregistered,,
514456,L,R8,21,27,direct,,unregistered,,
515390,L,R7,15,29,direct,,unregistered,,
517139,L,R8,14,22,direct,,unregistered,,
517472,L,R7,8,13,direct,,unregistered,,
517961,L,R7,10,18,direct,,unregistered,,
517962,L,R8,10,18,direct,,unregistered,,
518099,L,R7,7,17,direct,,unregistered,,
518104,L,R8,7,17,direct,,unregistered,,
518409,L,R8,6,12,direct,,unregistered,,
518995,R,R7,30,18,direct,,unregistered,,
520718,L,R8,7,18,direct,,unregistered,,
521181,L,R7,14,25,direct,,unregistered,,
522784,L,R1-6,23,30,inferred_l1,522770,unregistered,,
523007,L,R7,3,13,direct,,unregistered,,
524567,L,R8,6,18,direct,,unregistered,,
524574,L,R8,19,23,direct,,unregistered,,
524599,L,R1-6,33,26,inferred_l1,20711,unregistered,,
524826,L,R1-6,11,29,inferred_l1,524821,unregistered,,
524955,L,R8,10,19,direct,,unregistered,,
525157,L,R7,10,24,direct,,unregistered,,
525678,R,R8,31,21,direct,,unregistered,,
525719,R,R1-6,7,10,inferred_l1,29571,unregistered,,
526099,L,R7,11,27,direct,,unregistered,,
527276,L,R7,19,24,direct,,unregistered,,
529308,L,R1-6,32,32,inferred_l1,529305,unregistered,,
529917,R,R1-6,33,35,inferred_l1,27909,unregistered,,
529932,R,R8,9,11,direct,,unregistered,,
529972,L,R7,13,16,direct,,unregistered,,
530540,L,R7,13,19,direct,,unregistered,,
531258,L,R7,16,23,direct,,unregistered,,
531525,L,R1-6,30,30,inferred_l1,531522,unregistered,,
532089,L,R8,10,27,direct,,unregistered,,
532565,L,R7,22,30,direct,,unregistered,,
532645,L,R8,7,19,direct,,unregistered,,
533473,R,R1-6,32,33,inferred_l1,26015,unregistered,,
533474,R,R1-6,31,34,inferred_l1,21188,unregistered,,
533625,L,R1-6,24,31,inferred_l1,533622,unregistered,,
533743,L,R8,9,7,direct,,unregistered,,
533913,R,R8,15,24,direct,,unregistered,,
534024,L,R8,10,20,direct,,unregistered,,
534340,R,R1-6,26,33,inferred_l1,21653,unregistered,,
534343,R,R1-6,27,33,inferred_l1,21402,unregistered,,
534344,R,R1-6,27,34,inferred_l1,22624,unregistered,,
534345,R,R1-6,26,33,inferred_l1,21653,unregistered,,
534766,L,R1-6,28,33,inferred_l1,534764,unregistered,,
534885,R,R1-6,33,33,inferred_l1,22163,unregistered,,
535008,L,R1-6,33,34,inferred_l1,23873,unregistered,,
535245,L,R7,11,21,direct,,unregistered,,
535247,L,R7,12,23,direct,,unregistered,,
535608,R,R1-6,29,35,inferred_l1,21960,unregistered,,
536457,L,R7,20,33,direct,,unregistered,,
536955,L,R8,6,13,direct,,unregistered,,
537157,L,R7,22,34,direct,,unregistered,,
537449,L,R8,3,11,direct,,unregistered,,
539300,L,R1-6,28,28,inferred_l1,17248,unregistered,,
541946,L,R1-6,34,33,inferred_l1,16685,unregistered,,
541966,L,R7,5,18,direct,,unregistered,,
542027,L,R1-6,32,24,inferred_l1,542026,unregistered,,
542028,L,R1-6,32,24,inferred_l1,542026,unregistered,,
542165,L,R1-6,28,26,inferred_l1,530441,unregistered,,
542436,R,R1-6,21,34,inferred_l1,31557,unregistered,,
542726,R,R7,8,3,direct,,unregistered,,
543117,L,R7,20,32,direct,,unregistered,,
543153,R,R1-6,18,33,inferred_l1,26550,unregistered,,
543154,R,R1-6,19,33,inferred_l1,20790,unregistered,,
543525,L,R8,18,34,direct,,unregistered,,
543527,L,R7,18,34,direct,,unregistered,,
543536,R,R8,17,5,direct,,unregistered,,
543731,L,R8,9,20,direct,,unregistered,,
543995,L,R8,8,22,direct,,unregistered,,
544021,L,R1-6,33,27,inferred_l1,18550,unregistered,,
544024,L,R1-6,34,27,inferred_l1,21539,unregistered,,
544040,L,R1-6,28,38,inferred_l1,28639,unregistered,,
544041,L,R1-6,27,37,inferred_l1,22759,unregistered,,
544042,L,R1-6,28,36,inferred_l1,22076,unregistered,,
544043,L,R1-6,26,36,inferred_l1,21846,unregistered,,
544044,L,R1-6,29,37,inferred_l1,24311,unregistered,,
544395,R,R1-6,,,unmapped,,unregistered,,
544733,L,R1-6,34,35,inferred_l1,26905,unregistered,,
544834,R,R7,20,19,direct,,unregistered,,
544900,L,R1-6,32,26,inferred_l1,13429,unregistered,,
544903,L,R1-6,33,27,inferred_l1,18550,unregistered,,
544904,L,R1-6,33,26,inferred_l1,20711,unregistered,,
544926,R,R8,20,19,direct,,unregistered,,
545069,L,R7,4,14,direct,,unregistered,,
545099,L,R1-6,28,32,inferred_l1,21922,unregistered,,
545250,L,R7,19,26,direct,,unregistered,,
545388,R,R8,12,13,direct,,unregistered,,
545389,R,R7,12,13,direct,,unregistered,,
545694,L,R1-6,32,31,inferred_l1,29636,unregistered,,
545783,R,R1-6,22,36,inferred_l1,24194,unregistered,,
545786,R,R1-6,23,36,inferred_l1,95573,unregistered,,
546057,L,R1-6,31,30,inferred_l1,29902,unregistered,,
546077,L,R1-6,34,29,inferred_l1,22168,unregistered,,
546078,L,R1-6,32,37,inferred_l1,28831,unregistered,,
546096,L,R1-6,34,31,inferred_l1,22478,unregistered,,
546097,L,R1-6,34,31,inferred_l1,22478,unregistered,,
546240,L,R8,6,17,direct,,unregistered,,
546259,R,R1-6,6,16,inferred_l1,29312,unregistered,,
546284,L,R8,8,17,direct,,unregistered,,
546298,R,R1-6,6,15,inferred_l1,29606,unregistered,,
546304,R,R1-6,19,33,inferred_l1,20790,unregistered,,
546313,L,R1-6,28,37,inferred_l1,23618,unregistered,,
546314,L,R1-6,27,38,inferred_l1,47866,unregistered,,
546315,L,R1-6,25,36,inferred_l1,20391,unregistered,,
546316,L,R1-6,26,36,inferred_l1,21846,unregistered,,
546317,L,R1-6,27,36,inferred_l1,20876,unregistered,,
546504,R,R1-6,,,unmapped,,unregistered,,
546654,R,R7,21,26,direct,,unregistered,,
546942,L,R1-6,33,31,inferred_l1,34720,unregistered,,
547141,R,R1-6,32,36,inferred_l1,23714,unregistered,,
547142,R,R1-6,32,36,inferred_l1,23714,unregistered,,
547239,R,R8,6,19,direct,,unregistered,,
547422,R,R7,15,15,direct,,unregistered,,
547654,L,R1-6,29,32,inferred_l1,23252,unregistered,,
547666,L,R7,6,8,direct,,unregistered,,
547699,R,R1-6,19,32,inferred_l1,18251,unregistered,,
548005,L,R1-6,34,28,inferred_l1,19546,unregistered,,
548171,L,R1-6,25,36,inferred_l1,20391,unregistered,,
548172,L,R1-6,27,37,inferred_l1,22759,unregistered,,
548189,L,R7,16,33,direct,,unregistered,,
548355,L,R7,20,31,direct,,unregistered,,
548359,R,R1-6,5,15,inferred_l1,28673,unregistered,,
548360,R,R1-6,30,35,inferred_l1,27879,unregistered,,
548369,R,R1-6,24,31,inferred_l1,31738,unregistered,,
548769,L,R8,15,25,direct,,unregistered,,
548910,R,R1-6,19,33,inferred_l1,20790,unregistered,,
548912,R,R1-6,6,17,inferred_l1,28859,unregistered,,
549496,L,R1-6,33,28,inferred_l1,541779,unregistered,,
549570,L,R8,11,22,direct,,unregistered,,
549662,L,R8,9,25,direct,,unregistered,,
549663,L,R7,9,25,direct,,unregistered,,
549668,L,R1-6,28,36,inferred_l1,22076,unregistered,,
549669,L,R1-6,27,37,inferred_l1,22759,unregistered,,
549704,L,R7,7,6,direct,,unregistered,,
549780,L,R1-6,27,38,inferred_l1,47866,unregistered,,
549781,L,R1-6,26,37,inferred_l1,21298,unregistered,,
549782,L,R1-6,27,37,inferred_l1,22759,unregistered,,
549954,L,R8,9,24,direct,,unregistered,,
549993,L,R8,4,16,direct,,unregistered,,
549996,L,R7,4,16,direct,,unregistered,,
550028,L,R1-6,27,31,inferred_l1,36996,unregistered,,
550276,L,R8,9,15,direct,,unregistered,,
550418,L,R1-6,30,36,inferred_l1,24447,unregistered,,
550419,L,R1-6,30,34,inferred_l1,23207,unregistered,,
550420,L,R1-6,31,35,inferred_l1,23951,unregistered,,
550431,L,R1-6,26,23,inferred_l1,14757,unregistered,,
550441,L,R7,7,14,direct,,unregistered,,
550444,L,R1-6,26,38,inferred_l1,25163,unregistered,,
550445,L,R1-6,,,unmapped,,unregistered,,
550446,L,R1-6,26,37,inferred_l1,21298,unregistered,,
550474,L,R1-6,30,36,inferred_l1,24447,unregistered,,
550477,L,R1-6,28,36,inferred_l1,22076,unregistered,,
550553,L,R7,4,15,direct,,unregistered,,
550614,L,R7,22,33,direct,,unregistered,,
550683,L,R1-6,30,35,inferred_l1,21320,unregistered,,
550684,L,R1-6,30,35,inferred_l1,21320,unregistered,,
550686,L,R1-6,31,37,inferred_l1,24325,unregistered,,
550771,L,R1-6,28,35,inferred_l1,23629,unregistered,,
550772,L,R1-6,30,35,inferred_l1,21320,unregistered,,
550867,L,R1-6,34,36,inferred_l1,32519,unregistered,,
550907,L,R1-6,27,27,inferred_l1,527141,unregistered,,
551085,R,R1-6,21,35,inferred_l1,27606,unregistered,,
551112,L,R1-6,27,37,inferred_l1,22759,unregistered,,
551254,R,R1-6,22,36,inferred_l1,24194,unregistered,,
551260,R,R1-6,22,36,inferred_l1,24194,unregistered,,
551309,L,R1-6,35,35,inferred_l1,32376,unregistered,,
551421,R,R7,21,35,direct,,unregistered,,
551441,R,R1-6,18,28,inferred_l1,28953,unregistered,,
551443,R,R1-6,23,32,inferred_l1,28470,unregistered,,
551484,R,R1-6,6,19,inferred_l1,30476,unregistered,,
551485,R,R1-6,6,19,inferred_l1,30476,unregistered,,
551486,R,R1-6,23,34,inferred_l1,30482,unregistered,,
551489,R,R1-6,7,18,inferred_l1,29338,unregistered,,
551490,R,R1-6,6,20,inferred_l1,29943,unregistered,,
551491,R,R1-6,6,20,inferred_l1,29943,unregistered,,
551493,R,R1-6,12,31,inferred_l1,31447,unregistered,,
551495,R,R1-6,7,9,inferred_l1,33387,unregistered,,
551496,R,R1-6,,,unmapped,,unregistered,,
551498,R,R1-6,8,19,inferred_l1,28764,unregistered,,
551510,L,R7,13,28,direct,,unregistered,,
551553,L,R7,27,32,direct,,unregistered,,
551580,L,R1-6,35,26,inferred_l1,32332,unregistered,,
551664,L,R1-6,23,32,inferred_l1,23133,unregistered,,
551814,R,R7,20,24,direct,,unregistered,,
551858,L,R1-6,26,37,inferred_l1,21298,unregistered,,
551892,L,R1-6,30,34,inferred_l1,23207,unregistered,,
552028,L,R7,26,30,direct,,unregistered,,
552083,L,R8,30,38,direct,,unregistered,,
552086,L,R1-6,30,37,inferred_l1,19596,unregistered,,
552251,L,R8,20,35,direct,,unregistered,,
552298,L,R1-6,34,29,inferred_l1,22168,unregistered,,
552314,L,R8,24,35,direct,,unregistered,,
552421,R,R1-6,29,38,inferred_l1,38599,unregistered,,
552431,R,R1-6,26,30,inferred_l1,32760,unregistered,,
552475,L,R7,32,33,direct,,unregistered,,
552497,L,R7,29,35,direct,,unregistered,,
552629,L,R1-6,32,31,inferred_l1,29636,unregistered,,
552718,R,R7,30,27,direct,,unregistered,,
552755,L,R1-6,31,34,inferred_l1,32978,unregistered,,
552758,L,R1-6,23,32,inferred_l1,23133,unregistered,,
552786,L,R1-6,35,30,inferred_l1,20869,unregistered,,
552793,L,R1-6,,,unmapped,,unregistered,,
552804,R,R8,24,30,direct,,unregistered,,
552981,L,R1-6,23,33,inferred_l1,22703,unregistered,,
552983,L,R1-6,29,33,inferred_l1,23018,unregistered,,
552988,L,R1-6,13,31,inferred_l1,540416,unregistered,,
552990,L,R1-6,34,27,inferred_l1,21539,unregistered,,
552991,L,R1-6,34,27,inferred_l1,21539,unregistered,,
552992,L,R1-6,34,27,inferred_l1,21539,unregistered,,
553205,R,R8,15,15,direct,,unregistered,,
553222,R,R7,13,12,direct,,unregistered,,
553232,L,R1-6,28,37,inferred_l1,23618,unregistered,,
553237,R,R8,13,12,direct,,unregistered,,
553315,L,R1-6,34,34,inferred_l1,31342,unregistered,,
553389,L,R1-6,28,38,inferred_l1,28639,unregistered,,
553433,L,R1-6,26,37,inferred_l1,21298,unregistered,,
553439,L,R8,26,37,direct,,unregistered,,
553450,L,R7,7,13,direct,,unregistered,,
553459,L,R1-6,28,35,inferred_l1,23629,unregistered,,
553497,L,R1-6,30,32,inferred_l1,23414,unregistered,,
553513,L,R8,30,34,direct,,unregistered,,
553514,L,R1-6,30,35,inferred_l1,21320,unregistered,,
553521,L,R1-6,29,36,inferred_l1,22424,unregistered,,
553528,L,R1-6,27,37,inferred_l1,22759,unregistered,,
553619,L,R1-6,25,35,inferred_l1,15511,unregistered,,
553762,L,R1-6,35,28,inferred_l1,20672,unregistered,,
553763,L,R1-6,33,27,inferred_l1,18550,unregistered,,
553777,L,R1-6,34,30,inferred_l1,18136,unregistered,,
553837,L,R1-6,12,30,inferred_l1,540084,unregistered,,
553917,R,R7,8,23,direct,,unregistered,,
553925,R,R8,7,20,direct,,unregistered,,
553926,R,R8,7,21,direct,,unregistered,,
553929,R,R1-6,,,unmapped,,unregistered,,
553941,R,R7,15,9,direct,,unregistered,,
553949,R,R8,18,26,direct,,unregistered,,
553958,L,R1-6,33,24,inferred_l1,33149,unregistered,,
553986,L,R1-6,31,34,inferred_l1,32978,unregistered,,
554011,R,R7,7,3,direct,,unregistered,,
554019,L,R1-6,34,26,inferred_l1,22430,unregistered,,
554055,L,R1-6,32,25,inferred_l1,20856,unregistered,,
555140,R,R8,32,24,direct,,unregistered,,
555144,R,R7,32,24,direct,,unregistered,,
556436,L,R1-6,19,33,inferred_l1,20850,unregistered,,
556495,L,R1-6,15,32,inferred_l1,556493,unregistered,,
556913,R,R1-6,11,30,inferred_l1,21550,unregistered,,
557582,R,R1-6,6,21,inferred_l1,45179,unregistered,,
557710,R,R1-6,21,34,inferred_l1,31557,unregistered,,
557711,R,R1-6,21,34,inferred_l1,31557,unregistered,,
558021,R,R1-6,7,24,inferred_l1,39218,unregistered,,
558056,R,R1-6,35,29,inferred_l1,25331,unregistered,,
558061,R,R1-6,27,37,inferred_l1,33084,unregistered,,
558062,R,R1-6,,,unmapped,,unregistered,,
558063,R,R1-6,6,18,inferred_l1,29456,unregistered,,
558064,R,R1-6,25,35,inferred_l1,29654,unregistered,,
558086,R,R1-6,30,32,inferred_l1,23384,unregistered,,
558397,R,R1-6,5,14,inferred_l1,30185,unregistered,,
558406,R,R1-6,,,unmapped,,unregistered,,
558630,R,R1-6,21,35,inferred_l1,27606,unregistered,,
558636,R,R1-6,,,unmapped,,unregistered,,
558708,R,R1-6,8,22,inferred_l1,35943,unregistered,,
559391,L,R1-6,27,27,inferred_l1,527141,unregistered,,
559719,L,R1-6,23,21,inferred_l1,518227,unregistered,,
559720,L,R1-6,23,21,inferred_l1,518227,unregistered,,
559837,L,R1-6,26,33,inferred_l1,24141,unregistered,,
559866,L,R1-6,30,29,inferred_l1,17310,unregistered,,
560067,L,R1-6,14,32,inferred_l1,18048,unregistered,,
560183,L,R8,20,30,direct,,unregistered,,
560252,L,R8,17,26,direct,,unregistered,,
560362,L,R1-6,25,26,inferred_l1,534376,unregistered,,
560623,L,R8,17,31,direct,,unregistered,,
560811,L,R1-6,36,33,inferred_l1,537413,unregistered,,
560851,L,R1-6,26,36,inferred_l1,21846,unregistered,,
560981,L,R7,27,31,direct,,unregistered,,
561131,L,R8,11,28,direct,,unregistered,,
561132,L,R7,11,28,direct,,unregistered,,
561260,L,R1-6,26,27,inferred_l1,20179,unregistered,,
561489,L,R7,9,23,direct,,unregistered,,
561509,L,R7,17,30,direct,,unregistered,,
561699,L,R8,6,11,direct,,unregistered,,
562203,L,R8,7,21,direct,,unregistered,,
562262,L,R7,8,19,direct,,unregistered,,
562479,L,R8,16,22,direct,,unregistered,,
562483,L,R7,10,26,direct,,unregistered,,
562515,L,R7,10,16,direct,,unregistered,,
562633,R,R1-6,25,37,inferred_l1,21839,unregistered,,
562673,L,R1-6,27,25,inferred_l1,532146,unregistered,,
562685,L,R8,13,19,direct,,unregistered,,
562744,L,R8,12,26,direct,,unregistered,,
563493,L,R8,11,24,direct,,unregistered,,
563593,L,R8,8,13,direct,,unregistered,,
563688,L,R8,28,33,direct,,unregistered,,
563950,L,R7,7,18,direct,,unregistered,,
564194,L,R7,7,16,direct,,unregistered,,
564200,L,R8,26,30,direct,,unregistered,,
564498,L,R8,13,27,direct,,unregistered,,
564794,R,R7,29,17,direct,,unregistered,,
565157,R,R7,31,21,direct,,unregistered,,
567465,L,R1-6,14,31,inferred_l1,37064,unregistered,,
568213,L,R7,8,25,direct,,unregistered,,
570921,L,R8,35,27,direct,,unregistered,,
573065,L,R1-6,36,30,inferred_l1,33329,unregistered,,
574779,L,R8,36,30,direct,,unregistered,,
575356,R,R1-6,26,38,inferred_l1,43994,unregistered,,
575902,L,R1-6,36,34,inferred_l1,33159,unregistered,,
576689,L,R1-6,27,36,inferred_l1,20876,unregistered,,
579938,R,R1-6,11,30,inferred_l1,21550,unregistered,,
581985,L,R1-6,33,23,inferred_l1,544531,unregistered,,
582038,R,R1-6,32,23,inferred_l1,30717,unregistered,,
583028,L,R8,13,31,direct,,unregistered,,
583771,L,R8,5,17,direct,,unregistered,,
584035,L,R7,12,29,direct,,unregistered,,
585330,L,R1-6,29,34,inferred_l1,529438,unregistered,,
587543,L,R8,16,16,direct,,unregistered,,
588096,L,R7,15,17,direct,,unregistered,,
589144,L,R1-6,36,34,inferred_l1,33159,unregistered,,
589145,L,R1-6,34,34,inferred_l1,31342,unregistered,,
589450,L,R1-6,6,22,inferred_l1,30632,unregistered,,
589572,L,R8,15,14,direct,,unregistered,,
589693,L,R8,22,22,direct,,unregistered,,
589783,L,R1-6,24,25,inferred_l1,17877,unregistered,,
590270,R,R1-6,25,37,inferred_l1,21839,unregistered,,
591900,L,R8,4,5,direct,,unregistered,,
595659,L,R1-6,17,30,inferred_l1,518303,unregistered,,
900394,R,R1-6,11,29,inferred_l1,24629,unregistered,,
900587,R,R1-6,8,22,inferred_l1,35943,unregistered,,
901169,L,R1-6,13,32,inferred_l1,93139,unregistered,,
901182,L,R1-6,,,unmapped,,unregistered,,
901327,L,R1-6,31,33,inferred_l1,30571,unregistered,,
901328,L,R1-6,31,33,inferred_l1,30571,unregistered,,
901366,L,R8,15,32,direct,,unregistered,,
901376,L,R8,23,25,direct,,unregistered,,
901416,L,R7,10,27,direct,,unregistered,,
901565,R,R1-6,36,34,inferred_l1,31436,unregistered,,
901568,L,R1-6,32,25,inferred_l1,20856,unregistered,,
901573,L,R1-6,32,25,inferred_l1,20856,unregistered,,
901580,L,R7,21,32,direct,,unregistered,,
901620,L,R7,14,32,direct,,unregistered,,
902183,L,R7,24,23,direct,,unregistered,,
902740,L,R7,3,9,direct,,unregistered,,
902833,L,R8,13,21,direct,,unregistered,,
902881,L,R7,35,32,direct,,unregistered,,
903074,L,R1-6,31,36,inferred_l1,22631,unregistered,,
903097,L,R1-6,35,29,inferred_l1,19989,unregistered,,
916062,L,R1-6,33,28,inferred_l1,541779,unregistered,,
916063,L,R1-6,33,28,inferred_l1,541779,unregistered,,
916522,R,R1-6,26,35,inferred_l1,30996,unregistered,,
926390,L,R1-6,,,unmapped,,unregistered,,
926391,L,R7,31,37,direct,,unregistered,,
926416,L,R8,29,33,direct,,unregistered,,
926600,L,R1-6,36,28,inferred_l1,26947,unregistered,,
926939,L,R8,22,25,direct,,unregistered,,
927179,L,R7,24,34,direct,,unregistered,,
927272,L,R8,7,3,direct,,unregistered,,
928976,L,R1-6,34,28,inferred_l1,19546,unregistered,,
928980,L,R1-6,34,29,inferred_l1,22168,unregistered,,
928981,L,R1-6,33,28,inferred_l1,541779,unregistered,,
928982,L,R1-6,34,28,inferred_l1,19546,unregistered,,
929386,L,R1-6,28,28,inferred_l1,17248,unregistered,,
929394,L,R8,17,32,direct,,unregistered,,
929510,L,R1-6,35,33,inferred_l1,29008,unregistered,,
929757,L,R8,17,33,direct,,unregistered,,
929772,L,R1-6,29,33,inferred_l1,23018,unregistered,,
929773,L,R1-6,30,34,inferred_l1,23207,unregistered,,
929775,L,R1-6,30,33,inferred_l1,18919,unregistered,,
929778,L,R1-6,28,32,inferred_l1,21922,unregistered,,
929803,L,R8,19,33,direct,,unregistered,,
929810,L,R8,6,16,direct,,unregistered,,
930009,L,R1-6,27,31,inferred_l1,36996,unregistered,,
930159,L,R1-6,26,33,inferred_l1,24141,unregistered,,
930196,L,R1-6,27,35,inferred_l1,46394,unregistered,,
930274,L,R7,17,26,direct,,unregistered,,
930474,L,R1-6,30,36,inferred_l1,24447,unregistered,,
930524,L,R1-6,10,26,inferred_l1,514397,unregistered,,
930652,L,R1-6,28,31,inferred_l1,21170,unregistered,,
930653,L,R1-6,29,33,inferred_l1,23018,unregistered,,
930654,L,R1-6,29,31,inferred_l1,23074,unregistered,,
930655,L,R1-6,30,32,inferred_l1,23414,unregistered,,
930657,L,R1-6,30,32,inferred_l1,23414,unregistered,,
930670,L,R1-6,26,36,inferred_l1,21846,unregistered,,
930778,L,R1-6,27,36,inferred_l1,20876,unregistered,,
930796,L,R1-6,9,26,inferred_l1,547005,unregistered,,
930900,L,R1-6,24,34,inferred_l1,534333,unregistered,,
931023,L,R8,14,16,direct,,unregistered,,
931529,L,R7,31,29,direct,,unregistered,,
939901,L,R8,18,8,direct,,unregistered,,
940023,L,R8,20,26,direct,,unregistered,,
940701,L,R7,22,20,direct,,unregistered,,
940723,L,R7,15,10,direct,,unregistered,,
940773,L,R8,3,12,direct,,unregistered,,
940782,L,R7,7,5,direct,,unregistered,,
940785,L,R7,30,30,direct,,unregistered,,
940816,L,R8,16,23,direct,,unregistered,,
940821,L,R7,25,11,direct,,unregistered,,
940825,L,R7,10,14,direct,,unregistered,,
940850,L,R7,15,13,direct,,unregistered,,
940924,L,R8,27,30,direct,,unregistered,,
940946,L,R7,25,14,direct,,unregistered,,
940947,L,R8,25,14,direct,,unregistered,,
940974,L,R7,16,5,direct,,unregistered,,
940981,L,R8,31,21,direct,,unregistered,,
941001,L,R8,7,10,direct,,unregistered,,
941799,L,R7,22,25,direct,,unregistered,,
943654,L,R7,16,25,direct,,unregistered,,
944807,L,R7,23,26,direct,,unregistered,,
952955,L,R7,15,23,direct,,unregistered,,
953016,L,R1-6,27,36,inferred_l1,20876,unregistered,,
953017,L,R1-6,28,35,inferred_l1,23629,unregistered,,
953130,L,R7,6,20,direct,,unregistered,,
953376,L,R1-6,25,23,inferred_l1,29586,unregistered,,
953381,L,R1-6,27,32,inferred_l1,523442,unregistered,,
953401,L,R1-6,25,37,inferred_l1,33498,unregistered,,
953560,L,R1-6,30,34,inferred_l1,23207,unregistered,,
953725,L,R7,26,34,direct,,unregistered,,
953789,L,R1-6,33,26,inferred_l1,20711,unregistered,,
953790,L,R7,7,12,direct,,unregistered,,
101197072,R,R7,30,24,direct,,unregistered,,
102376094,L,R8,31,26,direct,,unregistered,,
102407322,L,R8,32,31,direct,,unregistered,,
102441204,L,R8,33,29,direct,,unregistered,,
102544354,L,R8,33,30,direct,,unregistered,,
102627895,L,R8,14,5,direct,,unregistered,,
102772245,L,R7,24,12,direct,,unregistered,,
102892315,L,R7,31,26,direct,,unregistered,,
103791775,R,R7,26,19,direct,,unregistered,,
105083813,L,R8,11,3,direct,,unregistered,,
105138176,R,R8,17,6,direct,,unregistered,,
105332586,L,R8,20,20,direct,,unregistered,,
105398229,L,R8,14,7,direct,,unregistered,,
106150728,R,R8,30,19,direct,,unregistered,,
106383624,L,R8,29,21,direct,,unregistered,,
107589294,L,R8,25,11,direct,,unregistered,,
107606481,L,R7,30,25,direct,,unregistered,,
108231286,R,R8,25,12,direct,,unregistered,,
108471184,L,R8,13,3,direct,,unregistered,,
109191385,L,R8,13,10,direct,,unregistered,,
109685312,L,R8,19,16,direct,,unregistered,,
109883807,L,R8,14,8,direct,,unregistered,,
111388882,L,R8,24,12,direct,,unregistered,,
113685261,R,R8,30,23,direct,,unregistered,,
114920257,L,R8,20,18,direct,,unregistered,,
116032876,R,R8,24,21,direct,,unregistered,,
117364558,R,R8,29,21,direct,,unregistered,,
117698645,R,R7,29,21,direct,,unregistered,,
118693190,L,R7,17,14,direct,,unregistered,,
119447215,L,R7,31,21,direct,,unregistered,,
120431973,L,R8,13,7,direct,,unregistered,,
121545026,R,R8,27,21,direct,,unregistered,,
123539461,R,R7,31,22,direct,,unregistered,,
123674560,L,R7,14,7,direct,,unregistered,,
125026495,L,R8,29,24,direct,,unregistered,,
125318610,R,R7,26,24,direct,,unregistered,,
125460179,R,R8,23,10,direct,,unregistered,,
125711602,L,R8,34,31,direct,,unregistered,,
126121965,L,R7,12,7,direct,,unregistered,,
126591604,R,R8,31,22,direct,,unregistered,,
126832166,L,R8,12,2,direct,,unregistered,,
128354016,L,R7,29,24,direct,,unregistered,,
131177346,L,R8,22,20,direct,,unregistered,,
133318818,R,R7,22,14,direct,,unregistered,,
134797345,L,R8,30,25,direct,,unregistered,,
135310853,L,R8,26,24,direct,,unregistered,,
143069555,L,R8,14,10,direct,,unregistered,,
144483228,R,R8,33,24,direct,,unregistered,,
144537152,L,R7,14,3,direct,,unregistered,,
146572401,L,R8,12,3,direct,,unregistered,,
146739402,R,R7,28,23,direct,,unregistered,,
146970722,L,R8,12,4,direct,,unregistered,,
147115580,L,R8,27,24,direct,,unregistered,,
147687811,L,R8,33,28,direct,,unregistered,,
151830568,L,R8,24,10,direct,,unregistered,,
153617321,L,R8,33,27,direct,,unregistered,,
164554120,L,R8,15,3,direct,,unregistered,,
165047904,R,R8,29,17,direct,,unregistered,,
172017212,L,R7,13,7,direct,,unregistered,,
176451088,R,R1-6,32,26,inferred_l1,30071,unregistered,,
178296437,L,R7,13,8,direct,,unregistered,,
182631943,L,R8,31,27,direct,,unregistered,,
193488629,L,R8,30,26,direct,,unregistered,,
194567598,L,R7,29,21,direct,,unregistered,,
200000413,L,R7,17,15,direct,,unregistered,,
201937644,L,R8,28,36,direct,,unregistered,,
212116208,L,R7,15,11,direct,,unregistered,,
213204317,L,R8,17,15,direct,,unregistered,,
213425473,R,R8,26,19,direct,,unregistered,,
229604331,R,R8,28,23,direct,,unregistered,,
234503195,L,R8,28,14,direct,,unregistered,,
237424260,L,R8,14,2,direct,,unregistered,,
247490110,L,R8,31,32,direct,,unregistered,,
253956104,L,R7,18,17,direct,,unregistered,,
314238106,R,R7,27,15,direct,,unregistered,,
375903649,L,R8,19,24,direct,,unregistered,,
387377048,R,R8,27,15,direct,,unregistered,,
397076641,L,R8,34,27,direct,,unregistered,,
399751849,L,R8,14,6,direct,,unregistered,,
416483361,L,R8,12,8,direct,,unregistered,,
466400404,L,R8,7,7,direct,,unregistered,,
475836077,L,R7,21,20,direct,,unregistered,,
480615166,R,R7,17,11,direct,,unregistered,,
500764638,L,R8,34,29,direct,,unregistered,,
510021779,R,R8,28,21,direct,,unregistered,,
525696558,L,R8,23,18,direct,,unregistered,,
639310351,R,R1-6,28,39,inferred_l1,50475,unregistered,,
679610194,L,R8,17,13,direct,,unregistered,,
698356129,R,R7,28,21,direct,,unregistered,,
715040348,L,R8,31,19,direct,,unregistered,,
733559283,R,R8,31,17,direct,,unregistered,,
746770334,L,R7,14,12,direct,,unregistered,,
764391339,R,R7,27,21,direct,,unregistered,,
867122111,R,R1-6,13,28,inferred_l1,21861,unregistered,,
876890618,R,R1-6,,,unmapped,,unregistered,,
886175749,L,R7,12,2,direct,,unregistered,,
910541605,L,R8,16,15,direct,,unregistered,,
966201979,R,R1-6,,,unmapped,,unregistered,,
967550825,R,R7,31,17,direct,,unregistered,,
979067112,L,R8,21,7,direct,,unregistered,,
983968288,R,R8,35,35,direct,,unregistered,,
997019444,L,R7,14,5,direct,,unregistered,,
1000116295,L,R8,30,27,direct,,unregistered,,
1019617211,R,R7,13,7,direct,,unregistered,,
1035284341,L,R8,19,18,direct,,unregistered,,
